Date,Category,District,Provider_ID,Demand_Count,Rainfall_Level,Is_Rainy,Is_Sunny,Is_Holiday,Is_Long_Weekend,Special_Event,Sunny_Days_Consecutive,Rainy_Days_Consecutive
2024-09-01,Grass cutting,Gampaha,PRO-GRA-15,0,High,1,0,0,0,0,0,4
2024-09-01,Child care,Gampaha,PRO-CHI-07,0,High,1,0,0,0,0,0,4
2024-09-01,Plumbing,Gampaha,PRO-PLU-04,15,High,1,0,0,0,0,0,4
2024-09-01,Plumbing,Colombo,PRO-PLU-06,15,High,1,0,0,0,0,0,4
2024-09-01,Grass cutting,Colombo,PRO-GRA-01,0,High,1,0,0,0,0,0,4
2024-09-01,Plumbing,Colombo,PRO-PLU-02,16,High,1,0,0,0,0,0,4
2024-09-01,Plumbing,Colombo,PRO-PLU-01,16,High,1,0,0,0,0,0,4
2024-09-01,Plumbing,Gampaha,PRO-PLU-05,15,High,1,0,0,0,0,0,4
2024-09-01,Grass cutting,Colombo,PRO-GRA-18,0,High,1,0,0,0,0,0,4
2024-09-01,Plumbing,Colombo,PRO-PLU-07,17,High,1,0,0,0,0,0,4
2024-09-01,Electrical repairs,Colombo,PRO-ELE-08,16,High,1,0,0,0,0,0,4
2024-09-01,Plumbing,Gampaha,PRO-PLU-08,16,High,1,0,0,0,0,0,4
2024-09-01,Grass cutting,Gampaha,PRO-GRA-09,0,High,1,0,0,0,0,0,4
2024-09-01,Electrical repairs,Gampaha,PRO-ELE-07,15,High,1,0,0,0,0,0,4
2024-09-01,Electrical repairs,Colombo,PRO-ELE-01,16,High,1,0,0,0,0,0,4
2024-09-01,Child care,Gampaha,PRO-CHI-01,2,High,1,0,0,0,0,0,4
2024-09-01,Plumbing,Colombo,PRO-PLU-03,15,High,1,0,0,0,0,0,4
2024-09-01,Child care,Colombo,PRO-CHI-08,2,High,1,0,0,0,0,0,4
2024-09-02,Electrical repairs,Gampaha,PRO-ELE-07,10,High,1,0,0,0,0,0,5
2024-09-02,Child care,Gampaha,PRO-CHI-05,10,High,1,0,0,0,0,0,5
2024-09-02,Grass cutting,Gampaha,PRO-GRA-17,0,High,1,0,0,0,0,0,5
2024-09-02,Electrical repairs,Gampaha,PRO-ELE-01,12,High,1,0,0,0,0,0,5
2024-09-02,Grass cutting,Colombo,PRO-GRA-06,0,High,1,0,0,0,0,0,5
2024-09-02,Electrical repairs,Gampaha,PRO-ELE-05,12,High,1,0,0,0,0,0,5
2024-09-02,Plumbing,Gampaha,PRO-PLU-05,0,High,1,0,0,0,0,0,5
2024-09-02,Plumbing,Gampaha,PRO-PLU-06,2,High,1,0,0,0,0,0,5
2024-09-02,Plumbing,Gampaha,PRO-PLU-08,0,High,1,0,0,0,0,0,5
2024-09-02,Plumbing,Colombo,PRO-PLU-04,2,High,1,0,0,0,0,0,5
2024-09-02,Plumbing,Gampaha,PRO-PLU-01,1,High,1,0,0,0,0,0,5
2024-09-02,Plumbing,Colombo,PRO-PLU-02,0,High,1,0,0,0,0,0,5
2024-09-02,Grass cutting,Colombo,PRO-GRA-16,0,High,1,0,0,0,0,0,5
2024-09-02,Plumbing,Gampaha,PRO-PLU-03,1,High,1,0,0,0,0,0,5
2024-09-02,Grass cutting,Colombo,PRO-GRA-02,0,High,1,0,0,0,0,0,5
2024-09-02,Child care,Gampaha,PRO-CHI-07,12,High,1,0,0,0,0,0,5
2024-09-02,Child care,Colombo,PRO-CHI-01,12,High,1,0,0,0,0,0,5
2024-09-02,Grass cutting,Colombo,PRO-GRA-14,0,High,1,0,0,0,0,0,5
2024-09-02,Grass cutting,Gampaha,PRO-GRA-09,0,High,1,0,0,0,0,0,5
2024-09-02,Plumbing,Colombo,PRO-PLU-07,1,High,1,0,0,0,0,0,5
2024-09-03,Child care,Colombo,PRO-CHI-07,10,High,1,0,0,0,0,0,6
2024-09-03,Plumbing,Gampaha,PRO-PLU-03,1,High,1,0,0,0,0,0,6
2024-09-03,Grass cutting,Colombo,PRO-GRA-16,0,High,1,0,0,0,0,0,6
2024-09-03,Electrical repairs,Colombo,PRO-ELE-02,11,High,1,0,0,0,0,0,6
2024-09-03,Grass cutting,Gampaha,PRO-GRA-13,0,High,1,0,0,0,0,0,6
2024-09-03,Plumbing,Colombo,PRO-PLU-07,2,High,1,0,0,0,0,0,6
2024-09-03,Plumbing,Colombo,PRO-PLU-08,0,High,1,0,0,0,0,0,6
2024-09-03,Plumbing,Colombo,PRO-PLU-04,0,High,1,0,0,0,0,0,6
2024-09-03,Plumbing,Gampaha,PRO-PLU-05,1,High,1,0,0,0,0,0,6
2024-09-03,Plumbing,Gampaha,PRO-PLU-02,0,High,1,0,0,0,0,0,6
2024-09-03,Child care,Gampaha,PRO-CHI-02,10,High,1,0,0,0,0,0,6
2024-09-03,Plumbing,Gampaha,PRO-PLU-01,2,High,1,0,0,0,0,0,6
2024-09-03,Grass cutting,Gampaha,PRO-GRA-02,0,High,1,0,0,0,0,0,6
2024-09-03,Grass cutting,Gampaha,PRO-GRA-15,0,High,1,0,0,0,0,0,6
2024-09-03,Grass cutting,Gampaha,PRO-GRA-06,0,High,1,0,0,0,0,0,6
2024-09-03,Electrical repairs,Gampaha,PRO-ELE-07,11,High,1,0,0,0,0,0,6
2024-09-04,Child care,Colombo,PRO-CHI-08,12,High,1,0,0,0,0,0,7
2024-09-04,Grass cutting,Gampaha,PRO-GRA-03,0,High,1,0,0,0,0,0,7
2024-09-04,Electrical repairs,Colombo,PRO-ELE-08,12,High,1,0,0,0,0,0,7
2024-09-04,Electrical repairs,Gampaha,PRO-ELE-03,11,High,1,0,0,0,0,0,7
2024-09-04,Plumbing,Gampaha,PRO-PLU-04,2,High,1,0,0,0,0,0,7
2024-09-04,Grass cutting,Gampaha,PRO-GRA-12,0,High,1,0,0,0,0,0,7
2024-09-04,Plumbing,Colombo,PRO-PLU-05,0,High,1,0,0,0,0,0,7
2024-09-04,Child care,Gampaha,PRO-CHI-06,12,High,1,0,0,0,0,0,7
2024-09-04,Grass cutting,Gampaha,PRO-GRA-04,0,High,1,0,0,0,0,0,7
2024-09-04,Grass cutting,Colombo,PRO-GRA-15,0,High,1,0,0,0,0,0,7
2024-09-04,Grass cutting,Colombo,PRO-GRA-08,0,High,1,0,0,0,0,0,7
2024-09-04,Grass cutting,Colombo,PRO-GRA-16,0,High,1,0,0,0,0,0,7
2024-09-04,Plumbing,Gampaha,PRO-PLU-01,0,High,1,0,0,0,0,0,7
2024-09-04,Plumbing,Colombo,PRO-PLU-02,0,High,1,0,0,0,0,0,7
2024-09-04,Grass cutting,Colombo,PRO-GRA-17,0,High,1,0,0,0,0,0,7
2024-09-04,Plumbing,Gampaha,PRO-PLU-07,0,High,1,0,0,0,0,0,7
2024-09-04,Child care,Colombo,PRO-CHI-07,11,High,1,0,0,0,0,0,7
2024-09-04,Plumbing,Gampaha,PRO-PLU-08,2,High,1,0,0,0,0,0,7
2024-09-04,Electrical repairs,Gampaha,PRO-ELE-07,12,High,1,0,0,0,0,0,7
2024-09-04,Child care,Colombo,PRO-CHI-03,10,High,1,0,0,0,0,0,7
2024-09-04,Plumbing,Gampaha,PRO-PLU-06,0,High,1,0,0,0,0,0,7
2024-09-04,Electrical repairs,Colombo,PRO-ELE-02,10,High,1,0,0,0,0,0,7
2024-09-04,Electrical repairs,Gampaha,PRO-ELE-06,12,High,1,0,0,0,0,0,7
2024-09-04,Grass cutting,Gampaha,PRO-GRA-05,0,High,1,0,0,0,0,0,7
2024-09-04,Child care,Colombo,PRO-CHI-02,12,High,1,0,0,0,0,0,7
2024-09-04,Plumbing,Gampaha,PRO-PLU-03,0,High,1,0,0,0,0,0,7
2024-09-05,Plumbing,Colombo,PRO-PLU-07,25,Low,0,1,0,0,0,1,0
2024-09-05,Grass cutting,Gampaha,PRO-GRA-08,25,Low,0,1,0,0,0,1,0
2024-09-05,Plumbing,Colombo,PRO-PLU-05,27,Low,0,1,0,0,0,1,0
2024-09-05,Plumbing,Gampaha,PRO-PLU-02,26,Low,0,1,0,0,0,1,0
2024-09-05,Child care,Colombo,PRO-CHI-02,11,Low,0,1,0,0,0,1,0
2024-09-05,Plumbing,Colombo,PRO-PLU-04,25,Low,0,1,0,0,0,1,0
2024-09-05,Furniture repair,Gampaha,PRO-FUR-05,2,Low,0,1,0,0,0,1,0
2024-09-05,Plumbing,Colombo,PRO-PLU-01,26,Low,0,1,0,0,0,1,0
2024-09-05,Personal assistance,Gampaha,PRO-PER-05,8,Low,0,1,0,0,0,1,0
2024-09-05,Grass cutting,Colombo,PRO-GRA-09,27,Low,0,1,0,0,0,1,0
2024-09-05,Electrical repairs,Gampaha,PRO-ELE-02,0,Low,0,1,0,0,0,1,0
2024-09-05,Grass cutting,Colombo,PRO-GRA-16,26,Low,0,1,0,0,0,1,0
2024-09-05,Grass cutting,Colombo,PRO-GRA-10,26,Low,0,1,0,0,0,1,0
2024-09-05,"Sofa, carpet & curtain cleaning",Colombo,PRO-SOF-05,7,Low,0,1,0,0,0,1,0
2024-09-05,Grass cutting,Colombo,PRO-GRA-17,27,Low,0,1,0,0,0,1,0
2024-09-05,Child care,Gampaha,PRO-CHI-01,10,Low,0,1,0,0,0,1,0
2024-09-05,Electrical repairs,Colombo,PRO-ELE-01,0,Low,0,1,0,0,0,1,0
2024-09-05,Plumbing,Colombo,PRO-PLU-06,26,Low,0,1,0,0,0,1,0
2024-09-05,Plumbing,Gampaha,PRO-PLU-08,26,Low,0,1,0,0,0,1,0
2024-09-05,Grass cutting,Colombo,PRO-GRA-13,26,Low,0,1,0,0,0,1,0
2024-09-05,Pet care,Colombo,PRO-PET-05,1,Low,0,1,0,0,0,1,0
2024-09-05,Grass cutting,Gampaha,PRO-GRA-02,26,Low,0,1,0,0,0,1,0
2024-09-06,Plumbing,Colombo,PRO-PLU-01,2,Low,0,1,0,0,0,2,0
2024-09-06,Plumbing,Gampaha,PRO-PLU-04,2,Low,0,1,0,0,0,2,0
2024-09-06,Plumbing,Gampaha,PRO-PLU-02,2,Low,0,1,0,0,0,2,0
2024-09-06,Grass cutting,Gampaha,PRO-GRA-02,0,Low,0,1,0,0,0,2,0
2024-09-06,Grass cutting,Colombo,PRO-GRA-10,2,Low,0,1,0,0,0,2,0
2024-09-06,Grass cutting,Gampaha,PRO-GRA-12,1,Low,0,1,0,0,0,2,0
2024-09-06,Child care,Colombo,PRO-CHI-05,11,Low,0,1,0,0,0,2,0
2024-09-06,Electrical repairs,Gampaha,PRO-ELE-04,0,Low,0,1,0,0,0,2,0
2024-09-06,Grass cutting,Gampaha,PRO-GRA-07,1,Low,0,1,0,0,0,2,0
2024-09-06,Plumbing,Gampaha,PRO-PLU-05,0,Low,0,1,0,0,0,2,0
2024-09-06,Grass cutting,Colombo,PRO-GRA-17,0,Low,0,1,0,0,0,2,0
2024-09-06,Child care,Colombo,PRO-CHI-06,10,Low,0,1,0,0,0,2,0
2024-09-06,Grass cutting,Colombo,PRO-GRA-06,2,Low,0,1,0,0,0,2,0
2024-09-06,Plumbing,Gampaha,PRO-PLU-06,1,Low,0,1,0,0,0,2,0
2024-09-06,Grass cutting,Gampaha,PRO-GRA-18,2,Low,0,1,0,0,0,2,0
2024-09-06,Electrical repairs,Gampaha,PRO-ELE-06,2,Low,0,1,0,0,0,2,0
2024-09-06,Plumbing,Gampaha,PRO-PLU-07,1,Low,0,1,0,0,0,2,0
2024-09-06,Electrical repairs,Gampaha,PRO-ELE-05,0,Low,0,1,0,0,0,2,0
2024-09-06,Grass cutting,Colombo,PRO-GRA-04,1,Low,0,1,0,0,0,2,0
2024-09-06,Plumbing,Colombo,PRO-PLU-03,2,Low,0,1,0,0,0,2,0
2024-09-06,Grass cutting,Gampaha,PRO-GRA-11,2,Low,0,1,0,0,0,2,0
2024-09-06,Plumbing,Gampaha,PRO-PLU-08,1,Low,0,1,0,0,0,2,0
2024-09-06,Child care,Colombo,PRO-CHI-04,11,Low,0,1,0,0,0,2,0
2024-09-07,Grass cutting,Gampaha,PRO-GRA-14,2,Low,0,1,1,0,0,3,0
2024-09-07,Plumbing,Colombo,PRO-PLU-05,1,Low,0,1,1,0,0,3,0
2024-09-07,Plumbing,Colombo,PRO-PLU-06,2,Low,0,1,1,0,0,3,0
2024-09-07,Plumbing,Colombo,PRO-PLU-02,1,Low,0,1,1,0,0,3,0
2024-09-07,Child care,Colombo,PRO-CHI-01,1,Low,0,1,1,0,0,3,0
2024-09-07,Grass cutting,Colombo,PRO-GRA-11,1,Low,0,1,1,0,0,3,0
2024-09-07,Grass cutting,Gampaha,PRO-GRA-12,1,Low,0,1,1,0,0,3,0
2024-09-07,Grass cutting,Gampaha,PRO-GRA-03,1,Low,0,1,1,0,0,3,0
2024-09-07,Grass cutting,Gampaha,PRO-GRA-04,0,Low,0,1,1,0,0,3,0
2024-09-07,Plumbing,Colombo,PRO-PLU-08,2,Low,0,1,1,0,0,3,0
2024-09-07,Electrical repairs,Colombo,PRO-ELE-05,5,Low,0,1,1,0,0,3,0
2024-09-07,Child care,Gampaha,PRO-CHI-04,1,Low,0,1,1,0,0,3,0
2024-09-07,Electrical repairs,Colombo,PRO-ELE-04,7,Low,0,1,1,0,0,3,0
2024-09-07,Plumbing,Gampaha,PRO-PLU-03,0,Low,0,1,1,0,0,3,0
2024-09-07,Plumbing,Colombo,PRO-PLU-01,0,Low,0,1,1,0,0,3,0
2024-09-07,Plumbing,Colombo,PRO-PLU-04,2,Low,0,1,1,0,0,3,0
2024-09-07,Electrical repairs,Colombo,PRO-ELE-01,5,Low,0,1,1,0,0,3,0
2024-09-07,Plumbing,Colombo,PRO-PLU-07,0,Low,0,1,1,0,0,3,0
2024-09-07,Child care,Gampaha,PRO-CHI-05,1,Low,0,1,1,0,0,3,0
2024-09-08,Plumbing,Colombo,PRO-PLU-07,0,Low,0,1,0,0,0,4,0
2024-09-08,Plumbing,Colombo,PRO-PLU-02,1,Low,0,1,0,0,0,4,0
2024-09-08,Personal assistance,Gampaha,PRO-PER-03,1,Low,0,1,0,0,0,4,0
2024-09-08,Pet care,Gampaha,PRO-PET-03,0,Low,0,1,0,0,0,4,0
2024-09-08,Electrical repairs,Colombo,PRO-ELE-01,6,Low,0,1,0,0,0,4,0
2024-09-08,Grass cutting,Gampaha,PRO-GRA-07,0,Low,0,1,0,0,0,4,0
2024-09-08,Plumbing,Gampaha,PRO-PLU-06,2,Low,0,1,0,0,0,4,0
2024-09-08,Electrical repairs,Gampaha,PRO-ELE-03,6,Low,0,1,0,0,0,4,0
2024-09-08,Furniture repair,Gampaha,PRO-FUR-03,5,Low,0,1,0,0,0,4,0
2024-09-08,Plumbing,Gampaha,PRO-PLU-01,1,Low,0,1,0,0,0,4,0
2024-09-08,Child care,Colombo,PRO-CHI-03,1,Low,0,1,0,0,0,4,0
2024-09-08,Child care,Gampaha,PRO-CHI-04,0,Low,0,1,0,0,0,4,0
2024-09-08,Plumbing,Gampaha,PRO-PLU-03,0,Low,0,1,0,0,0,4,0
2024-09-08,Plumbing,Colombo,PRO-PLU-05,2,Low,0,1,0,0,0,4,0
2024-09-08,Grass cutting,Gampaha,PRO-GRA-06,0,Low,0,1,0,0,0,4,0
2024-09-08,Child care,Colombo,PRO-CHI-08,2,Low,0,1,0,0,0,4,0
2024-09-08,House cleaning,Gampaha,PRO-HOU-10,20,Low,0,1,0,0,0,4,0
2024-09-08,Electrical repairs,Gampaha,PRO-ELE-08,5,Low,0,1,0,0,0,4,0
2024-09-08,Electrical repairs,Gampaha,PRO-ELE-06,7,Low,0,1,0,0,0,4,0
2024-09-08,Child care,Gampaha,PRO-CHI-01,1,Low,0,1,0,0,0,4,0
2024-09-08,Electrical repairs,Gampaha,PRO-ELE-04,6,Low,0,1,0,0,0,4,0
2024-09-08,Plumbing,Colombo,PRO-PLU-04,1,Low,0,1,0,0,0,4,0
2024-09-08,Child care,Gampaha,PRO-CHI-06,2,Low,0,1,0,0,0,4,0
2024-09-08,"Sofa, carpet & curtain cleaning",Gampaha,PRO-SOF-03,22,Low,0,1,0,0,0,4,0
2024-09-08,Plumbing,Colombo,PRO-PLU-08,0,Low,0,1,0,0,0,4,0
2024-09-09,Electrical repairs,Colombo,PRO-ELE-04,10,High,1,0,0,0,0,0,1
2024-09-09,Plumbing,Gampaha,PRO-PLU-08,2,High,1,0,0,0,0,0,1
2024-09-09,Grass cutting,Colombo,PRO-GRA-13,0,High,1,0,0,0,0,0,1
2024-09-09,Child care,Gampaha,PRO-CHI-06,12,High,1,0,0,0,0,0,1
2024-09-09,Child care,Gampaha,PRO-CHI-04,11,High,1,0,0,0,0,0,1
2024-09-09,Plumbing,Colombo,PRO-PLU-06,2,High,1,0,0,0,0,0,1
2024-09-09,Plumbing,Colombo,PRO-PLU-03,1,High,1,0,0,0,0,0,1
2024-09-09,Grass cutting,Gampaha,PRO-GRA-06,0,High,1,0,0,0,0,0,1
2024-09-09,Electrical repairs,Colombo,PRO-ELE-06,12,High,1,0,0,0,0,0,1
2024-09-09,Electrical repairs,Gampaha,PRO-ELE-07,10,High,1,0,0,0,0,0,1
2024-09-09,Plumbing,Gampaha,PRO-PLU-02,0,High,1,0,0,0,0,0,1
2024-09-09,Child care,Gampaha,PRO-CHI-07,10,High,1,0,0,0,0,0,1
2024-09-09,Grass cutting,Gampaha,PRO-GRA-14,0,High,1,0,0,0,0,0,1
2024-09-09,Plumbing,Gampaha,PRO-PLU-05,0,High,1,0,0,0,0,0,1
2024-09-09,Plumbing,Gampaha,PRO-PLU-04,2,High,1,0,0,0,0,0,1
2024-09-09,Plumbing,Gampaha,PRO-PLU-07,1,High,1,0,0,0,0,0,1
2024-09-10,Plumbing,Colombo,PRO-PLU-05,2,High,1,0,0,0,0,0,2
2024-09-10,Plumbing,Gampaha,PRO-PLU-04,1,High,1,0,0,0,0,0,2
2024-09-10,Plumbing,Colombo,PRO-PLU-02,1,High,1,0,0,0,0,0,2
2024-09-10,Electrical repairs,Gampaha,PRO-ELE-02,12,High,1,0,0,0,0,0,2
2024-09-10,Grass cutting,Colombo,PRO-GRA-16,0,High,1,0,0,0,0,0,2
2024-09-10,Plumbing,Colombo,PRO-PLU-01,2,High,1,0,0,0,0,0,2
2024-09-10,Plumbing,Gampaha,PRO-PLU-06,1,High,1,0,0,0,0,0,2
2024-09-10,Plumbing,Gampaha,PRO-PLU-07,0,High,1,0,0,0,0,0,2
2024-09-10,Grass cutting,Colombo,PRO-GRA-11,0,High,1,0,0,0,0,0,2
2024-09-10,Plumbing,Gampaha,PRO-PLU-03,2,High,1,0,0,0,0,0,2
2024-09-10,Child care,Gampaha,PRO-CHI-05,12,High,1,0,0,0,0,0,2
2024-09-10,Grass cutting,Colombo,PRO-GRA-08,0,High,1,0,0,0,0,0,2
2024-09-10,Electrical repairs,Colombo,PRO-ELE-05,11,High,1,0,0,0,0,0,2
2024-09-10,Grass cutting,Colombo,PRO-GRA-06,0,High,1,0,0,0,0,0,2
2024-09-10,Grass cutting,Gampaha,PRO-GRA-18,0,High,1,0,0,0,0,0,2
2024-09-10,Grass cutting,Gampaha,PRO-GRA-07,0,High,1,0,0,0,0,0,2
2024-09-10,Plumbing,Colombo,PRO-PLU-08,1,High,1,0,0,0,0,0,2
2024-09-10,Grass cutting,Gampaha,PRO-GRA-15,0,High,1,0,0,0,0,0,2
2024-09-10,Child care,Gampaha,PRO-CHI-02,12,High,1,0,0,0,0,0,2
2024-09-11,Child care,Gampaha,PRO-CHI-01,11,High,1,0,0,0,0,0,3
2024-09-11,Plumbing,Gampaha,PRO-PLU-03,1,High,1,0,0,0,0,0,3
2024-09-11,Plumbing,Colombo,PRO-PLU-05,0,High,1,0,0,0,0,0,3
2024-09-11,Electrical repairs,Colombo,PRO-ELE-01,12,High,1,0,0,0,0,0,3
2024-09-11,Plumbing,Colombo,PRO-PLU-08,2,High,1,0,0,0,0,0,3
2024-09-11,Grass cutting,Colombo,PRO-GRA-01,0,High,1,0,0,0,0,0,3
2024-09-11,Grass cutting,Colombo,PRO-GRA-02,0,High,1,0,0,0,0,0,3
2024-09-11,Plumbing,Colombo,PRO-PLU-01,1,High,1,0,0,0,0,0,3
2024-09-11,Grass cutting,Gampaha,PRO-GRA-17,0,High,1,0,0,0,0,0,3
2024-09-11,Plumbing,Colombo,PRO-PLU-07,1,High,1,0,0,0,0,0,3
2024-09-11,Grass cutting,Colombo,PRO-GRA-06,0,High,1,0,0,0,0,0,3
2024-09-11,Child care,Gampaha,PRO-CHI-08,10,High,1,0,0,0,0,0,3
2024-09-11,Plumbing,Colombo,PRO-PLU-04,2,High,1,0,0,0,0,0,3
2024-09-11,Plumbing,Colombo,PRO-PLU-02,2,High,1,0,0,0,0,0,3
2024-09-11,Electrical repairs,Colombo,PRO-ELE-08,10,High,1,0,0,0,0,0,3
2024-09-11,Grass cutting,Colombo,PRO-GRA-09,0,High,1,0,0,0,0,0,3
2024-09-11,Plumbing,Colombo,PRO-PLU-06,1,High,1,0,0,0,0,0,3
2024-09-12,Grass cutting,Gampaha,PRO-GRA-01,26,Low,0,1,0,0,0,1,0
2024-09-12,Plumbing,Colombo,PRO-PLU-07,27,Low,0,1,0,0,0,1,0
2024-09-12,Plumbing,Colombo,PRO-PLU-06,26,Low,0,1,0,0,0,1,0
2024-09-12,Grass cutting,Colombo,PRO-GRA-11,26,Low,0,1,0,0,0,1,0
2024-09-12,Plumbing,Gampaha,PRO-PLU-04,27,Low,0,1,0,0,0,1,0
2024-09-12,Grass cutting,Colombo,PRO-GRA-14,27,Low,0,1,0,0,0,1,0
2024-09-12,Child care,Gampaha,PRO-CHI-01,10,Low,0,1,0,0,0,1,0
2024-09-12,Electrical repairs,Gampaha,PRO-ELE-01,2,Low,0,1,0,0,0,1,0
2024-09-12,Plumbing,Gampaha,PRO-PLU-01,25,Low,0,1,0,0,0,1,0
2024-09-12,Grass cutting,Gampaha,PRO-GRA-02,25,Low,0,1,0,0,0,1,0
2024-09-12,Child care,Gampaha,PRO-CHI-06,10,Low,0,1,0,0,0,1,0
2024-09-12,Plumbing,Colombo,PRO-PLU-03,27,Low,0,1,0,0,0,1,0
2024-09-12,Grass cutting,Gampaha,PRO-GRA-15,27,Low,0,1,0,0,0,1,0
2024-09-12,Plumbing,Colombo,PRO-PLU-05,27,Low,0,1,0,0,0,1,0
2024-09-12,Plumbing,Colombo,PRO-PLU-02,25,Low,0,1,0,0,0,1,0
2024-09-12,Grass cutting,Colombo,PRO-GRA-17,25,Low,0,1,0,0,0,1,0
2024-09-12,Electrical repairs,Gampaha,PRO-ELE-06,2,Low,0,1,0,0,0,1,0
2024-09-13,Grass cutting,Colombo,PRO-GRA-16,0,High,1,0,0,0,0,0,1
2024-09-13,Plumbing,Colombo,PRO-PLU-05,26,High,1,0,0,0,0,0,1
2024-09-13,Grass cutting,Colombo,PRO-GRA-02,0,High,1,0,0,0,0,0,1
2024-09-13,Child care,Gampaha,PRO-CHI-01,12,High,1,0,0,0,0,0,1
2024-09-13,Grass cutting,Colombo,PRO-GRA-18,0,High,1,0,0,0,0,0,1
2024-09-13,Grass cutting,Colombo,PRO-GRA-01,0,High,1,0,0,0,0,0,1
2024-09-13,Child care,Colombo,PRO-CHI-07,10,High,1,0,0,0,0,0,1
2024-09-13,Painting,Colombo,PRO-PAI-07,0,High,1,0,0,0,0,0,1
2024-09-13,Plumbing,Gampaha,PRO-PLU-07,25,High,1,0,0,0,0,0,1
2024-09-13,Grass cutting,Gampaha,PRO-GRA-13,0,High,1,0,0,0,0,0,1
2024-09-13,Electrical repairs,Colombo,PRO-ELE-07,10,High,1,0,0,0,0,0,1
2024-09-13,Grass cutting,Gampaha,PRO-GRA-03,0,High,1,0,0,0,0,0,1
2024-09-13,Painting,Colombo,PRO-PAI-06,0,High,1,0,0,0,0,0,1
2024-09-13,Grass cutting,Colombo,PRO-GRA-05,0,High,1,0,0,0,0,0,1
2024-09-13,Grass cutting,Colombo,PRO-GRA-07,0,High,1,0,0,0,0,0,1
2024-09-13,Plumbing,Colombo,PRO-PLU-06,26,High,1,0,0,0,0,0,1
2024-09-13,Grass cutting,Colombo,PRO-GRA-15,0,High,1,0,0,0,0,0,1
2024-09-13,Electrical repairs,Colombo,PRO-ELE-01,11,High,1,0,0,0,0,0,1
2024-09-13,Plumbing,Gampaha,PRO-PLU-03,25,High,1,0,0,0,0,0,1
2024-09-13,Plumbing,Gampaha,PRO-PLU-04,26,High,1,0,0,0,0,0,1
2024-09-13,Plumbing,Colombo,PRO-PLU-08,27,High,1,0,0,0,0,0,1
2024-09-13,Plumbing,Gampaha,PRO-PLU-02,27,High,1,0,0,0,0,0,1
2024-09-13,Grass cutting,Gampaha,PRO-GRA-06,0,High,1,0,0,0,0,0,1
2024-09-13,Plumbing,Colombo,PRO-PLU-01,26,High,1,0,0,0,0,0,1
2024-09-14,Child care,Gampaha,PRO-CHI-05,2,High,1,0,0,1,0,0,2
2024-09-14,Plumbing,Gampaha,PRO-PLU-05,42,High,1,0,0,1,0,0,2
2024-09-14,Electrical repairs,Colombo,PRO-ELE-08,16,High,1,0,0,1,0,0,2
2024-09-14,Plumbing,Gampaha,PRO-PLU-03,41,High,1,0,0,1,0,0,2
2024-09-14,Grass cutting,Gampaha,PRO-GRA-15,0,High,1,0,0,1,0,0,2
2024-09-14,Plumbing,Gampaha,PRO-PLU-07,41,High,1,0,0,1,0,0,2
2024-09-14,Grass cutting,Gampaha,PRO-GRA-12,0,High,1,0,0,1,0,0,2
2024-09-14,Child care,Colombo,PRO-CHI-08,1,High,1,0,0,1,0,0,2
2024-09-14,Plumbing,Colombo,PRO-PLU-08,41,High,1,0,0,1,0,0,2
2024-09-14,Plumbing,Colombo,PRO-PLU-04,42,High,1,0,0,1,0,0,2
2024-09-14,Grass cutting,Gampaha,PRO-GRA-06,0,High,1,0,0,1,0,0,2
2024-09-14,Plumbing,Gampaha,PRO-PLU-02,41,High,1,0,0,1,0,0,2
2024-09-14,Child care,Colombo,PRO-CHI-06,2,High,1,0,0,1,0,0,2
2024-09-14,Plumbing,Gampaha,PRO-PLU-06,42,High,1,0,0,1,0,0,2
2024-09-14,Plumbing,Gampaha,PRO-PLU-01,40,High,1,0,0,1,0,0,2
2024-09-14,Electrical repairs,Gampaha,PRO-ELE-05,16,High,1,0,0,1,0,0,2
2024-09-14,Electrical repairs,Colombo,PRO-ELE-06,16,High,1,0,0,1,0,0,2
2024-09-14,Grass cutting,Colombo,PRO-GRA-14,0,High,1,0,0,1,0,0,2
2024-09-14,Grass cutting,Colombo,PRO-GRA-18,0,High,1,0,0,1,0,0,2
2024-09-15,Plumbing,Gampaha,PRO-PLU-02,26,Low,0,1,0,1,0,1,0
2024-09-15,Grass cutting,Colombo,PRO-GRA-16,25,Low,0,1,0,1,0,1,0
2024-09-15,Plumbing,Colombo,PRO-PLU-05,26,Low,0,1,0,1,0,1,0
2024-09-15,Plumbing,Colombo,PRO-PLU-03,26,Low,0,1,0,1,0,1,0
2024-09-15,House cleaning,Colombo,PRO-HOU-05,20,Low,0,1,0,1,0,1,0
2024-09-15,Grass cutting,Gampaha,PRO-GRA-14,26,Low,0,1,0,1,0,1,0
2024-09-15,Plumbing,Gampaha,PRO-PLU-08,27,Low,0,1,0,1,0,1,0
2024-09-15,Plumbing,Colombo,PRO-PLU-06,27,Low,0,1,0,1,0,1,0
2024-09-15,Grass cutting,Gampaha,PRO-GRA-12,25,Low,0,1,0,1,0,1,0
2024-09-15,Plumbing,Gampaha,PRO-PLU-07,27,Low,0,1,0,1,0,1,0
2024-09-15,Plumbing,Colombo,PRO-PLU-01,25,Low,0,1,0,1,0,1,0
2024-09-15,Plumbing,Gampaha,PRO-PLU-04,25,Low,0,1,0,1,0,1,0
2024-09-15,Grass cutting,Gampaha,PRO-GRA-06,25,Low,0,1,0,1,0,1,0
2024-09-16,Plumbing,Colombo,PRO-PLU-07,26,High,1,0,1,0,0,0,1
2024-09-16,Grass cutting,Colombo,PRO-GRA-17,0,High,1,0,1,0,0,0,1
2024-09-16,Electrical repairs,Colombo,PRO-ELE-01,10,High,1,0,1,0,0,0,1
2024-09-16,Plumbing,Colombo,PRO-PLU-03,25,High,1,0,1,0,0,0,1
2024-09-16,Plumbing,Gampaha,PRO-PLU-05,25,High,1,0,1,0,0,0,1
2024-09-16,Plumbing,Gampaha,PRO-PLU-01,26,High,1,0,1,0,0,0,1
2024-09-16,Plumbing,Colombo,PRO-PLU-02,25,High,1,0,1,0,0,0,1
2024-09-16,Child care,Gampaha,PRO-CHI-05,1,High,1,0,1,0,0,0,1
2024-09-16,Child care,Gampaha,PRO-CHI-01,0,High,1,0,1,0,0,0,1
2024-09-16,Electrical repairs,Gampaha,PRO-ELE-05,12,High,1,0,1,0,0,0,1
2024-09-16,Grass cutting,Colombo,PRO-GRA-05,0,High,1,0,1,0,0,0,1
2024-09-16,Plumbing,Colombo,PRO-PLU-04,27,High,1,0,1,0,0,0,1
2024-09-16,Plumbing,Colombo,PRO-PLU-06,27,High,1,0,1,0,0,0,1
2024-09-16,Plumbing,Colombo,PRO-PLU-08,25,High,1,0,1,0,0,0,1
2024-09-17,Grass cutting,Gampaha,PRO-GRA-06,0,Low,0,1,1,0,0,1,0
2024-09-17,Child care,Gampaha,PRO-CHI-07,0,Low,0,1,1,0,0,1,0
2024-09-17,Grass cutting,Colombo,PRO-GRA-13,1,Low,0,1,1,0,0,1,0
2024-09-17,Plumbing,Gampaha,PRO-PLU-04,1,Low,0,1,1,0,0,1,0
2024-09-17,Plumbing,Colombo,PRO-PLU-08,1,Low,0,1,1,0,0,1,0
2024-09-17,Plumbing,Colombo,PRO-PLU-06,0,Low,0,1,1,0,0,1,0
2024-09-17,Electrical repairs,Gampaha,PRO-ELE-08,0,Low,0,1,1,0,0,1,0
2024-09-17,Plumbing,Colombo,PRO-PLU-01,1,Low,0,1,1,0,0,1,0
2024-09-17,Grass cutting,Gampaha,PRO-GRA-01,1,Low,0,1,1,0,0,1,0
2024-09-17,Plumbing,Gampaha,PRO-PLU-02,1,Low,0,1,1,0,0,1,0
2024-09-17,Electrical repairs,Colombo,PRO-ELE-07,1,Low,0,1,1,0,0,1,0
2024-09-17,Child care,Gampaha,PRO-CHI-08,0,Low,0,1,1,0,0,1,0
2024-09-17,Grass cutting,Gampaha,PRO-GRA-17,1,Low,0,1,1,0,0,1,0
2024-09-17,Grass cutting,Gampaha,PRO-GRA-09,2,Low,0,1,1,0,0,1,0
2024-09-17,Grass cutting,Colombo,PRO-GRA-04,0,Low,0,1,1,0,0,1,0
2024-09-17,Plumbing,Gampaha,PRO-PLU-05,2,Low,0,1,1,0,0,1,0
2024-09-17,Plumbing,Colombo,PRO-PLU-07,1,Low,0,1,1,0,0,1,0
2024-09-18,Grass cutting,Gampaha,PRO-GRA-10,2,Low,0,1,0,0,0,2,0
2024-09-18,Grass cutting,Colombo,PRO-GRA-13,0,Low,0,1,0,0,0,2,0
2024-09-18,Grass cutting,Colombo,PRO-GRA-16,1,Low,0,1,0,0,0,2,0
2024-09-18,Plumbing,Gampaha,PRO-PLU-04,0,Low,0,1,0,0,0,2,0
2024-09-18,Plumbing,Gampaha,PRO-PLU-02,1,Low,0,1,0,0,0,2,0
2024-09-18,Electrical repairs,Colombo,PRO-ELE-06,2,Low,0,1,0,0,0,2,0
2024-09-18,Grass cutting,Gampaha,PRO-GRA-17,1,Low,0,1,0,0,0,2,0
2024-09-18,Plumbing,Colombo,PRO-PLU-05,1,Low,0,1,0,0,0,2,0
2024-09-18,Grass cutting,Colombo,PRO-GRA-14,0,Low,0,1,0,0,0,2,0
2024-09-18,Plumbing,Colombo,PRO-PLU-03,2,Low,0,1,0,0,0,2,0
2024-09-18,Plumbing,Colombo,PRO-PLU-01,1,Low,0,1,0,0,0,2,0
2024-09-18,Child care,Gampaha,PRO-CHI-06,10,Low,0,1,0,0,0,2,0
2024-09-18,Plumbing,Gampaha,PRO-PLU-08,2,Low,0,1,0,0,0,2,0
2024-09-18,Painting,Gampaha,PRO-PAI-10,5,Low,0,1,0,0,0,2,0
2024-09-18,Grass cutting,Gampaha,PRO-GRA-03,1,Low,0,1,0,0,0,2,0
2024-09-18,Plumbing,Gampaha,PRO-PLU-06,0,Low,0,1,0,0,0,2,0
2024-09-18,Child care,Colombo,PRO-CHI-04,12,Low,0,1,0,0,0,2,0
2024-09-18,Plumbing,Colombo,PRO-PLU-07,0,Low,0,1,0,0,0,2,0
2024-09-18,Painting,Colombo,PRO-PAI-13,7,Low,0,1,0,0,0,2,0
2024-09-18,Electrical repairs,Colombo,PRO-ELE-04,0,Low,0,1,0,0,0,2,0
2024-09-18,Grass cutting,Gampaha,PRO-GRA-18,0,Low,0,1,0,0,0,2,0
2024-09-19,Electrical repairs,Colombo,PRO-ELE-06,1,Low,0,1,0,0,0,3,0
2024-09-19,Grass cutting,Colombo,PRO-GRA-01,0,Low,0,1,0,0,0,3,0
2024-09-19,Painting,Gampaha,PRO-PAI-10,22,Low,0,1,0,0,0,3,0
2024-09-19,Electrical repairs,Colombo,PRO-ELE-01,1,Low,0,1,0,0,0,3,0
2024-09-19,Grass cutting,Colombo,PRO-GRA-10,0,Low,0,1,0,0,0,3,0
2024-09-19,Grass cutting,Gampaha,PRO-GRA-11,2,Low,0,1,0,0,0,3,0
2024-09-19,Plumbing,Gampaha,PRO-PLU-08,2,Low,0,1,0,0,0,3,0
2024-09-19,Plumbing,Colombo,PRO-PLU-06,1,Low,0,1,0,0,0,3,0
2024-09-19,Grass cutting,Gampaha,PRO-GRA-05,1,Low,0,1,0,0,0,3,0
2024-09-19,Plumbing,Colombo,PRO-PLU-07,1,Low,0,1,0,0,0,3,0
2024-09-19,Grass cutting,Colombo,PRO-GRA-07,1,Low,0,1,0,0,0,3,0
2024-09-19,Plumbing,Gampaha,PRO-PLU-05,1,Low,0,1,0,0,0,3,0
2024-09-19,Child care,Gampaha,PRO-CHI-06,12,Low,0,1,0,0,0,3,0
2024-09-19,Grass cutting,Gampaha,PRO-GRA-09,1,Low,0,1,0,0,0,3,0
2024-09-19,Plumbing,Gampaha,PRO-PLU-04,0,Low,0,1,0,0,0,3,0
2024-09-19,Plumbing,Colombo,PRO-PLU-01,1,Low,0,1,0,0,0,3,0
2024-09-19,Plumbing,Colombo,PRO-PLU-02,1,Low,0,1,0,0,0,3,0
2024-09-19,Child care,Gampaha,PRO-CHI-01,12,Low,0,1,0,0,0,3,0
2024-09-19,Grass cutting,Gampaha,PRO-GRA-03,0,Low,0,1,0,0,0,3,0
2024-09-19,Plumbing,Gampaha,PRO-PLU-03,2,Low,0,1,0,0,0,3,0
2024-09-19,Grass cutting,Gampaha,PRO-GRA-16,1,Low,0,1,0,0,0,3,0
2024-09-19,Grass cutting,Gampaha,PRO-GRA-14,0,Low,0,1,0,0,0,3,0
2024-09-20,Plumbing,Gampaha,PRO-PLU-02,1,Low,0,1,0,0,0,4,0
2024-09-20,Electrical repairs,Gampaha,PRO-ELE-06,2,Low,0,1,0,0,0,4,0
2024-09-20,Grass cutting,Gampaha,PRO-GRA-10,2,Low,0,1,0,0,0,4,0
2024-09-20,Child care,Colombo,PRO-CHI-05,12,Low,0,1,0,0,0,4,0
2024-09-20,Grass cutting,Gampaha,PRO-GRA-05,0,Low,0,1,0,0,0,4,0
2024-09-20,Pet care,Colombo,PRO-PET-02,0,Low,0,1,0,0,0,4,0
2024-09-20,"Sofa, carpet & curtain cleaning",Gampaha,PRO-SOF-02,22,Low,0,1,0,0,0,4,0
2024-09-20,"Sofa, carpet & curtain cleaning",Colombo,PRO-SOF-07,22,Low,0,1,0,0,0,4,0
2024-09-20,Plumbing,Gampaha,PRO-PLU-06,2,Low,0,1,0,0,0,4,0
2024-09-20,Electrical repairs,Colombo,PRO-ELE-05,1,Low,0,1,0,0,0,4,0
2024-09-20,Child care,Colombo,PRO-CHI-06,10,Low,0,1,0,0,0,4,0
2024-09-20,Grass cutting,Colombo,PRO-GRA-12,0,Low,0,1,0,0,0,4,0
2024-09-20,Electrical repairs,Colombo,PRO-ELE-01,2,Low,0,1,0,0,0,4,0
2024-09-20,Furniture repair,Gampaha,PRO-FUR-02,1,Low,0,1,0,0,0,4,0
2024-09-20,Personal assistance,Gampaha,PRO-PER-07,9,Low,0,1,0,0,0,4,0
2024-09-20,Plumbing,Colombo,PRO-PLU-08,1,Low,0,1,0,0,0,4,0
2024-09-20,Grass cutting,Colombo,PRO-GRA-08,1,Low,0,1,0,0,0,4,0
2024-09-20,Furniture repair,Gampaha,PRO-FUR-07,1,Low,0,1,0,0,0,4,0
2024-09-20,Plumbing,Colombo,PRO-PLU-07,1,Low,0,1,0,0,0,4,0
2024-09-20,Grass cutting,Colombo,PRO-GRA-13,0,Low,0,1,0,0,0,4,0
2024-09-20,Child care,Gampaha,PRO-CHI-01,12,Low,0,1,0,0,0,4,0
2024-09-20,Plumbing,Gampaha,PRO-PLU-04,2,Low,0,1,0,0,0,4,0
2024-09-20,Personal assistance,Gampaha,PRO-PER-02,9,Low,0,1,0,0,0,4,0
2024-09-20,Plumbing,Gampaha,PRO-PLU-05,0,Low,0,1,0,0,0,4,0
2024-09-20,Pet care,Gampaha,PRO-PET-07,2,Low,0,1,0,0,0,4,0
2024-09-20,Plumbing,Colombo,PRO-PLU-01,0,Low,0,1,0,0,0,4,0
2024-09-20,Plumbing,Colombo,PRO-PLU-03,2,Low,0,1,0,0,0,4,0
2024-09-21,Grass cutting,Gampaha,PRO-GRA-01,0,High,1,0,0,1,0,0,1
2024-09-21,Child care,Gampaha,PRO-CHI-03,2,High,1,0,0,1,0,0,1
2024-09-21,Electrical repairs,Colombo,PRO-ELE-03,16,High,1,0,0,1,0,0,1
2024-09-21,Plumbing,Gampaha,PRO-PLU-05,15,High,1,0,0,1,0,0,1
2024-09-21,Plumbing,Gampaha,PRO-PLU-03,15,High,1,0,0,1,0,0,1
2024-09-21,Plumbing,Colombo,PRO-PLU-01,17,High,1,0,0,1,0,0,1
2024-09-21,Grass cutting,Colombo,PRO-GRA-08,0,High,1,0,0,1,0,0,1
2024-09-21,Plumbing,Gampaha,PRO-PLU-06,16,High,1,0,0,1,0,0,1
2024-09-21,Plumbing,Colombo,PRO-PLU-04,16,High,1,0,0,1,0,0,1
2024-09-21,Grass cutting,Colombo,PRO-GRA-14,0,High,1,0,0,1,0,0,1
2024-09-21,Post-construction cleaning,Gampaha,PRO-POS-05,11,High,1,0,0,1,0,0,1
2024-09-21,Child care,Colombo,PRO-CHI-07,1,High,1,0,0,1,0,0,1
2024-09-21,Move-in / move-out cleaning,Gampaha,PRO-MOV-05,9,High,1,0,0,1,0,0,1
2024-09-21,Plumbing,Colombo,PRO-PLU-08,16,High,1,0,0,1,0,0,1
2024-09-21,Plumbing,Gampaha,PRO-PLU-07,15,High,1,0,0,1,0,0,1
2024-09-21,Planting,Colombo,PRO-PLA-05,0,High,1,0,0,1,0,0,1
2024-09-21,Landscaping,Gampaha,PRO-LAN-05,11,High,1,0,0,1,0,0,1
2024-09-21,Electrical repairs,Colombo,PRO-ELE-07,15,High,1,0,0,1,0,0,1
2024-09-22,Plumbing,Gampaha,PRO-PLU-08,16,High,1,0,1,0,0,0,2
2024-09-22,Electrical repairs,Gampaha,PRO-ELE-08,15,High,1,0,1,0,0,0,2
2024-09-22,Grass cutting,Gampaha,PRO-GRA-02,0,High,1,0,1,0,0,0,2
2024-09-22,Plumbing,Colombo,PRO-PLU-01,17,High,1,0,1,0,0,0,2
2024-09-22,Plumbing,Colombo,PRO-PLU-04,16,High,1,0,1,0,0,0,2
2024-09-22,Grass cutting,Colombo,PRO-GRA-16,0,High,1,0,1,0,0,0,2
2024-09-22,Plumbing,Gampaha,PRO-PLU-06,17,High,1,0,1,0,0,0,2
2024-09-22,Grass cutting,Colombo,PRO-GRA-01,0,High,1,0,1,0,0,0,2
2024-09-22,Child care,Gampaha,PRO-CHI-03,1,High,1,0,1,0,0,0,2
2024-09-22,Grass cutting,Colombo,PRO-GRA-04,0,High,1,0,1,0,0,0,2
2024-09-22,Child care,Gampaha,PRO-CHI-07,0,High,1,0,1,0,0,0,2
2024-09-22,Electrical repairs,Gampaha,PRO-ELE-06,15,High,1,0,1,0,0,0,2
2024-09-22,Plumbing,Colombo,PRO-PLU-02,17,High,1,0,1,0,0,0,2
2024-09-22,Electrical repairs,Gampaha,PRO-ELE-07,15,High,1,0,1,0,0,0,2
2024-09-22,Plumbing,Colombo,PRO-PLU-05,15,High,1,0,1,0,0,0,2
2024-09-22,Plumbing,Gampaha,PRO-PLU-03,17,High,1,0,1,0,0,0,2
2024-09-22,Child care,Colombo,PRO-CHI-08,2,High,1,0,1,0,0,0,2
2024-09-22,Electrical repairs,Gampaha,PRO-ELE-03,15,High,1,0,1,0,0,0,2
2024-09-22,Plumbing,Colombo,PRO-PLU-07,16,High,1,0,1,0,0,0,2
2024-09-22,Child care,Colombo,PRO-CHI-06,0,High,1,0,1,0,0,0,2
2024-09-23,Electrical repairs,Colombo,PRO-ELE-08,1,Low,0,1,1,0,0,1,0
2024-09-23,Electrical repairs,Colombo,PRO-ELE-04,0,Low,0,1,1,0,0,1,0
2024-09-23,Grass cutting,Gampaha,PRO-GRA-02,26,Low,0,1,1,0,0,1,0
2024-09-23,Electrical repairs,Gampaha,PRO-ELE-02,1,Low,0,1,1,0,0,1,0
2024-09-23,Child care,Colombo,PRO-CHI-08,2,Low,0,1,1,0,0,1,0
2024-09-23,Child care,Colombo,PRO-CHI-01,0,Low,0,1,1,0,0,1,0
2024-09-23,Plumbing,Gampaha,PRO-PLU-02,26,Low,0,1,1,0,0,1,0
2024-09-23,Electrical repairs,Colombo,PRO-ELE-01,1,Low,0,1,1,0,0,1,0
2024-09-23,Grass cutting,Gampaha,PRO-GRA-13,26,Low,0,1,1,0,0,1,0
2024-09-23,Plumbing,Gampaha,PRO-PLU-07,26,Low,0,1,1,0,0,1,0
2024-09-23,Plumbing,Gampaha,PRO-PLU-01,25,Low,0,1,1,0,0,1,0
2024-09-23,Child care,Colombo,PRO-CHI-04,1,Low,0,1,1,0,0,1,0
2024-09-23,Child care,Gampaha,PRO-CHI-02,1,Low,0,1,1,0,0,1,0
2024-09-23,Grass cutting,Gampaha,PRO-GRA-06,26,Low,0,1,1,0,0,1,0
2024-09-23,Plumbing,Colombo,PRO-PLU-04,26,Low,0,1,1,0,0,1,0
2024-09-23,Plumbing,Gampaha,PRO-PLU-03,25,Low,0,1,1,0,0,1,0
2024-09-23,Electrical repairs,Colombo,PRO-ELE-03,1,Low,0,1,1,0,0,1,0
2024-09-23,Grass cutting,Colombo,PRO-GRA-07,27,Low,0,1,1,0,0,1,0
2024-09-23,Plumbing,Colombo,PRO-PLU-06,26,Low,0,1,1,0,0,1,0
2024-09-23,Child care,Colombo,PRO-CHI-03,0,Low,0,1,1,0,0,1,0
2024-09-23,Plumbing,Colombo,PRO-PLU-05,26,Low,0,1,1,0,0,1,0
2024-09-23,Plumbing,Gampaha,PRO-PLU-08,25,Low,0,1,1,0,0,1,0
2024-09-23,Grass cutting,Colombo,PRO-GRA-16,26,Low,0,1,1,0,0,1,0
2024-09-24,Electrical repairs,Colombo,PRO-ELE-04,12,High,1,0,0,0,0,0,1
2024-09-24,Grass cutting,Gampaha,PRO-GRA-02,0,High,1,0,0,0,0,0,1
2024-09-24,Child care,Colombo,PRO-CHI-05,11,High,1,0,0,0,0,0,1
2024-09-24,Grass cutting,Gampaha,PRO-GRA-16,0,High,1,0,0,0,0,0,1
2024-09-24,Grass cutting,Colombo,PRO-GRA-12,0,High,1,0,0,0,0,0,1
2024-09-24,Plumbing,Colombo,PRO-PLU-07,26,High,1,0,0,0,0,0,1
2024-09-24,Grass cutting,Gampaha,PRO-GRA-05,0,High,1,0,0,0,0,0,1
2024-09-24,Plumbing,Gampaha,PRO-PLU-04,27,High,1,0,0,0,0,0,1
2024-09-24,Child care,Gampaha,PRO-CHI-01,11,High,1,0,0,0,0,0,1
2024-09-24,Electrical repairs,Gampaha,PRO-ELE-05,12,High,1,0,0,0,0,0,1
2024-09-24,Plumbing,Gampaha,PRO-PLU-03,25,High,1,0,0,0,0,0,1
2024-09-24,Electrical repairs,Gampaha,PRO-ELE-01,11,High,1,0,0,0,0,0,1
2024-09-24,Plumbing,Gampaha,PRO-PLU-01,26,High,1,0,0,0,0,0,1
2024-09-24,Plumbing,Gampaha,PRO-PLU-08,27,High,1,0,0,0,0,0,1
2024-09-24,Child care,Colombo,PRO-CHI-04,10,High,1,0,0,0,0,0,1
2024-09-24,Grass cutting,Gampaha,PRO-GRA-01,0,High,1,0,0,0,0,0,1
2024-09-24,Plumbing,Gampaha,PRO-PLU-02,25,High,1,0,0,0,0,0,1
2024-09-24,Plumbing,Gampaha,PRO-PLU-05,27,High,1,0,0,0,0,0,1
2024-09-25,Plumbing,Gampaha,PRO-PLU-03,1,Low,0,1,0,0,0,1,0
2024-09-25,Electrical repairs,Colombo,PRO-ELE-01,2,Low,0,1,0,0,0,1,0
2024-09-25,Electrical repairs,Colombo,PRO-ELE-03,2,Low,0,1,0,0,0,1,0
2024-09-25,Electrical repairs,Colombo,PRO-ELE-04,2,Low,0,1,0,0,0,1,0
2024-09-25,Electrical repairs,Gampaha,PRO-ELE-07,1,Low,0,1,0,0,0,1,0
2024-09-25,Child care,Gampaha,PRO-CHI-07,10,Low,0,1,0,0,0,1,0
2024-09-25,Plumbing,Gampaha,PRO-PLU-01,1,Low,0,1,0,0,0,1,0
2024-09-25,Plumbing,Colombo,PRO-PLU-08,0,Low,0,1,0,0,0,1,0
2024-09-25,Child care,Gampaha,PRO-CHI-04,10,Low,0,1,0,0,0,1,0
2024-09-25,Plumbing,Gampaha,PRO-PLU-05,2,Low,0,1,0,0,0,1,0
2024-09-25,Grass cutting,Colombo,PRO-GRA-04,2,Low,0,1,0,0,0,1,0
2024-09-25,Child care,Gampaha,PRO-CHI-05,10,Low,0,1,0,0,0,1,0
2024-09-25,Child care,Colombo,PRO-CHI-03,12,Low,0,1,0,0,0,1,0
2024-09-25,Grass cutting,Gampaha,PRO-GRA-18,0,Low,0,1,0,0,0,1,0
2024-09-25,Plumbing,Gampaha,PRO-PLU-06,0,Low,0,1,0,0,0,1,0
2024-09-25,Plumbing,Colombo,PRO-PLU-02,1,Low,0,1,0,0,0,1,0
2024-09-25,Grass cutting,Gampaha,PRO-GRA-03,1,Low,0,1,0,0,0,1,0
2024-09-25,Grass cutting,Gampaha,PRO-GRA-06,2,Low,0,1,0,0,0,1,0
2024-09-25,Electrical repairs,Gampaha,PRO-ELE-05,1,Low,0,1,0,0,0,1,0
2024-09-25,Grass cutting,Colombo,PRO-GRA-07,2,Low,0,1,0,0,0,1,0
2024-09-25,Plumbing,Gampaha,PRO-PLU-07,2,Low,0,1,0,0,0,1,0
2024-09-25,Plumbing,Gampaha,PRO-PLU-04,0,Low,0,1,0,0,0,1,0
2024-09-25,Grass cutting,Colombo,PRO-GRA-14,1,Low,0,1,0,0,0,1,0
2024-09-25,Grass cutting,Colombo,PRO-GRA-16,0,Low,0,1,0,0,0,1,0
2024-09-25,Child care,Colombo,PRO-CHI-01,11,Low,0,1,0,0,0,1,0
2024-09-26,Plumbing,Gampaha,PRO-PLU-06,0,Low,0,1,0,0,0,2,0
2024-09-26,Electrical repairs,Gampaha,PRO-ELE-06,2,Low,0,1,0,0,0,2,0
2024-09-26,Electrical repairs,Colombo,PRO-ELE-04,2,Low,0,1,0,0,0,2,0
2024-09-26,Grass cutting,Gampaha,PRO-GRA-14,0,Low,0,1,0,0,0,2,0
2024-09-26,Plumbing,Gampaha,PRO-PLU-05,2,Low,0,1,0,0,0,2,0
2024-09-26,Grass cutting,Colombo,PRO-GRA-01,2,Low,0,1,0,0,0,2,0
2024-09-26,Child care,Colombo,PRO-CHI-04,11,Low,0,1,0,0,0,2,0
2024-09-26,Child care,Gampaha,PRO-CHI-06,12,Low,0,1,0,0,0,2,0
2024-09-26,Grass cutting,Colombo,PRO-GRA-04,0,Low,0,1,0,0,0,2,0
2024-09-26,Grass cutting,Gampaha,PRO-GRA-16,1,Low,0,1,0,0,0,2,0
2024-09-26,Plumbing,Colombo,PRO-PLU-08,1,Low,0,1,0,0,0,2,0
2024-09-26,Grass cutting,Colombo,PRO-GRA-06,0,Low,0,1,0,0,0,2,0
2024-09-26,Plumbing,Gampaha,PRO-PLU-04,1,Low,0,1,0,0,0,2,0
2024-09-26,Grass cutting,Gampaha,PRO-GRA-08,0,Low,0,1,0,0,0,2,0
2024-09-26,Grass cutting,Gampaha,PRO-GRA-12,0,Low,0,1,0,0,0,2,0
2024-09-26,Plumbing,Gampaha,PRO-PLU-03,2,Low,0,1,0,0,0,2,0
2024-09-27,Electrical repairs,Gampaha,PRO-ELE-04,12,High,1,0,0,0,0,0,1
2024-09-27,Child care,Colombo,PRO-CHI-03,12,High,1,0,0,0,0,0,1
2024-09-27,Grass cutting,Colombo,PRO-GRA-16,0,High,1,0,0,0,0,0,1
2024-09-27,Grass cutting,Gampaha,PRO-GRA-11,0,High,1,0,0,0,0,0,1
2024-09-27,Electrical repairs,Gampaha,PRO-ELE-01,11,High,1,0,0,0,0,0,1
2024-09-27,Grass cutting,Colombo,PRO-GRA-05,0,High,1,0,0,0,0,0,1
2024-09-27,Plumbing,Gampaha,PRO-PLU-05,1,High,1,0,0,0,0,0,1
2024-09-27,Grass cutting,Colombo,PRO-GRA-06,0,High,1,0,0,0,0,0,1
2024-09-27,Plumbing,Gampaha,PRO-PLU-04,1,High,1,0,0,0,0,0,1
2024-09-27,Child care,Gampaha,PRO-CHI-04,12,High,1,0,0,0,0,0,1
2024-09-27,Grass cutting,Gampaha,PRO-GRA-09,0,High,1,0,0,0,0,0,1
2024-09-27,Grass cutting,Gampaha,PRO-GRA-02,0,High,1,0,0,0,0,0,1
2024-09-27,Grass cutting,Gampaha,PRO-GRA-01,0,High,1,0,0,0,0,0,1
2024-09-27,Electrical repairs,Gampaha,PRO-ELE-07,10,High,1,0,0,0,0,0,1
2024-09-27,Plumbing,Gampaha,PRO-PLU-01,0,High,1,0,0,0,0,0,1
2024-09-27,Child care,Gampaha,PRO-CHI-02,12,High,1,0,0,0,0,0,1
2024-09-27,Plumbing,Colombo,PRO-PLU-07,2,High,1,0,0,0,0,0,1
2024-09-27,Child care,Colombo,PRO-CHI-01,11,High,1,0,0,0,0,0,1
2024-09-27,Plumbing,Colombo,PRO-PLU-03,0,High,1,0,0,0,0,0,1
2024-09-27,Electrical repairs,Colombo,PRO-ELE-02,10,High,1,0,0,0,0,0,1
2024-09-27,Plumbing,Gampaha,PRO-PLU-06,0,High,1,0,0,0,0,0,1
2024-09-27,Electrical repairs,Gampaha,PRO-ELE-03,12,High,1,0,0,0,0,0,1
2024-09-27,Plumbing,Colombo,PRO-PLU-08,1,High,1,0,0,0,0,0,1
2024-09-27,Plumbing,Colombo,PRO-PLU-02,1,High,1,0,0,0,0,0,1
2024-09-27,Child care,Gampaha,PRO-CHI-07,12,High,1,0,0,0,0,0,1
2024-09-28,Grass cutting,Gampaha,PRO-GRA-01,0,High,1,0,0,0,0,0,2
2024-09-28,Pet care,Gampaha,PRO-PET-04,2,High,1,0,0,0,0,0,2
2024-09-28,Grass cutting,Colombo,PRO-GRA-02,0,High,1,0,0,0,0,0,2
2024-09-28,Plumbing,Colombo,PRO-PLU-08,16,High,1,0,0,0,0,0,2
2024-09-28,Grass cutting,Gampaha,PRO-GRA-06,0,High,1,0,0,0,0,0,2
2024-09-28,Electrical repairs,Colombo,PRO-ELE-03,16,High,1,0,0,0,0,0,2
2024-09-28,Child care,Colombo,PRO-CHI-02,1,High,1,0,0,0,0,0,2
2024-09-28,Child care,Colombo,PRO-CHI-04,1,High,1,0,0,0,0,0,2
2024-09-28,Plumbing,Colombo,PRO-PLU-04,16,High,1,0,0,0,0,0,2
2024-09-28,Child care,Colombo,PRO-CHI-07,1,High,1,0,0,0,0,0,2
2024-09-28,Furniture repair,Gampaha,PRO-FUR-04,6,High,1,0,0,0,0,0,2
2024-09-28,Grass cutting,Gampaha,PRO-GRA-15,0,High,1,0,0,0,0,0,2
2024-09-28,Child care,Gampaha,PRO-CHI-06,0,High,1,0,0,0,0,0,2
2024-09-28,Electrical repairs,Colombo,PRO-ELE-07,15,High,1,0,0,0,0,0,2
2024-09-28,Plumbing,Colombo,PRO-PLU-05,15,High,1,0,0,0,0,0,2
2024-09-28,Plumbing,Gampaha,PRO-PLU-06,17,High,1,0,0,0,0,0,2
2024-09-28,Electrical repairs,Gampaha,PRO-ELE-06,17,High,1,0,0,0,0,0,2
2024-09-28,"Sofa, carpet & curtain cleaning",Colombo,PRO-SOF-04,0,High,1,0,0,0,0,0,2
2024-09-28,Personal assistance,Gampaha,PRO-PER-04,2,High,1,0,0,0,0,0,2
2024-09-28,Grass cutting,Gampaha,PRO-GRA-18,0,High,1,0,0,0,0,0,2
2024-09-28,Electrical repairs,Colombo,PRO-ELE-02,17,High,1,0,0,0,0,0,2
2024-09-28,Child care,Colombo,PRO-CHI-05,2,High,1,0,0,0,0,0,2
2024-09-28,Plumbing,Gampaha,PRO-PLU-02,15,High,1,0,0,0,0,0,2
2024-09-28,Plumbing,Colombo,PRO-PLU-07,17,High,1,0,0,0,0,0,2
2024-09-28,Electrical repairs,Gampaha,PRO-ELE-04,16,High,1,0,0,0,0,0,2
2024-09-28,Child care,Gampaha,PRO-CHI-03,2,High,1,0,0,0,0,0,2
2024-09-28,Grass cutting,Colombo,PRO-GRA-11,0,High,1,0,0,0,0,0,2
2024-09-28,Plumbing,Gampaha,PRO-PLU-01,17,High,1,0,0,0,0,0,2
2024-09-28,Roofing,Gampaha,PRO-ROO-02,31,High,1,0,0,0,0,0,2
2024-09-28,Electrical repairs,Gampaha,PRO-ELE-05,17,High,1,0,0,0,0,0,2
2024-09-28,Plumbing,Gampaha,PRO-PLU-03,17,High,1,0,0,0,0,0,2
2024-09-29,Plumbing,Colombo,PRO-PLU-06,15,High,1,0,0,0,0,0,3
2024-09-29,Plumbing,Gampaha,PRO-PLU-03,17,High,1,0,0,0,0,0,3
2024-09-29,House cleaning,Colombo,PRO-HOU-08,0,High,1,0,0,0,0,0,3
2024-09-29,Plumbing,Gampaha,PRO-PLU-08,17,High,1,0,0,0,0,0,3
2024-09-29,Grass cutting,Colombo,PRO-GRA-15,0,High,1,0,0,0,0,0,3
2024-09-29,Child care,Colombo,PRO-CHI-06,2,High,1,0,0,0,0,0,3
2024-09-29,Plumbing,Colombo,PRO-PLU-02,16,High,1,0,0,0,0,0,3
2024-09-29,Child care,Colombo,PRO-CHI-04,2,High,1,0,0,0,0,0,3
2024-09-29,Electrical repairs,Gampaha,PRO-ELE-04,15,High,1,0,0,0,0,0,3
2024-09-29,Plumbing,Gampaha,PRO-PLU-05,15,High,1,0,0,0,0,0,3
2024-09-29,Electrical repairs,Gampaha,PRO-ELE-03,15,High,1,0,0,0,0,0,3
2024-09-29,Plumbing,Colombo,PRO-PLU-04,16,High,1,0,0,0,0,0,3
2024-09-29,Electrical repairs,Colombo,PRO-ELE-06,16,High,1,0,0,0,0,0,3
2024-09-29,Plumbing,Colombo,PRO-PLU-01,16,High,1,0,0,0,0,0,3
2024-09-29,Grass cutting,Gampaha,PRO-GRA-08,0,High,1,0,0,0,0,0,3
2024-09-29,Child care,Gampaha,PRO-CHI-03,2,High,1,0,0,0,0,0,3
2024-09-29,Grass cutting,Colombo,PRO-GRA-06,0,High,1,0,0,0,0,0,3
2024-09-29,Plumbing,Gampaha,PRO-PLU-07,15,High,1,0,0,0,0,0,3
2024-09-30,Electrical repairs,Colombo,PRO-ELE-07,11,High,1,0,0,0,0,0,4
2024-09-30,Grass cutting,Colombo,PRO-GRA-11,0,High,1,0,0,0,0,0,4
2024-09-30,Plumbing,Gampaha,PRO-PLU-04,2,High,1,0,0,0,0,0,4
2024-09-30,Electrical repairs,Colombo,PRO-ELE-02,11,High,1,0,0,0,0,0,4
2024-09-30,Plumbing,Colombo,PRO-PLU-01,1,High,1,0,0,0,0,0,4
2024-09-30,Child care,Colombo,PRO-CHI-02,10,High,1,0,0,0,0,0,4
2024-09-30,Grass cutting,Gampaha,PRO-GRA-17,0,High,1,0,0,0,0,0,4
2024-09-30,Grass cutting,Gampaha,PRO-GRA-14,0,High,1,0,0,0,0,0,4
2024-09-30,Grass cutting,Gampaha,PRO-GRA-13,0,High,1,0,0,0,0,0,4
2024-09-30,Grass cutting,Gampaha,PRO-GRA-12,0,High,1,0,0,0,0,0,4
2024-09-30,Plumbing,Colombo,PRO-PLU-06,2,High,1,0,0,0,0,0,4
2024-09-30,Child care,Colombo,PRO-CHI-07,12,High,1,0,0,0,0,0,4
2024-09-30,Grass cutting,Gampaha,PRO-GRA-06,0,High,1,0,0,0,0,0,4
2024-09-30,House cleaning,Colombo,PRO-HOU-08,2,High,1,0,0,0,0,0,4
2024-09-30,Electrical repairs,Gampaha,PRO-ELE-08,12,High,1,0,0,0,0,0,4
2024-09-30,Plumbing,Colombo,PRO-PLU-07,0,High,1,0,0,0,0,0,4
2024-09-30,Plumbing,Gampaha,PRO-PLU-02,2,High,1,0,0,0,0,0,4
2024-09-30,Grass cutting,Gampaha,PRO-GRA-09,0,High,1,0,0,0,0,0,4
2024-09-30,Plumbing,Colombo,PRO-PLU-05,2,High,1,0,0,0,0,0,4
2024-09-30,House cleaning,Colombo,PRO-HOU-07,0,High,1,0,0,0,0,0,4
2024-09-30,Plumbing,Colombo,PRO-PLU-03,2,High,1,0,0,0,0,0,4
2024-09-30,Plumbing,Colombo,PRO-PLU-08,1,High,1,0,0,0,0,0,4
2024-09-30,Child care,Gampaha,PRO-CHI-08,10,High,1,0,0,0,0,0,4
2024-10-01,Grass cutting,Gampaha,PRO-GRA-09,27,Low,0,1,0,0,0,1,0
2024-10-01,Grass cutting,Colombo,PRO-GRA-11,27,Low,0,1,0,0,0,1,0
2024-10-01,Child care,Gampaha,PRO-CHI-01,12,Low,0,1,0,0,0,1,0
2024-10-01,Plumbing,Colombo,PRO-PLU-05,27,Low,0,1,0,0,0,1,0
2024-10-01,Grass cutting,Colombo,PRO-GRA-05,27,Low,0,1,0,0,0,1,0
2024-10-01,Grass cutting,Colombo,PRO-GRA-01,25,Low,0,1,0,0,0,1,0
2024-10-01,Plumbing,Gampaha,PRO-PLU-07,27,Low,0,1,0,0,0,1,0
2024-10-01,Child care,Gampaha,PRO-CHI-08,11,Low,0,1,0,0,0,1,0
2024-10-01,Grass cutting,Gampaha,PRO-GRA-15,26,Low,0,1,0,0,0,1,0
2024-10-01,Grass cutting,Gampaha,PRO-GRA-10,25,Low,0,1,0,0,0,1,0
2024-10-01,Plumbing,Colombo,PRO-PLU-06,26,Low,0,1,0,0,0,1,0
2024-10-01,Plumbing,Colombo,PRO-PLU-01,26,Low,0,1,0,0,0,1,0
2024-10-01,Grass cutting,Colombo,PRO-GRA-04,25,Low,0,1,0,0,0,1,0
2024-10-01,Plumbing,Gampaha,PRO-PLU-08,27,Low,0,1,0,0,0,1,0
2024-10-01,Electrical repairs,Colombo,PRO-ELE-07,2,Low,0,1,0,0,0,1,0
2024-10-01,Grass cutting,Colombo,PRO-GRA-08,27,Low,0,1,0,0,0,1,0
2024-10-01,Plumbing,Gampaha,PRO-PLU-03,27,Low,0,1,0,0,0,1,0
2024-10-01,Electrical repairs,Gampaha,PRO-ELE-08,1,Low,0,1,0,0,0,1,0
2024-10-01,Electrical repairs,Gampaha,PRO-ELE-01,2,Low,0,1,0,0,0,1,0
2024-10-01,Plumbing,Colombo,PRO-PLU-04,26,Low,0,1,0,0,0,1,0
2024-10-01,Child care,Gampaha,PRO-CHI-07,12,Low,0,1,0,0,0,1,0
2024-10-02,Electrical repairs,Gampaha,PRO-ELE-04,2,Low,0,1,0,0,0,2,0
2024-10-02,Plumbing,Colombo,PRO-PLU-07,1,Low,0,1,0,0,0,2,0
2024-10-02,Grass cutting,Colombo,PRO-GRA-04,2,Low,0,1,0,0,0,2,0
2024-10-02,Plumbing,Colombo,PRO-PLU-03,2,Low,0,1,0,0,0,2,0
2024-10-02,Plumbing,Gampaha,PRO-PLU-04,0,Low,0,1,0,0,0,2,0
2024-10-02,Grass cutting,Gampaha,PRO-GRA-16,0,Low,0,1,0,0,0,2,0
2024-10-02,House cleaning,Colombo,PRO-HOU-06,5,Low,0,1,0,0,0,2,0
2024-10-02,Child care,Gampaha,PRO-CHI-07,10,Low,0,1,0,0,0,2,0
2024-10-02,Plumbing,Colombo,PRO-PLU-08,1,Low,0,1,0,0,0,2,0
2024-10-02,Electrical repairs,Colombo,PRO-ELE-07,2,Low,0,1,0,0,0,2,0
2024-10-02,Plumbing,Colombo,PRO-PLU-05,0,Low,0,1,0,0,0,2,0
2024-10-02,Plumbing,Colombo,PRO-PLU-02,0,Low,0,1,0,0,0,2,0
2024-10-02,Child care,Gampaha,PRO-CHI-04,12,Low,0,1,0,0,0,2,0
2024-10-02,Grass cutting,Colombo,PRO-GRA-10,2,Low,0,1,0,0,0,2,0
2024-10-02,Plumbing,Colombo,PRO-PLU-01,2,Low,0,1,0,0,0,2,0
2024-10-02,Plumbing,Colombo,PRO-PLU-06,1,Low,0,1,0,0,0,2,0
2024-10-03,Child care,Gampaha,PRO-CHI-04,11,Low,0,1,0,0,0,3,0
2024-10-03,Electrical repairs,Colombo,PRO-ELE-02,0,Low,0,1,0,0,0,3,0
2024-10-03,Personal assistance,Colombo,PRO-PER-06,8,Low,0,1,0,0,0,3,0
2024-10-03,Electrical repairs,Colombo,PRO-ELE-01,0,Low,0,1,0,0,0,3,0
2024-10-03,Plumbing,Gampaha,PRO-PLU-03,2,Low,0,1,0,0,0,3,0
2024-10-03,Grass cutting,Colombo,PRO-GRA-17,2,Low,0,1,0,0,0,3,0
2024-10-03,Plumbing,Gampaha,PRO-PLU-06,1,Low,0,1,0,0,0,3,0
2024-10-03,Child care,Colombo,PRO-CHI-08,12,Low,0,1,0,0,0,3,0
2024-10-03,Grass cutting,Colombo,PRO-GRA-07,0,Low,0,1,0,0,0,3,0
2024-10-03,Electrical repairs,Gampaha,PRO-ELE-03,0,Low,0,1,0,0,0,3,0
2024-10-03,Grass cutting,Gampaha,PRO-GRA-01,1,Low,0,1,0,0,0,3,0
2024-10-03,Plumbing,Colombo,PRO-PLU-05,0,Low,0,1,0,0,0,3,0
2024-10-03,Plumbing,Colombo,PRO-PLU-07,1,Low,0,1,0,0,0,3,0
2024-10-03,"Sofa, carpet & curtain cleaning",Gampaha,PRO-SOF-06,22,Low,0,1,0,0,0,3,0
2024-10-03,Child care,Colombo,PRO-CHI-01,10,Low,0,1,0,0,0,3,0
2024-10-03,Plumbing,Colombo,PRO-PLU-04,0,Low,0,1,0,0,0,3,0
2024-10-03,Child care,Colombo,PRO-CHI-03,10,Low,0,1,0,0,0,3,0
2024-10-03,Plumbing,Gampaha,PRO-PLU-02,0,Low,0,1,0,0,0,3,0
2024-10-03,Furniture repair,Colombo,PRO-FUR-06,0,Low,0,1,0,0,0,3,0
2024-10-03,Child care,Gampaha,PRO-CHI-02,11,Low,0,1,0,0,0,3,0
2024-10-03,Plumbing,Colombo,PRO-PLU-01,2,Low,0,1,0,0,0,3,0
2024-10-03,Pet care,Colombo,PRO-PET-06,2,Low,0,1,0,0,0,3,0
2024-10-03,Grass cutting,Gampaha,PRO-GRA-10,2,Low,0,1,0,0,0,3,0
2024-10-03,Grass cutting,Gampaha,PRO-GRA-11,2,Low,0,1,0,0,0,3,0
2024-10-03,Electrical repairs,Colombo,PRO-ELE-08,2,Low,0,1,0,0,0,3,0
2024-10-03,Plumbing,Colombo,PRO-PLU-08,0,Low,0,1,0,0,0,3,0
2024-10-03,Electrical repairs,Gampaha,PRO-ELE-04,1,Low,0,1,0,0,0,3,0
2024-10-04,Plumbing,Gampaha,PRO-PLU-02,1,Low,0,1,0,0,0,4,0
2024-10-04,Grass cutting,Gampaha,PRO-GRA-18,0,Low,0,1,0,0,0,4,0
2024-10-04,Grass cutting,Colombo,PRO-GRA-01,0,Low,0,1,0,0,0,4,0
2024-10-04,Grass cutting,Gampaha,PRO-GRA-08,0,Low,0,1,0,0,0,4,0
2024-10-04,Plumbing,Colombo,PRO-PLU-06,1,Low,0,1,0,0,0,4,0
2024-10-04,Child care,Colombo,PRO-CHI-03,12,Low,0,1,0,0,0,4,0
2024-10-04,Plumbing,Gampaha,PRO-PLU-03,2,Low,0,1,0,0,0,4,0
2024-10-04,Grass cutting,Gampaha,PRO-GRA-11,1,Low,0,1,0,0,0,4,0
2024-10-04,Electrical repairs,Colombo,PRO-ELE-03,0,Low,0,1,0,0,0,4,0
2024-10-04,Plumbing,Gampaha,PRO-PLU-05,2,Low,0,1,0,0,0,4,0
2024-10-04,Electrical repairs,Gampaha,PRO-ELE-07,1,Low,0,1,0,0,0,4,0
2024-10-04,Child care,Colombo,PRO-CHI-07,10,Low,0,1,0,0,0,4,0
2024-10-04,Plumbing,Colombo,PRO-PLU-07,0,Low,0,1,0,0,0,4,0
2024-10-04,Plumbing,Colombo,PRO-PLU-08,1,Low,0,1,0,0,0,4,0
2024-10-04,Plumbing,Colombo,PRO-PLU-01,1,Low,0,1,0,0,0,4,0
2024-10-04,Plumbing,Colombo,PRO-PLU-04,2,Low,0,1,0,0,0,4,0
2024-10-05,Grass cutting,Colombo,PRO-GRA-12,17,Low,0,1,0,0,0,5,0
2024-10-05,Plumbing,Gampaha,PRO-PLU-01,1,Low,0,1,0,0,0,5,0
2024-10-05,Child care,Gampaha,PRO-CHI-03,2,Low,0,1,0,0,0,5,0
2024-10-05,Electrical repairs,Gampaha,PRO-ELE-03,6,Low,0,1,0,0,0,5,0
2024-10-05,Electrical repairs,Gampaha,PRO-ELE-07,5,Low,0,1,0,0,0,5,0
2024-10-05,Plumbing,Gampaha,PRO-PLU-05,0,Low,0,1,0,0,0,5,0
2024-10-05,Grass cutting,Colombo,PRO-GRA-15,15,Low,0,1,0,0,0,5,0
2024-10-05,Plumbing,Gampaha,PRO-PLU-02,1,Low,0,1,0,0,0,5,0
2024-10-05,Grass cutting,Gampaha,PRO-GRA-13,17,Low,0,1,0,0,0,5,0
2024-10-05,Plumbing,Gampaha,PRO-PLU-08,2,Low,0,1,0,0,0,5,0
2024-10-05,Plumbing,Gampaha,PRO-PLU-06,1,Low,0,1,0,0,0,5,0
2024-10-05,Grass cutting,Colombo,PRO-GRA-05,15,Low,0,1,0,0,0,5,0
2024-10-05,Electrical repairs,Gampaha,PRO-ELE-08,5,Low,0,1,0,0,0,5,0
2024-10-05,Plumbing,Colombo,PRO-PLU-04,1,Low,0,1,0,0,0,5,0
2024-10-05,Plumbing,Colombo,PRO-PLU-03,0,Low,0,1,0,0,0,5,0
2024-10-05,Grass cutting,Gampaha,PRO-GRA-09,16,Low,0,1,0,0,0,5,0
2024-10-05,Child care,Gampaha,PRO-CHI-08,2,Low,0,1,0,0,0,5,0
2024-10-05,Grass cutting,Colombo,PRO-GRA-07,16,Low,0,1,0,0,0,5,0
2024-10-05,Child care,Colombo,PRO-CHI-07,0,Low,0,1,0,0,0,5,0
2024-10-05,Grass cutting,Colombo,PRO-GRA-14,15,Low,0,1,0,0,0,5,0
2024-10-05,Grass cutting,Gampaha,PRO-GRA-11,15,Low,0,1,0,0,0,5,0
2024-10-05,Plumbing,Colombo,PRO-PLU-07,2,Low,0,1,0,0,0,5,0
2024-10-06,Post-construction cleaning,Gampaha,PRO-POS-02,17,Low,0,1,0,0,0,6,0
2024-10-06,Plumbing,Gampaha,PRO-PLU-06,0,Low,0,1,0,0,0,6,0
2024-10-06,Child care,Colombo,PRO-CHI-04,1,Low,0,1,0,0,0,6,0
2024-10-06,Grass cutting,Colombo,PRO-GRA-08,16,Low,0,1,0,0,0,6,0
2024-10-06,Move-in / move-out cleaning,Colombo,PRO-MOV-02,17,Low,0,1,0,0,0,6,0
2024-10-06,Grass cutting,Colombo,PRO-GRA-18,16,Low,0,1,0,0,0,6,0
2024-10-06,Plumbing,Gampaha,PRO-PLU-02,1,Low,0,1,0,0,0,6,0
2024-10-06,Grass cutting,Colombo,PRO-GRA-12,15,Low,0,1,0,0,0,6,0
2024-10-06,Grass cutting,Colombo,PRO-GRA-13,17,Low,0,1,0,0,0,6,0
2024-10-06,Landscaping,Gampaha,PRO-LAN-02,11,Low,0,1,0,0,0,6,0
2024-10-06,Plumbing,Gampaha,PRO-PLU-01,1,Low,0,1,0,0,0,6,0
2024-10-06,Grass cutting,Colombo,PRO-GRA-04,17,Low,0,1,0,0,0,6,0
2024-10-06,Plumbing,Colombo,PRO-PLU-03,1,Low,0,1,0,0,0,6,0
2024-10-06,Plumbing,Colombo,PRO-PLU-05,0,Low,0,1,0,0,0,6,0
2024-10-06,Child care,Gampaha,PRO-CHI-03,2,Low,0,1,0,0,0,6,0
2024-10-06,Plumbing,Gampaha,PRO-PLU-08,0,Low,0,1,0,0,0,6,0
2024-10-06,Plumbing,Colombo,PRO-PLU-07,2,Low,0,1,0,0,0,6,0
2024-10-06,Electrical repairs,Colombo,PRO-ELE-04,6,Low,0,1,0,0,0,6,0
2024-10-06,Planting,Gampaha,PRO-PLA-02,0,Low,0,1,0,0,0,6,0
2024-10-06,Electrical repairs,Colombo,PRO-ELE-03,7,Low,0,1,0,0,0,6,0
2024-10-06,Plumbing,Gampaha,PRO-PLU-04,0,Low,0,1,0,0,0,6,0
2024-10-07,Electrical repairs,Colombo,PRO-ELE-08,12,High,1,0,0,0,0,0,1
2024-10-07,Child care,Gampaha,PRO-CHI-02,12,High,1,0,0,0,0,0,1
2024-10-07,Plumbing,Colombo,PRO-PLU-08,0,High,1,0,0,0,0,0,1
2024-10-07,Plumbing,Colombo,PRO-PLU-05,1,High,1,0,0,0,0,0,1
2024-10-07,Electrical repairs,Colombo,PRO-ELE-02,10,High,1,0,0,0,0,0,1
2024-10-07,Plumbing,Colombo,PRO-PLU-04,2,High,1,0,0,0,0,0,1
2024-10-07,Child care,Gampaha,PRO-CHI-04,11,High,1,0,0,0,0,0,1
2024-10-07,Electrical repairs,Gampaha,PRO-ELE-04,11,High,1,0,0,0,0,0,1
2024-10-07,Plumbing,Gampaha,PRO-PLU-07,2,High,1,0,0,0,0,0,1
2024-10-07,Plumbing,Gampaha,PRO-PLU-03,1,High,1,0,0,0,0,0,1
2024-10-07,Electrical repairs,Colombo,PRO-ELE-01,11,High,1,0,0,0,0,0,1
2024-10-07,Child care,Colombo,PRO-CHI-08,12,High,1,0,0,0,0,0,1
2024-10-07,Grass cutting,Colombo,PRO-GRA-18,0,High,1,0,0,0,0,0,1
2024-10-07,Plumbing,Gampaha,PRO-PLU-01,0,High,1,0,0,0,0,0,1
2024-10-07,Child care,Colombo,PRO-CHI-01,10,High,1,0,0,0,0,0,1
2024-10-07,Grass cutting,Gampaha,PRO-GRA-17,0,High,1,0,0,0,0,0,1
2024-10-07,Plumbing,Colombo,PRO-PLU-02,2,High,1,0,0,0,0,0,1
2024-10-07,Grass cutting,Gampaha,PRO-GRA-01,0,High,1,0,0,0,0,0,1
2024-10-07,Plumbing,Gampaha,PRO-PLU-06,1,High,1,0,0,0,0,0,1
2024-10-08,Grass cutting,Colombo,PRO-GRA-03,0,High,1,0,0,0,0,0,2
2024-10-08,Plumbing,Colombo,PRO-PLU-08,2,High,1,0,0,0,0,0,2
2024-10-08,Electrical repairs,Colombo,PRO-ELE-03,12,High,1,0,0,0,0,0,2
2024-10-08,Electrical repairs,Gampaha,PRO-ELE-04,12,High,1,0,0,0,0,0,2
2024-10-08,Grass cutting,Colombo,PRO-GRA-17,0,High,1,0,0,0,0,0,2
2024-10-08,Grass cutting,Colombo,PRO-GRA-18,0,High,1,0,0,0,0,0,2
2024-10-08,Child care,Gampaha,PRO-CHI-03,12,High,1,0,0,0,0,0,2
2024-10-08,Plumbing,Gampaha,PRO-PLU-06,1,High,1,0,0,0,0,0,2
2024-10-08,Plumbing,Colombo,PRO-PLU-05,0,High,1,0,0,0,0,0,2
2024-10-08,Plumbing,Colombo,PRO-PLU-04,1,High,1,0,0,0,0,0,2
2024-10-08,Child care,Colombo,PRO-CHI-01,10,High,1,0,0,0,0,0,2
2024-10-08,Grass cutting,Colombo,PRO-GRA-11,0,High,1,0,0,0,0,0,2
2024-10-08,Plumbing,Gampaha,PRO-PLU-03,1,High,1,0,0,0,0,0,2
2024-10-08,Plumbing,Gampaha,PRO-PLU-02,0,High,1,0,0,0,0,0,2
2024-10-08,Grass cutting,Colombo,PRO-GRA-16,0,High,1,0,0,0,0,0,2
2024-10-08,Plumbing,Gampaha,PRO-PLU-07,0,High,1,0,0,0,0,0,2
2024-10-08,Plumbing,Gampaha,PRO-PLU-01,1,High,1,0,0,0,0,0,2
2024-10-08,Grass cutting,Colombo,PRO-GRA-10,0,High,1,0,0,0,0,0,2
2024-10-08,Electrical repairs,Colombo,PRO-ELE-01,10,High,1,0,0,0,0,0,2
2024-10-08,Child care,Colombo,PRO-CHI-04,11,High,1,0,0,0,0,0,2
2024-10-09,Plumbing,Colombo,PRO-PLU-08,2,High,1,0,0,0,0,0,3
2024-10-09,Electrical repairs,Gampaha,PRO-ELE-02,11,High,1,0,0,0,0,0,3
2024-10-09,Plumbing,Gampaha,PRO-PLU-05,2,High,1,0,0,0,0,0,3
2024-10-09,Plumbing,Gampaha,PRO-PLU-03,1,High,1,0,0,0,0,0,3
2024-10-09,Plumbing,Gampaha,PRO-PLU-01,2,High,1,0,0,0,0,0,3
2024-10-09,Child care,Gampaha,PRO-CHI-02,10,High,1,0,0,0,0,0,3
2024-10-09,Grass cutting,Colombo,PRO-GRA-10,0,High,1,0,0,0,0,0,3
2024-10-09,Plumbing,Colombo,PRO-PLU-06,2,High,1,0,0,0,0,0,3
2024-10-09,Grass cutting,Gampaha,PRO-GRA-11,0,High,1,0,0,0,0,0,3
2024-10-09,Plumbing,Gampaha,PRO-PLU-02,1,High,1,0,0,0,0,0,3
2024-10-09,Child care,Gampaha,PRO-CHI-06,12,High,1,0,0,0,0,0,3
2024-10-09,Grass cutting,Colombo,PRO-GRA-13,0,High,1,0,0,0,0,0,3
2024-10-09,Grass cutting,Gampaha,PRO-GRA-18,0,High,1,0,0,0,0,0,3
2024-10-09,Plumbing,Gampaha,PRO-PLU-04,1,High,1,0,0,0,0,0,3
2024-10-09,Plumbing,Colombo,PRO-PLU-07,1,High,1,0,0,0,0,0,3
2024-10-09,Electrical repairs,Colombo,PRO-ELE-06,12,High,1,0,0,0,0,0,3
2024-10-09,Grass cutting,Gampaha,PRO-GRA-17,0,High,1,0,0,0,0,0,3
2024-10-10,Child care,Colombo,PRO-CHI-04,11,High,1,0,0,0,0,0,4
2024-10-10,Electrical repairs,Colombo,PRO-ELE-04,10,High,1,0,0,0,0,0,4
2024-10-10,Electrical repairs,Colombo,PRO-ELE-02,11,High,1,0,0,0,0,0,4
2024-10-10,Child care,Colombo,PRO-CHI-02,10,High,1,0,0,0,0,0,4
2024-10-10,Plumbing,Colombo,PRO-PLU-03,2,High,1,0,0,0,0,0,4
2024-10-10,Grass cutting,Gampaha,PRO-GRA-09,0,High,1,0,0,0,0,0,4
2024-10-10,Grass cutting,Gampaha,PRO-GRA-10,0,High,1,0,0,0,0,0,4
2024-10-10,Electrical repairs,Gampaha,PRO-ELE-07,12,High,1,0,0,0,0,0,4
2024-10-10,Child care,Gampaha,PRO-CHI-07,12,High,1,0,0,0,0,0,4
2024-10-10,Plumbing,Colombo,PRO-PLU-01,1,High,1,0,0,0,0,0,4
2024-10-10,Plumbing,Colombo,PRO-PLU-05,1,High,1,0,0,0,0,0,4
2024-10-10,House cleaning,Colombo,PRO-HOU-04,0,High,1,0,0,0,0,0,4
2024-10-10,Grass cutting,Colombo,PRO-GRA-11,0,High,1,0,0,0,0,0,4
2024-10-10,Electrical repairs,Colombo,PRO-ELE-03,12,High,1,0,0,0,0,0,4
2024-10-10,Plumbing,Gampaha,PRO-PLU-04,2,High,1,0,0,0,0,0,4
2024-10-10,Child care,Gampaha,PRO-CHI-03,10,High,1,0,0,0,0,0,4
2024-10-10,Plumbing,Gampaha,PRO-PLU-07,2,High,1,0,0,0,0,0,4
2024-10-10,Plumbing,Gampaha,PRO-PLU-08,1,High,1,0,0,0,0,0,4
2024-10-10,Grass cutting,Gampaha,PRO-GRA-05,0,High,1,0,0,0,0,0,4
2024-10-10,Plumbing,Gampaha,PRO-PLU-02,1,High,1,0,0,0,0,0,4
2024-10-10,Grass cutting,Gampaha,PRO-GRA-17,0,High,1,0,0,0,0,0,4
2024-10-11,Grass cutting,Colombo,PRO-GRA-14,0,High,1,0,0,0,0,0,5
2024-10-11,Plumbing,Gampaha,PRO-PLU-06,0,High,1,0,0,0,0,0,5
2024-10-11,Electrical repairs,Colombo,PRO-ELE-03,12,High,1,0,0,0,0,0,5
2024-10-11,Child care,Colombo,PRO-CHI-02,11,High,1,0,0,0,0,0,5
2024-10-11,Child care,Gampaha,PRO-CHI-03,10,High,1,0,0,0,0,0,5
2024-10-11,Plumbing,Gampaha,PRO-PLU-01,1,High,1,0,0,0,0,0,5
2024-10-11,Plumbing,Gampaha,PRO-PLU-02,0,High,1,0,0,0,0,0,5
2024-10-11,Grass cutting,Colombo,PRO-GRA-17,0,High,1,0,0,0,0,0,5
2024-10-11,Plumbing,Gampaha,PRO-PLU-05,0,High,1,0,0,0,0,0,5
2024-10-11,Grass cutting,Gampaha,PRO-GRA-11,0,High,1,0,0,0,0,0,5
2024-10-11,Plumbing,Colombo,PRO-PLU-08,1,High,1,0,0,0,0,0,5
2024-10-11,Child care,Gampaha,PRO-CHI-05,10,High,1,0,0,0,0,0,5
2024-10-11,Plumbing,Gampaha,PRO-PLU-07,0,High,1,0,0,0,0,0,5
2024-10-11,Electrical repairs,Gampaha,PRO-ELE-06,12,High,1,0,0,0,0,0,5
2024-10-11,Child care,Gampaha,PRO-CHI-06,10,High,1,0,0,0,0,0,5
2024-10-11,Electrical repairs,Colombo,PRO-ELE-05,12,High,1,0,0,0,0,0,5
2024-10-11,Plumbing,Colombo,PRO-PLU-03,2,High,1,0,0,0,0,0,5
2024-10-11,Plumbing,Colombo,PRO-PLU-04,0,High,1,0,0,0,0,0,5
2024-10-11,Electrical repairs,Gampaha,PRO-ELE-02,10,High,1,0,0,0,0,0,5
2024-10-11,Grass cutting,Colombo,PRO-GRA-18,0,High,1,0,0,0,0,0,5
2024-10-11,Grass cutting,Colombo,PRO-GRA-15,0,High,1,0,0,0,0,0,5
2024-10-12,Plumbing,Colombo,PRO-PLU-07,15,High,1,0,0,0,0,0,6
2024-10-12,Child care,Gampaha,PRO-CHI-05,2,High,1,0,0,0,0,0,6
2024-10-12,Grass cutting,Colombo,PRO-GRA-10,0,High,1,0,0,0,0,0,6
2024-10-12,Grass cutting,Colombo,PRO-GRA-08,0,High,1,0,0,0,0,0,6
2024-10-12,Plumbing,Colombo,PRO-PLU-05,16,High,1,0,0,0,0,0,6
2024-10-12,Electrical repairs,Colombo,PRO-ELE-05,15,High,1,0,0,0,0,0,6
2024-10-12,Plumbing,Colombo,PRO-PLU-01,17,High,1,0,0,0,0,0,6
2024-10-12,Plumbing,Colombo,PRO-PLU-08,17,High,1,0,0,0,0,0,6
2024-10-12,Electrical repairs,Gampaha,PRO-ELE-04,16,High,1,0,0,0,0,0,6
2024-10-12,Grass cutting,Gampaha,PRO-GRA-05,0,High,1,0,0,0,0,0,6
2024-10-12,Grass cutting,Gampaha,PRO-GRA-11,0,High,1,0,0,0,0,0,6
2024-10-12,Grass cutting,Gampaha,PRO-GRA-15,0,High,1,0,0,0,0,0,6
2024-10-12,Plumbing,Colombo,PRO-PLU-02,17,High,1,0,0,0,0,0,6
2024-10-12,Plumbing,Colombo,PRO-PLU-06,16,High,1,0,0,0,0,0,6
2024-10-12,Grass cutting,Colombo,PRO-GRA-14,0,High,1,0,0,0,0,0,6
2024-10-12,Grass cutting,Colombo,PRO-GRA-06,0,High,1,0,0,0,0,0,6
2024-10-12,Plumbing,Colombo,PRO-PLU-04,16,High,1,0,0,0,0,0,6
2024-10-12,Child care,Colombo,PRO-CHI-04,1,High,1,0,0,0,0,0,6
2024-10-12,Grass cutting,Colombo,PRO-GRA-03,0,High,1,0,0,0,0,0,6
2024-10-12,Grass cutting,Gampaha,PRO-GRA-07,0,High,1,0,0,0,0,0,6
2024-10-13,Grass cutting,Gampaha,PRO-GRA-09,0,High,1,0,1,0,0,0,7
2024-10-13,Child care,Colombo,PRO-CHI-08,2,High,1,0,1,0,0,0,7
2024-10-13,Plumbing,Gampaha,PRO-PLU-03,15,High,1,0,1,0,0,0,7
2024-10-13,Grass cutting,Gampaha,PRO-GRA-08,0,High,1,0,1,0,0,0,7
2024-10-13,Plumbing,Colombo,PRO-PLU-08,16,High,1,0,1,0,0,0,7
2024-10-13,Electrical repairs,Gampaha,PRO-ELE-08,17,High,1,0,1,0,0,0,7
2024-10-13,Plumbing,Gampaha,PRO-PLU-06,16,High,1,0,1,0,0,0,7
2024-10-13,Grass cutting,Colombo,PRO-GRA-11,0,High,1,0,1,0,0,0,7
2024-10-13,Planting,Gampaha,PRO-PLA-05,0,High,1,0,1,0,0,0,7
2024-10-13,Grass cutting,Colombo,PRO-GRA-06,0,High,1,0,1,0,0,0,7
2024-10-13,Grass cutting,Gampaha,PRO-GRA-04,0,High,1,0,1,0,0,0,7
2024-10-13,Landscaping,Colombo,PRO-LAN-05,10,High,1,0,1,0,0,0,7
2024-10-13,Move-in / move-out cleaning,Colombo,PRO-MOV-05,16,High,1,0,1,0,0,0,7
2024-10-13,Plumbing,Colombo,PRO-PLU-04,17,High,1,0,1,0,0,0,7
2024-10-13,Plumbing,Gampaha,PRO-PLU-05,16,High,1,0,1,0,0,0,7
2024-10-13,Watering,Colombo,PRO-WAT-02,0,High,1,0,1,0,0,0,7
2024-10-13,Plumbing,Gampaha,PRO-PLU-01,16,High,1,0,1,0,0,0,7
2024-10-13,Post-construction cleaning,Colombo,PRO-POS-05,14,High,1,0,1,0,0,0,7
2024-10-13,Grass cutting,Gampaha,PRO-GRA-18,0,High,1,0,1,0,0,0,7
2024-10-13,Grass cutting,Gampaha,PRO-GRA-01,0,High,1,0,1,0,0,0,7
2024-10-13,Grass cutting,Colombo,PRO-GRA-03,0,High,1,0,1,0,0,0,7
2024-10-13,Plumbing,Gampaha,PRO-PLU-07,15,High,1,0,1,0,0,0,7
2024-10-14,Electrical repairs,Gampaha,PRO-ELE-03,10,High,1,0,0,0,0,0,8
2024-10-14,Plumbing,Gampaha,PRO-PLU-08,1,High,1,0,0,0,0,0,8
2024-10-14,Plumbing,Gampaha,PRO-PLU-05,0,High,1,0,0,0,0,0,8
2024-10-14,Grass cutting,Gampaha,PRO-GRA-13,0,High,1,0,0,0,0,0,8
2024-10-14,Electrical repairs,Colombo,PRO-ELE-08,11,High,1,0,0,0,0,0,8
2024-10-14,Grass cutting,Colombo,PRO-GRA-16,0,High,1,0,0,0,0,0,8
2024-10-14,Plumbing,Gampaha,PRO-PLU-02,0,High,1,0,0,0,0,0,8
2024-10-14,Plumbing,Colombo,PRO-PLU-06,2,High,1,0,0,0,0,0,8
2024-10-14,Child care,Colombo,PRO-CHI-08,12,High,1,0,0,0,0,0,8
2024-10-14,Plumbing,Gampaha,PRO-PLU-01,0,High,1,0,0,0,0,0,8
2024-10-14,Plumbing,Gampaha,PRO-PLU-07,0,High,1,0,0,0,0,0,8
2024-10-14,Plumbing,Gampaha,PRO-PLU-03,2,High,1,0,0,0,0,0,8
2024-10-14,Plumbing,Colombo,PRO-PLU-04,2,High,1,0,0,0,0,0,8
2024-10-14,Child care,Colombo,PRO-CHI-03,10,High,1,0,0,0,0,0,8
2024-10-15,Plumbing,Gampaha,PRO-PLU-08,1,High,1,0,0,0,0,0,9
2024-10-15,Plumbing,Gampaha,PRO-PLU-04,1,High,1,0,0,0,0,0,9
2024-10-15,Plumbing,Gampaha,PRO-PLU-03,2,High,1,0,0,0,0,0,9
2024-10-15,Grass cutting,Gampaha,PRO-GRA-07,0,High,1,0,0,0,0,0,9
2024-10-15,Plumbing,Colombo,PRO-PLU-06,1,High,1,0,0,0,0,0,9
2024-10-15,Grass cutting,Gampaha,PRO-GRA-03,0,High,1,0,0,0,0,0,9
2024-10-15,Plumbing,Gampaha,PRO-PLU-01,0,High,1,0,0,0,0,0,9
2024-10-15,Electrical repairs,Gampaha,PRO-ELE-07,12,High,1,0,0,0,0,0,9
2024-10-15,Electrical repairs,Gampaha,PRO-ELE-03,11,High,1,0,0,0,0,0,9
2024-10-15,Child care,Gampaha,PRO-CHI-07,12,High,1,0,0,0,0,0,9
2024-10-15,Grass cutting,Gampaha,PRO-GRA-10,0,High,1,0,0,0,0,0,9
2024-10-15,Plumbing,Colombo,PRO-PLU-05,0,High,1,0,0,0,0,0,9
2024-10-15,Plumbing,Gampaha,PRO-PLU-02,1,High,1,0,0,0,0,0,9
2024-10-15,Grass cutting,Gampaha,PRO-GRA-09,0,High,1,0,0,0,0,0,9
2024-10-15,Child care,Gampaha,PRO-CHI-03,11,High,1,0,0,0,0,0,9
2024-10-15,Grass cutting,Gampaha,PRO-GRA-14,0,High,1,0,0,0,0,0,9
2024-10-15,Plumbing,Colombo,PRO-PLU-07,0,High,1,0,0,0,0,0,9
2024-10-16,Child care,Gampaha,PRO-CHI-02,12,Low,0,1,0,0,0,1,0
2024-10-16,Plumbing,Colombo,PRO-PLU-01,27,Low,0,1,0,0,0,1,0
2024-10-16,Plumbing,Gampaha,PRO-PLU-08,26,Low,0,1,0,0,0,1,0
2024-10-16,Plumbing,Colombo,PRO-PLU-05,27,Low,0,1,0,0,0,1,0
2024-10-16,Plumbing,Colombo,PRO-PLU-02,25,Low,0,1,0,0,0,1,0
2024-10-16,Plumbing,Gampaha,PRO-PLU-03,25,Low,0,1,0,0,0,1,0
2024-10-16,Grass cutting,Gampaha,PRO-GRA-06,27,Low,0,1,0,0,0,1,0
2024-10-16,Plumbing,Gampaha,PRO-PLU-04,25,Low,0,1,0,0,0,1,0
2024-10-16,Grass cutting,Gampaha,PRO-GRA-02,27,Low,0,1,0,0,0,1,0
2024-10-16,Plumbing,Colombo,PRO-PLU-06,25,Low,0,1,0,0,0,1,0
2024-10-16,Grass cutting,Colombo,PRO-GRA-03,26,Low,0,1,0,0,0,1,0
2024-10-16,Electrical repairs,Gampaha,PRO-ELE-02,1,Low,0,1,0,0,0,1,0
2024-10-16,Child care,Gampaha,PRO-CHI-07,11,Low,0,1,0,0,0,1,0
2024-10-16,Electrical repairs,Colombo,PRO-ELE-07,0,Low,0,1,0,0,0,1,0
2024-10-16,Plumbing,Colombo,PRO-PLU-07,27,Low,0,1,0,0,0,1,0
2024-10-17,Plumbing,Gampaha,PRO-PLU-01,2,Low,0,1,1,0,0,2,0
2024-10-17,Electrical repairs,Gampaha,PRO-ELE-01,2,Low,0,1,1,0,0,2,0
2024-10-17,Child care,Gampaha,PRO-CHI-04,2,Low,0,1,1,0,0,2,0
2024-10-17,Plumbing,Gampaha,PRO-PLU-07,2,Low,0,1,1,0,0,2,0
2024-10-17,Grass cutting,Colombo,PRO-GRA-11,1,Low,0,1,1,0,0,2,0
2024-10-17,Grass cutting,Colombo,PRO-GRA-01,1,Low,0,1,1,0,0,2,0
2024-10-17,Grass cutting,Colombo,PRO-GRA-04,0,Low,0,1,1,0,0,2,0
2024-10-17,Plumbing,Colombo,PRO-PLU-05,2,Low,0,1,1,0,0,2,0
2024-10-17,Child care,Colombo,PRO-CHI-01,2,Low,0,1,1,0,0,2,0
2024-10-17,Grass cutting,Colombo,PRO-GRA-06,2,Low,0,1,1,0,0,2,0
2024-10-17,Grass cutting,Colombo,PRO-GRA-15,1,Low,0,1,1,0,0,2,0
2024-10-17,Plumbing,Gampaha,PRO-PLU-04,0,Low,0,1,1,0,0,2,0
2024-10-17,Grass cutting,Colombo,PRO-GRA-14,2,Low,0,1,1,0,0,2,0
2024-10-17,Plumbing,Gampaha,PRO-PLU-02,2,Low,0,1,1,0,0,2,0
2024-10-17,Child care,Gampaha,PRO-CHI-03,2,Low,0,1,1,0,0,2,0
2024-10-17,Plumbing,Colombo,PRO-PLU-03,2,Low,0,1,1,0,0,2,0
2024-10-17,Electrical repairs,Gampaha,PRO-ELE-04,0,Low,0,1,1,0,0,2,0
2024-10-17,Electrical repairs,Gampaha,PRO-ELE-03,1,Low,0,1,1,0,0,2,0
2024-10-17,Grass cutting,Colombo,PRO-GRA-08,2,Low,0,1,1,0,0,2,0
2024-10-17,Plumbing,Gampaha,PRO-PLU-06,2,Low,0,1,1,0,0,2,0
2024-10-17,Plumbing,Gampaha,PRO-PLU-08,1,Low,0,1,1,0,0,2,0
2024-10-18,Plumbing,Colombo,PRO-PLU-01,0,Low,0,1,0,0,0,3,0
2024-10-18,Electrical repairs,Gampaha,PRO-ELE-01,1,Low,0,1,0,0,0,3,0
2024-10-18,Grass cutting,Gampaha,PRO-GRA-17,2,Low,0,1,0,0,0,3,0
2024-10-18,Electrical repairs,Gampaha,PRO-ELE-07,1,Low,0,1,0,0,0,3,0
2024-10-18,Plumbing,Gampaha,PRO-PLU-08,2,Low,0,1,0,0,0,3,0
2024-10-18,Plumbing,Colombo,PRO-PLU-05,1,Low,0,1,0,0,0,3,0
2024-10-18,Child care,Gampaha,PRO-CHI-07,10,Low,0,1,0,0,0,3,0
2024-10-18,Grass cutting,Gampaha,PRO-GRA-02,1,Low,0,1,0,0,0,3,0
2024-10-18,Grass cutting,Colombo,PRO-GRA-13,0,Low,0,1,0,0,0,3,0
2024-10-18,Plumbing,Gampaha,PRO-PLU-06,0,Low,0,1,0,0,0,3,0
2024-10-18,Grass cutting,Gampaha,PRO-GRA-11,2,Low,0,1,0,0,0,3,0
2024-10-18,Grass cutting,Gampaha,PRO-GRA-07,1,Low,0,1,0,0,0,3,0
2024-10-18,Child care,Gampaha,PRO-CHI-01,10,Low,0,1,0,0,0,3,0
2024-10-18,Plumbing,Colombo,PRO-PLU-07,1,Low,0,1,0,0,0,3,0
2024-10-18,Plumbing,Colombo,PRO-PLU-02,2,Low,0,1,0,0,0,3,0
2024-10-19,Grass cutting,Colombo,PRO-GRA-16,1,Low,0,1,0,0,0,4,0
2024-10-19,Plumbing,Colombo,PRO-PLU-06,0,Low,0,1,0,0,0,4,0
2024-10-19,Grass cutting,Colombo,PRO-GRA-03,0,Low,0,1,0,0,0,4,0
2024-10-19,Plumbing,Colombo,PRO-PLU-02,2,Low,0,1,0,0,0,4,0
2024-10-19,Grass cutting,Colombo,PRO-GRA-18,0,Low,0,1,0,0,0,4,0
2024-10-19,Plumbing,Colombo,PRO-PLU-01,2,Low,0,1,0,0,0,4,0
2024-10-19,Grass cutting,Colombo,PRO-GRA-02,0,Low,0,1,0,0,0,4,0
2024-10-19,Plumbing,Colombo,PRO-PLU-04,2,Low,0,1,0,0,0,4,0
2024-10-19,Electrical repairs,Colombo,PRO-ELE-03,6,Low,0,1,0,0,0,4,0
2024-10-19,Plumbing,Colombo,PRO-PLU-05,2,Low,0,1,0,0,0,4,0
2024-10-19,Child care,Gampaha,PRO-CHI-03,2,Low,0,1,0,0,0,4,0
2024-10-19,Grass cutting,Colombo,PRO-GRA-14,0,Low,0,1,0,0,0,4,0
2024-10-19,Electrical repairs,Gampaha,PRO-ELE-04,5,Low,0,1,0,0,0,4,0
2024-10-19,Plumbing,Colombo,PRO-PLU-03,1,Low,0,1,0,0,0,4,0
2024-10-19,Child care,Colombo,PRO-CHI-04,2,Low,0,1,0,0,0,4,0
2024-10-19,Plumbing,Gampaha,PRO-PLU-07,2,Low,0,1,0,0,0,4,0
2024-10-19,Grass cutting,Colombo,PRO-GRA-05,2,Low,0,1,0,0,0,4,0
2024-10-20,Plumbing,Colombo,PRO-PLU-03,2,Low,0,1,0,0,0,5,0
2024-10-20,Grass cutting,Colombo,PRO-GRA-17,17,Low,0,1,0,0,0,5,0
2024-10-20,Plumbing,Colombo,PRO-PLU-02,2,Low,0,1,0,0,0,5,0
2024-10-20,Plumbing,Colombo,PRO-PLU-08,0,Low,0,1,0,0,0,5,0
2024-10-20,Plumbing,Gampaha,PRO-PLU-05,1,Low,0,1,0,0,0,5,0
2024-10-20,Electrical repairs,Colombo,PRO-ELE-02,6,Low,0,1,0,0,0,5,0
2024-10-20,Plumbing,Gampaha,PRO-PLU-07,1,Low,0,1,0,0,0,5,0
2024-10-20,Child care,Gampaha,PRO-CHI-02,1,Low,0,1,0,0,0,5,0
2024-10-20,Grass cutting,Gampaha,PRO-GRA-12,16,Low,0,1,0,0,0,5,0
2024-10-20,Plumbing,Colombo,PRO-PLU-04,1,Low,0,1,0,0,0,5,0
2024-10-21,Watering,Colombo,PRO-WAT-03,2,High,1,0,0,0,0,0,1
2024-10-21,Plumbing,Gampaha,PRO-PLU-04,1,High,1,0,0,0,0,0,1
2024-10-21,Plumbing,Colombo,PRO-PLU-05,0,High,1,0,0,0,0,0,1
2024-10-21,Plumbing,Colombo,PRO-PLU-06,0,High,1,0,0,0,0,0,1
2024-10-21,Grass cutting,Gampaha,PRO-GRA-09,0,High,1,0,0,0,0,0,1
2024-10-21,Plumbing,Colombo,PRO-PLU-07,2,High,1,0,0,0,0,0,1
2024-10-21,Plumbing,Colombo,PRO-PLU-02,0,High,1,0,0,0,0,0,1
2024-10-21,Plumbing,Gampaha,PRO-PLU-08,2,High,1,0,0,0,0,0,1
2024-10-21,Watering,Colombo,PRO-WAT-02,2,High,1,0,0,0,0,0,1
2024-10-21,Electrical repairs,Colombo,PRO-ELE-03,11,High,1,0,0,0,0,0,1
2024-10-21,Plumbing,Gampaha,PRO-PLU-01,0,High,1,0,0,0,0,0,1
2024-10-21,Plumbing,Gampaha,PRO-PLU-03,0,High,1,0,0,0,0,0,1
2024-10-21,Child care,Colombo,PRO-CHI-03,12,High,1,0,0,0,0,0,1
2024-10-22,Plumbing,Colombo,PRO-PLU-07,2,Low,0,1,0,0,0,1,0
2024-10-22,Child care,Colombo,PRO-CHI-03,10,Low,0,1,0,0,0,1,0
2024-10-22,Plumbing,Colombo,PRO-PLU-01,0,Low,0,1,0,0,0,1,0
2024-10-22,Plumbing,Gampaha,PRO-PLU-05,0,Low,0,1,0,0,0,1,0
2024-10-22,Plumbing,Colombo,PRO-PLU-06,2,Low,0,1,0,0,0,1,0
2024-10-22,Grass cutting,Colombo,PRO-GRA-04,1,Low,0,1,0,0,0,1,0
2024-10-22,Plumbing,Gampaha,PRO-PLU-04,2,Low,0,1,0,0,0,1,0
2024-10-22,Grass cutting,Colombo,PRO-GRA-10,0,Low,0,1,0,0,0,1,0
2024-10-22,Child care,Gampaha,PRO-CHI-08,12,Low,0,1,0,0,0,1,0
2024-10-22,Child care,Colombo,PRO-CHI-01,10,Low,0,1,0,0,0,1,0
2024-10-22,Electrical repairs,Gampaha,PRO-ELE-07,2,Low,0,1,0,0,0,1,0
2024-10-22,Electrical repairs,Gampaha,PRO-ELE-01,1,Low,0,1,0,0,0,1,0
2024-10-22,Child care,Colombo,PRO-CHI-04,10,Low,0,1,0,0,0,1,0
2024-10-22,Grass cutting,Gampaha,PRO-GRA-15,1,Low,0,1,0,0,0,1,0
2024-10-22,Electrical repairs,Gampaha,PRO-ELE-04,1,Low,0,1,0,0,0,1,0
2024-10-22,Electrical repairs,Colombo,PRO-ELE-08,1,Low,0,1,0,0,0,1,0
2024-10-22,Plumbing,Colombo,PRO-PLU-08,1,Low,0,1,0,0,0,1,0
2024-10-22,Plumbing,Colombo,PRO-PLU-02,0,Low,0,1,0,0,0,1,0
2024-10-22,Child care,Gampaha,PRO-CHI-07,12,Low,0,1,0,0,0,1,0
2024-10-22,Plumbing,Gampaha,PRO-PLU-03,1,Low,0,1,0,0,0,1,0
2024-10-22,Electrical repairs,Colombo,PRO-ELE-03,2,Low,0,1,0,0,0,1,0
2024-10-23,Electrical repairs,Colombo,PRO-ELE-01,12,High,1,0,0,0,0,0,1
2024-10-23,Electrical repairs,Gampaha,PRO-ELE-07,12,High,1,0,0,0,0,0,1
2024-10-23,Electrical repairs,Colombo,PRO-ELE-05,10,High,1,0,0,0,0,0,1
2024-10-23,Grass cutting,Gampaha,PRO-GRA-02,0,High,1,0,0,0,0,0,1
2024-10-23,Plumbing,Gampaha,PRO-PLU-05,0,High,1,0,0,0,0,0,1
2024-10-23,Grass cutting,Colombo,PRO-GRA-05,0,High,1,0,0,0,0,0,1
2024-10-23,Plumbing,Gampaha,PRO-PLU-04,0,High,1,0,0,0,0,0,1
2024-10-23,Child care,Gampaha,PRO-CHI-08,10,High,1,0,0,0,0,0,1
2024-10-23,Plumbing,Gampaha,PRO-PLU-06,0,High,1,0,0,0,0,0,1
2024-10-23,Plumbing,Gampaha,PRO-PLU-07,2,High,1,0,0,0,0,0,1
2024-10-23,Plumbing,Colombo,PRO-PLU-08,2,High,1,0,0,0,0,0,1
2024-10-23,Electrical repairs,Gampaha,PRO-ELE-08,12,High,1,0,0,0,0,0,1
2024-10-23,Child care,Colombo,PRO-CHI-05,12,High,1,0,0,0,0,0,1
2024-10-23,Plumbing,Colombo,PRO-PLU-02,2,High,1,0,0,0,0,0,1
2024-10-23,Child care,Gampaha,PRO-CHI-07,12,High,1,0,0,0,0,0,1
2024-10-23,Plumbing,Gampaha,PRO-PLU-01,2,High,1,0,0,0,0,0,1
2024-10-23,Child care,Colombo,PRO-CHI-01,11,High,1,0,0,0,0,0,1
2024-10-24,Electrical repairs,Gampaha,PRO-ELE-07,12,High,1,0,0,0,0,0,2
2024-10-24,Plumbing,Gampaha,PRO-PLU-08,1,High,1,0,0,0,0,0,2
2024-10-24,Plumbing,Colombo,PRO-PLU-06,0,High,1,0,0,0,0,0,2
2024-10-24,Plumbing,Colombo,PRO-PLU-04,0,High,1,0,0,0,0,0,2
2024-10-24,Post-construction cleaning,Colombo,PRO-POS-04,2,High,1,0,0,0,0,0,2
2024-10-24,House cleaning,Colombo,PRO-HOU-01,0,High,1,0,0,0,0,0,2
2024-10-24,Grass cutting,Colombo,PRO-GRA-17,0,High,1,0,0,0,0,0,2
2024-10-24,Plumbing,Gampaha,PRO-PLU-03,1,High,1,0,0,0,0,0,2
2024-10-24,Child care,Colombo,PRO-CHI-06,12,High,1,0,0,0,0,0,2
2024-10-24,Grass cutting,Colombo,PRO-GRA-07,0,High,1,0,0,0,0,0,2
2024-10-24,Plumbing,Colombo,PRO-PLU-07,2,High,1,0,0,0,0,0,2
2024-10-24,Electrical repairs,Gampaha,PRO-ELE-06,11,High,1,0,0,0,0,0,2
2024-10-24,Landscaping,Gampaha,PRO-LAN-04,0,High,1,0,0,0,0,0,2
2024-10-24,Plumbing,Colombo,PRO-PLU-02,2,High,1,0,0,0,0,0,2
2024-10-24,Child care,Colombo,PRO-CHI-07,10,High,1,0,0,0,0,0,2
2024-10-24,Grass cutting,Gampaha,PRO-GRA-12,0,High,1,0,0,0,0,0,2
2024-10-24,Plumbing,Gampaha,PRO-PLU-01,0,High,1,0,0,0,0,0,2
2024-10-24,Grass cutting,Colombo,PRO-GRA-04,0,High,1,0,0,0,0,0,2
2024-10-24,Plumbing,Colombo,PRO-PLU-05,2,High,1,0,0,0,0,0,2
2024-10-24,Planting,Colombo,PRO-PLA-04,2,High,1,0,0,0,0,0,2
2024-10-24,Move-in / move-out cleaning,Colombo,PRO-MOV-04,1,High,1,0,0,0,0,0,2
2024-10-25,Plumbing,Colombo,PRO-PLU-04,1,High,1,0,0,0,0,0,3
2024-10-25,Plumbing,Colombo,PRO-PLU-02,1,High,1,0,0,0,0,0,3
2024-10-25,Grass cutting,Colombo,PRO-GRA-11,0,High,1,0,0,0,0,0,3
2024-10-25,Plumbing,Gampaha,PRO-PLU-03,1,High,1,0,0,0,0,0,3
2024-10-25,Plumbing,Colombo,PRO-PLU-07,0,High,1,0,0,0,0,0,3
2024-10-25,Electrical repairs,Colombo,PRO-ELE-07,10,High,1,0,0,0,0,0,3
2024-10-25,Electrical repairs,Colombo,PRO-ELE-02,10,High,1,0,0,0,0,0,3
2024-10-25,Plumbing,Colombo,PRO-PLU-08,0,High,1,0,0,0,0,0,3
2024-10-25,Electrical repairs,Colombo,PRO-ELE-08,10,High,1,0,0,0,0,0,3
2024-10-25,Plumbing,Colombo,PRO-PLU-01,0,High,1,0,0,0,0,0,3
2024-10-25,Plumbing,Colombo,PRO-PLU-06,2,High,1,0,0,0,0,0,3
2024-10-25,Child care,Gampaha,PRO-CHI-05,11,High,1,0,0,0,0,0,3
2024-10-25,Electrical repairs,Gampaha,PRO-ELE-01,11,High,1,0,0,0,0,0,3
2024-10-25,Child care,Colombo,PRO-CHI-02,10,High,1,0,0,0,0,0,3
2024-10-25,Electrical repairs,Gampaha,PRO-ELE-05,10,High,1,0,0,0,0,0,3
2024-10-25,Child care,Colombo,PRO-CHI-01,12,High,1,0,0,0,0,0,3
2024-10-25,Child care,Gampaha,PRO-CHI-08,11,High,1,0,0,0,0,0,3
2024-10-25,Plumbing,Gampaha,PRO-PLU-05,2,High,1,0,0,0,0,0,3
2024-10-25,Child care,Gampaha,PRO-CHI-07,10,High,1,0,0,0,0,0,3
2024-10-26,Grass cutting,Colombo,PRO-GRA-16,0,High,1,0,0,0,0,0,4
2024-10-26,Child care,Colombo,PRO-CHI-03,2,High,1,0,0,0,0,0,4
2024-10-26,Plumbing,Gampaha,PRO-PLU-04,15,High,1,0,0,0,0,0,4
2024-10-26,Electrical repairs,Colombo,PRO-ELE-03,15,High,1,0,0,0,0,0,4
2024-10-26,Electrical repairs,Gampaha,PRO-ELE-04,15,High,1,0,0,0,0,0,4
2024-10-26,Grass cutting,Colombo,PRO-GRA-07,0,High,1,0,0,0,0,0,4
2024-10-26,Grass cutting,Gampaha,PRO-GRA-05,0,High,1,0,0,0,0,0,4
2024-10-26,Plumbing,Gampaha,PRO-PLU-05,15,High,1,0,0,0,0,0,4
2024-10-26,Plumbing,Colombo,PRO-PLU-08,17,High,1,0,0,0,0,0,4
2024-10-26,Plumbing,Colombo,PRO-PLU-06,17,High,1,0,0,0,0,0,4
2024-10-26,Grass cutting,Colombo,PRO-GRA-13,0,High,1,0,0,0,0,0,4
2024-10-26,Plumbing,Colombo,PRO-PLU-03,17,High,1,0,0,0,0,0,4
2024-10-26,Grass cutting,Colombo,PRO-GRA-08,0,High,1,0,0,0,0,0,4
2024-10-26,Plumbing,Colombo,PRO-PLU-01,17,High,1,0,0,0,0,0,4
2024-10-26,Plumbing,Colombo,PRO-PLU-07,15,High,1,0,0,0,0,0,4
2024-10-26,Child care,Gampaha,PRO-CHI-04,0,High,1,0,0,0,0,0,4
2024-10-26,Plumbing,Gampaha,PRO-PLU-02,16,High,1,0,0,0,0,0,4
2024-10-27,Electrical repairs,Gampaha,PRO-ELE-03,15,High,1,0,0,0,0,0,5
2024-10-27,Grass cutting,Colombo,PRO-GRA-11,0,High,1,0,0,0,0,0,5
2024-10-27,Roofing,Colombo,PRO-ROO-15,47,High,1,0,0,0,0,0,5
2024-10-27,Child care,Gampaha,PRO-CHI-03,0,High,1,0,0,0,0,0,5
2024-10-27,Child care,Gampaha,PRO-CHI-02,1,High,1,0,0,0,0,0,5
2024-10-27,Grass cutting,Colombo,PRO-GRA-03,0,High,1,0,0,0,0,0,5
2024-10-27,Plumbing,Gampaha,PRO-PLU-01,16,High,1,0,0,0,0,0,5
2024-10-27,Grass cutting,Colombo,PRO-GRA-10,0,High,1,0,0,0,0,0,5
2024-10-27,Grass cutting,Colombo,PRO-GRA-02,0,High,1,0,0,0,0,0,5
2024-10-27,Grass cutting,Gampaha,PRO-GRA-18,0,High,1,0,0,0,0,0,5
2024-10-27,Plumbing,Colombo,PRO-PLU-06,15,High,1,0,0,0,0,0,5
2024-10-27,Grass cutting,Gampaha,PRO-GRA-13,0,High,1,0,0,0,0,0,5
2024-10-27,Plumbing,Gampaha,PRO-PLU-02,15,High,1,0,0,0,0,0,5
2024-10-27,Plumbing,Colombo,PRO-PLU-03,15,High,1,0,0,0,0,0,5
2024-10-27,Plumbing,Gampaha,PRO-PLU-07,16,High,1,0,0,0,0,0,5
2024-10-27,Electrical repairs,Colombo,PRO-ELE-02,15,High,1,0,0,0,0,0,5
2024-10-27,Grass cutting,Gampaha,PRO-GRA-15,0,High,1,0,0,0,0,0,5
2024-10-27,Plumbing,Gampaha,PRO-PLU-04,16,High,1,0,0,0,0,0,5
2024-10-27,Grass cutting,Colombo,PRO-GRA-17,0,High,1,0,0,0,0,0,5
2024-10-27,Plumbing,Colombo,PRO-PLU-05,17,High,1,0,0,0,0,0,5
2024-10-28,Plumbing,Colombo,PRO-PLU-01,1,High,1,0,0,0,0,0,6
2024-10-28,Plumbing,Colombo,PRO-PLU-07,0,High,1,0,0,0,0,0,6
2024-10-28,Electrical repairs,Colombo,PRO-ELE-02,11,High,1,0,0,0,0,0,6
2024-10-28,Grass cutting,Gampaha,PRO-GRA-09,0,High,1,0,0,0,0,0,6
2024-10-28,Child care,Gampaha,PRO-CHI-02,10,High,1,0,0,0,0,0,6
2024-10-28,Grass cutting,Gampaha,PRO-GRA-14,0,High,1,0,0,0,0,0,6
2024-10-28,Electrical repairs,Colombo,PRO-ELE-08,12,High,1,0,0,0,0,0,6
2024-10-28,Plumbing,Gampaha,PRO-PLU-02,1,High,1,0,0,0,0,0,6
2024-10-28,Plumbing,Colombo,PRO-PLU-05,1,High,1,0,0,0,0,0,6
2024-10-28,Grass cutting,Gampaha,PRO-GRA-08,0,High,1,0,0,0,0,0,6
2024-10-28,Child care,Gampaha,PRO-CHI-08,11,High,1,0,0,0,0,0,6
2024-10-28,Grass cutting,Colombo,PRO-GRA-05,0,High,1,0,0,0,0,0,6
2024-10-28,Grass cutting,Colombo,PRO-GRA-13,0,High,1,0,0,0,0,0,6
2024-10-28,Grass cutting,Gampaha,PRO-GRA-02,0,High,1,0,0,0,0,0,6
2024-10-28,Child care,Colombo,PRO-CHI-05,10,High,1,0,0,0,0,0,6
2024-10-28,Plumbing,Gampaha,PRO-PLU-06,1,High,1,0,0,0,0,0,6
2024-10-28,Electrical repairs,Gampaha,PRO-ELE-06,12,High,1,0,0,0,0,0,6
2024-10-28,Plumbing,Gampaha,PRO-PLU-03,2,High,1,0,0,0,0,0,6
2024-10-28,Plumbing,Gampaha,PRO-PLU-08,1,High,1,0,0,0,0,0,6
2024-10-28,Child care,Colombo,PRO-CHI-06,11,High,1,0,0,0,0,0,6
2024-10-28,Grass cutting,Colombo,PRO-GRA-17,0,High,1,0,0,0,0,0,6
2024-10-28,Electrical repairs,Gampaha,PRO-ELE-05,10,High,1,0,0,0,0,0,6
2024-10-28,Grass cutting,Colombo,PRO-GRA-16,0,High,1,0,0,0,0,0,6
2024-10-29,Child care,Colombo,PRO-CHI-05,10,Low,0,1,0,0,0,1,0
2024-10-29,Grass cutting,Gampaha,PRO-GRA-14,25,Low,0,1,0,0,0,1,0
2024-10-29,Electrical repairs,Colombo,PRO-ELE-08,2,Low,0,1,0,0,0,1,0
2024-10-29,Plumbing,Gampaha,PRO-PLU-06,25,Low,0,1,0,0,0,1,0
2024-10-29,"Sofa, carpet & curtain cleaning",Colombo,PRO-SOF-05,7,Low,0,1,0,0,0,1,0
2024-10-29,Painting,Colombo,PRO-PAI-03,6,Low,0,1,0,0,0,1,0
2024-10-29,Plumbing,Gampaha,PRO-PLU-05,26,Low,0,1,0,0,0,1,0
2024-10-29,Plumbing,Colombo,PRO-PLU-07,26,Low,0,1,0,0,0,1,0
2024-10-29,Plumbing,Colombo,PRO-PLU-02,25,Low,0,1,0,0,0,1,0
2024-10-29,Child care,Colombo,PRO-CHI-02,11,Low,0,1,0,0,0,1,0
2024-10-29,Grass cutting,Colombo,PRO-GRA-04,25,Low,0,1,0,0,0,1,0
2024-10-29,Grass cutting,Colombo,PRO-GRA-12,26,Low,0,1,0,0,0,1,0
2024-10-29,Plumbing,Colombo,PRO-PLU-04,26,Low,0,1,0,0,0,1,0
2024-10-29,Child care,Gampaha,PRO-CHI-08,12,Low,0,1,0,0,0,1,0
2024-10-29,Plumbing,Colombo,PRO-PLU-01,27,Low,0,1,0,0,0,1,0
2024-10-29,Grass cutting,Colombo,PRO-GRA-13,26,Low,0,1,0,0,0,1,0
2024-10-29,Roofing,Colombo,PRO-ROO-13,21,Low,0,1,0,0,0,1,0
2024-10-29,Grass cutting,Colombo,PRO-GRA-03,25,Low,0,1,0,0,0,1,0
2024-10-29,Furniture repair,Colombo,PRO-FUR-05,1,Low,0,1,0,0,0,1,0
2024-10-29,Electrical repairs,Gampaha,PRO-ELE-05,2,Low,0,1,0,0,0,1,0
2024-10-29,Pet care,Colombo,PRO-PET-05,2,Low,0,1,0,0,0,1,0
2024-10-29,Plumbing,Colombo,PRO-PLU-08,27,Low,0,1,0,0,0,1,0
2024-10-29,Grass cutting,Gampaha,PRO-GRA-01,27,Low,0,1,0,0,0,1,0
2024-10-29,Grass cutting,Gampaha,PRO-GRA-18,26,Low,0,1,0,0,0,1,0
2024-10-29,Grass cutting,Gampaha,PRO-GRA-10,27,Low,0,1,0,0,0,1,0
2024-10-29,Electrical repairs,Colombo,PRO-ELE-02,1,Low,0,1,0,0,0,1,0
2024-10-29,Painting,Colombo,PRO-PAI-13,6,Low,0,1,0,0,0,1,0
2024-10-29,Personal assistance,Gampaha,PRO-PER-05,9,Low,0,1,0,0,0,1,0
2024-10-30,Grass cutting,Gampaha,PRO-GRA-10,1,Low,0,1,0,0,0,2,0
2024-10-30,Plumbing,Gampaha,PRO-PLU-08,1,Low,0,1,0,0,0,2,0
2024-10-30,Plumbing,Colombo,PRO-PLU-07,2,Low,0,1,0,0,0,2,0
2024-10-30,Grass cutting,Colombo,PRO-GRA-18,1,Low,0,1,0,0,0,2,0
2024-10-30,Plumbing,Colombo,PRO-PLU-02,0,Low,0,1,0,0,0,2,0
2024-10-30,Plumbing,Gampaha,PRO-PLU-01,1,Low,0,1,0,0,0,2,0
2024-10-30,Plumbing,Colombo,PRO-PLU-04,2,Low,0,1,0,0,0,2,0
2024-10-30,Child care,Colombo,PRO-CHI-07,12,Low,0,1,0,0,0,2,0
2024-10-30,Grass cutting,Gampaha,PRO-GRA-14,0,Low,0,1,0,0,0,2,0
2024-10-30,Grass cutting,Gampaha,PRO-GRA-07,2,Low,0,1,0,0,0,2,0
2024-10-30,Grass cutting,Gampaha,PRO-GRA-13,1,Low,0,1,0,0,0,2,0
2024-10-30,Grass cutting,Colombo,PRO-GRA-17,2,Low,0,1,0,0,0,2,0
2024-10-30,Plumbing,Gampaha,PRO-PLU-06,2,Low,0,1,0,0,0,2,0
2024-10-30,Child care,Gampaha,PRO-CHI-08,10,Low,0,1,0,0,0,2,0
2024-10-30,Child care,Colombo,PRO-CHI-01,12,Low,0,1,0,0,0,2,0
2024-10-30,Electrical repairs,Colombo,PRO-ELE-08,0,Low,0,1,0,0,0,2,0
2024-10-30,Electrical repairs,Gampaha,PRO-ELE-07,0,Low,0,1,0,0,0,2,0
2024-10-30,Electrical repairs,Colombo,PRO-ELE-01,1,Low,0,1,0,0,0,2,0
2024-10-30,Plumbing,Gampaha,PRO-PLU-05,1,Low,0,1,0,0,0,2,0
2024-10-30,Grass cutting,Gampaha,PRO-GRA-15,0,Low,0,1,0,0,0,2,0
2024-10-31,Grass cutting,Colombo,PRO-GRA-11,0,High,1,0,1,0,0,0,1
2024-10-31,Child care,Colombo,PRO-CHI-06,1,High,1,0,1,0,0,0,1
2024-10-31,Plumbing,Colombo,PRO-PLU-04,2,High,1,0,1,0,0,0,1
2024-10-31,Grass cutting,Colombo,PRO-GRA-18,0,High,1,0,1,0,0,0,1
2024-10-31,Child care,Colombo,PRO-CHI-07,1,High,1,0,1,0,0,0,1
2024-10-31,Grass cutting,Gampaha,PRO-GRA-05,0,High,1,0,1,0,0,0,1
2024-10-31,Plumbing,Gampaha,PRO-PLU-06,1,High,1,0,1,0,0,0,1
2024-10-31,Plumbing,Colombo,PRO-PLU-07,2,High,1,0,1,0,0,0,1
2024-10-31,Grass cutting,Colombo,PRO-GRA-08,0,High,1,0,1,0,0,0,1
2024-10-31,Plumbing,Colombo,PRO-PLU-03,0,High,1,0,1,0,0,0,1
2024-10-31,Plumbing,Gampaha,PRO-PLU-02,1,High,1,0,1,0,0,0,1
2024-10-31,Plumbing,Colombo,PRO-PLU-05,0,High,1,0,1,0,0,0,1
2024-10-31,Plumbing,Gampaha,PRO-PLU-08,1,High,1,0,1,0,0,0,1
2024-10-31,Electrical repairs,Gampaha,PRO-ELE-07,11,High,1,0,1,0,0,0,1
2024-10-31,Electrical repairs,Gampaha,PRO-ELE-06,10,High,1,0,1,0,0,0,1
2024-10-31,Plumbing,Colombo,PRO-PLU-01,2,High,1,0,1,0,0,0,1
2024-11-01,Grass cutting,Gampaha,PRO-GRA-06,0,High,1,0,0,0,0,0,2
2024-11-01,Plumbing,Gampaha,PRO-PLU-06,0,High,1,0,0,0,0,0,2
2024-11-01,Child care,Colombo,PRO-CHI-04,10,High,1,0,0,0,0,0,2
2024-11-01,Plumbing,Colombo,PRO-PLU-01,2,High,1,0,0,0,0,0,2
2024-11-01,Grass cutting,Gampaha,PRO-GRA-11,0,High,1,0,0,0,0,0,2
2024-11-01,Electrical repairs,Colombo,PRO-ELE-03,12,High,1,0,0,0,0,0,2
2024-11-01,Child care,Gampaha,PRO-CHI-03,11,High,1,0,0,0,0,0,2
2024-11-01,Grass cutting,Colombo,PRO-GRA-14,0,High,1,0,0,0,0,0,2
2024-11-01,Electrical repairs,Gampaha,PRO-ELE-08,11,High,1,0,0,0,0,0,2
2024-11-01,Child care,Gampaha,PRO-CHI-08,10,High,1,0,0,0,0,0,2
2024-11-01,Plumbing,Gampaha,PRO-PLU-07,2,High,1,0,0,0,0,0,2
2024-11-01,Plumbing,Gampaha,PRO-PLU-03,0,High,1,0,0,0,0,0,2
2024-11-01,Electrical repairs,Colombo,PRO-ELE-04,12,High,1,0,0,0,0,0,2
2024-11-01,Grass cutting,Colombo,PRO-GRA-18,0,High,1,0,0,0,0,0,2
2024-11-01,Plumbing,Colombo,PRO-PLU-04,0,High,1,0,0,0,0,0,2
2024-11-01,Plumbing,Colombo,PRO-PLU-02,2,High,1,0,0,0,0,0,2
2024-11-01,Plumbing,Colombo,PRO-PLU-08,1,High,1,0,0,0,0,0,2
2024-11-02,Electrical repairs,Gampaha,PRO-ELE-05,15,High,1,0,0,0,0,0,3
2024-11-02,Plumbing,Gampaha,PRO-PLU-02,16,High,1,0,0,0,0,0,3
2024-11-02,Plumbing,Colombo,PRO-PLU-01,16,High,1,0,0,0,0,0,3
2024-11-02,Plumbing,Colombo,PRO-PLU-03,15,High,1,0,0,0,0,0,3
2024-11-02,Grass cutting,Gampaha,PRO-GRA-13,0,High,1,0,0,0,0,0,3
2024-11-02,Child care,Colombo,PRO-CHI-06,0,High,1,0,0,0,0,0,3
2024-11-02,Grass cutting,Gampaha,PRO-GRA-14,0,High,1,0,0,0,0,0,3
2024-11-02,Grass cutting,Colombo,PRO-GRA-08,0,High,1,0,0,0,0,0,3
2024-11-02,Electrical repairs,Colombo,PRO-ELE-06,17,High,1,0,0,0,0,0,3
2024-11-02,Plumbing,Gampaha,PRO-PLU-06,16,High,1,0,0,0,0,0,3
2024-11-02,Grass cutting,Gampaha,PRO-GRA-11,0,High,1,0,0,0,0,0,3
2024-11-02,Plumbing,Colombo,PRO-PLU-08,16,High,1,0,0,0,0,0,3
2024-11-02,Plumbing,Colombo,PRO-PLU-05,15,High,1,0,0,0,0,0,3
2024-11-02,Child care,Colombo,PRO-CHI-05,1,High,1,0,0,0,0,0,3
2024-11-02,Plumbing,Gampaha,PRO-PLU-04,15,High,1,0,0,0,0,0,3
2024-11-02,Grass cutting,Gampaha,PRO-GRA-12,0,High,1,0,0,0,0,0,3
2024-11-03,Plumbing,Colombo,PRO-PLU-06,25,Low,0,1,0,0,0,1,0
2024-11-03,Plumbing,Colombo,PRO-PLU-08,26,Low,0,1,0,0,0,1,0
2024-11-03,Grass cutting,Gampaha,PRO-GRA-12,25,Low,0,1,0,0,0,1,0
2024-11-03,Child care,Gampaha,PRO-CHI-08,0,Low,0,1,0,0,0,1,0
2024-11-03,Child care,Gampaha,PRO-CHI-03,2,Low,0,1,0,0,0,1,0
2024-11-03,Plumbing,Gampaha,PRO-PLU-07,26,Low,0,1,0,0,0,1,0
2024-11-03,Child care,Gampaha,PRO-CHI-04,1,Low,0,1,0,0,0,1,0
2024-11-03,Plumbing,Gampaha,PRO-PLU-02,26,Low,0,1,0,0,0,1,0
2024-11-03,Grass cutting,Gampaha,PRO-GRA-09,26,Low,0,1,0,0,0,1,0
2024-11-03,Grass cutting,Gampaha,PRO-GRA-13,25,Low,0,1,0,0,0,1,0
2024-11-03,Electrical repairs,Gampaha,PRO-ELE-04,7,Low,0,1,0,0,0,1,0
2024-11-03,Grass cutting,Gampaha,PRO-GRA-06,25,Low,0,1,0,0,0,1,0
2024-11-03,Electrical repairs,Gampaha,PRO-ELE-02,6,Low,0,1,0,0,0,1,0
2024-11-03,Electrical repairs,Gampaha,PRO-ELE-03,5,Low,0,1,0,0,0,1,0
2024-11-03,Plumbing,Gampaha,PRO-PLU-04,26,Low,0,1,0,0,0,1,0
2024-11-03,Grass cutting,Gampaha,PRO-GRA-16,27,Low,0,1,0,0,0,1,0
2024-11-03,Plumbing,Gampaha,PRO-PLU-01,27,Low,0,1,0,0,0,1,0
2024-11-03,Grass cutting,Colombo,PRO-GRA-14,25,Low,0,1,0,0,0,1,0
2024-11-03,Electrical repairs,Colombo,PRO-ELE-08,5,Low,0,1,0,0,0,1,0
2024-11-03,Child care,Gampaha,PRO-CHI-02,0,Low,0,1,0,0,0,1,0
2024-11-03,Grass cutting,Colombo,PRO-GRA-11,26,Low,0,1,0,0,0,1,0
2024-11-03,Plumbing,Gampaha,PRO-PLU-05,27,Low,0,1,0,0,0,1,0
2024-11-03,Plumbing,Colombo,PRO-PLU-03,27,Low,0,1,0,0,0,1,0
2024-11-04,Grass cutting,Colombo,PRO-GRA-13,0,High,1,0,0,0,0,0,1
2024-11-04,Plumbing,Gampaha,PRO-PLU-06,25,High,1,0,0,0,0,0,1
2024-11-04,Grass cutting,Colombo,PRO-GRA-06,0,High,1,0,0,0,0,0,1
2024-11-04,Grass cutting,Colombo,PRO-GRA-04,0,High,1,0,0,0,0,0,1
2024-11-04,Plumbing,Gampaha,PRO-PLU-03,26,High,1,0,0,0,0,0,1
2024-11-04,Plumbing,Colombo,PRO-PLU-05,25,High,1,0,0,0,0,0,1
2024-11-04,Grass cutting,Gampaha,PRO-GRA-17,0,High,1,0,0,0,0,0,1
2024-11-04,Plumbing,Gampaha,PRO-PLU-02,26,High,1,0,0,0,0,0,1
2024-11-04,Grass cutting,Colombo,PRO-GRA-02,0,High,1,0,0,0,0,0,1
2024-11-04,Plumbing,Gampaha,PRO-PLU-04,25,High,1,0,0,0,0,0,1
2024-11-04,Grass cutting,Gampaha,PRO-GRA-05,0,High,1,0,0,0,0,0,1
2024-11-04,Grass cutting,Colombo,PRO-GRA-11,0,High,1,0,0,0,0,0,1
2024-11-04,Plumbing,Colombo,PRO-PLU-08,26,High,1,0,0,0,0,0,1
2024-11-04,Plumbing,Gampaha,PRO-PLU-01,27,High,1,0,0,0,0,0,1
2024-11-04,Grass cutting,Gampaha,PRO-GRA-15,0,High,1,0,0,0,0,0,1
2024-11-04,Grass cutting,Colombo,PRO-GRA-12,0,High,1,0,0,0,0,0,1
2024-11-04,Plumbing,Colombo,PRO-PLU-07,25,High,1,0,0,0,0,0,1
2024-11-05,Child care,Colombo,PRO-CHI-08,10,High,1,0,0,0,0,0,2
2024-11-05,Grass cutting,Gampaha,PRO-GRA-03,0,High,1,0,0,0,0,0,2
2024-11-05,Plumbing,Gampaha,PRO-PLU-04,27,High,1,0,0,0,0,0,2
2024-11-05,Plumbing,Gampaha,PRO-PLU-01,25,High,1,0,0,0,0,0,2
2024-11-05,Grass cutting,Gampaha,PRO-GRA-11,0,High,1,0,0,0,0,0,2
2024-11-05,Plumbing,Gampaha,PRO-PLU-08,26,High,1,0,0,0,0,0,2
2024-11-05,Grass cutting,Gampaha,PRO-GRA-06,0,High,1,0,0,0,0,0,2
2024-11-05,Grass cutting,Colombo,PRO-GRA-07,0,High,1,0,0,0,0,0,2
2024-11-05,Plumbing,Gampaha,PRO-PLU-02,26,High,1,0,0,0,0,0,2
2024-11-05,Plumbing,Gampaha,PRO-PLU-07,25,High,1,0,0,0,0,0,2
2024-11-05,Grass cutting,Gampaha,PRO-GRA-05,0,High,1,0,0,0,0,0,2
2024-11-05,Plumbing,Colombo,PRO-PLU-05,27,High,1,0,0,0,0,0,2
2024-11-05,Plumbing,Colombo,PRO-PLU-03,25,High,1,0,0,0,0,0,2
2024-11-05,Plumbing,Colombo,PRO-PLU-06,26,High,1,0,0,0,0,0,2
2024-11-05,Grass cutting,Gampaha,PRO-GRA-12,0,High,1,0,0,0,0,0,2
2024-11-05,Electrical repairs,Gampaha,PRO-ELE-08,12,High,1,0,0,0,0,0,2
2024-11-05,Grass cutting,Colombo,PRO-GRA-14,0,High,1,0,0,0,0,0,2
2024-11-06,Grass cutting,Gampaha,PRO-GRA-01,25,Low,0,1,0,0,0,1,0
2024-11-06,Child care,Colombo,PRO-CHI-08,10,Low,0,1,0,0,0,1,0
2024-11-06,Grass cutting,Colombo,PRO-GRA-06,25,Low,0,1,0,0,0,1,0
2024-11-06,Grass cutting,Colombo,PRO-GRA-12,27,Low,0,1,0,0,0,1,0
2024-11-06,Plumbing,Colombo,PRO-PLU-06,25,Low,0,1,0,0,0,1,0
2024-11-06,Grass cutting,Gampaha,PRO-GRA-16,25,Low,0,1,0,0,0,1,0
2024-11-06,Plumbing,Colombo,PRO-PLU-03,26,Low,0,1,0,0,0,1,0
2024-11-06,Electrical repairs,Gampaha,PRO-ELE-05,2,Low,0,1,0,0,0,1,0
2024-11-06,Grass cutting,Gampaha,PRO-GRA-02,25,Low,0,1,0,0,0,1,0
2024-11-06,Grass cutting,Colombo,PRO-GRA-10,27,Low,0,1,0,0,0,1,0
2024-11-06,Child care,Gampaha,PRO-CHI-06,10,Low,0,1,0,0,0,1,0
2024-11-06,Grass cutting,Gampaha,PRO-GRA-08,26,Low,0,1,0,0,0,1,0
2024-11-06,Plumbing,Colombo,PRO-PLU-01,26,Low,0,1,0,0,0,1,0
2024-11-06,Grass cutting,Gampaha,PRO-GRA-14,25,Low,0,1,0,0,0,1,0
2024-11-06,Plumbing,Colombo,PRO-PLU-08,27,Low,0,1,0,0,0,1,0
2024-11-06,Plumbing,Gampaha,PRO-PLU-07,25,Low,0,1,0,0,0,1,0
2024-11-06,Electrical repairs,Gampaha,PRO-ELE-08,2,Low,0,1,0,0,0,1,0
2024-11-06,Child care,Colombo,PRO-CHI-05,10,Low,0,1,0,0,0,1,0
2024-11-06,Electrical repairs,Gampaha,PRO-ELE-07,0,Low,0,1,0,0,0,1,0
2024-11-06,Plumbing,Gampaha,PRO-PLU-04,27,Low,0,1,0,0,0,1,0
2024-11-06,Plumbing,Gampaha,PRO-PLU-05,26,Low,0,1,0,0,0,1,0
2024-11-06,Electrical repairs,Gampaha,PRO-ELE-06,0,Low,0,1,0,0,0,1,0
2024-11-06,Electrical repairs,Colombo,PRO-ELE-01,2,Low,0,1,0,0,0,1,0
2024-11-06,Child care,Gampaha,PRO-CHI-01,11,Low,0,1,0,0,0,1,0
2024-11-06,Plumbing,Gampaha,PRO-PLU-02,27,Low,0,1,0,0,0,1,0
2024-11-06,Child care,Colombo,PRO-CHI-07,12,Low,0,1,0,0,0,1,0
2024-11-07,Plumbing,Colombo,PRO-PLU-04,1,Low,0,1,0,0,0,2,0
2024-11-07,Plumbing,Gampaha,PRO-PLU-07,2,Low,0,1,0,0,0,2,0
2024-11-07,Grass cutting,Gampaha,PRO-GRA-05,1,Low,0,1,0,0,0,2,0
2024-11-07,Grass cutting,Colombo,PRO-GRA-10,2,Low,0,1,0,0,0,2,0
2024-11-07,Grass cutting,Gampaha,PRO-GRA-14,0,Low,0,1,0,0,0,2,0
2024-11-07,Plumbing,Gampaha,PRO-PLU-06,0,Low,0,1,0,0,0,2,0
2024-11-07,Electrical repairs,Colombo,PRO-ELE-08,2,Low,0,1,0,0,0,2,0
2024-11-07,Child care,Colombo,PRO-CHI-03,12,Low,0,1,0,0,0,2,0
2024-11-07,Grass cutting,Gampaha,PRO-GRA-17,2,Low,0,1,0,0,0,2,0
2024-11-07,Plumbing,Colombo,PRO-PLU-03,2,Low,0,1,0,0,0,2,0
2024-11-07,Grass cutting,Colombo,PRO-GRA-18,0,Low,0,1,0,0,0,2,0
2024-11-07,Plumbing,Colombo,PRO-PLU-02,1,Low,0,1,0,0,0,2,0
2024-11-07,Plumbing,Gampaha,PRO-PLU-08,0,Low,0,1,0,0,0,2,0
2024-11-07,Plumbing,Colombo,PRO-PLU-01,0,Low,0,1,0,0,0,2,0
2024-11-07,Grass cutting,Gampaha,PRO-GRA-16,2,Low,0,1,0,0,0,2,0
2024-11-07,Child care,Colombo,PRO-CHI-08,11,Low,0,1,0,0,0,2,0
2024-11-07,Electrical repairs,Gampaha,PRO-ELE-03,0,Low,0,1,0,0,0,2,0
2024-11-08,Electrical repairs,Colombo,PRO-ELE-08,12,High,1,0,0,0,0,0,1
2024-11-08,Plumbing,Colombo,PRO-PLU-07,1,High,1,0,0,0,0,0,1
2024-11-08,Plumbing,Gampaha,PRO-PLU-06,2,High,1,0,0,0,0,0,1
2024-11-08,Electrical repairs,Colombo,PRO-ELE-06,10,High,1,0,0,0,0,0,1
2024-11-08,Electrical repairs,Colombo,PRO-ELE-04,11,High,1,0,0,0,0,0,1
2024-11-08,Plumbing,Colombo,PRO-PLU-01,0,High,1,0,0,0,0,0,1
2024-11-08,Grass cutting,Gampaha,PRO-GRA-03,0,High,1,0,0,0,0,0,1
2024-11-08,Electrical repairs,Gampaha,PRO-ELE-01,12,High,1,0,0,0,0,0,1
2024-11-08,Plumbing,Gampaha,PRO-PLU-04,2,High,1,0,0,0,0,0,1
2024-11-08,Child care,Colombo,PRO-CHI-06,10,High,1,0,0,0,0,0,1
2024-11-08,Child care,Colombo,PRO-CHI-08,12,High,1,0,0,0,0,0,1
2024-11-08,Plumbing,Gampaha,PRO-PLU-05,2,High,1,0,0,0,0,0,1
2024-11-08,Plumbing,Gampaha,PRO-PLU-03,2,High,1,0,0,0,0,0,1
2024-11-08,Grass cutting,Colombo,PRO-GRA-10,0,High,1,0,0,0,0,0,1
2024-11-08,Plumbing,Gampaha,PRO-PLU-08,0,High,1,0,0,0,0,0,1
2024-11-08,Plumbing,Gampaha,PRO-PLU-02,2,High,1,0,0,0,0,0,1
2024-11-08,Child care,Gampaha,PRO-CHI-01,11,High,1,0,0,0,0,0,1
2024-11-08,Child care,Gampaha,PRO-CHI-04,11,High,1,0,0,0,0,0,1
2024-11-09,Plumbing,Gampaha,PRO-PLU-02,0,Low,0,1,0,0,0,1,0
2024-11-09,Grass cutting,Gampaha,PRO-GRA-18,1,Low,0,1,0,0,0,1,0
2024-11-09,Plumbing,Colombo,PRO-PLU-08,0,Low,0,1,0,0,0,1,0
2024-11-09,Plumbing,Colombo,PRO-PLU-01,2,Low,0,1,0,0,0,1,0
2024-11-09,Child care,Colombo,PRO-CHI-06,0,Low,0,1,0,0,0,1,0
2024-11-09,Child care,Colombo,PRO-CHI-03,0,Low,0,1,0,0,0,1,0
2024-11-09,Plumbing,Gampaha,PRO-PLU-03,1,Low,0,1,0,0,0,1,0
2024-11-09,Plumbing,Gampaha,PRO-PLU-06,1,Low,0,1,0,0,0,1,0
2024-11-09,Electrical repairs,Gampaha,PRO-ELE-04,5,Low,0,1,0,0,0,1,0
2024-11-09,Plumbing,Colombo,PRO-PLU-04,0,Low,0,1,0,0,0,1,0
2024-11-09,Grass cutting,Gampaha,PRO-GRA-03,1,Low,0,1,0,0,0,1,0
2024-11-09,Plumbing,Colombo,PRO-PLU-05,2,Low,0,1,0,0,0,1,0
2024-11-09,Child care,Colombo,PRO-CHI-04,0,Low,0,1,0,0,0,1,0
2024-11-09,Grass cutting,Colombo,PRO-GRA-01,2,Low,0,1,0,0,0,1,0
2024-11-09,Electrical repairs,Colombo,PRO-ELE-03,6,Low,0,1,0,0,0,1,0
2024-11-09,Electrical repairs,Gampaha,PRO-ELE-06,7,Low,0,1,0,0,0,1,0
2024-11-09,Plumbing,Colombo,PRO-PLU-07,0,Low,0,1,0,0,0,1,0
2024-11-09,Grass cutting,Gampaha,PRO-GRA-12,2,Low,0,1,0,0,0,1,0
2024-11-10,Plumbing,Gampaha,PRO-PLU-05,2,Low,0,1,0,0,0,2,0
2024-11-10,Plumbing,Colombo,PRO-PLU-07,0,Low,0,1,0,0,0,2,0
2024-11-10,Child care,Colombo,PRO-CHI-02,1,Low,0,1,0,0,0,2,0
2024-11-10,Child care,Gampaha,PRO-CHI-05,0,Low,0,1,0,0,0,2,0
2024-11-10,Electrical repairs,Gampaha,PRO-ELE-05,7,Low,0,1,0,0,0,2,0
2024-11-10,Grass cutting,Gampaha,PRO-GRA-02,1,Low,0,1,0,0,0,2,0
2024-11-10,Plumbing,Gampaha,PRO-PLU-02,0,Low,0,1,0,0,0,2,0
2024-11-10,Electrical repairs,Colombo,PRO-ELE-08,6,Low,0,1,0,0,0,2,0
2024-11-10,Move-in / move-out cleaning,Colombo,PRO-MOV-04,5,Low,0,1,0,0,0,2,0
2024-11-10,Child care,Gampaha,PRO-CHI-08,2,Low,0,1,0,0,0,2,0
2024-11-10,Electrical repairs,Colombo,PRO-ELE-02,5,Low,0,1,0,0,0,2,0
2024-11-10,Child care,Colombo,PRO-CHI-06,1,Low,0,1,0,0,0,2,0
2024-11-10,Planting,Colombo,PRO-PLA-04,2,Low,0,1,0,0,0,2,0
2024-11-10,Electrical repairs,Gampaha,PRO-ELE-06,6,Low,0,1,0,0,0,2,0
2024-11-10,Post-construction cleaning,Gampaha,PRO-POS-04,7,Low,0,1,0,0,0,2,0
2024-11-10,Landscaping,Gampaha,PRO-LAN-04,11,Low,0,1,0,0,0,2,0
2024-11-10,Plumbing,Colombo,PRO-PLU-01,0,Low,0,1,0,0,0,2,0
2024-11-10,Plumbing,Gampaha,PRO-PLU-08,1,Low,0,1,0,0,0,2,0
2024-11-10,Grass cutting,Gampaha,PRO-GRA-18,2,Low,0,1,0,0,0,2,0
2024-11-10,Grass cutting,Colombo,PRO-GRA-04,1,Low,0,1,0,0,0,2,0
2024-11-10,Plumbing,Gampaha,PRO-PLU-06,1,Low,0,1,0,0,0,2,0
2024-11-11,Grass cutting,Gampaha,PRO-GRA-05,2,Low,0,1,0,0,0,3,0
2024-11-11,Grass cutting,Colombo,PRO-GRA-18,1,Low,0,1,0,0,0,3,0
2024-11-11,Plumbing,Gampaha,PRO-PLU-01,0,Low,0,1,0,0,0,3,0
2024-11-11,Grass cutting,Colombo,PRO-GRA-04,0,Low,0,1,0,0,0,3,0
2024-11-11,Plumbing,Gampaha,PRO-PLU-08,1,Low,0,1,0,0,0,3,0
2024-11-11,Plumbing,Colombo,PRO-PLU-04,1,Low,0,1,0,0,0,3,0
2024-11-11,Plumbing,Gampaha,PRO-PLU-07,1,Low,0,1,0,0,0,3,0
2024-11-11,Electrical repairs,Gampaha,PRO-ELE-01,1,Low,0,1,0,0,0,3,0
2024-11-11,Electrical repairs,Gampaha,PRO-ELE-06,0,Low,0,1,0,0,0,3,0
2024-11-11,Plumbing,Colombo,PRO-PLU-05,1,Low,0,1,0,0,0,3,0
2024-11-11,Child care,Colombo,PRO-CHI-01,10,Low,0,1,0,0,0,3,0
2024-11-11,Plumbing,Colombo,PRO-PLU-02,0,Low,0,1,0,0,0,3,0
2024-11-11,Plumbing,Gampaha,PRO-PLU-03,1,Low,0,1,0,0,0,3,0
2024-11-11,Grass cutting,Gampaha,PRO-GRA-10,2,Low,0,1,0,0,0,3,0
2024-11-11,Child care,Gampaha,PRO-CHI-03,11,Low,0,1,0,0,0,3,0
2024-11-11,Electrical repairs,Gampaha,PRO-ELE-05,0,Low,0,1,0,0,0,3,0
2024-11-11,Child care,Colombo,PRO-CHI-05,12,Low,0,1,0,0,0,3,0
2024-11-11,Electrical repairs,Colombo,PRO-ELE-03,2,Low,0,1,0,0,0,3,0
2024-11-11,Plumbing,Gampaha,PRO-PLU-06,1,Low,0,1,0,0,0,3,0
2024-11-11,Child care,Colombo,PRO-CHI-06,12,Low,0,1,0,0,0,3,0
2024-11-12,Grass cutting,Gampaha,PRO-GRA-07,0,Low,0,1,0,0,0,4,0
2024-11-12,Grass cutting,Gampaha,PRO-GRA-02,1,Low,0,1,0,0,0,4,0
2024-11-12,Grass cutting,Colombo,PRO-GRA-18,2,Low,0,1,0,0,0,4,0
2024-11-12,Plumbing,Gampaha,PRO-PLU-06,1,Low,0,1,0,0,0,4,0
2024-11-12,Plumbing,Gampaha,PRO-PLU-05,0,Low,0,1,0,0,0,4,0
2024-11-12,Plumbing,Gampaha,PRO-PLU-01,1,Low,0,1,0,0,0,4,0
2024-11-12,Child care,Gampaha,PRO-CHI-03,10,Low,0,1,0,0,0,4,0
2024-11-12,Electrical repairs,Gampaha,PRO-ELE-06,2,Low,0,1,0,0,0,4,0
2024-11-12,Plumbing,Colombo,PRO-PLU-08,2,Low,0,1,0,0,0,4,0
2024-11-12,Grass cutting,Gampaha,PRO-GRA-03,1,Low,0,1,0,0,0,4,0
2024-11-12,Electrical repairs,Gampaha,PRO-ELE-07,0,Low,0,1,0,0,0,4,0
2024-11-12,Plumbing,Gampaha,PRO-PLU-07,2,Low,0,1,0,0,0,4,0
2024-11-12,Plumbing,Gampaha,PRO-PLU-03,1,Low,0,1,0,0,0,4,0
2024-11-12,Electrical repairs,Colombo,PRO-ELE-03,2,Low,0,1,0,0,0,4,0
2024-11-12,Plumbing,Colombo,PRO-PLU-04,0,Low,0,1,0,0,0,4,0
2024-11-12,Child care,Colombo,PRO-CHI-06,11,Low,0,1,0,0,0,4,0
2024-11-12,Electrical repairs,Gampaha,PRO-ELE-01,1,Low,0,1,0,0,0,4,0
2024-11-12,Child care,Gampaha,PRO-CHI-01,11,Low,0,1,0,0,0,4,0
2024-11-12,Watering,Gampaha,PRO-WAT-02,5,Low,0,1,0,0,0,4,0
2024-11-12,Plumbing,Gampaha,PRO-PLU-02,0,Low,0,1,0,0,0,4,0
2024-11-12,Child care,Gampaha,PRO-CHI-07,10,Low,0,1,0,0,0,4,0
2024-11-13,Grass cutting,Gampaha,PRO-GRA-07,17,Low,0,1,0,0,0,5,0
2024-11-13,Plumbing,Gampaha,PRO-PLU-07,1,Low,0,1,0,0,0,5,0
2024-11-13,Grass cutting,Gampaha,PRO-GRA-17,15,Low,0,1,0,0,0,5,0
2024-11-13,Plumbing,Colombo,PRO-PLU-04,2,Low,0,1,0,0,0,5,0
2024-11-13,Grass cutting,Gampaha,PRO-GRA-10,16,Low,0,1,0,0,0,5,0
2024-11-13,Grass cutting,Colombo,PRO-GRA-15,16,Low,0,1,0,0,0,5,0
2024-11-13,Plumbing,Gampaha,PRO-PLU-08,2,Low,0,1,0,0,0,5,0
2024-11-13,Plumbing,Colombo,PRO-PLU-01,1,Low,0,1,0,0,0,5,0
2024-11-13,Plumbing,Colombo,PRO-PLU-02,1,Low,0,1,0,0,0,5,0
2024-11-13,Grass cutting,Colombo,PRO-GRA-04,15,Low,0,1,0,0,0,5,0
2024-11-13,Plumbing,Gampaha,PRO-PLU-03,1,Low,0,1,0,0,0,5,0
2024-11-13,Grass cutting,Colombo,PRO-GRA-08,17,Low,0,1,0,0,0,5,0
2024-11-13,Plumbing,Colombo,PRO-PLU-05,2,Low,0,1,0,0,0,5,0
2024-11-13,Grass cutting,Gampaha,PRO-GRA-02,17,Low,0,1,0,0,0,5,0
2024-11-13,Plumbing,Colombo,PRO-PLU-06,0,Low,0,1,0,0,0,5,0
2024-11-13,Grass cutting,Gampaha,PRO-GRA-09,15,Low,0,1,0,0,0,5,0
2024-11-14,Plumbing,Colombo,PRO-PLU-06,0,Low,0,1,0,0,0,6,0
2024-11-14,Child care,Colombo,PRO-CHI-05,11,Low,0,1,0,0,0,6,0
2024-11-14,Electrical repairs,Colombo,PRO-ELE-05,1,Low,0,1,0,0,0,6,0
2024-11-14,Plumbing,Gampaha,PRO-PLU-03,1,Low,0,1,0,0,0,6,0
2024-11-14,Electrical repairs,Colombo,PRO-ELE-07,1,Low,0,1,0,0,0,6,0
2024-11-14,Plumbing,Colombo,PRO-PLU-08,0,Low,0,1,0,0,0,6,0
2024-11-14,Plumbing,Colombo,PRO-PLU-07,1,Low,0,1,0,0,0,6,0
2024-11-14,Plumbing,Gampaha,PRO-PLU-04,1,Low,0,1,0,0,0,6,0
2024-11-14,Plumbing,Gampaha,PRO-PLU-01,2,Low,0,1,0,0,0,6,0
2024-11-14,Grass cutting,Colombo,PRO-GRA-14,17,Low,0,1,0,0,0,6,0
2024-11-14,Plumbing,Gampaha,PRO-PLU-05,0,Low,0,1,0,0,0,6,0
2024-11-14,Child care,Colombo,PRO-CHI-08,10,Low,0,1,0,0,0,6,0
2024-11-14,Grass cutting,Colombo,PRO-GRA-15,15,Low,0,1,0,0,0,6,0
2024-11-14,Grass cutting,Colombo,PRO-GRA-08,16,Low,0,1,0,0,0,6,0
2024-11-14,Grass cutting,Gampaha,PRO-GRA-04,16,Low,0,1,0,0,0,6,0
2024-11-14,Grass cutting,Colombo,PRO-GRA-18,16,Low,0,1,0,0,0,6,0
2024-11-14,Plumbing,Gampaha,PRO-PLU-02,2,Low,0,1,0,0,0,6,0
2024-11-14,Electrical repairs,Gampaha,PRO-ELE-03,1,Low,0,1,0,0,0,6,0
2024-11-14,Electrical repairs,Colombo,PRO-ELE-08,0,Low,0,1,0,0,0,6,0
2024-11-14,Child care,Gampaha,PRO-CHI-03,11,Low,0,1,0,0,0,6,0
2024-11-14,Child care,Colombo,PRO-CHI-07,12,Low,0,1,0,0,0,6,0
2024-11-14,Grass cutting,Gampaha,PRO-GRA-03,16,Low,0,1,0,0,0,6,0
2024-11-15,Plumbing,Gampaha,PRO-PLU-08,0,High,1,0,1,1,0,0,1
2024-11-15,Electrical repairs,Colombo,PRO-ELE-06,10,High,1,0,1,1,0,0,1
2024-11-15,Child care,Colombo,PRO-CHI-03,1,High,1,0,1,1,0,0,1
2024-11-15,Plumbing,Gampaha,PRO-PLU-07,2,High,1,0,1,1,0,0,1
2024-11-15,Plumbing,Colombo,PRO-PLU-06,2,High,1,0,1,1,0,0,1
2024-11-15,Child care,Gampaha,PRO-CHI-02,2,High,1,0,1,1,0,0,1
2024-11-15,Electrical repairs,Gampaha,PRO-ELE-02,10,High,1,0,1,1,0,0,1
2024-11-15,Plumbing,Gampaha,PRO-PLU-03,2,High,1,0,1,1,0,0,1
2024-11-15,Plumbing,Colombo,PRO-PLU-02,0,High,1,0,1,1,0,0,1
2024-11-15,Child care,Colombo,PRO-CHI-06,0,High,1,0,1,1,0,0,1
2024-11-15,Grass cutting,Gampaha,PRO-GRA-03,0,High,1,0,1,1,0,0,1
2024-11-15,Plumbing,Gampaha,PRO-PLU-05,1,High,1,0,1,1,0,0,1
2024-11-15,Electrical repairs,Colombo,PRO-ELE-03,12,High,1,0,1,1,0,0,1
2024-11-15,Plumbing,Gampaha,PRO-PLU-04,0,High,1,0,1,1,0,0,1
2024-11-16,Plumbing,Gampaha,PRO-PLU-04,17,High,1,0,0,0,0,0,2
2024-11-16,Plumbing,Colombo,PRO-PLU-02,17,High,1,0,0,0,0,0,2
2024-11-16,Plumbing,Colombo,PRO-PLU-08,16,High,1,0,0,0,0,0,2
2024-11-16,Grass cutting,Gampaha,PRO-GRA-06,0,High,1,0,0,0,0,0,2
2024-11-16,Electrical repairs,Colombo,PRO-ELE-05,16,High,1,0,0,0,0,0,2
2024-11-16,Plumbing,Gampaha,PRO-PLU-01,16,High,1,0,0,0,0,0,2
2024-11-16,Child care,Colombo,PRO-CHI-03,2,High,1,0,0,0,0,0,2
2024-11-16,Plumbing,Gampaha,PRO-PLU-03,16,High,1,0,0,0,0,0,2
2024-11-16,Grass cutting,Gampaha,PRO-GRA-05,0,High,1,0,0,0,0,0,2
2024-11-16,Child care,Colombo,PRO-CHI-05,1,High,1,0,0,0,0,0,2
2024-11-16,Grass cutting,Colombo,PRO-GRA-18,0,High,1,0,0,0,0,0,2
2024-11-16,Child care,Gampaha,PRO-CHI-04,0,High,1,0,0,0,0,0,2
2024-11-16,Plumbing,Colombo,PRO-PLU-05,16,High,1,0,0,0,0,0,2
2024-11-16,Electrical repairs,Gampaha,PRO-ELE-03,16,High,1,0,0,0,0,0,2
2024-11-16,Grass cutting,Colombo,PRO-GRA-02,0,High,1,0,0,0,0,0,2
2024-11-16,Grass cutting,Gampaha,PRO-GRA-08,0,High,1,0,0,0,0,0,2
2024-11-16,Grass cutting,Colombo,PRO-GRA-16,0,High,1,0,0,0,0,0,2
2024-11-16,Grass cutting,Colombo,PRO-GRA-07,0,High,1,0,0,0,0,0,2
2024-11-16,Plumbing,Colombo,PRO-PLU-07,15,High,1,0,0,0,0,0,2
2024-11-16,Plumbing,Gampaha,PRO-PLU-06,15,High,1,0,0,0,0,0,2
2024-11-16,Electrical repairs,Gampaha,PRO-ELE-04,16,High,1,0,0,0,0,0,2
2024-11-16,Grass cutting,Colombo,PRO-GRA-03,0,High,1,0,0,0,0,0,2
2024-11-17,Grass cutting,Colombo,PRO-GRA-11,0,High,1,0,0,0,0,0,3
2024-11-17,Plumbing,Colombo,PRO-PLU-03,17,High,1,0,0,0,0,0,3
2024-11-17,Grass cutting,Colombo,PRO-GRA-15,0,High,1,0,0,0,0,0,3
2024-11-17,Plumbing,Colombo,PRO-PLU-02,15,High,1,0,0,0,0,0,3
2024-11-17,Child care,Gampaha,PRO-CHI-06,1,High,1,0,0,0,0,0,3
2024-11-17,Grass cutting,Gampaha,PRO-GRA-17,0,High,1,0,0,0,0,0,3
2024-11-17,Plumbing,Gampaha,PRO-PLU-05,17,High,1,0,0,0,0,0,3
2024-11-17,Plumbing,Gampaha,PRO-PLU-06,15,High,1,0,0,0,0,0,3
2024-11-17,Grass cutting,Colombo,PRO-GRA-08,0,High,1,0,0,0,0,0,3
2024-11-17,Plumbing,Colombo,PRO-PLU-08,16,High,1,0,0,0,0,0,3
2024-11-17,Plumbing,Gampaha,PRO-PLU-04,17,High,1,0,0,0,0,0,3
2024-11-17,Plumbing,Colombo,PRO-PLU-07,17,High,1,0,0,0,0,0,3
2024-11-17,Plumbing,Colombo,PRO-PLU-01,17,High,1,0,0,0,0,0,3
2024-11-17,Electrical repairs,Colombo,PRO-ELE-06,16,High,1,0,0,0,0,0,3
2024-11-18,Plumbing,Gampaha,PRO-PLU-04,2,High,1,0,0,0,0,0,4
2024-11-18,Grass cutting,Colombo,PRO-GRA-14,0,High,1,0,0,0,0,0,4
2024-11-18,Grass cutting,Colombo,PRO-GRA-03,0,High,1,0,0,0,0,0,4
2024-11-18,Grass cutting,Gampaha,PRO-GRA-09,0,High,1,0,0,0,0,0,4
2024-11-18,Child care,Gampaha,PRO-CHI-08,10,High,1,0,0,0,0,0,4
2024-11-18,Plumbing,Colombo,PRO-PLU-05,0,High,1,0,0,0,0,0,4
2024-11-18,Electrical repairs,Colombo,PRO-ELE-08,11,High,1,0,0,0,0,0,4
2024-11-18,Plumbing,Gampaha,PRO-PLU-02,2,High,1,0,0,0,0,0,4
2024-11-18,Grass cutting,Colombo,PRO-GRA-04,0,High,1,0,0,0,0,0,4
2024-11-18,Grass cutting,Colombo,PRO-GRA-02,0,High,1,0,0,0,0,0,4
2024-11-18,Plumbing,Gampaha,PRO-PLU-08,0,High,1,0,0,0,0,0,4
2024-11-18,Grass cutting,Gampaha,PRO-GRA-16,0,High,1,0,0,0,0,0,4
2024-11-18,Grass cutting,Colombo,PRO-GRA-11,0,High,1,0,0,0,0,0,4
2024-11-18,Plumbing,Gampaha,PRO-PLU-06,0,High,1,0,0,0,0,0,4
2024-11-18,Plumbing,Colombo,PRO-PLU-01,1,High,1,0,0,0,0,0,4
2024-11-18,Plumbing,Gampaha,PRO-PLU-07,1,High,1,0,0,0,0,0,4
2024-11-18,Grass cutting,Colombo,PRO-GRA-18,0,High,1,0,0,0,0,0,4
2024-11-18,Plumbing,Colombo,PRO-PLU-03,2,High,1,0,0,0,0,0,4
2024-11-18,Grass cutting,Colombo,PRO-GRA-17,0,High,1,0,0,0,0,0,4
2024-11-19,Plumbing,Colombo,PRO-PLU-04,2,High,1,0,0,0,0,0,5
2024-11-19,Plumbing,Gampaha,PRO-PLU-03,0,High,1,0,0,0,0,0,5
2024-11-19,Plumbing,Colombo,PRO-PLU-02,1,High,1,0,0,0,0,0,5
2024-11-19,Grass cutting,Colombo,PRO-GRA-08,0,High,1,0,0,0,0,0,5
2024-11-19,Child care,Gampaha,PRO-CHI-06,12,High,1,0,0,0,0,0,5
2024-11-19,Plumbing,Colombo,PRO-PLU-05,2,High,1,0,0,0,0,0,5
2024-11-19,Grass cutting,Colombo,PRO-GRA-09,0,High,1,0,0,0,0,0,5
2024-11-19,Electrical repairs,Gampaha,PRO-ELE-06,12,High,1,0,0,0,0,0,5
2024-11-19,Grass cutting,Colombo,PRO-GRA-17,0,High,1,0,0,0,0,0,5
2024-11-19,Grass cutting,Gampaha,PRO-GRA-04,0,High,1,0,0,0,0,0,5
2024-11-19,Plumbing,Gampaha,PRO-PLU-08,2,High,1,0,0,0,0,0,5
2024-11-19,Plumbing,Gampaha,PRO-PLU-07,1,High,1,0,0,0,0,0,5
2024-11-19,Grass cutting,Gampaha,PRO-GRA-11,0,High,1,0,0,0,0,0,5
2024-11-19,Grass cutting,Gampaha,PRO-GRA-13,0,High,1,0,0,0,0,0,5
2024-11-19,Plumbing,Colombo,PRO-PLU-06,1,High,1,0,0,0,0,0,5
2024-11-19,Plumbing,Gampaha,PRO-PLU-01,2,High,1,0,0,0,0,0,5
2024-11-19,Grass cutting,Gampaha,PRO-GRA-16,0,High,1,0,0,0,0,0,5
2024-11-19,Grass cutting,Gampaha,PRO-GRA-05,0,High,1,0,0,0,0,0,5
2024-11-19,Grass cutting,Gampaha,PRO-GRA-06,0,High,1,0,0,0,0,0,5
2024-11-20,Plumbing,Gampaha,PRO-PLU-03,2,High,1,0,0,0,0,0,6
2024-11-20,Grass cutting,Gampaha,PRO-GRA-11,0,High,1,0,0,0,0,0,6
2024-11-20,Plumbing,Colombo,PRO-PLU-05,2,High,1,0,0,0,0,0,6
2024-11-20,Child care,Gampaha,PRO-CHI-05,11,High,1,0,0,0,0,0,6
2024-11-20,Grass cutting,Colombo,PRO-GRA-13,0,High,1,0,0,0,0,0,6
2024-11-20,Grass cutting,Colombo,PRO-GRA-15,0,High,1,0,0,0,0,0,6
2024-11-20,Plumbing,Gampaha,PRO-PLU-06,0,High,1,0,0,0,0,0,6
2024-11-20,Plumbing,Gampaha,PRO-PLU-02,2,High,1,0,0,0,0,0,6
2024-11-20,Plumbing,Colombo,PRO-PLU-08,0,High,1,0,0,0,0,0,6
2024-11-20,Electrical repairs,Colombo,PRO-ELE-05,11,High,1,0,0,0,0,0,6
2024-11-20,Grass cutting,Gampaha,PRO-GRA-07,0,High,1,0,0,0,0,0,6
2024-11-20,Electrical repairs,Colombo,PRO-ELE-03,12,High,1,0,0,0,0,0,6
2024-11-20,Plumbing,Gampaha,PRO-PLU-01,0,High,1,0,0,0,0,0,6
2024-11-20,Plumbing,Colombo,PRO-PLU-04,1,High,1,0,0,0,0,0,6
2024-11-20,Child care,Colombo,PRO-CHI-03,11,High,1,0,0,0,0,0,6
2024-11-20,Grass cutting,Gampaha,PRO-GRA-12,0,High,1,0,0,0,0,0,6
2024-11-21,Plumbing,Colombo,PRO-PLU-08,0,High,1,0,0,0,0,0,7
2024-11-21,Plumbing,Colombo,PRO-PLU-04,0,High,1,0,0,0,0,0,7
2024-11-21,Grass cutting,Gampaha,PRO-GRA-15,0,High,1,0,0,0,0,0,7
2024-11-21,Child care,Gampaha,PRO-CHI-03,12,High,1,0,0,0,0,0,7
2024-11-21,Electrical repairs,Colombo,PRO-ELE-08,11,High,1,0,0,0,0,0,7
2024-11-21,Grass cutting,Gampaha,PRO-GRA-10,0,High,1,0,0,0,0,0,7
2024-11-21,Electrical repairs,Gampaha,PRO-ELE-07,12,High,1,0,0,0,0,0,7
2024-11-21,Plumbing,Colombo,PRO-PLU-06,1,High,1,0,0,0,0,0,7
2024-11-21,Plumbing,Colombo,PRO-PLU-02,2,High,1,0,0,0,0,0,7
2024-11-21,Plumbing,Gampaha,PRO-PLU-03,2,High,1,0,0,0,0,0,7
2024-11-21,Plumbing,Gampaha,PRO-PLU-05,1,High,1,0,0,0,0,0,7
2024-11-21,Electrical repairs,Colombo,PRO-ELE-03,12,High,1,0,0,0,0,0,7
2024-11-21,Child care,Gampaha,PRO-CHI-08,12,High,1,0,0,0,0,0,7
2024-11-21,Grass cutting,Colombo,PRO-GRA-13,0,High,1,0,0,0,0,0,7
2024-11-21,Grass cutting,Gampaha,PRO-GRA-08,0,High,1,0,0,0,0,0,7
2024-11-21,Child care,Colombo,PRO-CHI-07,12,High,1,0,0,0,0,0,7
2024-11-21,Plumbing,Colombo,PRO-PLU-07,1,High,1,0,0,0,0,0,7
2024-11-22,Plumbing,Gampaha,PRO-PLU-02,0,High,1,0,0,0,0,0,8
2024-11-22,Plumbing,Gampaha,PRO-PLU-03,1,High,1,0,0,0,0,0,8
2024-11-22,Child care,Colombo,PRO-CHI-02,11,High,1,0,0,0,0,0,8
2024-11-22,Grass cutting,Gampaha,PRO-GRA-05,0,High,1,0,0,0,0,0,8
2024-11-22,Grass cutting,Colombo,PRO-GRA-04,0,High,1,0,0,0,0,0,8
2024-11-22,Grass cutting,Gampaha,PRO-GRA-12,0,High,1,0,0,0,0,0,8
2024-11-22,Grass cutting,Colombo,PRO-GRA-08,0,High,1,0,0,0,0,0,8
2024-11-22,Grass cutting,Colombo,PRO-GRA-16,0,High,1,0,0,0,0,0,8
2024-11-22,Plumbing,Colombo,PRO-PLU-06,1,High,1,0,0,0,0,0,8
2024-11-22,Electrical repairs,Colombo,PRO-ELE-02,12,High,1,0,0,0,0,0,8
2024-11-22,Plumbing,Colombo,PRO-PLU-07,0,High,1,0,0,0,0,0,8
2024-11-22,Plumbing,Colombo,PRO-PLU-04,2,High,1,0,0,0,0,0,8
2024-11-22,Plumbing,Gampaha,PRO-PLU-01,0,High,1,0,0,0,0,0,8
2024-11-22,Plumbing,Gampaha,PRO-PLU-05,1,High,1,0,0,0,0,0,8
2024-11-22,Grass cutting,Gampaha,PRO-GRA-13,0,High,1,0,0,0,0,0,8
2024-11-22,Grass cutting,Colombo,PRO-GRA-14,0,High,1,0,0,0,0,0,8
2024-11-23,Grass cutting,Gampaha,PRO-GRA-18,25,Low,0,1,0,0,1,1,0
2024-11-23,Plumbing,Colombo,PRO-PLU-06,27,Low,0,1,0,0,1,1,0
2024-11-23,Grass cutting,Colombo,PRO-GRA-14,26,Low,0,1,0,0,1,1,0
2024-11-23,Plumbing,Colombo,PRO-PLU-01,27,Low,0,1,0,0,1,1,0
2024-11-23,Plumbing,Gampaha,PRO-PLU-08,25,Low,0,1,0,0,1,1,0
2024-11-23,Plumbing,Colombo,PRO-PLU-03,27,Low,0,1,0,0,1,1,0
2024-11-23,Grass cutting,Gampaha,PRO-GRA-09,27,Low,0,1,0,0,1,1,0
2024-11-23,Grass cutting,Gampaha,PRO-GRA-08,26,Low,0,1,0,0,1,1,0
2024-11-23,Grass cutting,Gampaha,PRO-GRA-13,25,Low,0,1,0,0,1,1,0
2024-11-23,Plumbing,Gampaha,PRO-PLU-07,26,Low,0,1,0,0,1,1,0
2024-11-23,Electrical repairs,Gampaha,PRO-ELE-07,7,Low,0,1,0,0,1,1,0
2024-11-23,Grass cutting,Colombo,PRO-GRA-16,26,Low,0,1,0,0,1,1,0
2024-11-23,Child care,Gampaha,PRO-CHI-07,1,Low,0,1,0,0,1,1,0
2024-11-23,Child care,Gampaha,PRO-CHI-02,2,Low,0,1,0,0,1,1,0
2024-11-23,Plumbing,Gampaha,PRO-PLU-05,26,Low,0,1,0,0,1,1,0
2024-11-23,Plumbing,Colombo,PRO-PLU-02,25,Low,0,1,0,0,1,1,0
2024-11-23,Electrical repairs,Colombo,PRO-ELE-02,5,Low,0,1,0,0,1,1,0
2024-11-23,Plumbing,Colombo,PRO-PLU-04,26,Low,0,1,0,0,1,1,0
2024-11-24,Electrical repairs,Colombo,PRO-ELE-08,15,High,1,0,0,0,1,0,1
2024-11-24,Plumbing,Gampaha,PRO-PLU-08,41,High,1,0,0,0,1,0,1
2024-11-24,Child care,Colombo,PRO-CHI-05,2,High,1,0,0,0,1,0,1
2024-11-24,Post-construction cleaning,Colombo,PRO-POS-03,2,High,1,0,0,0,1,0,1
2024-11-24,Grass cutting,Gampaha,PRO-GRA-04,0,High,1,0,0,0,1,0,1
2024-11-24,Plumbing,Gampaha,PRO-PLU-04,42,High,1,0,0,0,1,0,1
2024-11-24,Grass cutting,Colombo,PRO-GRA-02,0,High,1,0,0,0,1,0,1
2024-11-24,Planting,Colombo,PRO-PLA-03,1,High,1,0,0,0,1,0,1
2024-11-24,Plumbing,Gampaha,PRO-PLU-07,42,High,1,0,0,0,1,0,1
2024-11-24,Grass cutting,Gampaha,PRO-GRA-16,0,High,1,0,0,0,1,0,1
2024-11-24,Child care,Colombo,PRO-CHI-08,0,High,1,0,0,0,1,0,1
2024-11-24,Grass cutting,Gampaha,PRO-GRA-05,0,High,1,0,0,0,1,0,1
2024-11-24,Electrical repairs,Gampaha,PRO-ELE-05,17,High,1,0,0,0,1,0,1
2024-11-24,Child care,Colombo,PRO-CHI-07,2,High,1,0,0,0,1,0,1
2024-11-24,Electrical repairs,Colombo,PRO-ELE-07,16,High,1,0,0,0,1,0,1
2024-11-24,Plumbing,Colombo,PRO-PLU-05,40,High,1,0,0,0,1,0,1
2024-11-24,Move-in / move-out cleaning,Gampaha,PRO-MOV-03,1,High,1,0,0,0,1,0,1
2024-11-24,Watering,Gampaha,PRO-WAT-01,2,High,1,0,0,0,1,0,1
2024-11-24,Grass cutting,Gampaha,PRO-GRA-03,0,High,1,0,0,0,1,0,1
2024-11-24,Plumbing,Colombo,PRO-PLU-03,40,High,1,0,0,0,1,0,1
2024-11-24,Landscaping,Gampaha,PRO-LAN-03,11,High,1,0,0,0,1,0,1
2024-11-24,Grass cutting,Colombo,PRO-GRA-01,0,High,1,0,0,0,1,0,1
2024-11-24,Plumbing,Gampaha,PRO-PLU-01,41,High,1,0,0,0,1,0,1
2024-11-24,Plumbing,Colombo,PRO-PLU-02,41,High,1,0,0,0,1,0,1
2024-11-24,Plumbing,Gampaha,PRO-PLU-06,41,High,1,0,0,0,1,0,1
2024-11-25,Plumbing,Gampaha,PRO-PLU-03,25,High,1,0,0,0,1,0,2
2024-11-25,Electrical repairs,Colombo,PRO-ELE-01,10,High,1,0,0,0,1,0,2
2024-11-25,Plumbing,Colombo,PRO-PLU-02,27,High,1,0,0,0,1,0,2
2024-11-25,Grass cutting,Gampaha,PRO-GRA-01,0,High,1,0,0,0,1,0,2
2024-11-25,Grass cutting,Gampaha,PRO-GRA-04,0,High,1,0,0,0,1,0,2
2024-11-25,Plumbing,Gampaha,PRO-PLU-05,25,High,1,0,0,0,1,0,2
2024-11-25,Grass cutting,Gampaha,PRO-GRA-03,0,High,1,0,0,0,1,0,2
2024-11-25,Electrical repairs,Gampaha,PRO-ELE-03,12,High,1,0,0,0,1,0,2
2024-11-25,Plumbing,Colombo,PRO-PLU-01,27,High,1,0,0,0,1,0,2
2024-11-25,Grass cutting,Colombo,PRO-GRA-16,0,High,1,0,0,0,1,0,2
2024-11-25,Grass cutting,Colombo,PRO-GRA-15,0,High,1,0,0,0,1,0,2
2024-11-25,Grass cutting,Colombo,PRO-GRA-14,0,High,1,0,0,0,1,0,2
2024-11-25,Grass cutting,Gampaha,PRO-GRA-06,0,High,1,0,0,0,1,0,2
2024-11-25,Grass cutting,Colombo,PRO-GRA-07,0,High,1,0,0,0,1,0,2
2024-11-25,Child care,Gampaha,PRO-CHI-01,12,High,1,0,0,0,1,0,2
2024-11-25,Child care,Colombo,PRO-CHI-03,12,High,1,0,0,0,1,0,2
2024-11-25,Grass cutting,Colombo,PRO-GRA-12,0,High,1,0,0,0,1,0,2
2024-11-25,Plumbing,Gampaha,PRO-PLU-07,27,High,1,0,0,0,1,0,2
2024-11-25,Plumbing,Gampaha,PRO-PLU-06,27,High,1,0,0,0,1,0,2
2024-11-25,Plumbing,Gampaha,PRO-PLU-08,27,High,1,0,0,0,1,0,2
2024-11-26,"Sofa, carpet & curtain cleaning",Gampaha,PRO-SOF-04,10,High,1,0,0,0,1,0,3
2024-11-26,Pet care,Gampaha,PRO-PET-04,1,High,1,0,0,0,1,0,3
2024-11-26,Grass cutting,Colombo,PRO-GRA-07,0,High,1,0,0,0,1,0,3
2024-11-26,Plumbing,Colombo,PRO-PLU-05,25,High,1,0,0,0,1,0,3
2024-11-26,Plumbing,Colombo,PRO-PLU-01,26,High,1,0,0,0,1,0,3
2024-11-26,Grass cutting,Gampaha,PRO-GRA-12,0,High,1,0,0,0,1,0,3
2024-11-26,Grass cutting,Colombo,PRO-GRA-15,0,High,1,0,0,0,1,0,3
2024-11-26,Plumbing,Gampaha,PRO-PLU-02,26,High,1,0,0,0,1,0,3
2024-11-26,Personal assistance,Colombo,PRO-PER-04,9,High,1,0,0,0,1,0,3
2024-11-26,Plumbing,Colombo,PRO-PLU-08,26,High,1,0,0,0,1,0,3
2024-11-26,Electrical repairs,Colombo,PRO-ELE-08,11,High,1,0,0,0,1,0,3
2024-11-26,Plumbing,Colombo,PRO-PLU-03,25,High,1,0,0,0,1,0,3
2024-11-26,Plumbing,Colombo,PRO-PLU-04,25,High,1,0,0,0,1,0,3
2024-11-26,Grass cutting,Gampaha,PRO-GRA-10,0,High,1,0,0,0,1,0,3
2024-11-26,Plumbing,Colombo,PRO-PLU-06,25,High,1,0,0,0,1,0,3
2024-11-26,Child care,Colombo,PRO-CHI-04,11,High,1,0,0,0,1,0,3
2024-11-26,Grass cutting,Gampaha,PRO-GRA-14,0,High,1,0,0,0,1,0,3
2024-11-26,Child care,Colombo,PRO-CHI-06,11,High,1,0,0,0,1,0,3
2024-11-26,Furniture repair,Gampaha,PRO-FUR-04,22,High,1,0,0,0,1,0,3
2024-11-26,Child care,Gampaha,PRO-CHI-08,10,High,1,0,0,0,1,0,3
2024-11-26,Electrical repairs,Gampaha,PRO-ELE-04,12,High,1,0,0,0,1,0,3
2024-11-26,Grass cutting,Gampaha,PRO-GRA-03,0,High,1,0,0,0,1,0,3
2024-11-26,Grass cutting,Gampaha,PRO-GRA-11,0,High,1,0,0,0,1,0,3
2024-11-26,Plumbing,Colombo,PRO-PLU-07,26,High,1,0,0,0,1,0,3
2024-11-26,Electrical repairs,Colombo,PRO-ELE-06,10,High,1,0,0,0,1,0,3
2024-11-26,Grass cutting,Colombo,PRO-GRA-16,0,High,1,0,0,0,1,0,3
2024-11-27,Plumbing,Gampaha,PRO-PLU-06,25,High,1,0,0,0,1,0,4
2024-11-27,Plumbing,Colombo,PRO-PLU-03,27,High,1,0,0,0,1,0,4
2024-11-27,Grass cutting,Colombo,PRO-GRA-01,0,High,1,0,0,0,1,0,4
2024-11-27,Plumbing,Colombo,PRO-PLU-04,25,High,1,0,0,0,1,0,4
2024-11-27,Grass cutting,Colombo,PRO-GRA-03,0,High,1,0,0,0,1,0,4
2024-11-27,Child care,Gampaha,PRO-CHI-02,12,High,1,0,0,0,1,0,4
2024-11-27,Plumbing,Colombo,PRO-PLU-01,25,High,1,0,0,0,1,0,4
2024-11-27,Child care,Gampaha,PRO-CHI-05,10,High,1,0,0,0,1,0,4
2024-11-27,Electrical repairs,Colombo,PRO-ELE-05,11,High,1,0,0,0,1,0,4
2024-11-27,Plumbing,Gampaha,PRO-PLU-08,25,High,1,0,0,0,1,0,4
2024-11-27,Grass cutting,Colombo,PRO-GRA-13,0,High,1,0,0,0,1,0,4
2024-11-27,Grass cutting,Gampaha,PRO-GRA-18,0,High,1,0,0,0,1,0,4
2024-11-27,Grass cutting,Colombo,PRO-GRA-04,0,High,1,0,0,0,1,0,4
2024-11-27,Plumbing,Gampaha,PRO-PLU-05,25,High,1,0,0,0,1,0,4
2024-11-27,Electrical repairs,Colombo,PRO-ELE-02,11,High,1,0,0,0,1,0,4
2024-11-27,Plumbing,Gampaha,PRO-PLU-02,27,High,1,0,0,0,1,0,4
2024-11-27,Grass cutting,Gampaha,PRO-GRA-10,0,High,1,0,0,0,1,0,4
2024-11-28,Plumbing,Colombo,PRO-PLU-02,25,High,1,0,0,0,1,0,5
2024-11-28,Grass cutting,Gampaha,PRO-GRA-12,0,High,1,0,0,0,1,0,5
2024-11-28,Child care,Colombo,PRO-CHI-02,11,High,1,0,0,0,1,0,5
2024-11-28,Plumbing,Gampaha,PRO-PLU-04,27,High,1,0,0,0,1,0,5
2024-11-28,Grass cutting,Colombo,PRO-GRA-10,0,High,1,0,0,0,1,0,5
2024-11-28,Plumbing,Gampaha,PRO-PLU-08,27,High,1,0,0,0,1,0,5
2024-11-28,Grass cutting,Gampaha,PRO-GRA-14,0,High,1,0,0,0,1,0,5
2024-11-28,Plumbing,Colombo,PRO-PLU-05,27,High,1,0,0,0,1,0,5
2024-11-28,Plumbing,Colombo,PRO-PLU-03,26,High,1,0,0,0,1,0,5
2024-11-28,Grass cutting,Gampaha,PRO-GRA-15,0,High,1,0,0,0,1,0,5
2024-11-28,Plumbing,Colombo,PRO-PLU-01,26,High,1,0,0,0,1,0,5
2024-11-28,Plumbing,Colombo,PRO-PLU-07,26,High,1,0,0,0,1,0,5
2024-11-28,Grass cutting,Gampaha,PRO-GRA-03,0,High,1,0,0,0,1,0,5
2024-11-28,Electrical repairs,Colombo,PRO-ELE-02,11,High,1,0,0,0,1,0,5
2024-11-29,Child care,Gampaha,PRO-CHI-07,12,Low,0,1,0,0,1,1,0
2024-11-29,Grass cutting,Gampaha,PRO-GRA-16,26,Low,0,1,0,0,1,1,0
2024-11-29,Grass cutting,Gampaha,PRO-GRA-15,25,Low,0,1,0,0,1,1,0
2024-11-29,Electrical repairs,Gampaha,PRO-ELE-07,0,Low,0,1,0,0,1,1,0
2024-11-29,Plumbing,Colombo,PRO-PLU-02,27,Low,0,1,0,0,1,1,0
2024-11-29,Plumbing,Gampaha,PRO-PLU-04,26,Low,0,1,0,0,1,1,0
2024-11-29,Plumbing,Gampaha,PRO-PLU-01,27,Low,0,1,0,0,1,1,0
2024-11-29,Grass cutting,Colombo,PRO-GRA-17,27,Low,0,1,0,0,1,1,0
2024-11-29,Plumbing,Gampaha,PRO-PLU-08,25,Low,0,1,0,0,1,1,0
2024-11-29,Plumbing,Gampaha,PRO-PLU-06,25,Low,0,1,0,0,1,1,0
2024-11-29,Electrical repairs,Gampaha,PRO-ELE-01,0,Low,0,1,0,0,1,1,0
2024-11-29,Plumbing,Colombo,PRO-PLU-07,27,Low,0,1,0,0,1,1,0
2024-11-29,Grass cutting,Colombo,PRO-GRA-05,26,Low,0,1,0,0,1,1,0
2024-11-29,Grass cutting,Colombo,PRO-GRA-07,26,Low,0,1,0,0,1,1,0
2024-11-29,Plumbing,Colombo,PRO-PLU-05,27,Low,0,1,0,0,1,1,0
2024-11-29,Child care,Colombo,PRO-CHI-01,10,Low,0,1,0,0,1,1,0
2024-11-29,Plumbing,Colombo,PRO-PLU-03,26,Low,0,1,0,0,1,1,0
2024-11-29,Grass cutting,Gampaha,PRO-GRA-14,26,Low,0,1,0,0,1,1,0
2024-11-30,Plumbing,Gampaha,PRO-PLU-03,1,Low,0,1,0,0,1,2,0
2024-11-30,Grass cutting,Gampaha,PRO-GRA-13,2,Low,0,1,0,0,1,2,0
2024-11-30,Child care,Gampaha,PRO-CHI-01,2,Low,0,1,0,0,1,2,0
2024-11-30,Grass cutting,Colombo,PRO-GRA-04,0,Low,0,1,0,0,1,2,0
2024-11-30,Plumbing,Colombo,PRO-PLU-01,2,Low,0,1,0,0,1,2,0
2024-11-30,Plumbing,Gampaha,PRO-PLU-07,1,Low,0,1,0,0,1,2,0
2024-11-30,Electrical repairs,Colombo,PRO-ELE-02,7,Low,0,1,0,0,1,2,0
2024-11-30,Grass cutting,Gampaha,PRO-GRA-12,1,Low,0,1,0,0,1,2,0
2024-11-30,Painting,Gampaha,PRO-PAI-07,26,Low,0,1,0,0,1,2,0
2024-11-30,Child care,Colombo,PRO-CHI-02,1,Low,0,1,0,0,1,2,0
2024-11-30,Plumbing,Gampaha,PRO-PLU-04,1,Low,0,1,0,0,1,2,0
2024-11-30,Plumbing,Colombo,PRO-PLU-02,0,Low,0,1,0,0,1,2,0
2024-11-30,Child care,Colombo,PRO-CHI-08,2,Low,0,1,0,0,1,2,0
2024-11-30,Electrical repairs,Colombo,PRO-ELE-08,7,Low,0,1,0,0,1,2,0
2024-11-30,Plumbing,Colombo,PRO-PLU-05,2,Low,0,1,0,0,1,2,0
2024-11-30,Plumbing,Colombo,PRO-PLU-06,0,Low,0,1,0,0,1,2,0
2024-11-30,Plumbing,Gampaha,PRO-PLU-08,0,Low,0,1,0,0,1,2,0
2024-11-30,Electrical repairs,Gampaha,PRO-ELE-01,5,Low,0,1,0,0,1,2,0
2024-11-30,Grass cutting,Gampaha,PRO-GRA-15,2,Low,0,1,0,0,1,2,0
2024-11-30,Grass cutting,Gampaha,PRO-GRA-07,1,Low,0,1,0,0,1,2,0
2024-12-01,Child care,Colombo,PRO-CHI-07,25,Low,0,1,0,0,1,3,0
2024-12-01,Child care,Colombo,PRO-CHI-02,25,Low,0,1,0,0,1,3,0
2024-12-01,Child care,Colombo,PRO-CHI-06,25,Low,0,1,0,0,1,3,0
2024-12-01,Plumbing,Colombo,PRO-PLU-01,0,Low,0,1,0,0,1,3,0
2024-12-01,Plumbing,Gampaha,PRO-PLU-06,2,Low,0,1,0,0,1,3,0
2024-12-01,Electrical repairs,Colombo,PRO-ELE-02,7,Low,0,1,0,0,1,3,0
2024-12-01,Plumbing,Gampaha,PRO-PLU-03,2,Low,0,1,0,0,1,3,0
2024-12-01,Plumbing,Colombo,PRO-PLU-04,1,Low,0,1,0,0,1,3,0
2024-12-01,Grass cutting,Colombo,PRO-GRA-06,1,Low,0,1,0,0,1,3,0
2024-12-01,Grass cutting,Gampaha,PRO-GRA-05,0,Low,0,1,0,0,1,3,0
2024-12-01,Plumbing,Gampaha,PRO-PLU-08,0,Low,0,1,0,0,1,3,0
2024-12-01,Plumbing,Gampaha,PRO-PLU-02,2,Low,0,1,0,0,1,3,0
2024-12-01,Plumbing,Colombo,PRO-PLU-05,2,Low,0,1,0,0,1,3,0
2024-12-01,Grass cutting,Gampaha,PRO-GRA-13,1,Low,0,1,0,0,1,3,0
2024-12-01,Electrical repairs,Gampaha,PRO-ELE-06,7,Low,0,1,0,0,1,3,0
2024-12-01,Plumbing,Colombo,PRO-PLU-07,1,Low,0,1,0,0,1,3,0
2024-12-01,Grass cutting,Gampaha,PRO-GRA-12,0,Low,0,1,0,0,1,3,0
2024-12-01,Electrical repairs,Gampaha,PRO-ELE-07,5,Low,0,1,0,0,1,3,0
2024-12-02,Electrical repairs,Colombo,PRO-ELE-01,2,Low,0,1,0,0,1,4,0
2024-12-02,Plumbing,Gampaha,PRO-PLU-04,2,Low,0,1,0,0,1,4,0
2024-12-02,Grass cutting,Colombo,PRO-GRA-01,2,Low,0,1,0,0,1,4,0
2024-12-02,Plumbing,Colombo,PRO-PLU-06,0,Low,0,1,0,0,1,4,0
2024-12-02,Painting,Gampaha,PRO-PAI-01,40,Low,0,1,0,0,1,4,0
2024-12-02,Grass cutting,Gampaha,PRO-GRA-10,2,Low,0,1,0,0,1,4,0
2024-12-02,Plumbing,Colombo,PRO-PLU-05,0,Low,0,1,0,0,1,4,0
2024-12-02,Grass cutting,Colombo,PRO-GRA-14,2,Low,0,1,0,0,1,4,0
2024-12-02,Plumbing,Gampaha,PRO-PLU-08,0,Low,0,1,0,0,1,4,0
2024-12-02,Plumbing,Gampaha,PRO-PLU-02,1,Low,0,1,0,0,1,4,0
2024-12-02,Grass cutting,Colombo,PRO-GRA-15,2,Low,0,1,0,0,1,4,0
2024-12-02,Grass cutting,Colombo,PRO-GRA-07,2,Low,0,1,0,0,1,4,0
2024-12-02,Grass cutting,Gampaha,PRO-GRA-17,1,Low,0,1,0,0,1,4,0
2024-12-02,Plumbing,Colombo,PRO-PLU-03,0,Low,0,1,0,0,1,4,0
2024-12-02,Child care,Gampaha,PRO-CHI-07,35,Low,0,1,0,0,1,4,0
2024-12-02,Painting,Gampaha,PRO-PAI-10,42,Low,0,1,0,0,1,4,0
2024-12-02,Plumbing,Gampaha,PRO-PLU-07,2,Low,0,1,0,0,1,4,0
2024-12-02,Grass cutting,Gampaha,PRO-GRA-04,1,Low,0,1,0,0,1,4,0
2024-12-02,Child care,Colombo,PRO-CHI-01,37,Low,0,1,0,0,1,4,0
2024-12-02,Plumbing,Colombo,PRO-PLU-01,1,Low,0,1,0,0,1,4,0
2024-12-02,Grass cutting,Gampaha,PRO-GRA-16,0,Low,0,1,0,0,1,4,0
2024-12-02,Electrical repairs,Colombo,PRO-ELE-07,2,Low,0,1,0,0,1,4,0
2024-12-03,Grass cutting,Gampaha,PRO-GRA-18,17,Low,0,1,0,0,1,5,0
2024-12-03,Electrical repairs,Colombo,PRO-ELE-01,2,Low,0,1,0,0,1,5,0
2024-12-03,Electrical repairs,Colombo,PRO-ELE-03,1,Low,0,1,0,0,1,5,0
2024-12-03,Plumbing,Gampaha,PRO-PLU-07,1,Low,0,1,0,0,1,5,0
2024-12-03,Child care,Colombo,PRO-CHI-01,36,Low,0,1,0,0,1,5,0
2024-12-03,Grass cutting,Colombo,PRO-GRA-07,16,Low,0,1,0,0,1,5,0
2024-12-03,Plumbing,Colombo,PRO-PLU-01,1,Low,0,1,0,0,1,5,0
2024-12-03,Plumbing,Gampaha,PRO-PLU-03,2,Low,0,1,0,0,1,5,0
2024-12-03,Grass cutting,Colombo,PRO-GRA-15,17,Low,0,1,0,0,1,5,0
2024-12-03,Plumbing,Gampaha,PRO-PLU-05,0,Low,0,1,0,0,1,5,0
2024-12-03,Plumbing,Colombo,PRO-PLU-02,1,Low,0,1,0,0,1,5,0
2024-12-03,Child care,Colombo,PRO-CHI-03,35,Low,0,1,0,0,1,5,0
2024-12-03,Grass cutting,Gampaha,PRO-GRA-04,17,Low,0,1,0,0,1,5,0
2024-12-03,Plumbing,Gampaha,PRO-PLU-06,1,Low,0,1,0,0,1,5,0
2024-12-03,Plumbing,Gampaha,PRO-PLU-08,0,Low,0,1,0,0,1,5,0
2024-12-04,Grass cutting,Gampaha,PRO-GRA-12,17,Low,0,1,0,0,1,6,0
2024-12-04,Electrical repairs,Gampaha,PRO-ELE-08,1,Low,0,1,0,0,1,6,0
2024-12-04,Watering,Colombo,PRO-WAT-03,27,Low,0,1,0,0,1,6,0
2024-12-04,Child care,Colombo,PRO-CHI-01,37,Low,0,1,0,0,1,6,0
2024-12-04,Electrical repairs,Gampaha,PRO-ELE-05,1,Low,0,1,0,0,1,6,0
2024-12-04,Electrical repairs,Colombo,PRO-ELE-04,0,Low,0,1,0,0,1,6,0
2024-12-04,Grass cutting,Colombo,PRO-GRA-10,17,Low,0,1,0,0,1,6,0
2024-12-04,Plumbing,Gampaha,PRO-PLU-06,2,Low,0,1,0,0,1,6,0
2024-12-04,Child care,Colombo,PRO-CHI-05,37,Low,0,1,0,0,1,6,0
2024-12-04,Plumbing,Colombo,PRO-PLU-04,1,Low,0,1,0,0,1,6,0
2024-12-04,Plumbing,Colombo,PRO-PLU-08,0,Low,0,1,0,0,1,6,0
2024-12-04,Grass cutting,Gampaha,PRO-GRA-08,15,Low,0,1,0,0,1,6,0
2024-12-04,Plumbing,Gampaha,PRO-PLU-01,1,Low,0,1,0,0,1,6,0
2024-12-04,Child care,Colombo,PRO-CHI-08,37,Low,0,1,0,0,1,6,0
2024-12-04,Plumbing,Gampaha,PRO-PLU-02,0,Low,0,1,0,0,1,6,0
2024-12-04,Electrical repairs,Gampaha,PRO-ELE-01,2,Low,0,1,0,0,1,6,0
2024-12-04,Child care,Gampaha,PRO-CHI-04,36,Low,0,1,0,0,1,6,0
2024-12-04,Plumbing,Gampaha,PRO-PLU-03,2,Low,0,1,0,0,1,6,0
2024-12-04,Watering,Colombo,PRO-WAT-02,25,Low,0,1,0,0,1,6,0
2024-12-04,Plumbing,Colombo,PRO-PLU-05,0,Low,0,1,0,0,1,6,0
2024-12-04,Plumbing,Gampaha,PRO-PLU-07,2,Low,0,1,0,0,1,6,0
2024-12-05,Plumbing,Gampaha,PRO-PLU-01,1,Low,0,1,0,0,1,7,0
2024-12-05,Grass cutting,Gampaha,PRO-GRA-11,17,Low,0,1,0,0,1,7,0
2024-12-05,Grass cutting,Gampaha,PRO-GRA-05,15,Low,0,1,0,0,1,7,0
2024-12-05,Post-construction cleaning,Colombo,PRO-POS-03,15,Low,0,1,0,0,1,7,0
2024-12-05,Landscaping,Gampaha,PRO-LAN-03,10,Low,0,1,0,0,1,7,0
2024-12-05,Electrical repairs,Colombo,PRO-ELE-02,1,Low,0,1,0,0,1,7,0
2024-12-05,Grass cutting,Colombo,PRO-GRA-09,17,Low,0,1,0,0,1,7,0
2024-12-05,Electrical repairs,Gampaha,PRO-ELE-05,1,Low,0,1,0,0,1,7,0
2024-12-05,Child care,Colombo,PRO-CHI-02,35,Low,0,1,0,0,1,7,0
2024-12-05,Plumbing,Gampaha,PRO-PLU-02,2,Low,0,1,0,0,1,7,0
2024-12-05,Plumbing,Gampaha,PRO-PLU-05,2,Low,0,1,0,0,1,7,0
2024-12-05,Electrical repairs,Colombo,PRO-ELE-06,0,Low,0,1,0,0,1,7,0
2024-12-05,Plumbing,Gampaha,PRO-PLU-08,0,Low,0,1,0,0,1,7,0
2024-12-05,Child care,Colombo,PRO-CHI-05,37,Low,0,1,0,0,1,7,0
2024-12-05,Move-in / move-out cleaning,Colombo,PRO-MOV-03,17,Low,0,1,0,0,1,7,0
2024-12-05,Plumbing,Gampaha,PRO-PLU-07,1,Low,0,1,0,0,1,7,0
2024-12-05,Grass cutting,Gampaha,PRO-GRA-12,17,Low,0,1,0,0,1,7,0
2024-12-05,Planting,Gampaha,PRO-PLA-03,1,Low,0,1,0,0,1,7,0
2024-12-05,Grass cutting,Gampaha,PRO-GRA-17,16,Low,0,1,0,0,1,7,0
2024-12-05,Plumbing,Gampaha,PRO-PLU-06,2,Low,0,1,0,0,1,7,0
2024-12-05,Child care,Gampaha,PRO-CHI-06,37,Low,0,1,0,0,1,7,0
2024-12-05,Plumbing,Colombo,PRO-PLU-03,1,Low,0,1,0,0,1,7,0
2024-12-06,Plumbing,Colombo,PRO-PLU-07,1,Low,0,1,0,0,1,8,0
2024-12-06,Plumbing,Colombo,PRO-PLU-01,0,Low,0,1,0,0,1,8,0
2024-12-06,Grass cutting,Colombo,PRO-GRA-12,15,Low,0,1,0,0,1,8,0
2024-12-06,Watering,Colombo,PRO-WAT-03,26,Low,0,1,0,0,1,8,0
2024-12-06,Grass cutting,Gampaha,PRO-GRA-17,16,Low,0,1,0,0,1,8,0
2024-12-06,Grass cutting,Colombo,PRO-GRA-05,16,Low,0,1,0,0,1,8,0
2024-12-06,Plumbing,Gampaha,PRO-PLU-03,2,Low,0,1,0,0,1,8,0
2024-12-06,Grass cutting,Colombo,PRO-GRA-10,17,Low,0,1,0,0,1,8,0
2024-12-06,Plumbing,Colombo,PRO-PLU-06,0,Low,0,1,0,0,1,8,0
2024-12-06,Grass cutting,Colombo,PRO-GRA-04,15,Low,0,1,0,0,1,8,0
2024-12-06,Grass cutting,Gampaha,PRO-GRA-03,17,Low,0,1,0,0,1,8,0
2024-12-06,Grass cutting,Gampaha,PRO-GRA-14,17,Low,0,1,0,0,1,8,0
2024-12-06,Plumbing,Colombo,PRO-PLU-04,0,Low,0,1,0,0,1,8,0
2024-12-06,Plumbing,Colombo,PRO-PLU-05,2,Low,0,1,0,0,1,8,0
2024-12-06,Grass cutting,Colombo,PRO-GRA-13,16,Low,0,1,0,0,1,8,0
2024-12-06,Grass cutting,Colombo,PRO-GRA-02,15,Low,0,1,0,0,1,8,0
2024-12-06,Grass cutting,Gampaha,PRO-GRA-01,15,Low,0,1,0,0,1,8,0
2024-12-07,Child care,Colombo,PRO-CHI-01,25,Low,0,1,0,0,1,9,0
2024-12-07,Grass cutting,Gampaha,PRO-GRA-02,17,Low,0,1,0,0,1,9,0
2024-12-07,Watering,Colombo,PRO-WAT-02,26,Low,0,1,0,0,1,9,0
2024-12-07,Grass cutting,Gampaha,PRO-GRA-13,17,Low,0,1,0,0,1,9,0
2024-12-07,Plumbing,Colombo,PRO-PLU-07,0,Low,0,1,0,0,1,9,0
2024-12-07,Child care,Colombo,PRO-CHI-06,26,Low,0,1,0,0,1,9,0
2024-12-07,Plumbing,Gampaha,PRO-PLU-03,0,Low,0,1,0,0,1,9,0
2024-12-07,Plumbing,Colombo,PRO-PLU-01,2,Low,0,1,0,0,1,9,0
2024-12-07,Grass cutting,Colombo,PRO-GRA-10,16,Low,0,1,0,0,1,9,0
2024-12-07,Plumbing,Gampaha,PRO-PLU-06,0,Low,0,1,0,0,1,9,0
2024-12-07,Electrical repairs,Colombo,PRO-ELE-01,7,Low,0,1,0,0,1,9,0
2024-12-07,Grass cutting,Colombo,PRO-GRA-01,15,Low,0,1,0,0,1,9,0
2024-12-07,Plumbing,Colombo,PRO-PLU-02,0,Low,0,1,0,0,1,9,0
2024-12-07,Electrical repairs,Colombo,PRO-ELE-06,7,Low,0,1,0,0,1,9,0
2024-12-07,Plumbing,Colombo,PRO-PLU-05,1,Low,0,1,0,0,1,9,0
2024-12-07,Plumbing,Colombo,PRO-PLU-08,2,Low,0,1,0,0,1,9,0
2024-12-08,Grass cutting,Gampaha,PRO-GRA-17,0,High,1,0,0,0,1,0,1
2024-12-08,Plumbing,Gampaha,PRO-PLU-01,16,High,1,0,0,0,1,0,1
2024-12-08,Plumbing,Gampaha,PRO-PLU-05,16,High,1,0,0,0,1,0,1
2024-12-08,Electrical repairs,Gampaha,PRO-ELE-07,15,High,1,0,0,0,1,0,1
2024-12-08,Grass cutting,Colombo,PRO-GRA-14,0,High,1,0,0,0,1,0,1
2024-12-08,Plumbing,Gampaha,PRO-PLU-06,16,High,1,0,0,0,1,0,1
2024-12-08,Electrical repairs,Colombo,PRO-ELE-02,16,High,1,0,0,0,1,0,1
2024-12-08,Grass cutting,Gampaha,PRO-GRA-05,0,High,1,0,0,0,1,0,1
2024-12-08,Child care,Colombo,PRO-CHI-02,27,High,1,0,0,0,1,0,1
2024-12-08,Plumbing,Colombo,PRO-PLU-07,16,High,1,0,0,0,1,0,1
2024-12-08,Plumbing,Colombo,PRO-PLU-02,17,High,1,0,0,0,1,0,1
2024-12-08,Electrical repairs,Colombo,PRO-ELE-04,17,High,1,0,0,0,1,0,1
2024-12-08,Child care,Gampaha,PRO-CHI-04,26,High,1,0,0,0,1,0,1
2024-12-08,Grass cutting,Colombo,PRO-GRA-12,0,High,1,0,0,0,1,0,1
2024-12-08,Plumbing,Gampaha,PRO-PLU-03,16,High,1,0,0,0,1,0,1
2024-12-08,Grass cutting,Gampaha,PRO-GRA-02,0,High,1,0,0,0,1,0,1
2024-12-08,Child care,Gampaha,PRO-CHI-07,25,High,1,0,0,0,1,0,1
2024-12-08,Plumbing,Gampaha,PRO-PLU-04,16,High,1,0,0,0,1,0,1
2024-12-09,Grass cutting,Colombo,PRO-GRA-03,1,Low,0,1,0,0,1,1,0
2024-12-09,Grass cutting,Colombo,PRO-GRA-12,1,Low,0,1,0,0,1,1,0
2024-12-09,Grass cutting,Colombo,PRO-GRA-02,0,Low,0,1,0,0,1,1,0
2024-12-09,Electrical repairs,Gampaha,PRO-ELE-03,0,Low,0,1,0,0,1,1,0
2024-12-09,Plumbing,Colombo,PRO-PLU-01,0,Low,0,1,0,0,1,1,0
2024-12-09,Grass cutting,Colombo,PRO-GRA-13,1,Low,0,1,0,0,1,1,0
2024-12-09,Plumbing,Colombo,PRO-PLU-03,2,Low,0,1,0,0,1,1,0
2024-12-09,Child care,Colombo,PRO-CHI-03,35,Low,0,1,0,0,1,1,0
2024-12-09,Electrical repairs,Colombo,PRO-ELE-07,0,Low,0,1,0,0,1,1,0
2024-12-09,Plumbing,Gampaha,PRO-PLU-07,1,Low,0,1,0,0,1,1,0
2024-12-09,Grass cutting,Colombo,PRO-GRA-09,0,Low,0,1,0,0,1,1,0
2024-12-09,Plumbing,Colombo,PRO-PLU-02,2,Low,0,1,0,0,1,1,0
2024-12-09,Plumbing,Gampaha,PRO-PLU-08,1,Low,0,1,0,0,1,1,0
2024-12-09,Plumbing,Gampaha,PRO-PLU-06,2,Low,0,1,0,0,1,1,0
2024-12-09,Plumbing,Colombo,PRO-PLU-05,1,Low,0,1,0,0,1,1,0
2024-12-09,Child care,Colombo,PRO-CHI-07,35,Low,0,1,0,0,1,1,0
2024-12-10,Child care,Colombo,PRO-CHI-08,36,Low,0,1,0,0,1,2,0
2024-12-10,Electrical repairs,Gampaha,PRO-ELE-06,0,Low,0,1,0,0,1,2,0
2024-12-10,Electrical repairs,Colombo,PRO-ELE-03,2,Low,0,1,0,0,1,2,0
2024-12-10,Grass cutting,Colombo,PRO-GRA-08,1,Low,0,1,0,0,1,2,0
2024-12-10,Plumbing,Gampaha,PRO-PLU-04,2,Low,0,1,0,0,1,2,0
2024-12-10,Plumbing,Gampaha,PRO-PLU-07,1,Low,0,1,0,0,1,2,0
2024-12-10,Child care,Colombo,PRO-CHI-06,37,Low,0,1,0,0,1,2,0
2024-12-10,Child care,Gampaha,PRO-CHI-03,35,Low,0,1,0,0,1,2,0
2024-12-10,Plumbing,Gampaha,PRO-PLU-03,0,Low,0,1,0,0,1,2,0
2024-12-10,Plumbing,Gampaha,PRO-PLU-02,1,Low,0,1,0,0,1,2,0
2024-12-10,Grass cutting,Colombo,PRO-GRA-18,2,Low,0,1,0,0,1,2,0
2024-12-10,Electrical repairs,Gampaha,PRO-ELE-04,0,Low,0,1,0,0,1,2,0
2024-12-10,Electrical repairs,Gampaha,PRO-ELE-08,1,Low,0,1,0,0,1,2,0
2024-12-10,Plumbing,Colombo,PRO-PLU-08,2,Low,0,1,0,0,1,2,0
2024-12-10,Grass cutting,Colombo,PRO-GRA-04,2,Low,0,1,0,0,1,2,0
2024-12-10,Child care,Colombo,PRO-CHI-04,37,Low,0,1,0,0,1,2,0
2024-12-10,Grass cutting,Colombo,PRO-GRA-12,0,Low,0,1,0,0,1,2,0
2024-12-10,Plumbing,Colombo,PRO-PLU-01,1,Low,0,1,0,0,1,2,0
2024-12-10,Plumbing,Gampaha,PRO-PLU-06,2,Low,0,1,0,0,1,2,0
2024-12-11,Grass cutting,Gampaha,PRO-GRA-03,1,Low,0,1,0,0,1,3,0
2024-12-11,Child care,Gampaha,PRO-CHI-03,36,Low,0,1,0,0,1,3,0
2024-12-11,Plumbing,Colombo,PRO-PLU-06,2,Low,0,1,0,0,1,3,0
2024-12-11,Plumbing,Gampaha,PRO-PLU-02,0,Low,0,1,0,0,1,3,0
2024-12-11,Grass cutting,Colombo,PRO-GRA-18,1,Low,0,1,0,0,1,3,0
2024-12-11,Plumbing,Gampaha,PRO-PLU-01,0,Low,0,1,0,0,1,3,0
2024-12-11,Electrical repairs,Gampaha,PRO-ELE-04,2,Low,0,1,0,0,1,3,0
2024-12-11,Electrical repairs,Colombo,PRO-ELE-05,1,Low,0,1,0,0,1,3,0
2024-12-11,Plumbing,Colombo,PRO-PLU-04,2,Low,0,1,0,0,1,3,0
2024-12-11,Child care,Colombo,PRO-CHI-02,37,Low,0,1,0,0,1,3,0
2024-12-11,Electrical repairs,Gampaha,PRO-ELE-02,0,Low,0,1,0,0,1,3,0
2024-12-11,Grass cutting,Colombo,PRO-GRA-15,0,Low,0,1,0,0,1,3,0
2024-12-11,Plumbing,Gampaha,PRO-PLU-07,1,Low,0,1,0,0,1,3,0
2024-12-11,Child care,Gampaha,PRO-CHI-04,35,Low,0,1,0,0,1,3,0
2024-12-11,Child care,Colombo,PRO-CHI-05,36,Low,0,1,0,0,1,3,0
2024-12-11,Plumbing,Colombo,PRO-PLU-05,0,Low,0,1,0,0,1,3,0
2024-12-11,Electrical repairs,Gampaha,PRO-ELE-03,2,Low,0,1,0,0,1,3,0
2024-12-11,Plumbing,Colombo,PRO-PLU-03,1,Low,0,1,0,0,1,3,0
2024-12-12,Electrical repairs,Colombo,PRO-ELE-03,12,High,1,0,0,0,1,0,1
2024-12-12,Plumbing,Colombo,PRO-PLU-05,0,High,1,0,0,0,1,0,1
2024-12-12,Plumbing,Colombo,PRO-PLU-08,1,High,1,0,0,0,1,0,1
2024-12-12,Plumbing,Gampaha,PRO-PLU-07,0,High,1,0,0,0,1,0,1
2024-12-12,Child care,Gampaha,PRO-CHI-03,35,High,1,0,0,0,1,0,1
2024-12-12,Electrical repairs,Colombo,PRO-ELE-02,11,High,1,0,0,0,1,0,1
2024-12-12,Child care,Gampaha,PRO-CHI-01,35,High,1,0,0,0,1,0,1
2024-12-12,Grass cutting,Colombo,PRO-GRA-15,0,High,1,0,0,0,1,0,1
2024-12-12,Plumbing,Colombo,PRO-PLU-04,2,High,1,0,0,0,1,0,1
2024-12-12,Grass cutting,Gampaha,PRO-GRA-09,0,High,1,0,0,0,1,0,1
2024-12-12,Painting,Colombo,PRO-PAI-04,35,High,1,0,0,0,1,0,1
2024-12-12,Grass cutting,Colombo,PRO-GRA-04,0,High,1,0,0,0,1,0,1
2024-12-12,Plumbing,Colombo,PRO-PLU-06,2,High,1,0,0,0,1,0,1
2024-12-12,Plumbing,Colombo,PRO-PLU-03,1,High,1,0,0,0,1,0,1
2024-12-12,Electrical repairs,Colombo,PRO-ELE-01,11,High,1,0,0,0,1,0,1
2024-12-12,Child care,Colombo,PRO-CHI-02,35,High,1,0,0,0,1,0,1
2024-12-12,Plumbing,Gampaha,PRO-PLU-01,2,High,1,0,0,0,1,0,1
2024-12-12,Plumbing,Colombo,PRO-PLU-02,0,High,1,0,0,0,1,0,1
2024-12-12,Grass cutting,Gampaha,PRO-GRA-05,0,High,1,0,0,0,1,0,1
2024-12-13,Grass cutting,Colombo,PRO-GRA-05,0,High,1,0,0,0,1,0,2
2024-12-13,Plumbing,Colombo,PRO-PLU-07,1,High,1,0,0,0,1,0,2
2024-12-13,Plumbing,Colombo,PRO-PLU-01,2,High,1,0,0,0,1,0,2
2024-12-13,Plumbing,Gampaha,PRO-PLU-03,2,High,1,0,0,0,1,0,2
2024-12-13,Plumbing,Gampaha,PRO-PLU-08,1,High,1,0,0,0,1,0,2
2024-12-13,Plumbing,Colombo,PRO-PLU-02,2,High,1,0,0,0,1,0,2
2024-12-13,Grass cutting,Colombo,PRO-GRA-11,0,High,1,0,0,0,1,0,2
2024-12-13,Grass cutting,Colombo,PRO-GRA-14,0,High,1,0,0,0,1,0,2
2024-12-13,Grass cutting,Gampaha,PRO-GRA-18,0,High,1,0,0,0,1,0,2
2024-12-13,Electrical repairs,Colombo,PRO-ELE-08,10,High,1,0,0,0,1,0,2
2024-12-13,Plumbing,Colombo,PRO-PLU-05,0,High,1,0,0,0,1,0,2
2024-12-13,Grass cutting,Gampaha,PRO-GRA-09,0,High,1,0,0,0,1,0,2
2024-12-13,Plumbing,Colombo,PRO-PLU-06,0,High,1,0,0,0,1,0,2
2024-12-13,Child care,Colombo,PRO-CHI-06,36,High,1,0,0,0,1,0,2
2024-12-13,Child care,Gampaha,PRO-CHI-08,36,High,1,0,0,0,1,0,2
2024-12-13,Grass cutting,Gampaha,PRO-GRA-17,0,High,1,0,0,0,1,0,2
2024-12-13,Plumbing,Gampaha,PRO-PLU-04,2,High,1,0,0,0,1,0,2
2024-12-13,Electrical repairs,Colombo,PRO-ELE-06,11,High,1,0,0,0,1,0,2
2024-12-14,Grass cutting,Colombo,PRO-GRA-17,0,High,1,0,1,0,1,0,3
2024-12-14,Grass cutting,Gampaha,PRO-GRA-12,0,High,1,0,1,0,1,0,3
2024-12-14,Plumbing,Gampaha,PRO-PLU-01,17,High,1,0,1,0,1,0,3
2024-12-14,Plumbing,Colombo,PRO-PLU-02,17,High,1,0,1,0,1,0,3
2024-12-14,Grass cutting,Gampaha,PRO-GRA-11,0,High,1,0,1,0,1,0,3
2024-12-14,Plumbing,Gampaha,PRO-PLU-03,16,High,1,0,1,0,1,0,3
2024-12-14,Electrical repairs,Gampaha,PRO-ELE-07,15,High,1,0,1,0,1,0,3
2024-12-14,Child care,Gampaha,PRO-CHI-07,27,High,1,0,1,0,1,0,3
2024-12-14,Plumbing,Colombo,PRO-PLU-07,15,High,1,0,1,0,1,0,3
2024-12-14,Plumbing,Colombo,PRO-PLU-05,17,High,1,0,1,0,1,0,3
2024-12-14,Plumbing,Colombo,PRO-PLU-06,16,High,1,0,1,0,1,0,3
2024-12-14,Grass cutting,Colombo,PRO-GRA-09,0,High,1,0,1,0,1,0,3
2024-12-14,Child care,Colombo,PRO-CHI-08,25,High,1,0,1,0,1,0,3
2024-12-14,Electrical repairs,Colombo,PRO-ELE-08,17,High,1,0,1,0,1,0,3
2024-12-14,Plumbing,Colombo,PRO-PLU-08,16,High,1,0,1,0,1,0,3
2024-12-14,Grass cutting,Colombo,PRO-GRA-06,0,High,1,0,1,0,1,0,3
2024-12-14,Plumbing,Colombo,PRO-PLU-04,16,High,1,0,1,0,1,0,3
2024-12-15,Grass cutting,Colombo,PRO-GRA-05,26,Low,0,1,0,0,1,1,0
2024-12-15,Plumbing,Colombo,PRO-PLU-06,25,Low,0,1,0,0,1,1,0
2024-12-15,Child care,Gampaha,PRO-CHI-01,27,Low,0,1,0,0,1,1,0
2024-12-15,Electrical repairs,Gampaha,PRO-ELE-01,6,Low,0,1,0,0,1,1,0
2024-12-15,Plumbing,Gampaha,PRO-PLU-03,26,Low,0,1,0,0,1,1,0
2024-12-15,Grass cutting,Gampaha,PRO-GRA-08,27,Low,0,1,0,0,1,1,0
2024-12-15,Grass cutting,Colombo,PRO-GRA-16,26,Low,0,1,0,0,1,1,0
2024-12-15,Plumbing,Gampaha,PRO-PLU-07,27,Low,0,1,0,0,1,1,0
2024-12-15,Child care,Gampaha,PRO-CHI-03,25,Low,0,1,0,0,1,1,0
2024-12-15,Electrical repairs,Gampaha,PRO-ELE-03,7,Low,0,1,0,0,1,1,0
2024-12-15,Plumbing,Colombo,PRO-PLU-02,26,Low,0,1,0,0,1,1,0
2024-12-15,Electrical repairs,Colombo,PRO-ELE-08,6,Low,0,1,0,0,1,1,0
2024-12-15,Child care,Gampaha,PRO-CHI-08,25,Low,0,1,0,0,1,1,0
2024-12-15,Plumbing,Gampaha,PRO-PLU-01,27,Low,0,1,0,0,1,1,0
2024-12-15,Plumbing,Colombo,PRO-PLU-08,27,Low,0,1,0,0,1,1,0
2024-12-15,Plumbing,Gampaha,PRO-PLU-05,25,Low,0,1,0,0,1,1,0
2024-12-15,Plumbing,Gampaha,PRO-PLU-04,25,Low,0,1,0,0,1,1,0
2024-12-16,Grass cutting,Gampaha,PRO-GRA-09,0,Low,0,1,0,0,1,2,0
2024-12-16,Plumbing,Gampaha,PRO-PLU-01,1,Low,0,1,0,0,1,2,0
2024-12-16,Plumbing,Colombo,PRO-PLU-04,0,Low,0,1,0,0,1,2,0
2024-12-16,Plumbing,Colombo,PRO-PLU-05,2,Low,0,1,0,0,1,2,0
2024-12-16,Plumbing,Colombo,PRO-PLU-08,1,Low,0,1,0,0,1,2,0
2024-12-16,Plumbing,Gampaha,PRO-PLU-03,0,Low,0,1,0,0,1,2,0
2024-12-16,Grass cutting,Gampaha,PRO-GRA-15,1,Low,0,1,0,0,1,2,0
2024-12-16,Grass cutting,Colombo,PRO-GRA-11,0,Low,0,1,0,0,1,2,0
2024-12-16,Plumbing,Gampaha,PRO-PLU-06,2,Low,0,1,0,0,1,2,0
2024-12-16,Grass cutting,Colombo,PRO-GRA-08,0,Low,0,1,0,0,1,2,0
2024-12-16,Plumbing,Gampaha,PRO-PLU-07,2,Low,0,1,0,0,1,2,0
2024-12-16,Grass cutting,Colombo,PRO-GRA-12,2,Low,0,1,0,0,1,2,0
2024-12-16,Plumbing,Gampaha,PRO-PLU-02,0,Low,0,1,0,0,1,2,0
2024-12-17,Grass cutting,Gampaha,PRO-GRA-03,0,High,1,0,0,0,1,0,1
2024-12-17,Child care,Gampaha,PRO-CHI-04,36,High,1,0,0,0,1,0,1
2024-12-17,Plumbing,Gampaha,PRO-PLU-03,1,High,1,0,0,0,1,0,1
2024-12-17,Grass cutting,Colombo,PRO-GRA-16,0,High,1,0,0,0,1,0,1
2024-12-17,Grass cutting,Colombo,PRO-GRA-09,0,High,1,0,0,0,1,0,1
2024-12-17,Plumbing,Colombo,PRO-PLU-01,2,High,1,0,0,0,1,0,1
2024-12-17,Plumbing,Colombo,PRO-PLU-02,0,High,1,0,0,0,1,0,1
2024-12-17,Child care,Colombo,PRO-CHI-02,37,High,1,0,0,0,1,0,1
2024-12-17,Grass cutting,Gampaha,PRO-GRA-15,0,High,1,0,0,0,1,0,1
2024-12-17,Grass cutting,Colombo,PRO-GRA-01,0,High,1,0,0,0,1,0,1
2024-12-17,Electrical repairs,Gampaha,PRO-ELE-07,12,High,1,0,0,0,1,0,1
2024-12-17,Electrical repairs,Gampaha,PRO-ELE-02,12,High,1,0,0,0,1,0,1
2024-12-17,Plumbing,Gampaha,PRO-PLU-07,0,High,1,0,0,0,1,0,1
2024-12-17,Electrical repairs,Colombo,PRO-ELE-04,10,High,1,0,0,0,1,0,1
2024-12-17,Child care,Gampaha,PRO-CHI-07,35,High,1,0,0,0,1,0,1
2024-12-17,Plumbing,Gampaha,PRO-PLU-04,0,High,1,0,0,0,1,0,1
2024-12-17,Plumbing,Colombo,PRO-PLU-06,1,High,1,0,0,0,1,0,1
2024-12-18,Electrical repairs,Gampaha,PRO-ELE-01,2,Low,0,1,0,0,1,1,0
2024-12-18,Plumbing,Gampaha,PRO-PLU-01,1,Low,0,1,0,0,1,1,0
2024-12-18,Grass cutting,Gampaha,PRO-GRA-14,2,Low,0,1,0,0,1,1,0
2024-12-18,Plumbing,Gampaha,PRO-PLU-04,1,Low,0,1,0,0,1,1,0
2024-12-18,Child care,Gampaha,PRO-CHI-01,35,Low,0,1,0,0,1,1,0
2024-12-18,Plumbing,Colombo,PRO-PLU-06,1,Low,0,1,0,0,1,1,0
2024-12-18,Electrical repairs,Gampaha,PRO-ELE-08,2,Low,0,1,0,0,1,1,0
2024-12-18,Grass cutting,Gampaha,PRO-GRA-09,0,Low,0,1,0,0,1,1,0
2024-12-18,Plumbing,Colombo,PRO-PLU-08,2,Low,0,1,0,0,1,1,0
2024-12-18,Grass cutting,Colombo,PRO-GRA-11,1,Low,0,1,0,0,1,1,0
2024-12-18,Electrical repairs,Colombo,PRO-ELE-06,2,Low,0,1,0,0,1,1,0
2024-12-18,Plumbing,Colombo,PRO-PLU-05,2,Low,0,1,0,0,1,1,0
2024-12-18,Electrical repairs,Colombo,PRO-ELE-04,2,Low,0,1,0,0,1,1,0
2024-12-18,Painting,Colombo,PRO-PAI-02,41,Low,0,1,0,0,1,1,0
2024-12-18,Plumbing,Colombo,PRO-PLU-02,1,Low,0,1,0,0,1,1,0
2024-12-18,Child care,Gampaha,PRO-CHI-04,37,Low,0,1,0,0,1,1,0
2024-12-18,Child care,Colombo,PRO-CHI-06,36,Low,0,1,0,0,1,1,0
2024-12-18,Child care,Gampaha,PRO-CHI-08,35,Low,0,1,0,0,1,1,0
2024-12-18,Grass cutting,Gampaha,PRO-GRA-02,2,Low,0,1,0,0,1,1,0
2024-12-18,Plumbing,Gampaha,PRO-PLU-03,2,Low,0,1,0,0,1,1,0
2024-12-19,Grass cutting,Colombo,PRO-GRA-17,0,Low,0,1,0,0,1,2,0
2024-12-19,Grass cutting,Gampaha,PRO-GRA-18,2,Low,0,1,0,0,1,2,0
2024-12-19,Pet care,Colombo,PRO-PET-03,1,Low,0,1,0,0,1,2,0
2024-12-19,Grass cutting,Gampaha,PRO-GRA-04,0,Low,0,1,0,0,1,2,0
2024-12-19,Furniture repair,Colombo,PRO-FUR-03,22,Low,0,1,0,0,1,2,0
2024-12-19,Plumbing,Gampaha,PRO-PLU-04,1,Low,0,1,0,0,1,2,0
2024-12-19,Grass cutting,Gampaha,PRO-GRA-10,1,Low,0,1,0,0,1,2,0
2024-12-19,Grass cutting,Colombo,PRO-GRA-01,1,Low,0,1,0,0,1,2,0
2024-12-19,Plumbing,Gampaha,PRO-PLU-06,0,Low,0,1,0,0,1,2,0
2024-12-19,"Sofa, carpet & curtain cleaning",Gampaha,PRO-SOF-03,41,Low,0,1,0,0,1,2,0
2024-12-19,Plumbing,Gampaha,PRO-PLU-08,2,Low,0,1,0,0,1,2,0
2024-12-19,Personal assistance,Gampaha,PRO-PER-03,10,Low,0,1,0,0,1,2,0
2024-12-19,Child care,Colombo,PRO-CHI-03,36,Low,0,1,0,0,1,2,0
2024-12-19,Plumbing,Gampaha,PRO-PLU-02,0,Low,0,1,0,0,1,2,0
2024-12-19,Plumbing,Gampaha,PRO-PLU-05,2,Low,0,1,0,0,1,2,0
2024-12-19,Electrical repairs,Gampaha,PRO-ELE-03,1,Low,0,1,0,0,1,2,0
2024-12-19,Electrical repairs,Colombo,PRO-ELE-08,0,Low,0,1,0,0,1,2,0
2024-12-19,Plumbing,Colombo,PRO-PLU-03,0,Low,0,1,0,0,1,2,0
2024-12-19,Plumbing,Colombo,PRO-PLU-01,0,Low,0,1,0,0,1,2,0
2024-12-19,Child care,Colombo,PRO-CHI-08,36,Low,0,1,0,0,1,2,0
2024-12-20,Plumbing,Colombo,PRO-PLU-03,2,High,1,0,0,0,1,0,1
2024-12-20,Plumbing,Gampaha,PRO-PLU-08,0,High,1,0,0,0,1,0,1
2024-12-20,Plumbing,Colombo,PRO-PLU-02,1,High,1,0,0,0,1,0,1
2024-12-20,Grass cutting,Colombo,PRO-GRA-13,0,High,1,0,0,0,1,0,1
2024-12-20,House cleaning,Gampaha,PRO-HOU-02,37,High,1,0,0,0,1,0,1
2024-12-20,Plumbing,Gampaha,PRO-PLU-07,2,High,1,0,0,0,1,0,1
2024-12-20,Plumbing,Gampaha,PRO-PLU-06,1,High,1,0,0,0,1,0,1
2024-12-20,Electrical repairs,Gampaha,PRO-ELE-02,11,High,1,0,0,0,1,0,1
2024-12-20,Plumbing,Gampaha,PRO-PLU-01,1,High,1,0,0,0,1,0,1
2024-12-20,Plumbing,Gampaha,PRO-PLU-05,2,High,1,0,0,0,1,0,1
2024-12-20,Electrical repairs,Gampaha,PRO-ELE-04,10,High,1,0,0,0,1,0,1
2024-12-20,Child care,Gampaha,PRO-CHI-04,35,High,1,0,0,0,1,0,1
2024-12-20,Plumbing,Colombo,PRO-PLU-04,0,High,1,0,0,0,1,0,1
2024-12-20,Grass cutting,Gampaha,PRO-GRA-02,0,High,1,0,0,0,1,0,1
2024-12-20,Child care,Colombo,PRO-CHI-02,37,High,1,0,0,0,1,0,1
2024-12-20,Grass cutting,Colombo,PRO-GRA-16,0,High,1,0,0,0,1,0,1
2024-12-21,Child care,Colombo,PRO-CHI-01,27,High,1,0,1,0,1,0,2
2024-12-21,Child care,Gampaha,PRO-CHI-06,27,High,1,0,1,0,1,0,2
2024-12-21,Electrical repairs,Gampaha,PRO-ELE-01,15,High,1,0,1,0,1,0,2
2024-12-21,Plumbing,Colombo,PRO-PLU-01,16,High,1,0,1,0,1,0,2
2024-12-21,Plumbing,Colombo,PRO-PLU-04,16,High,1,0,1,0,1,0,2
2024-12-21,Grass cutting,Gampaha,PRO-GRA-09,0,High,1,0,1,0,1,0,2
2024-12-21,Plumbing,Colombo,PRO-PLU-06,17,High,1,0,1,0,1,0,2
2024-12-21,House cleaning,Colombo,PRO-HOU-06,16,High,1,0,1,0,1,0,2
2024-12-21,Child care,Gampaha,PRO-CHI-02,27,High,1,0,1,0,1,0,2
2024-12-21,Grass cutting,Gampaha,PRO-GRA-11,0,High,1,0,1,0,1,0,2
2024-12-21,Plumbing,Gampaha,PRO-PLU-03,17,High,1,0,1,0,1,0,2
2024-12-21,Roofing,Gampaha,PRO-ROO-05,31,High,1,0,1,0,1,0,2
2024-12-21,Electrical repairs,Colombo,PRO-ELE-02,17,High,1,0,1,0,1,0,2
2024-12-21,Plumbing,Gampaha,PRO-PLU-05,15,High,1,0,1,0,1,0,2
2024-12-21,Plumbing,Colombo,PRO-PLU-08,16,High,1,0,1,0,1,0,2
2024-12-21,Plumbing,Colombo,PRO-PLU-07,16,High,1,0,1,0,1,0,2
2024-12-21,Grass cutting,Colombo,PRO-GRA-05,0,High,1,0,1,0,1,0,2
2024-12-21,Electrical repairs,Colombo,PRO-ELE-06,15,High,1,0,1,0,1,0,2
2024-12-21,Plumbing,Gampaha,PRO-PLU-02,15,High,1,0,1,0,1,0,2
2024-12-22,Plumbing,Colombo,PRO-PLU-04,17,High,1,0,0,0,1,0,3
2024-12-22,Grass cutting,Colombo,PRO-GRA-05,0,High,1,0,0,0,1,0,3
2024-12-22,Plumbing,Gampaha,PRO-PLU-05,15,High,1,0,0,0,1,0,3
2024-12-22,Plumbing,Gampaha,PRO-PLU-08,16,High,1,0,0,0,1,0,3
2024-12-22,Grass cutting,Gampaha,PRO-GRA-14,0,High,1,0,0,0,1,0,3
2024-12-22,Child care,Colombo,PRO-CHI-02,27,High,1,0,0,0,1,0,3
2024-12-22,Plumbing,Colombo,PRO-PLU-03,15,High,1,0,0,0,1,0,3
2024-12-22,Grass cutting,Colombo,PRO-GRA-16,0,High,1,0,0,0,1,0,3
2024-12-22,Roofing,Gampaha,PRO-ROO-03,47,High,1,0,0,0,1,0,3
2024-12-22,Roofing,Gampaha,PRO-ROO-14,45,High,1,0,0,0,1,0,3
2024-12-22,Grass cutting,Gampaha,PRO-GRA-03,0,High,1,0,0,0,1,0,3
2024-12-22,Plumbing,Gampaha,PRO-PLU-07,16,High,1,0,0,0,1,0,3
2024-12-22,Plumbing,Colombo,PRO-PLU-01,16,High,1,0,0,0,1,0,3
2024-12-22,Plumbing,Colombo,PRO-PLU-02,17,High,1,0,0,0,1,0,3
2024-12-22,Plumbing,Colombo,PRO-PLU-06,15,High,1,0,0,0,1,0,3
2024-12-22,Child care,Gampaha,PRO-CHI-08,27,High,1,0,0,0,1,0,3
2024-12-22,Electrical repairs,Colombo,PRO-ELE-08,17,High,1,0,0,0,1,0,3
2024-12-22,Grass cutting,Gampaha,PRO-GRA-10,0,High,1,0,0,0,1,0,3
2024-12-22,Electrical repairs,Colombo,PRO-ELE-02,17,High,1,0,0,0,1,0,3
2024-12-22,Grass cutting,Colombo,PRO-GRA-07,0,High,1,0,0,0,1,0,3
2024-12-23,Grass cutting,Colombo,PRO-GRA-01,26,Low,0,1,0,0,1,1,0
2024-12-23,Grass cutting,Gampaha,PRO-GRA-03,26,Low,0,1,0,0,1,1,0
2024-12-23,Plumbing,Gampaha,PRO-PLU-07,27,Low,0,1,0,0,1,1,0
2024-12-23,Plumbing,Colombo,PRO-PLU-02,25,Low,0,1,0,0,1,1,0
2024-12-23,Roofing,Colombo,PRO-ROO-03,22,Low,0,1,0,0,1,1,0
2024-12-23,Plumbing,Colombo,PRO-PLU-08,25,Low,0,1,0,0,1,1,0
2024-12-23,Plumbing,Colombo,PRO-PLU-03,25,Low,0,1,0,0,1,1,0
2024-12-23,Child care,Gampaha,PRO-CHI-02,36,Low,0,1,0,0,1,1,0
2024-12-23,Child care,Gampaha,PRO-CHI-04,35,Low,0,1,0,0,1,1,0
2024-12-23,Plumbing,Colombo,PRO-PLU-05,25,Low,0,1,0,0,1,1,0
2024-12-23,Plumbing,Colombo,PRO-PLU-01,27,Low,0,1,0,0,1,1,0
2024-12-23,Electrical repairs,Colombo,PRO-ELE-04,2,Low,0,1,0,0,1,1,0
2024-12-23,Plumbing,Colombo,PRO-PLU-06,27,Low,0,1,0,0,1,1,0
2024-12-23,Electrical repairs,Colombo,PRO-ELE-02,1,Low,0,1,0,0,1,1,0
2024-12-23,Plumbing,Colombo,PRO-PLU-04,25,Low,0,1,0,0,1,1,0
2024-12-24,Electrical repairs,Colombo,PRO-ELE-04,1,Low,0,1,1,0,1,2,0
2024-12-24,Grass cutting,Gampaha,PRO-GRA-06,2,Low,0,1,1,0,1,2,0
2024-12-24,Plumbing,Gampaha,PRO-PLU-05,0,Low,0,1,1,0,1,2,0
2024-12-24,Plumbing,Gampaha,PRO-PLU-01,1,Low,0,1,1,0,1,2,0
2024-12-24,Grass cutting,Gampaha,PRO-GRA-16,1,Low,0,1,1,0,1,2,0
2024-12-24,Plumbing,Colombo,PRO-PLU-03,0,Low,0,1,1,0,1,2,0
2024-12-24,Plumbing,Colombo,PRO-PLU-02,2,Low,0,1,1,0,1,2,0
2024-12-24,Plumbing,Gampaha,PRO-PLU-04,1,Low,0,1,1,0,1,2,0
2024-12-24,Grass cutting,Gampaha,PRO-GRA-12,0,Low,0,1,1,0,1,2,0
2024-12-24,Child care,Gampaha,PRO-CHI-01,25,Low,0,1,1,0,1,2,0
2024-12-24,Child care,Gampaha,PRO-CHI-04,25,Low,0,1,1,0,1,2,0
2024-12-24,Plumbing,Gampaha,PRO-PLU-07,0,Low,0,1,1,0,1,2,0
2024-12-24,House cleaning,Gampaha,PRO-HOU-10,21,Low,0,1,1,0,1,2,0
2024-12-24,Grass cutting,Gampaha,PRO-GRA-10,2,Low,0,1,1,0,1,2,0
2024-12-24,Electrical repairs,Colombo,PRO-ELE-01,2,Low,0,1,1,0,1,2,0
2024-12-24,Plumbing,Gampaha,PRO-PLU-08,2,Low,0,1,1,0,1,2,0
2024-12-24,Plumbing,Gampaha,PRO-PLU-06,1,Low,0,1,1,0,1,2,0
2024-12-25,Plumbing,Colombo,PRO-PLU-05,2,Low,0,1,1,0,1,3,0
2024-12-25,Child care,Gampaha,PRO-CHI-07,25,Low,0,1,1,0,1,3,0
2024-12-25,Grass cutting,Gampaha,PRO-GRA-03,1,Low,0,1,1,0,1,3,0
2024-12-25,Child care,Colombo,PRO-CHI-06,26,Low,0,1,1,0,1,3,0
2024-12-25,Plumbing,Gampaha,PRO-PLU-07,1,Low,0,1,1,0,1,3,0
2024-12-25,Grass cutting,Colombo,PRO-GRA-18,1,Low,0,1,1,0,1,3,0
2024-12-25,Grass cutting,Gampaha,PRO-GRA-14,2,Low,0,1,1,0,1,3,0
2024-12-25,Plumbing,Gampaha,PRO-PLU-02,1,Low,0,1,1,0,1,3,0
2024-12-25,Electrical repairs,Gampaha,PRO-ELE-08,0,Low,0,1,1,0,1,3,0
2024-12-25,Child care,Colombo,PRO-CHI-02,25,Low,0,1,1,0,1,3,0
2024-12-25,Electrical repairs,Colombo,PRO-ELE-06,2,Low,0,1,1,0,1,3,0
2024-12-25,Plumbing,Gampaha,PRO-PLU-08,1,Low,0,1,1,0,1,3,0
2024-12-25,Child care,Gampaha,PRO-CHI-08,27,Low,0,1,1,0,1,3,0
2024-12-25,Electrical repairs,Gampaha,PRO-ELE-02,0,Low,0,1,1,0,1,3,0
2024-12-25,Electrical repairs,Gampaha,PRO-ELE-07,1,Low,0,1,1,0,1,3,0
2024-12-25,Plumbing,Gampaha,PRO-PLU-03,1,Low,0,1,1,0,1,3,0
2024-12-25,Plumbing,Gampaha,PRO-PLU-01,2,Low,0,1,1,0,1,3,0
2024-12-25,Plumbing,Gampaha,PRO-PLU-04,1,Low,0,1,1,0,1,3,0
2024-12-25,Plumbing,Colombo,PRO-PLU-06,2,Low,0,1,1,0,1,3,0
2024-12-26,Child care,Colombo,PRO-CHI-05,36,Low,0,1,0,0,1,4,0
2024-12-26,Grass cutting,Colombo,PRO-GRA-07,0,Low,0,1,0,0,1,4,0
2024-12-26,Plumbing,Colombo,PRO-PLU-04,0,Low,0,1,0,0,1,4,0
2024-12-26,Plumbing,Colombo,PRO-PLU-03,0,Low,0,1,0,0,1,4,0
2024-12-26,Plumbing,Gampaha,PRO-PLU-02,2,Low,0,1,0,0,1,4,0
2024-12-26,Plumbing,Gampaha,PRO-PLU-07,1,Low,0,1,0,0,1,4,0
2024-12-26,Grass cutting,Colombo,PRO-GRA-11,2,Low,0,1,0,0,1,4,0
2024-12-26,Electrical repairs,Gampaha,PRO-ELE-05,2,Low,0,1,0,0,1,4,0
2024-12-26,Grass cutting,Colombo,PRO-GRA-01,1,Low,0,1,0,0,1,4,0
2024-12-26,Plumbing,Colombo,PRO-PLU-08,1,Low,0,1,0,0,1,4,0
2024-12-26,Electrical repairs,Gampaha,PRO-ELE-02,2,Low,0,1,0,0,1,4,0
2024-12-26,Plumbing,Colombo,PRO-PLU-06,1,Low,0,1,0,0,1,4,0
2024-12-26,Plumbing,Gampaha,PRO-PLU-01,1,Low,0,1,0,0,1,4,0
2024-12-26,Plumbing,Colombo,PRO-PLU-05,2,Low,0,1,0,0,1,4,0
2024-12-26,Child care,Gampaha,PRO-CHI-02,35,Low,0,1,0,0,1,4,0
2024-12-27,Plumbing,Gampaha,PRO-PLU-05,1,High,1,0,0,0,1,0,1
2024-12-27,Plumbing,Gampaha,PRO-PLU-02,0,High,1,0,0,0,1,0,1
2024-12-27,Electrical repairs,Gampaha,PRO-ELE-02,10,High,1,0,0,0,1,0,1
2024-12-27,Plumbing,Gampaha,PRO-PLU-04,1,High,1,0,0,0,1,0,1
2024-12-27,Grass cutting,Gampaha,PRO-GRA-02,0,High,1,0,0,0,1,0,1
2024-12-27,Grass cutting,Gampaha,PRO-GRA-05,0,High,1,0,0,0,1,0,1
2024-12-27,Grass cutting,Gampaha,PRO-GRA-10,0,High,1,0,0,0,1,0,1
2024-12-27,Child care,Gampaha,PRO-CHI-02,37,High,1,0,0,0,1,0,1
2024-12-27,Plumbing,Colombo,PRO-PLU-07,1,High,1,0,0,0,1,0,1
2024-12-27,Plumbing,Colombo,PRO-PLU-03,0,High,1,0,0,0,1,0,1
2024-12-27,Plumbing,Gampaha,PRO-PLU-01,1,High,1,0,0,0,1,0,1
2024-12-27,Plumbing,Colombo,PRO-PLU-08,2,High,1,0,0,0,1,0,1
2024-12-27,Grass cutting,Colombo,PRO-GRA-09,0,High,1,0,0,0,1,0,1
2024-12-27,Grass cutting,Gampaha,PRO-GRA-06,0,High,1,0,0,0,1,0,1
2024-12-27,Electrical repairs,Gampaha,PRO-ELE-05,11,High,1,0,0,0,1,0,1
2024-12-27,Child care,Gampaha,PRO-CHI-05,35,High,1,0,0,0,1,0,1
2024-12-27,Grass cutting,Gampaha,PRO-GRA-07,0,High,1,0,0,0,1,0,1
2024-12-27,Plumbing,Colombo,PRO-PLU-06,2,High,1,0,0,0,1,0,1
2024-12-28,Plumbing,Colombo,PRO-PLU-03,0,Low,0,1,0,0,1,1,0
2024-12-28,Plumbing,Colombo,PRO-PLU-02,0,Low,0,1,0,0,1,1,0
2024-12-28,Electrical repairs,Colombo,PRO-ELE-05,5,Low,0,1,0,0,1,1,0
2024-12-28,Grass cutting,Gampaha,PRO-GRA-04,2,Low,0,1,0,0,1,1,0
2024-12-28,Child care,Colombo,PRO-CHI-05,26,Low,0,1,0,0,1,1,0
2024-12-28,Painting,Gampaha,PRO-PAI-09,17,Low,0,1,0,0,1,1,0
2024-12-28,Plumbing,Gampaha,PRO-PLU-04,0,Low,0,1,0,0,1,1,0
2024-12-28,Grass cutting,Colombo,PRO-GRA-08,2,Low,0,1,0,0,1,1,0
2024-12-28,Plumbing,Gampaha,PRO-PLU-06,1,Low,0,1,0,0,1,1,0
2024-12-28,Grass cutting,Gampaha,PRO-GRA-01,0,Low,0,1,0,0,1,1,0
2024-12-28,Grass cutting,Gampaha,PRO-GRA-09,1,Low,0,1,0,0,1,1,0
2024-12-28,Plumbing,Colombo,PRO-PLU-08,0,Low,0,1,0,0,1,1,0
2024-12-28,Electrical repairs,Colombo,PRO-ELE-06,7,Low,0,1,0,0,1,1,0
2024-12-28,Child care,Gampaha,PRO-CHI-06,25,Low,0,1,0,0,1,1,0
2024-12-28,Plumbing,Colombo,PRO-PLU-05,1,Low,0,1,0,0,1,1,0
2024-12-28,Plumbing,Gampaha,PRO-PLU-01,2,Low,0,1,0,0,1,1,0
2024-12-28,Grass cutting,Colombo,PRO-GRA-10,2,Low,0,1,0,0,1,1,0
2024-12-28,Plumbing,Colombo,PRO-PLU-07,2,Low,0,1,0,0,1,1,0
2024-12-28,Grass cutting,Colombo,PRO-GRA-15,0,Low,0,1,0,0,1,1,0
2024-12-29,Plumbing,Gampaha,PRO-PLU-05,0,Low,0,1,0,0,1,2,0
2024-12-29,Grass cutting,Gampaha,PRO-GRA-16,0,Low,0,1,0,0,1,2,0
2024-12-29,Grass cutting,Colombo,PRO-GRA-03,2,Low,0,1,0,0,1,2,0
2024-12-29,Grass cutting,Gampaha,PRO-GRA-04,2,Low,0,1,0,0,1,2,0
2024-12-29,Grass cutting,Colombo,PRO-GRA-08,2,Low,0,1,0,0,1,2,0
2024-12-29,Plumbing,Colombo,PRO-PLU-08,0,Low,0,1,0,0,1,2,0
2024-12-29,Plumbing,Colombo,PRO-PLU-06,1,Low,0,1,0,0,1,2,0
2024-12-29,Electrical repairs,Colombo,PRO-ELE-01,5,Low,0,1,0,0,1,2,0
2024-12-29,Plumbing,Gampaha,PRO-PLU-01,0,Low,0,1,0,0,1,2,0
2024-12-29,Child care,Gampaha,PRO-CHI-01,27,Low,0,1,0,0,1,2,0
2024-12-29,Plumbing,Gampaha,PRO-PLU-03,1,Low,0,1,0,0,1,2,0
2024-12-29,Plumbing,Gampaha,PRO-PLU-07,2,Low,0,1,0,0,1,2,0
2024-12-29,Plumbing,Colombo,PRO-PLU-02,0,Low,0,1,0,0,1,2,0
2024-12-29,Grass cutting,Colombo,PRO-GRA-01,0,Low,0,1,0,0,1,2,0
2024-12-30,Pet care,Colombo,PRO-PET-01,1,High,1,0,0,0,1,0,1
2024-12-30,Grass cutting,Gampaha,PRO-GRA-05,0,High,1,0,0,0,1,0,1
2024-12-30,Child care,Colombo,PRO-CHI-05,37,High,1,0,0,0,1,0,1
2024-12-30,Plumbing,Colombo,PRO-PLU-04,1,High,1,0,0,0,1,0,1
2024-12-30,Plumbing,Colombo,PRO-PLU-03,1,High,1,0,0,0,1,0,1
2024-12-30,"Sofa, carpet & curtain cleaning",Gampaha,PRO-SOF-01,20,High,1,0,0,0,1,0,1
2024-12-30,Electrical repairs,Gampaha,PRO-ELE-06,10,High,1,0,0,0,1,0,1
2024-12-30,Child care,Gampaha,PRO-CHI-06,36,High,1,0,0,0,1,0,1
2024-12-30,Plumbing,Colombo,PRO-PLU-07,1,High,1,0,0,0,1,0,1
2024-12-30,Plumbing,Colombo,PRO-PLU-05,0,High,1,0,0,0,1,0,1
2024-12-30,Grass cutting,Gampaha,PRO-GRA-18,0,High,1,0,0,0,1,0,1
2024-12-30,Electrical repairs,Gampaha,PRO-ELE-05,10,High,1,0,0,0,1,0,1
2024-12-30,Plumbing,Gampaha,PRO-PLU-06,0,High,1,0,0,0,1,0,1
2024-12-30,Plumbing,Colombo,PRO-PLU-02,2,High,1,0,0,0,1,0,1
2024-12-30,Plumbing,Colombo,PRO-PLU-08,2,High,1,0,0,0,1,0,1
2024-12-30,Personal assistance,Gampaha,PRO-PER-01,8,High,1,0,0,0,1,0,1
2024-12-30,Furniture repair,Colombo,PRO-FUR-01,1,High,1,0,0,0,1,0,1
2024-12-30,Grass cutting,Gampaha,PRO-GRA-14,0,High,1,0,0,0,1,0,1
2024-12-30,Grass cutting,Gampaha,PRO-GRA-07,0,High,1,0,0,0,1,0,1
2024-12-31,Move-in / move-out cleaning,Gampaha,PRO-MOV-04,2,High,1,0,0,0,1,0,2
2024-12-31,Grass cutting,Colombo,PRO-GRA-14,0,High,1,0,0,0,1,0,2
2024-12-31,Plumbing,Colombo,PRO-PLU-03,1,High,1,0,0,0,1,0,2
2024-12-31,Plumbing,Colombo,PRO-PLU-07,1,High,1,0,0,0,1,0,2
2024-12-31,Electrical repairs,Gampaha,PRO-ELE-02,10,High,1,0,0,0,1,0,2
2024-12-31,Plumbing,Colombo,PRO-PLU-01,2,High,1,0,0,0,1,0,2
2024-12-31,Plumbing,Gampaha,PRO-PLU-04,1,High,1,0,0,0,1,0,2
2024-12-31,Grass cutting,Gampaha,PRO-GRA-07,0,High,1,0,0,0,1,0,2
2024-12-31,Landscaping,Gampaha,PRO-LAN-04,1,High,1,0,0,0,1,0,2
2024-12-31,Grass cutting,Gampaha,PRO-GRA-12,0,High,1,0,0,0,1,0,2
2024-12-31,Child care,Gampaha,PRO-CHI-02,36,High,1,0,0,0,1,0,2
2024-12-31,Plumbing,Colombo,PRO-PLU-02,0,High,1,0,0,0,1,0,2
2024-12-31,Plumbing,Colombo,PRO-PLU-06,2,High,1,0,0,0,1,0,2
2024-12-31,Post-construction cleaning,Gampaha,PRO-POS-04,2,High,1,0,0,0,1,0,2
2024-12-31,Grass cutting,Gampaha,PRO-GRA-06,0,High,1,0,0,0,1,0,2
2024-12-31,Planting,Gampaha,PRO-PLA-04,1,High,1,0,0,0,1,0,2
2025-01-01,Plumbing,Colombo,PRO-PLU-05,1,High,1,0,0,0,1,0,3
2025-01-01,Plumbing,Gampaha,PRO-PLU-04,1,High,1,0,0,0,1,0,3
2025-01-01,Child care,Colombo,PRO-CHI-03,11,High,1,0,0,0,1,0,3
2025-01-01,Grass cutting,Gampaha,PRO-GRA-06,0,High,1,0,0,0,1,0,3
2025-01-01,Electrical repairs,Gampaha,PRO-ELE-03,12,High,1,0,0,0,1,0,3
2025-01-01,Plumbing,Colombo,PRO-PLU-07,2,High,1,0,0,0,1,0,3
2025-01-01,Plumbing,Gampaha,PRO-PLU-03,2,High,1,0,0,0,1,0,3
2025-01-01,Plumbing,Gampaha,PRO-PLU-08,0,High,1,0,0,0,1,0,3
2025-01-01,Grass cutting,Gampaha,PRO-GRA-15,0,High,1,0,0,0,1,0,3
2025-01-01,Grass cutting,Colombo,PRO-GRA-04,0,High,1,0,0,0,1,0,3
2025-01-01,Child care,Colombo,PRO-CHI-01,12,High,1,0,0,0,1,0,3
2025-01-01,Plumbing,Gampaha,PRO-PLU-06,2,High,1,0,0,0,1,0,3
2025-01-01,Grass cutting,Colombo,PRO-GRA-13,0,High,1,0,0,0,1,0,3
2025-01-01,Plumbing,Gampaha,PRO-PLU-01,2,High,1,0,0,0,1,0,3
2025-01-01,Electrical repairs,Colombo,PRO-ELE-01,11,High,1,0,0,0,1,0,3
2025-01-01,Watering,Gampaha,PRO-WAT-02,0,High,1,0,0,0,1,0,3
2025-01-01,Plumbing,Colombo,PRO-PLU-02,1,High,1,0,0,0,1,0,3
2025-01-02,Plumbing,Gampaha,PRO-PLU-05,27,Low,0,1,0,0,1,1,0
2025-01-02,Plumbing,Gampaha,PRO-PLU-02,25,Low,0,1,0,0,1,1,0
2025-01-02,Plumbing,Colombo,PRO-PLU-03,25,Low,0,1,0,0,1,1,0
2025-01-02,Grass cutting,Gampaha,PRO-GRA-08,26,Low,0,1,0,0,1,1,0
2025-01-02,"Sofa, carpet & curtain cleaning",Gampaha,PRO-SOF-02,25,Low,0,1,0,0,1,1,0
2025-01-02,Grass cutting,Gampaha,PRO-GRA-13,25,Low,0,1,0,0,1,1,0
2025-01-02,Grass cutting,Colombo,PRO-GRA-12,26,Low,0,1,0,0,1,1,0
2025-01-02,Personal assistance,Colombo,PRO-PER-02,8,Low,0,1,0,0,1,1,0
2025-01-02,Electrical repairs,Colombo,PRO-ELE-07,1,Low,0,1,0,0,1,1,0
2025-01-02,Grass cutting,Gampaha,PRO-GRA-14,27,Low,0,1,0,0,1,1,0
2025-01-02,Grass cutting,Colombo,PRO-GRA-01,26,Low,0,1,0,0,1,1,0
2025-01-02,Electrical repairs,Colombo,PRO-ELE-02,0,Low,0,1,0,0,1,1,0
2025-01-02,Grass cutting,Colombo,PRO-GRA-02,27,Low,0,1,0,0,1,1,0
2025-01-02,Plumbing,Gampaha,PRO-PLU-07,27,Low,0,1,0,0,1,1,0
2025-01-02,Grass cutting,Gampaha,PRO-GRA-10,26,Low,0,1,0,0,1,1,0
2025-01-02,Plumbing,Colombo,PRO-PLU-01,25,Low,0,1,0,0,1,1,0
2025-01-02,Plumbing,Colombo,PRO-PLU-06,27,Low,0,1,0,0,1,1,0
2025-01-02,Pet care,Gampaha,PRO-PET-02,0,Low,0,1,0,0,1,1,0
2025-01-02,Plumbing,Colombo,PRO-PLU-08,27,Low,0,1,0,0,1,1,0
2025-01-02,Child care,Colombo,PRO-CHI-07,10,Low,0,1,0,0,1,1,0
2025-01-02,Plumbing,Colombo,PRO-PLU-04,26,Low,0,1,0,0,1,1,0
2025-01-02,Child care,Gampaha,PRO-CHI-02,11,Low,0,1,0,0,1,1,0
2025-01-02,Furniture repair,Colombo,PRO-FUR-02,2,Low,0,1,0,0,1,1,0
2025-01-03,Plumbing,Colombo,PRO-PLU-07,2,Low,0,1,0,0,1,2,0
2025-01-03,Plumbing,Gampaha,PRO-PLU-06,1,Low,0,1,0,0,1,2,0
2025-01-03,Grass cutting,Gampaha,PRO-GRA-15,2,Low,0,1,0,0,1,2,0
2025-01-03,Move-in / move-out cleaning,Gampaha,PRO-MOV-05,7,Low,0,1,0,0,1,2,0
2025-01-03,Pet care,Colombo,PRO-PET-04,2,Low,0,1,0,0,1,2,0
2025-01-03,Personal assistance,Gampaha,PRO-PER-04,10,Low,0,1,0,0,1,2,0
2025-01-03,Child care,Gampaha,PRO-CHI-06,12,Low,0,1,0,0,1,2,0
2025-01-03,Plumbing,Gampaha,PRO-PLU-01,0,Low,0,1,0,0,1,2,0
2025-01-03,Plumbing,Gampaha,PRO-PLU-05,1,Low,0,1,0,0,1,2,0
2025-01-03,Post-construction cleaning,Gampaha,PRO-POS-05,5,Low,0,1,0,0,1,2,0
2025-01-03,Grass cutting,Gampaha,PRO-GRA-14,2,Low,0,1,0,0,1,2,0
2025-01-03,Child care,Gampaha,PRO-CHI-08,12,Low,0,1,0,0,1,2,0
2025-01-03,Grass cutting,Gampaha,PRO-GRA-02,2,Low,0,1,0,0,1,2,0
2025-01-03,Planting,Gampaha,PRO-PLA-05,1,Low,0,1,0,0,1,2,0
2025-01-03,"Sofa, carpet & curtain cleaning",Gampaha,PRO-SOF-04,26,Low,0,1,0,0,1,2,0
2025-01-03,Furniture repair,Gampaha,PRO-FUR-04,2,Low,0,1,0,0,1,2,0
2025-01-03,Electrical repairs,Gampaha,PRO-ELE-06,2,Low,0,1,0,0,1,2,0
2025-01-03,Plumbing,Gampaha,PRO-PLU-08,0,Low,0,1,0,0,1,2,0
2025-01-03,Plumbing,Colombo,PRO-PLU-02,2,Low,0,1,0,0,1,2,0
2025-01-03,Electrical repairs,Gampaha,PRO-ELE-08,2,Low,0,1,0,0,1,2,0
2025-01-03,Grass cutting,Gampaha,PRO-GRA-18,1,Low,0,1,0,0,1,2,0
2025-01-03,Landscaping,Colombo,PRO-LAN-05,12,Low,0,1,0,0,1,2,0
2025-01-03,Plumbing,Gampaha,PRO-PLU-03,0,Low,0,1,0,0,1,2,0
2025-01-04,Plumbing,Gampaha,PRO-PLU-06,2,Low,0,1,0,0,1,3,0
2025-01-04,Grass cutting,Colombo,PRO-GRA-11,1,Low,0,1,0,0,1,3,0
2025-01-04,Plumbing,Colombo,PRO-PLU-07,1,Low,0,1,0,0,1,3,0
2025-01-04,Grass cutting,Colombo,PRO-GRA-03,0,Low,0,1,0,0,1,3,0
2025-01-04,Child care,Gampaha,PRO-CHI-07,2,Low,0,1,0,0,1,3,0
2025-01-04,Grass cutting,Gampaha,PRO-GRA-14,1,Low,0,1,0,0,1,3,0
2025-01-04,Roofing,Colombo,PRO-ROO-11,0,Low,0,1,0,0,1,3,0
2025-01-04,Plumbing,Colombo,PRO-PLU-04,1,Low,0,1,0,0,1,3,0
2025-01-04,Grass cutting,Gampaha,PRO-GRA-17,1,Low,0,1,0,0,1,3,0
2025-01-04,Plumbing,Gampaha,PRO-PLU-03,2,Low,0,1,0,0,1,3,0
2025-01-04,Electrical repairs,Colombo,PRO-ELE-02,6,Low,0,1,0,0,1,3,0
2025-01-04,Plumbing,Colombo,PRO-PLU-08,2,Low,0,1,0,0,1,3,0
2025-01-04,Grass cutting,Gampaha,PRO-GRA-02,0,Low,0,1,0,0,1,3,0
2025-01-04,Electrical repairs,Gampaha,PRO-ELE-07,6,Low,0,1,0,0,1,3,0
2025-01-04,Plumbing,Colombo,PRO-PLU-02,1,Low,0,1,0,0,1,3,0
2025-01-04,Child care,Gampaha,PRO-CHI-04,1,Low,0,1,0,0,1,3,0
2025-01-04,Plumbing,Gampaha,PRO-PLU-01,2,Low,0,1,0,0,1,3,0
2025-01-04,Electrical repairs,Gampaha,PRO-ELE-04,7,Low,0,1,0,0,1,3,0
2025-01-04,Child care,Colombo,PRO-CHI-02,0,Low,0,1,0,0,1,3,0
2025-01-04,Plumbing,Colombo,PRO-PLU-05,1,Low,0,1,0,0,1,3,0
2025-01-05,Grass cutting,Colombo,PRO-GRA-08,2,Low,0,1,0,0,1,4,0
2025-01-05,Child care,Gampaha,PRO-CHI-04,1,Low,0,1,0,0,1,4,0
2025-01-05,Plumbing,Gampaha,PRO-PLU-04,0,Low,0,1,0,0,1,4,0
2025-01-05,Plumbing,Colombo,PRO-PLU-06,2,Low,0,1,0,0,1,4,0
2025-01-05,Grass cutting,Gampaha,PRO-GRA-16,0,Low,0,1,0,0,1,4,0
2025-01-05,House cleaning,Colombo,PRO-HOU-01,42,Low,0,1,0,0,1,4,0
2025-01-05,Plumbing,Colombo,PRO-PLU-03,1,Low,0,1,0,0,1,4,0
2025-01-05,Plumbing,Gampaha,PRO-PLU-02,0,Low,0,1,0,0,1,4,0
2025-01-05,Grass cutting,Colombo,PRO-GRA-05,1,Low,0,1,0,0,1,4,0
2025-01-05,Grass cutting,Gampaha,PRO-GRA-09,1,Low,0,1,0,0,1,4,0
2025-01-05,Electrical repairs,Gampaha,PRO-ELE-04,5,Low,0,1,0,0,1,4,0
2025-01-05,Plumbing,Colombo,PRO-PLU-05,2,Low,0,1,0,0,1,4,0
2025-01-05,Plumbing,Gampaha,PRO-PLU-08,1,Low,0,1,0,0,1,4,0
2025-01-05,Grass cutting,Colombo,PRO-GRA-06,1,Low,0,1,0,0,1,4,0
2025-01-05,Plumbing,Gampaha,PRO-PLU-01,1,Low,0,1,0,0,1,4,0
2025-01-05,Plumbing,Colombo,PRO-PLU-07,0,Low,0,1,0,0,1,4,0
2025-01-05,Grass cutting,Colombo,PRO-GRA-13,0,Low,0,1,0,0,1,4,0
2025-01-06,Grass cutting,Colombo,PRO-GRA-02,17,Low,0,1,0,0,1,5,0
2025-01-06,Grass cutting,Colombo,PRO-GRA-06,16,Low,0,1,0,0,1,5,0
2025-01-06,Plumbing,Gampaha,PRO-PLU-02,2,Low,0,1,0,0,1,5,0
2025-01-06,Child care,Gampaha,PRO-CHI-02,12,Low,0,1,0,0,1,5,0
2025-01-06,Electrical repairs,Gampaha,PRO-ELE-08,1,Low,0,1,0,0,1,5,0
2025-01-06,Child care,Gampaha,PRO-CHI-03,10,Low,0,1,0,0,1,5,0
2025-01-06,Plumbing,Gampaha,PRO-PLU-08,0,Low,0,1,0,0,1,5,0
2025-01-06,Plumbing,Gampaha,PRO-PLU-04,1,Low,0,1,0,0,1,5,0
2025-01-06,Child care,Colombo,PRO-CHI-08,10,Low,0,1,0,0,1,5,0
2025-01-06,House cleaning,Colombo,PRO-HOU-01,57,Low,0,1,0,0,1,5,0
2025-01-06,Electrical repairs,Gampaha,PRO-ELE-02,1,Low,0,1,0,0,1,5,0
2025-01-06,Grass cutting,Gampaha,PRO-GRA-18,16,Low,0,1,0,0,1,5,0
2025-01-06,Grass cutting,Gampaha,PRO-GRA-16,16,Low,0,1,0,0,1,5,0
2025-01-06,Grass cutting,Colombo,PRO-GRA-03,17,Low,0,1,0,0,1,5,0
2025-01-06,Grass cutting,Colombo,PRO-GRA-17,17,Low,0,1,0,0,1,5,0
2025-01-06,Electrical repairs,Colombo,PRO-ELE-03,2,Low,0,1,0,0,1,5,0
2025-01-06,Child care,Gampaha,PRO-CHI-07,12,Low,0,1,0,0,1,5,0
2025-01-06,Plumbing,Gampaha,PRO-PLU-07,2,Low,0,1,0,0,1,5,0
2025-01-06,Electrical repairs,Colombo,PRO-ELE-07,0,Low,0,1,0,0,1,5,0
2025-01-06,Plumbing,Gampaha,PRO-PLU-03,2,Low,0,1,0,0,1,5,0
2025-01-07,Grass cutting,Colombo,PRO-GRA-18,17,Low,0,1,0,0,1,6,0
2025-01-07,Grass cutting,Gampaha,PRO-GRA-13,17,Low,0,1,0,0,1,6,0
2025-01-07,Grass cutting,Colombo,PRO-GRA-01,16,Low,0,1,0,0,1,6,0
2025-01-07,Plumbing,Colombo,PRO-PLU-01,0,Low,0,1,0,0,1,6,0
2025-01-07,Electrical repairs,Colombo,PRO-ELE-02,2,Low,0,1,0,0,1,6,0
2025-01-07,Plumbing,Colombo,PRO-PLU-08,0,Low,0,1,0,0,1,6,0
2025-01-07,Child care,Gampaha,PRO-CHI-02,12,Low,0,1,0,0,1,6,0
2025-01-07,Grass cutting,Gampaha,PRO-GRA-15,15,Low,0,1,0,0,1,6,0
2025-01-07,Grass cutting,Gampaha,PRO-GRA-09,16,Low,0,1,0,0,1,6,0
2025-01-07,Plumbing,Gampaha,PRO-PLU-07,2,Low,0,1,0,0,1,6,0
2025-01-07,Grass cutting,Colombo,PRO-GRA-07,16,Low,0,1,0,0,1,6,0
2025-01-07,Child care,Gampaha,PRO-CHI-06,11,Low,0,1,0,0,1,6,0
2025-01-07,Grass cutting,Gampaha,PRO-GRA-14,16,Low,0,1,0,0,1,6,0
2025-01-07,Plumbing,Colombo,PRO-PLU-06,1,Low,0,1,0,0,1,6,0
2025-01-07,Electrical repairs,Colombo,PRO-ELE-06,0,Low,0,1,0,0,1,6,0
2025-01-07,Plumbing,Colombo,PRO-PLU-03,2,Low,0,1,0,0,1,6,0
2025-01-07,Grass cutting,Colombo,PRO-GRA-16,17,Low,0,1,0,0,1,6,0
2025-01-07,Grass cutting,Colombo,PRO-GRA-10,17,Low,0,1,0,0,1,6,0
2025-01-07,Child care,Gampaha,PRO-CHI-04,12,Low,0,1,0,0,1,6,0
2025-01-07,Electrical repairs,Gampaha,PRO-ELE-04,0,Low,0,1,0,0,1,6,0
2025-01-07,Plumbing,Gampaha,PRO-PLU-02,2,Low,0,1,0,0,1,6,0
2025-01-07,Plumbing,Gampaha,PRO-PLU-04,2,Low,0,1,0,0,1,6,0
2025-01-08,Plumbing,Colombo,PRO-PLU-02,0,Low,0,1,0,0,1,7,0
2025-01-08,Child care,Colombo,PRO-CHI-01,12,Low,0,1,0,0,1,7,0
2025-01-08,Plumbing,Gampaha,PRO-PLU-05,1,Low,0,1,0,0,1,7,0
2025-01-08,Child care,Gampaha,PRO-CHI-06,11,Low,0,1,0,0,1,7,0
2025-01-08,Plumbing,Colombo,PRO-PLU-01,0,Low,0,1,0,0,1,7,0
2025-01-08,Electrical repairs,Gampaha,PRO-ELE-06,0,Low,0,1,0,0,1,7,0
2025-01-08,Plumbing,Gampaha,PRO-PLU-08,0,Low,0,1,0,0,1,7,0
2025-01-08,Electrical repairs,Gampaha,PRO-ELE-03,2,Low,0,1,0,0,1,7,0
2025-01-08,Plumbing,Colombo,PRO-PLU-03,0,Low,0,1,0,0,1,7,0
2025-01-08,Plumbing,Gampaha,PRO-PLU-06,2,Low,0,1,0,0,1,7,0
2025-01-08,Electrical repairs,Colombo,PRO-ELE-01,0,Low,0,1,0,0,1,7,0
2025-01-08,Grass cutting,Gampaha,PRO-GRA-12,15,Low,0,1,0,0,1,7,0
2025-01-08,Child care,Colombo,PRO-CHI-03,10,Low,0,1,0,0,1,7,0
2025-01-08,Grass cutting,Colombo,PRO-GRA-16,17,Low,0,1,0,0,1,7,0
2025-01-08,Plumbing,Colombo,PRO-PLU-04,1,Low,0,1,0,0,1,7,0
2025-01-09,Electrical repairs,Gampaha,PRO-ELE-05,2,Low,0,1,0,0,1,8,0
2025-01-09,Plumbing,Colombo,PRO-PLU-06,0,Low,0,1,0,0,1,8,0
2025-01-09,Grass cutting,Gampaha,PRO-GRA-05,15,Low,0,1,0,0,1,8,0
2025-01-09,Child care,Gampaha,PRO-CHI-02,10,Low,0,1,0,0,1,8,0
2025-01-09,Plumbing,Gampaha,PRO-PLU-02,0,Low,0,1,0,0,1,8,0
2025-01-09,Electrical repairs,Colombo,PRO-ELE-03,1,Low,0,1,0,0,1,8,0
2025-01-09,Child care,Colombo,PRO-CHI-08,11,Low,0,1,0,0,1,8,0
2025-01-09,Plumbing,Colombo,PRO-PLU-03,0,Low,0,1,0,0,1,8,0
2025-01-09,Electrical repairs,Gampaha,PRO-ELE-08,2,Low,0,1,0,0,1,8,0
2025-01-09,Plumbing,Gampaha,PRO-PLU-04,2,Low,0,1,0,0,1,8,0
2025-01-09,Watering,Colombo,PRO-WAT-02,25,Low,0,1,0,0,1,8,0
2025-01-09,Child care,Gampaha,PRO-CHI-03,12,Low,0,1,0,0,1,8,0
2025-01-09,Grass cutting,Colombo,PRO-GRA-18,17,Low,0,1,0,0,1,8,0
2025-01-09,Electrical repairs,Colombo,PRO-ELE-02,1,Low,0,1,0,0,1,8,0
2025-01-09,Plumbing,Colombo,PRO-PLU-05,0,Low,0,1,0,0,1,8,0
2025-01-09,Plumbing,Colombo,PRO-PLU-01,1,Low,0,1,0,0,1,8,0
2025-01-09,Child care,Gampaha,PRO-CHI-05,11,Low,0,1,0,0,1,8,0
2025-01-09,Grass cutting,Colombo,PRO-GRA-09,17,Low,0,1,0,0,1,8,0
2025-01-09,Grass cutting,Gampaha,PRO-GRA-15,16,Low,0,1,0,0,1,8,0
2025-01-09,Plumbing,Gampaha,PRO-PLU-08,0,Low,0,1,0,0,1,8,0
2025-01-09,Plumbing,Colombo,PRO-PLU-07,2,Low,0,1,0,0,1,8,0
2025-01-10,Electrical repairs,Gampaha,PRO-ELE-08,12,High,1,0,0,0,1,0,1
2025-01-10,Child care,Gampaha,PRO-CHI-06,11,High,1,0,0,0,1,0,1
2025-01-10,Electrical repairs,Colombo,PRO-ELE-05,10,High,1,0,0,0,1,0,1
2025-01-10,Grass cutting,Gampaha,PRO-GRA-16,0,High,1,0,0,0,1,0,1
2025-01-10,Grass cutting,Colombo,PRO-GRA-18,0,High,1,0,0,0,1,0,1
2025-01-10,Child care,Colombo,PRO-CHI-08,11,High,1,0,0,0,1,0,1
2025-01-10,Plumbing,Gampaha,PRO-PLU-03,0,High,1,0,0,0,1,0,1
2025-01-10,Plumbing,Gampaha,PRO-PLU-08,2,High,1,0,0,0,1,0,1
2025-01-10,Grass cutting,Colombo,PRO-GRA-01,0,High,1,0,0,0,1,0,1
2025-01-10,Plumbing,Gampaha,PRO-PLU-07,0,High,1,0,0,0,1,0,1
2025-01-10,Child care,Gampaha,PRO-CHI-05,11,High,1,0,0,0,1,0,1
2025-01-10,Plumbing,Colombo,PRO-PLU-01,0,High,1,0,0,0,1,0,1
2025-01-10,Plumbing,Gampaha,PRO-PLU-06,0,High,1,0,0,0,1,0,1
2025-01-10,Plumbing,Colombo,PRO-PLU-02,2,High,1,0,0,0,1,0,1
2025-01-10,Grass cutting,Colombo,PRO-GRA-17,0,High,1,0,0,0,1,0,1
2025-01-10,Electrical repairs,Colombo,PRO-ELE-06,11,High,1,0,0,0,1,0,1
2025-01-10,Plumbing,Gampaha,PRO-PLU-05,2,High,1,0,0,0,1,0,1
2025-01-10,Grass cutting,Colombo,PRO-GRA-15,0,High,1,0,0,0,1,0,1
2025-01-11,Electrical repairs,Gampaha,PRO-ELE-06,7,Low,0,1,0,1,1,1,0
2025-01-11,Plumbing,Colombo,PRO-PLU-01,1,Low,0,1,0,1,1,1,0
2025-01-11,Plumbing,Gampaha,PRO-PLU-03,2,Low,0,1,0,1,1,1,0
2025-01-11,Grass cutting,Colombo,PRO-GRA-13,2,Low,0,1,0,1,1,1,0
2025-01-11,Grass cutting,Gampaha,PRO-GRA-14,1,Low,0,1,0,1,1,1,0
2025-01-11,Plumbing,Colombo,PRO-PLU-08,2,Low,0,1,0,1,1,1,0
2025-01-11,Electrical repairs,Colombo,PRO-ELE-02,6,Low,0,1,0,1,1,1,0
2025-01-11,Plumbing,Gampaha,PRO-PLU-05,2,Low,0,1,0,1,1,1,0
2025-01-11,Plumbing,Gampaha,PRO-PLU-02,0,Low,0,1,0,1,1,1,0
2025-01-11,Plumbing,Colombo,PRO-PLU-07,0,Low,0,1,0,1,1,1,0
2025-01-11,Child care,Gampaha,PRO-CHI-01,1,Low,0,1,0,1,1,1,0
2025-01-11,Grass cutting,Gampaha,PRO-GRA-16,0,Low,0,1,0,1,1,1,0
2025-01-11,Plumbing,Gampaha,PRO-PLU-06,1,Low,0,1,0,1,1,1,0
2025-01-11,Grass cutting,Gampaha,PRO-GRA-02,2,Low,0,1,0,1,1,1,0
2025-01-11,Child care,Gampaha,PRO-CHI-06,2,Low,0,1,0,1,1,1,0
2025-01-11,Child care,Gampaha,PRO-CHI-02,1,Low,0,1,0,1,1,1,0
2025-01-11,Electrical repairs,Gampaha,PRO-ELE-01,7,Low,0,1,0,1,1,1,0
2025-01-12,Grass cutting,Gampaha,PRO-GRA-11,0,High,1,0,0,1,1,0,1
2025-01-12,Electrical repairs,Gampaha,PRO-ELE-08,16,High,1,0,0,1,1,0,1
2025-01-12,Electrical repairs,Colombo,PRO-ELE-04,16,High,1,0,0,1,1,0,1
2025-01-12,Electrical repairs,Gampaha,PRO-ELE-01,15,High,1,0,0,1,1,0,1
2025-01-12,Child care,Colombo,PRO-CHI-08,1,High,1,0,0,1,1,0,1
2025-01-12,Child care,Gampaha,PRO-CHI-05,0,High,1,0,0,1,1,0,1
2025-01-12,Plumbing,Gampaha,PRO-PLU-03,17,High,1,0,0,1,1,0,1
2025-01-12,Child care,Colombo,PRO-CHI-01,1,High,1,0,0,1,1,0,1
2025-01-12,Electrical repairs,Gampaha,PRO-ELE-05,17,High,1,0,0,1,1,0,1
2025-01-12,Grass cutting,Colombo,PRO-GRA-06,0,High,1,0,0,1,1,0,1
2025-01-12,Electrical repairs,Gampaha,PRO-ELE-07,17,High,1,0,0,1,1,0,1
2025-01-12,Plumbing,Colombo,PRO-PLU-02,17,High,1,0,0,1,1,0,1
2025-01-12,Grass cutting,Colombo,PRO-GRA-14,0,High,1,0,0,1,1,0,1
2025-01-12,Plumbing,Colombo,PRO-PLU-06,16,High,1,0,0,1,1,0,1
2025-01-12,Plumbing,Colombo,PRO-PLU-08,17,High,1,0,0,1,1,0,1
2025-01-12,Child care,Gampaha,PRO-CHI-04,0,High,1,0,0,1,1,0,1
2025-01-12,Plumbing,Gampaha,PRO-PLU-07,15,High,1,0,0,1,1,0,1
2025-01-12,Plumbing,Colombo,PRO-PLU-04,17,High,1,0,0,1,1,0,1
2025-01-12,Plumbing,Gampaha,PRO-PLU-01,17,High,1,0,0,1,1,0,1
2025-01-12,Plumbing,Colombo,PRO-PLU-05,15,High,1,0,0,1,1,0,1
2025-01-12,Child care,Gampaha,PRO-CHI-07,1,High,1,0,0,1,1,0,1
2025-01-13,Grass cutting,Colombo,PRO-GRA-01,0,High,1,0,1,0,1,0,2
2025-01-13,Electrical repairs,Gampaha,PRO-ELE-04,10,High,1,0,1,0,1,0,2
2025-01-13,Plumbing,Gampaha,PRO-PLU-02,0,High,1,0,1,0,1,0,2
2025-01-13,Child care,Colombo,PRO-CHI-07,1,High,1,0,1,0,1,0,2
2025-01-13,Electrical repairs,Colombo,PRO-ELE-03,11,High,1,0,1,0,1,0,2
2025-01-13,Plumbing,Gampaha,PRO-PLU-03,0,High,1,0,1,0,1,0,2
2025-01-13,Plumbing,Gampaha,PRO-PLU-06,0,High,1,0,1,0,1,0,2
2025-01-13,Electrical repairs,Gampaha,PRO-ELE-02,11,High,1,0,1,0,1,0,2
2025-01-13,Electrical repairs,Gampaha,PRO-ELE-07,12,High,1,0,1,0,1,0,2
2025-01-13,Plumbing,Colombo,PRO-PLU-04,1,High,1,0,1,0,1,0,2
2025-01-13,Plumbing,Colombo,PRO-PLU-07,1,High,1,0,1,0,1,0,2
2025-01-13,Grass cutting,Gampaha,PRO-GRA-09,0,High,1,0,1,0,1,0,2
2025-01-13,Child care,Colombo,PRO-CHI-04,2,High,1,0,1,0,1,0,2
2025-01-13,Plumbing,Gampaha,PRO-PLU-01,0,High,1,0,1,0,1,0,2
2025-01-13,Child care,Colombo,PRO-CHI-02,0,High,1,0,1,0,1,0,2
2025-01-13,Child care,Gampaha,PRO-CHI-03,0,High,1,0,1,0,1,0,2
2025-01-13,Plumbing,Colombo,PRO-PLU-08,2,High,1,0,1,0,1,0,2
2025-01-14,Grass cutting,Colombo,PRO-GRA-07,0,High,1,0,1,0,1,0,3
2025-01-14,Plumbing,Colombo,PRO-PLU-07,0,High,1,0,1,0,1,0,3
2025-01-14,Electrical repairs,Colombo,PRO-ELE-05,12,High,1,0,1,0,1,0,3
2025-01-14,Plumbing,Gampaha,PRO-PLU-08,1,High,1,0,1,0,1,0,3
2025-01-14,Child care,Gampaha,PRO-CHI-05,2,High,1,0,1,0,1,0,3
2025-01-14,Grass cutting,Gampaha,PRO-GRA-12,0,High,1,0,1,0,1,0,3
2025-01-14,Plumbing,Gampaha,PRO-PLU-01,1,High,1,0,1,0,1,0,3
2025-01-14,Electrical repairs,Colombo,PRO-ELE-01,10,High,1,0,1,0,1,0,3
2025-01-14,Child care,Colombo,PRO-CHI-01,1,High,1,0,1,0,1,0,3
2025-01-14,Grass cutting,Colombo,PRO-GRA-10,0,High,1,0,1,0,1,0,3
2025-01-14,Plumbing,Gampaha,PRO-PLU-04,2,High,1,0,1,0,1,0,3
2025-01-14,Grass cutting,Colombo,PRO-GRA-17,0,High,1,0,1,0,1,0,3
2025-01-14,Plumbing,Gampaha,PRO-PLU-05,0,High,1,0,1,0,1,0,3
2025-01-14,Plumbing,Colombo,PRO-PLU-02,1,High,1,0,1,0,1,0,3
2025-01-14,Plumbing,Gampaha,PRO-PLU-06,1,High,1,0,1,0,1,0,3
2025-01-15,Child care,Colombo,PRO-CHI-02,11,High,1,0,0,0,0,0,4
2025-01-15,Plumbing,Gampaha,PRO-PLU-06,0,High,1,0,0,0,0,0,4
2025-01-15,Plumbing,Gampaha,PRO-PLU-03,0,High,1,0,0,0,0,0,4
2025-01-15,Plumbing,Colombo,PRO-PLU-07,0,High,1,0,0,0,0,0,4
2025-01-15,Grass cutting,Colombo,PRO-GRA-08,0,High,1,0,0,0,0,0,4
2025-01-15,Grass cutting,Colombo,PRO-GRA-11,0,High,1,0,0,0,0,0,4
2025-01-15,Grass cutting,Gampaha,PRO-GRA-06,0,High,1,0,0,0,0,0,4
2025-01-15,Plumbing,Gampaha,PRO-PLU-02,0,High,1,0,0,0,0,0,4
2025-01-15,Electrical repairs,Gampaha,PRO-ELE-02,11,High,1,0,0,0,0,0,4
2025-01-15,Grass cutting,Colombo,PRO-GRA-09,0,High,1,0,0,0,0,0,4
2025-01-15,Plumbing,Gampaha,PRO-PLU-04,0,High,1,0,0,0,0,0,4
2025-01-15,Electrical repairs,Colombo,PRO-ELE-07,11,High,1,0,0,0,0,0,4
2025-01-15,Electrical repairs,Gampaha,PRO-ELE-04,12,High,1,0,0,0,0,0,4
2025-01-15,Child care,Gampaha,PRO-CHI-07,11,High,1,0,0,0,0,0,4
2025-01-15,Grass cutting,Colombo,PRO-GRA-18,0,High,1,0,0,0,0,0,4
2025-01-15,Plumbing,Gampaha,PRO-PLU-05,1,High,1,0,0,0,0,0,4
2025-01-15,Grass cutting,Gampaha,PRO-GRA-17,0,High,1,0,0,0,0,0,4
2025-01-15,Plumbing,Colombo,PRO-PLU-01,2,High,1,0,0,0,0,0,4
2025-01-15,Child care,Gampaha,PRO-CHI-04,11,High,1,0,0,0,0,0,4
2025-01-16,Plumbing,Colombo,PRO-PLU-03,25,Low,0,1,0,0,0,1,0
2025-01-16,Grass cutting,Gampaha,PRO-GRA-16,27,Low,0,1,0,0,0,1,0
2025-01-16,House cleaning,Gampaha,PRO-HOU-05,5,Low,0,1,0,0,0,1,0
2025-01-16,Grass cutting,Colombo,PRO-GRA-06,25,Low,0,1,0,0,0,1,0
2025-01-16,Plumbing,Colombo,PRO-PLU-06,26,Low,0,1,0,0,0,1,0
2025-01-16,Electrical repairs,Colombo,PRO-ELE-01,0,Low,0,1,0,0,0,1,0
2025-01-16,Grass cutting,Colombo,PRO-GRA-18,27,Low,0,1,0,0,0,1,0
2025-01-16,Grass cutting,Gampaha,PRO-GRA-08,27,Low,0,1,0,0,0,1,0
2025-01-16,Child care,Colombo,PRO-CHI-02,10,Low,0,1,0,0,0,1,0
2025-01-16,Plumbing,Colombo,PRO-PLU-04,26,Low,0,1,0,0,0,1,0
2025-01-16,Grass cutting,Gampaha,PRO-GRA-13,26,Low,0,1,0,0,0,1,0
2025-01-16,Child care,Colombo,PRO-CHI-01,11,Low,0,1,0,0,0,1,0
2025-01-16,Electrical repairs,Gampaha,PRO-ELE-02,1,Low,0,1,0,0,0,1,0
2025-01-16,Plumbing,Colombo,PRO-PLU-05,27,Low,0,1,0,0,0,1,0
2025-01-16,Plumbing,Colombo,PRO-PLU-07,26,Low,0,1,0,0,0,1,0
2025-01-16,Plumbing,Gampaha,PRO-PLU-02,26,Low,0,1,0,0,0,1,0
2025-01-16,Plumbing,Colombo,PRO-PLU-01,25,Low,0,1,0,0,0,1,0
2025-01-16,Plumbing,Gampaha,PRO-PLU-08,27,Low,0,1,0,0,0,1,0
2025-01-17,Child care,Gampaha,PRO-CHI-01,10,Low,0,1,0,0,0,2,0
2025-01-17,Grass cutting,Colombo,PRO-GRA-16,1,Low,0,1,0,0,0,2,0
2025-01-17,Plumbing,Colombo,PRO-PLU-03,1,Low,0,1,0,0,0,2,0
2025-01-17,Electrical repairs,Colombo,PRO-ELE-02,0,Low,0,1,0,0,0,2,0
2025-01-17,Grass cutting,Colombo,PRO-GRA-01,1,Low,0,1,0,0,0,2,0
2025-01-17,Grass cutting,Gampaha,PRO-GRA-02,2,Low,0,1,0,0,0,2,0
2025-01-17,Child care,Gampaha,PRO-CHI-05,10,Low,0,1,0,0,0,2,0
2025-01-17,Plumbing,Colombo,PRO-PLU-05,1,Low,0,1,0,0,0,2,0
2025-01-17,Electrical repairs,Colombo,PRO-ELE-01,0,Low,0,1,0,0,0,2,0
2025-01-17,Electrical repairs,Gampaha,PRO-ELE-05,2,Low,0,1,0,0,0,2,0
2025-01-17,Plumbing,Gampaha,PRO-PLU-04,1,Low,0,1,0,0,0,2,0
2025-01-17,Watering,Colombo,PRO-WAT-05,5,Low,0,1,0,0,0,2,0
2025-01-17,Electrical repairs,Colombo,PRO-ELE-03,2,Low,0,1,0,0,0,2,0
2025-01-17,Plumbing,Gampaha,PRO-PLU-02,2,Low,0,1,0,0,0,2,0
2025-01-17,Child care,Gampaha,PRO-CHI-07,11,Low,0,1,0,0,0,2,0
2025-01-17,Plumbing,Gampaha,PRO-PLU-06,1,Low,0,1,0,0,0,2,0
2025-01-17,Grass cutting,Colombo,PRO-GRA-12,1,Low,0,1,0,0,0,2,0
2025-01-17,Grass cutting,Gampaha,PRO-GRA-15,0,Low,0,1,0,0,0,2,0
2025-01-17,Child care,Colombo,PRO-CHI-02,10,Low,0,1,0,0,0,2,0
2025-01-17,Electrical repairs,Colombo,PRO-ELE-07,0,Low,0,1,0,0,0,2,0
2025-01-17,Grass cutting,Gampaha,PRO-GRA-09,2,Low,0,1,0,0,0,2,0
2025-01-17,Child care,Colombo,PRO-CHI-03,10,Low,0,1,0,0,0,2,0
2025-01-17,Plumbing,Gampaha,PRO-PLU-01,1,Low,0,1,0,0,0,2,0
2025-01-17,Plumbing,Colombo,PRO-PLU-08,2,Low,0,1,0,0,0,2,0
2025-01-17,Plumbing,Gampaha,PRO-PLU-07,0,Low,0,1,0,0,0,2,0
2025-01-18,Grass cutting,Gampaha,PRO-GRA-09,0,High,1,0,0,0,0,0,1
2025-01-18,Grass cutting,Colombo,PRO-GRA-07,0,High,1,0,0,0,0,0,1
2025-01-18,Electrical repairs,Colombo,PRO-ELE-02,15,High,1,0,0,0,0,0,1
2025-01-18,Plumbing,Colombo,PRO-PLU-01,15,High,1,0,0,0,0,0,1
2025-01-18,Grass cutting,Gampaha,PRO-GRA-16,0,High,1,0,0,0,0,0,1
2025-01-18,Plumbing,Colombo,PRO-PLU-07,16,High,1,0,0,0,0,0,1
2025-01-18,Plumbing,Gampaha,PRO-PLU-03,16,High,1,0,0,0,0,0,1
2025-01-18,Child care,Colombo,PRO-CHI-06,0,High,1,0,0,0,0,0,1
2025-01-18,Child care,Gampaha,PRO-CHI-03,2,High,1,0,0,0,0,0,1
2025-01-18,Electrical repairs,Gampaha,PRO-ELE-03,15,High,1,0,0,0,0,0,1
2025-01-18,"Sofa, carpet & curtain cleaning",Gampaha,PRO-SOF-04,1,High,1,0,0,0,0,0,1
2025-01-18,Electrical repairs,Colombo,PRO-ELE-05,17,High,1,0,0,0,0,0,1
2025-01-18,Electrical repairs,Gampaha,PRO-ELE-06,15,High,1,0,0,0,0,0,1
2025-01-18,Child care,Colombo,PRO-CHI-05,2,High,1,0,0,0,0,0,1
2025-01-18,Plumbing,Gampaha,PRO-PLU-08,17,High,1,0,0,0,0,0,1
2025-01-18,Plumbing,Colombo,PRO-PLU-02,15,High,1,0,0,0,0,0,1
2025-01-18,Furniture repair,Gampaha,PRO-FUR-04,6,High,1,0,0,0,0,0,1
2025-01-18,Pet care,Colombo,PRO-PET-04,2,High,1,0,0,0,0,0,1
2025-01-18,Plumbing,Gampaha,PRO-PLU-04,16,High,1,0,0,0,0,0,1
2025-01-18,Plumbing,Colombo,PRO-PLU-06,16,High,1,0,0,0,0,0,1
2025-01-18,Plumbing,Colombo,PRO-PLU-05,16,High,1,0,0,0,0,0,1
2025-01-18,Grass cutting,Gampaha,PRO-GRA-12,0,High,1,0,0,0,0,0,1
2025-01-18,Personal assistance,Gampaha,PRO-PER-04,2,High,1,0,0,0,0,0,1
2025-01-18,Grass cutting,Gampaha,PRO-GRA-14,0,High,1,0,0,0,0,0,1
2025-01-18,Grass cutting,Gampaha,PRO-GRA-15,0,High,1,0,0,0,0,0,1
2025-01-18,Child care,Gampaha,PRO-CHI-02,0,High,1,0,0,0,0,0,1
2025-01-19,Plumbing,Colombo,PRO-PLU-07,17,High,1,0,0,0,0,0,2
2025-01-19,Grass cutting,Gampaha,PRO-GRA-04,0,High,1,0,0,0,0,0,2
2025-01-19,Child care,Colombo,PRO-CHI-04,1,High,1,0,0,0,0,0,2
2025-01-19,Plumbing,Colombo,PRO-PLU-06,17,High,1,0,0,0,0,0,2
2025-01-19,Electrical repairs,Gampaha,PRO-ELE-04,16,High,1,0,0,0,0,0,2
2025-01-19,Grass cutting,Gampaha,PRO-GRA-03,0,High,1,0,0,0,0,0,2
2025-01-19,Plumbing,Colombo,PRO-PLU-01,16,High,1,0,0,0,0,0,2
2025-01-19,Plumbing,Gampaha,PRO-PLU-03,17,High,1,0,0,0,0,0,2
2025-01-19,Plumbing,Gampaha,PRO-PLU-04,15,High,1,0,0,0,0,0,2
2025-01-19,Grass cutting,Colombo,PRO-GRA-12,0,High,1,0,0,0,0,0,2
2025-01-19,Plumbing,Colombo,PRO-PLU-02,16,High,1,0,0,0,0,0,2
2025-01-19,Plumbing,Colombo,PRO-PLU-05,16,High,1,0,0,0,0,0,2
2025-01-19,Grass cutting,Gampaha,PRO-GRA-15,0,High,1,0,0,0,0,0,2
2025-01-19,Plumbing,Gampaha,PRO-PLU-08,17,High,1,0,0,0,0,0,2
2025-01-19,Grass cutting,Colombo,PRO-GRA-02,0,High,1,0,0,0,0,0,2
2025-01-20,Plumbing,Colombo,PRO-PLU-06,2,High,1,0,0,0,0,0,3
2025-01-20,Plumbing,Gampaha,PRO-PLU-01,2,High,1,0,0,0,0,0,3
2025-01-20,Grass cutting,Gampaha,PRO-GRA-12,0,High,1,0,0,0,0,0,3
2025-01-20,Plumbing,Colombo,PRO-PLU-05,0,High,1,0,0,0,0,0,3
2025-01-20,Grass cutting,Colombo,PRO-GRA-06,0,High,1,0,0,0,0,0,3
2025-01-20,Plumbing,Colombo,PRO-PLU-07,0,High,1,0,0,0,0,0,3
2025-01-20,Electrical repairs,Gampaha,PRO-ELE-05,11,High,1,0,0,0,0,0,3
2025-01-20,Electrical repairs,Gampaha,PRO-ELE-01,12,High,1,0,0,0,0,0,3
2025-01-20,Electrical repairs,Colombo,PRO-ELE-07,10,High,1,0,0,0,0,0,3
2025-01-20,Child care,Colombo,PRO-CHI-08,11,High,1,0,0,0,0,0,3
2025-01-20,Child care,Colombo,PRO-CHI-05,11,High,1,0,0,0,0,0,3
2025-01-20,Plumbing,Colombo,PRO-PLU-08,2,High,1,0,0,0,0,0,3
2025-01-20,Child care,Gampaha,PRO-CHI-01,10,High,1,0,0,0,0,0,3
2025-01-20,Plumbing,Gampaha,PRO-PLU-04,2,High,1,0,0,0,0,0,3
2025-01-20,Child care,Colombo,PRO-CHI-07,10,High,1,0,0,0,0,0,3
2025-01-20,Electrical repairs,Colombo,PRO-ELE-08,10,High,1,0,0,0,0,0,3
2025-01-20,Grass cutting,Gampaha,PRO-GRA-17,0,High,1,0,0,0,0,0,3
2025-01-21,Plumbing,Colombo,PRO-PLU-06,1,High,1,0,0,0,0,0,4
2025-01-21,Child care,Colombo,PRO-CHI-03,11,High,1,0,0,0,0,0,4
2025-01-21,Plumbing,Gampaha,PRO-PLU-08,2,High,1,0,0,0,0,0,4
2025-01-21,Plumbing,Colombo,PRO-PLU-07,0,High,1,0,0,0,0,0,4
2025-01-21,Electrical repairs,Gampaha,PRO-ELE-03,12,High,1,0,0,0,0,0,4
2025-01-21,Plumbing,Gampaha,PRO-PLU-04,2,High,1,0,0,0,0,0,4
2025-01-21,Plumbing,Colombo,PRO-PLU-02,2,High,1,0,0,0,0,0,4
2025-01-21,Plumbing,Gampaha,PRO-PLU-03,2,High,1,0,0,0,0,0,4
2025-01-21,Plumbing,Colombo,PRO-PLU-05,1,High,1,0,0,0,0,0,4
2025-01-21,Grass cutting,Gampaha,PRO-GRA-14,0,High,1,0,0,0,0,0,4
2025-01-22,Grass cutting,Colombo,PRO-GRA-01,0,High,1,0,0,0,0,0,5
2025-01-22,Grass cutting,Gampaha,PRO-GRA-04,0,High,1,0,0,0,0,0,5
2025-01-22,Child care,Colombo,PRO-CHI-08,12,High,1,0,0,0,0,0,5
2025-01-22,Plumbing,Gampaha,PRO-PLU-02,0,High,1,0,0,0,0,0,5
2025-01-22,Plumbing,Colombo,PRO-PLU-08,0,High,1,0,0,0,0,0,5
2025-01-22,Child care,Colombo,PRO-CHI-03,10,High,1,0,0,0,0,0,5
2025-01-22,Grass cutting,Colombo,PRO-GRA-12,0,High,1,0,0,0,0,0,5
2025-01-22,Grass cutting,Gampaha,PRO-GRA-03,0,High,1,0,0,0,0,0,5
2025-01-22,Grass cutting,Colombo,PRO-GRA-07,0,High,1,0,0,0,0,0,5
2025-01-22,Child care,Gampaha,PRO-CHI-06,10,High,1,0,0,0,0,0,5
2025-01-22,Electrical repairs,Gampaha,PRO-ELE-06,12,High,1,0,0,0,0,0,5
2025-01-22,Grass cutting,Colombo,PRO-GRA-09,0,High,1,0,0,0,0,0,5
2025-01-22,Plumbing,Gampaha,PRO-PLU-03,1,High,1,0,0,0,0,0,5
2025-01-22,Grass cutting,Colombo,PRO-GRA-13,0,High,1,0,0,0,0,0,5
2025-01-22,Plumbing,Gampaha,PRO-PLU-07,1,High,1,0,0,0,0,0,5
2025-01-22,Grass cutting,Gampaha,PRO-GRA-16,0,High,1,0,0,0,0,0,5
2025-01-22,Plumbing,Gampaha,PRO-PLU-06,1,High,1,0,0,0,0,0,5
2025-01-22,Plumbing,Gampaha,PRO-PLU-04,1,High,1,0,0,0,0,0,5
2025-01-22,Plumbing,Gampaha,PRO-PLU-05,0,High,1,0,0,0,0,0,5
2025-01-22,Painting,Colombo,PRO-PAI-01,0,High,1,0,0,0,0,0,5
2025-01-22,Painting,Colombo,PRO-PAI-16,0,High,1,0,0,0,0,0,5
2025-01-22,Grass cutting,Gampaha,PRO-GRA-06,0,High,1,0,0,0,0,0,5
2025-01-22,Electrical repairs,Gampaha,PRO-ELE-08,12,High,1,0,0,0,0,0,5
2025-01-22,Grass cutting,Colombo,PRO-GRA-15,0,High,1,0,0,0,0,0,5
2025-01-22,Electrical repairs,Colombo,PRO-ELE-03,12,High,1,0,0,0,0,0,5
2025-01-22,Plumbing,Colombo,PRO-PLU-01,2,High,1,0,0,0,0,0,5
2025-01-23,Grass cutting,Colombo,PRO-GRA-18,0,High,1,0,0,0,0,0,6
2025-01-23,Electrical repairs,Colombo,PRO-ELE-06,12,High,1,0,0,0,0,0,6
2025-01-23,Child care,Gampaha,PRO-CHI-08,12,High,1,0,0,0,0,0,6
2025-01-23,Plumbing,Gampaha,PRO-PLU-06,2,High,1,0,0,0,0,0,6
2025-01-23,Plumbing,Gampaha,PRO-PLU-07,2,High,1,0,0,0,0,0,6
2025-01-23,Plumbing,Colombo,PRO-PLU-02,1,High,1,0,0,0,0,0,6
2025-01-23,Grass cutting,Colombo,PRO-GRA-12,0,High,1,0,0,0,0,0,6
2025-01-23,Grass cutting,Colombo,PRO-GRA-07,0,High,1,0,0,0,0,0,6
2025-01-23,Plumbing,Colombo,PRO-PLU-08,2,High,1,0,0,0,0,0,6
2025-01-23,Plumbing,Colombo,PRO-PLU-04,2,High,1,0,0,0,0,0,6
2025-01-23,Grass cutting,Gampaha,PRO-GRA-01,0,High,1,0,0,0,0,0,6
2025-01-23,Plumbing,Colombo,PRO-PLU-03,2,High,1,0,0,0,0,0,6
2025-01-23,Grass cutting,Gampaha,PRO-GRA-11,0,High,1,0,0,0,0,0,6
2025-01-23,Electrical repairs,Colombo,PRO-ELE-08,10,High,1,0,0,0,0,0,6
2025-01-23,Child care,Gampaha,PRO-CHI-06,10,High,1,0,0,0,0,0,6
2025-01-23,Grass cutting,Gampaha,PRO-GRA-14,0,High,1,0,0,0,0,0,6
2025-01-23,Plumbing,Colombo,PRO-PLU-05,0,High,1,0,0,0,0,0,6
2025-01-24,Plumbing,Gampaha,PRO-PLU-05,2,High,1,0,0,0,0,0,7
2025-01-24,Plumbing,Colombo,PRO-PLU-06,2,High,1,0,0,0,0,0,7
2025-01-24,Plumbing,Colombo,PRO-PLU-07,2,High,1,0,0,0,0,0,7
2025-01-24,Plumbing,Gampaha,PRO-PLU-01,1,High,1,0,0,0,0,0,7
2025-01-24,Grass cutting,Colombo,PRO-GRA-05,0,High,1,0,0,0,0,0,7
2025-01-24,Plumbing,Gampaha,PRO-PLU-08,0,High,1,0,0,0,0,0,7
2025-01-24,Electrical repairs,Gampaha,PRO-ELE-05,12,High,1,0,0,0,0,0,7
2025-01-24,Child care,Colombo,PRO-CHI-04,11,High,1,0,0,0,0,0,7
2025-01-24,Grass cutting,Colombo,PRO-GRA-18,0,High,1,0,0,0,0,0,7
2025-01-24,Electrical repairs,Colombo,PRO-ELE-04,12,High,1,0,0,0,0,0,7
2025-01-24,Grass cutting,Gampaha,PRO-GRA-14,0,High,1,0,0,0,0,0,7
2025-01-24,Plumbing,Colombo,PRO-PLU-02,2,High,1,0,0,0,0,0,7
2025-01-24,Plumbing,Colombo,PRO-PLU-04,0,High,1,0,0,0,0,0,7
2025-01-24,Electrical repairs,Gampaha,PRO-ELE-02,10,High,1,0,0,0,0,0,7
2025-01-24,Child care,Colombo,PRO-CHI-05,10,High,1,0,0,0,0,0,7
2025-01-24,Child care,Gampaha,PRO-CHI-02,11,High,1,0,0,0,0,0,7
2025-01-25,Child care,Colombo,PRO-CHI-07,1,Low,0,1,0,0,0,1,0
2025-01-25,Child care,Colombo,PRO-CHI-06,0,Low,0,1,0,0,0,1,0
2025-01-25,Grass cutting,Gampaha,PRO-GRA-14,25,Low,0,1,0,0,0,1,0
2025-01-25,Plumbing,Gampaha,PRO-PLU-04,25,Low,0,1,0,0,0,1,0
2025-01-25,Plumbing,Colombo,PRO-PLU-02,25,Low,0,1,0,0,0,1,0
2025-01-25,Child care,Colombo,PRO-CHI-08,1,Low,0,1,0,0,0,1,0
2025-01-25,Electrical repairs,Colombo,PRO-ELE-07,7,Low,0,1,0,0,0,1,0
2025-01-25,Grass cutting,Gampaha,PRO-GRA-01,27,Low,0,1,0,0,0,1,0
2025-01-25,Grass cutting,Colombo,PRO-GRA-11,26,Low,0,1,0,0,0,1,0
2025-01-25,Electrical repairs,Colombo,PRO-ELE-08,6,Low,0,1,0,0,0,1,0
2025-01-25,Grass cutting,Colombo,PRO-GRA-17,26,Low,0,1,0,0,0,1,0
2025-01-25,Roofing,Colombo,PRO-ROO-17,21,Low,0,1,0,0,0,1,0
2025-01-25,Plumbing,Gampaha,PRO-PLU-03,27,Low,0,1,0,0,0,1,0
2025-01-25,Plumbing,Gampaha,PRO-PLU-01,27,Low,0,1,0,0,0,1,0
2025-01-25,Plumbing,Gampaha,PRO-PLU-08,25,Low,0,1,0,0,0,1,0
2025-01-25,Electrical repairs,Colombo,PRO-ELE-06,6,Low,0,1,0,0,0,1,0
2025-01-25,Electrical repairs,Colombo,PRO-ELE-04,6,Low,0,1,0,0,0,1,0
2025-01-25,Plumbing,Colombo,PRO-PLU-05,26,Low,0,1,0,0,0,1,0
2025-01-25,Plumbing,Gampaha,PRO-PLU-06,25,Low,0,1,0,0,0,1,0
2025-01-25,Plumbing,Gampaha,PRO-PLU-07,27,Low,0,1,0,0,0,1,0
2025-01-25,Child care,Gampaha,PRO-CHI-04,0,Low,0,1,0,0,0,1,0
2025-01-26,Electrical repairs,Gampaha,PRO-ELE-03,5,Low,0,1,0,0,0,2,0
2025-01-26,Grass cutting,Colombo,PRO-GRA-03,0,Low,0,1,0,0,0,2,0
2025-01-26,Grass cutting,Gampaha,PRO-GRA-01,0,Low,0,1,0,0,0,2,0
2025-01-26,Grass cutting,Gampaha,PRO-GRA-02,0,Low,0,1,0,0,0,2,0
2025-01-26,Plumbing,Colombo,PRO-PLU-07,0,Low,0,1,0,0,0,2,0
2025-01-26,Electrical repairs,Colombo,PRO-ELE-01,5,Low,0,1,0,0,0,2,0
2025-01-26,Child care,Colombo,PRO-CHI-03,2,Low,0,1,0,0,0,2,0
2025-01-26,Child care,Gampaha,PRO-CHI-01,0,Low,0,1,0,0,0,2,0
2025-01-26,Plumbing,Gampaha,PRO-PLU-01,2,Low,0,1,0,0,0,2,0
2025-01-26,Plumbing,Colombo,PRO-PLU-04,2,Low,0,1,0,0,0,2,0
2025-01-26,Plumbing,Colombo,PRO-PLU-02,1,Low,0,1,0,0,0,2,0
2025-01-26,Plumbing,Colombo,PRO-PLU-03,1,Low,0,1,0,0,0,2,0
2025-01-26,Grass cutting,Colombo,PRO-GRA-06,0,Low,0,1,0,0,0,2,0
2025-01-26,Grass cutting,Colombo,PRO-GRA-18,2,Low,0,1,0,0,0,2,0
2025-01-26,Plumbing,Colombo,PRO-PLU-06,1,Low,0,1,0,0,0,2,0
2025-01-27,Electrical repairs,Colombo,PRO-ELE-04,1,Low,0,1,0,0,0,3,0
2025-01-27,Child care,Colombo,PRO-CHI-06,11,Low,0,1,0,0,0,3,0
2025-01-27,Plumbing,Gampaha,PRO-PLU-07,1,Low,0,1,0,0,0,3,0
2025-01-27,Child care,Colombo,PRO-CHI-05,12,Low,0,1,0,0,0,3,0
2025-01-27,Plumbing,Gampaha,PRO-PLU-04,0,Low,0,1,0,0,0,3,0
2025-01-27,Plumbing,Colombo,PRO-PLU-03,0,Low,0,1,0,0,0,3,0
2025-01-27,Plumbing,Gampaha,PRO-PLU-08,2,Low,0,1,0,0,0,3,0
2025-01-27,Electrical repairs,Colombo,PRO-ELE-05,0,Low,0,1,0,0,0,3,0
2025-01-27,Grass cutting,Colombo,PRO-GRA-07,0,Low,0,1,0,0,0,3,0
2025-01-27,Plumbing,Colombo,PRO-PLU-02,1,Low,0,1,0,0,0,3,0
2025-01-27,Plumbing,Gampaha,PRO-PLU-05,0,Low,0,1,0,0,0,3,0
2025-01-27,Grass cutting,Gampaha,PRO-GRA-10,2,Low,0,1,0,0,0,3,0
2025-01-27,Electrical repairs,Colombo,PRO-ELE-02,1,Low,0,1,0,0,0,3,0
2025-01-27,Plumbing,Gampaha,PRO-PLU-06,1,Low,0,1,0,0,0,3,0
2025-01-27,Electrical repairs,Colombo,PRO-ELE-06,1,Low,0,1,0,0,0,3,0
2025-01-27,Grass cutting,Gampaha,PRO-GRA-01,1,Low,0,1,0,0,0,3,0
2025-01-27,Grass cutting,Colombo,PRO-GRA-17,1,Low,0,1,0,0,0,3,0
2025-01-27,Child care,Gampaha,PRO-CHI-04,12,Low,0,1,0,0,0,3,0
2025-01-27,Child care,Gampaha,PRO-CHI-02,12,Low,0,1,0,0,0,3,0
2025-01-28,Plumbing,Gampaha,PRO-PLU-05,2,Low,0,1,0,0,0,4,0
2025-01-28,Plumbing,Gampaha,PRO-PLU-03,1,Low,0,1,0,0,0,4,0
2025-01-28,Child care,Colombo,PRO-CHI-01,11,Low,0,1,0,0,0,4,0
2025-01-28,Electrical repairs,Colombo,PRO-ELE-01,2,Low,0,1,0,0,0,4,0
2025-01-28,Plumbing,Colombo,PRO-PLU-08,0,Low,0,1,0,0,0,4,0
2025-01-28,Grass cutting,Colombo,PRO-GRA-02,1,Low,0,1,0,0,0,4,0
2025-01-28,Plumbing,Gampaha,PRO-PLU-01,2,Low,0,1,0,0,0,4,0
2025-01-28,Plumbing,Gampaha,PRO-PLU-02,0,Low,0,1,0,0,0,4,0
2025-01-28,Grass cutting,Gampaha,PRO-GRA-07,2,Low,0,1,0,0,0,4,0
2025-01-28,Grass cutting,Colombo,PRO-GRA-18,0,Low,0,1,0,0,0,4,0
2025-01-28,Plumbing,Colombo,PRO-PLU-06,1,Low,0,1,0,0,0,4,0
2025-01-28,Plumbing,Gampaha,PRO-PLU-04,2,Low,0,1,0,0,0,4,0
2025-01-28,Grass cutting,Gampaha,PRO-GRA-03,1,Low,0,1,0,0,0,4,0
2025-01-28,Grass cutting,Colombo,PRO-GRA-11,2,Low,0,1,0,0,0,4,0
2025-01-28,Plumbing,Gampaha,PRO-PLU-07,1,Low,0,1,0,0,0,4,0
2025-01-28,Grass cutting,Colombo,PRO-GRA-16,2,Low,0,1,0,0,0,4,0
2025-01-29,Child care,Gampaha,PRO-CHI-05,11,High,1,0,0,0,0,0,1
2025-01-29,Plumbing,Gampaha,PRO-PLU-06,0,High,1,0,0,0,0,0,1
2025-01-29,Plumbing,Colombo,PRO-PLU-05,0,High,1,0,0,0,0,0,1
2025-01-29,Plumbing,Gampaha,PRO-PLU-07,2,High,1,0,0,0,0,0,1
2025-01-29,Grass cutting,Colombo,PRO-GRA-07,0,High,1,0,0,0,0,0,1
2025-01-29,Grass cutting,Gampaha,PRO-GRA-16,0,High,1,0,0,0,0,0,1
2025-01-29,Plumbing,Gampaha,PRO-PLU-01,0,High,1,0,0,0,0,0,1
2025-01-29,Child care,Gampaha,PRO-CHI-01,12,High,1,0,0,0,0,0,1
2025-01-29,Grass cutting,Colombo,PRO-GRA-06,0,High,1,0,0,0,0,0,1
2025-01-29,Plumbing,Gampaha,PRO-PLU-02,1,High,1,0,0,0,0,0,1
2025-01-29,Electrical repairs,Gampaha,PRO-ELE-01,11,High,1,0,0,0,0,0,1
2025-01-29,Plumbing,Gampaha,PRO-PLU-03,2,High,1,0,0,0,0,0,1
2025-01-29,Electrical repairs,Gampaha,PRO-ELE-05,12,High,1,0,0,0,0,0,1
2025-01-29,Plumbing,Gampaha,PRO-PLU-04,2,High,1,0,0,0,0,0,1
2025-01-29,Plumbing,Colombo,PRO-PLU-08,2,High,1,0,0,0,0,0,1
2025-01-30,Plumbing,Colombo,PRO-PLU-06,0,High,1,0,0,0,0,0,2
2025-01-30,Plumbing,Gampaha,PRO-PLU-03,2,High,1,0,0,0,0,0,2
2025-01-30,Child care,Colombo,PRO-CHI-04,10,High,1,0,0,0,0,0,2
2025-01-30,Plumbing,Colombo,PRO-PLU-07,2,High,1,0,0,0,0,0,2
2025-01-30,Grass cutting,Gampaha,PRO-GRA-12,0,High,1,0,0,0,0,0,2
2025-01-30,Child care,Gampaha,PRO-CHI-06,10,High,1,0,0,0,0,0,2
2025-01-30,Electrical repairs,Colombo,PRO-ELE-03,11,High,1,0,0,0,0,0,2
2025-01-30,Plumbing,Gampaha,PRO-PLU-04,0,High,1,0,0,0,0,0,2
2025-01-30,Electrical repairs,Gampaha,PRO-ELE-04,10,High,1,0,0,0,0,0,2
2025-01-30,Electrical repairs,Colombo,PRO-ELE-06,11,High,1,0,0,0,0,0,2
2025-01-30,Plumbing,Colombo,PRO-PLU-02,0,High,1,0,0,0,0,0,2
2025-01-30,Grass cutting,Colombo,PRO-GRA-11,0,High,1,0,0,0,0,0,2
2025-01-30,Child care,Gampaha,PRO-CHI-03,12,High,1,0,0,0,0,0,2
2025-01-30,Grass cutting,Colombo,PRO-GRA-09,0,High,1,0,0,0,0,0,2
2025-01-30,Plumbing,Gampaha,PRO-PLU-01,0,High,1,0,0,0,0,0,2
2025-01-30,Plumbing,Colombo,PRO-PLU-05,2,High,1,0,0,0,0,0,2
2025-01-30,Grass cutting,Gampaha,PRO-GRA-01,0,High,1,0,0,0,0,0,2
2025-01-31,Plumbing,Gampaha,PRO-PLU-03,25,Low,0,1,0,0,0,1,0
2025-01-31,Child care,Colombo,PRO-CHI-06,11,Low,0,1,0,0,0,1,0
2025-01-31,Child care,Gampaha,PRO-CHI-07,12,Low,0,1,0,0,0,1,0
2025-01-31,Plumbing,Gampaha,PRO-PLU-07,27,Low,0,1,0,0,0,1,0
2025-01-31,Grass cutting,Gampaha,PRO-GRA-16,27,Low,0,1,0,0,0,1,0
2025-01-31,Plumbing,Gampaha,PRO-PLU-08,27,Low,0,1,0,0,0,1,0
2025-01-31,Plumbing,Gampaha,PRO-PLU-01,26,Low,0,1,0,0,0,1,0
2025-01-31,Electrical repairs,Colombo,PRO-ELE-06,0,Low,0,1,0,0,0,1,0
2025-01-31,Grass cutting,Colombo,PRO-GRA-18,25,Low,0,1,0,0,0,1,0
2025-01-31,Plumbing,Gampaha,PRO-PLU-06,27,Low,0,1,0,0,0,1,0
2025-01-31,Grass cutting,Colombo,PRO-GRA-13,26,Low,0,1,0,0,0,1,0
2025-01-31,Plumbing,Colombo,PRO-PLU-02,27,Low,0,1,0,0,0,1,0
2025-01-31,Electrical repairs,Colombo,PRO-ELE-05,2,Low,0,1,0,0,0,1,0
2025-01-31,Plumbing,Gampaha,PRO-PLU-04,27,Low,0,1,0,0,0,1,0
2025-01-31,Child care,Gampaha,PRO-CHI-05,12,Low,0,1,0,0,0,1,0
2025-01-31,Plumbing,Gampaha,PRO-PLU-05,27,Low,0,1,0,0,0,1,0
2025-01-31,Electrical repairs,Gampaha,PRO-ELE-07,0,Low,0,1,0,0,0,1,0
2025-02-01,Plumbing,Gampaha,PRO-PLU-01,2,Low,0,1,0,0,0,2,0
2025-02-01,Plumbing,Colombo,PRO-PLU-07,2,Low,0,1,0,0,0,2,0
2025-02-01,Grass cutting,Colombo,PRO-GRA-07,1,Low,0,1,0,0,0,2,0
2025-02-01,Child care,Gampaha,PRO-CHI-05,0,Low,0,1,0,0,0,2,0
2025-02-01,Plumbing,Gampaha,PRO-PLU-08,2,Low,0,1,0,0,0,2,0
2025-02-01,Plumbing,Gampaha,PRO-PLU-02,0,Low,0,1,0,0,0,2,0
2025-02-01,Grass cutting,Colombo,PRO-GRA-02,2,Low,0,1,0,0,0,2,0
2025-02-01,Electrical repairs,Colombo,PRO-ELE-08,7,Low,0,1,0,0,0,2,0
2025-02-01,Grass cutting,Gampaha,PRO-GRA-17,2,Low,0,1,0,0,0,2,0
2025-02-01,Plumbing,Gampaha,PRO-PLU-06,0,Low,0,1,0,0,0,2,0
2025-02-01,Grass cutting,Colombo,PRO-GRA-01,0,Low,0,1,0,0,0,2,0
2025-02-01,Electrical repairs,Gampaha,PRO-ELE-03,5,Low,0,1,0,0,0,2,0
2025-02-01,Plumbing,Colombo,PRO-PLU-03,0,Low,0,1,0,0,0,2,0
2025-02-01,Child care,Colombo,PRO-CHI-03,1,Low,0,1,0,0,0,2,0
2025-02-01,Electrical repairs,Gampaha,PRO-ELE-05,7,Low,0,1,0,0,0,2,0
2025-02-01,Plumbing,Gampaha,PRO-PLU-04,2,Low,0,1,0,0,0,2,0
2025-02-01,Plumbing,Colombo,PRO-PLU-05,0,Low,0,1,0,0,0,2,0
2025-02-01,Child care,Gampaha,PRO-CHI-08,0,Low,0,1,0,0,0,2,0
2025-02-01,Grass cutting,Gampaha,PRO-GRA-18,1,Low,0,1,0,0,0,2,0
2025-02-02,Electrical repairs,Gampaha,PRO-ELE-02,6,Low,0,1,0,0,0,3,0
2025-02-02,Plumbing,Gampaha,PRO-PLU-02,1,Low,0,1,0,0,0,3,0
2025-02-02,Plumbing,Colombo,PRO-PLU-05,0,Low,0,1,0,0,0,3,0
2025-02-02,Plumbing,Colombo,PRO-PLU-04,1,Low,0,1,0,0,0,3,0
2025-02-02,Plumbing,Colombo,PRO-PLU-01,1,Low,0,1,0,0,0,3,0
2025-02-02,Plumbing,Gampaha,PRO-PLU-03,1,Low,0,1,0,0,0,3,0
2025-02-02,Child care,Gampaha,PRO-CHI-06,0,Low,0,1,0,0,0,3,0
2025-02-02,Electrical repairs,Colombo,PRO-ELE-04,6,Low,0,1,0,0,0,3,0
2025-02-02,Grass cutting,Colombo,PRO-GRA-06,2,Low,0,1,0,0,0,3,0
2025-02-02,Child care,Colombo,PRO-CHI-04,1,Low,0,1,0,0,0,3,0
2025-02-02,Child care,Gampaha,PRO-CHI-02,1,Low,0,1,0,0,0,3,0
2025-02-02,Grass cutting,Colombo,PRO-GRA-05,0,Low,0,1,0,0,0,3,0
2025-02-02,Plumbing,Gampaha,PRO-PLU-06,1,Low,0,1,0,0,0,3,0
2025-02-02,Plumbing,Gampaha,PRO-PLU-08,1,Low,0,1,0,0,0,3,0
2025-02-02,Electrical repairs,Gampaha,PRO-ELE-06,6,Low,0,1,0,0,0,3,0
2025-02-03,Grass cutting,Gampaha,PRO-GRA-05,1,Low,0,1,0,0,0,4,0
2025-02-03,Grass cutting,Colombo,PRO-GRA-13,0,Low,0,1,0,0,0,4,0
2025-02-03,Plumbing,Colombo,PRO-PLU-06,2,Low,0,1,0,0,0,4,0
2025-02-03,Grass cutting,Gampaha,PRO-GRA-06,0,Low,0,1,0,0,0,4,0
2025-02-03,Plumbing,Gampaha,PRO-PLU-02,1,Low,0,1,0,0,0,4,0
2025-02-03,Electrical repairs,Colombo,PRO-ELE-03,1,Low,0,1,0,0,0,4,0
2025-02-03,Plumbing,Gampaha,PRO-PLU-07,1,Low,0,1,0,0,0,4,0
2025-02-03,Plumbing,Colombo,PRO-PLU-08,2,Low,0,1,0,0,0,4,0
2025-02-03,Plumbing,Gampaha,PRO-PLU-01,2,Low,0,1,0,0,0,4,0
2025-02-03,Plumbing,Gampaha,PRO-PLU-04,0,Low,0,1,0,0,0,4,0
2025-02-03,Plumbing,Gampaha,PRO-PLU-05,1,Low,0,1,0,0,0,4,0
2025-02-03,Child care,Gampaha,PRO-CHI-03,11,Low,0,1,0,0,0,4,0
2025-02-03,Plumbing,Gampaha,PRO-PLU-03,1,Low,0,1,0,0,0,4,0
2025-02-03,Grass cutting,Colombo,PRO-GRA-18,0,Low,0,1,0,0,0,4,0
2025-02-04,Plumbing,Colombo,PRO-PLU-07,2,Low,0,1,1,0,0,5,0
2025-02-04,Grass cutting,Colombo,PRO-GRA-09,15,Low,0,1,1,0,0,5,0
2025-02-04,Electrical repairs,Colombo,PRO-ELE-08,1,Low,0,1,1,0,0,5,0
2025-02-04,Plumbing,Gampaha,PRO-PLU-05,1,Low,0,1,1,0,0,5,0
2025-02-04,Child care,Colombo,PRO-CHI-08,1,Low,0,1,1,0,0,5,0
2025-02-04,Grass cutting,Gampaha,PRO-GRA-11,15,Low,0,1,1,0,0,5,0
2025-02-04,Plumbing,Gampaha,PRO-PLU-04,0,Low,0,1,1,0,0,5,0
2025-02-04,Plumbing,Colombo,PRO-PLU-01,1,Low,0,1,1,0,0,5,0
2025-02-04,Grass cutting,Colombo,PRO-GRA-08,17,Low,0,1,1,0,0,5,0
2025-02-04,Plumbing,Colombo,PRO-PLU-03,2,Low,0,1,1,0,0,5,0
2025-02-04,Plumbing,Gampaha,PRO-PLU-08,0,Low,0,1,1,0,0,5,0
2025-02-04,Plumbing,Colombo,PRO-PLU-06,0,Low,0,1,1,0,0,5,0
2025-02-04,Grass cutting,Colombo,PRO-GRA-13,17,Low,0,1,1,0,0,5,0
2025-02-04,Grass cutting,Gampaha,PRO-GRA-18,16,Low,0,1,1,0,0,5,0
2025-02-04,Grass cutting,Colombo,PRO-GRA-05,16,Low,0,1,1,0,0,5,0
2025-02-04,Plumbing,Colombo,PRO-PLU-02,2,Low,0,1,1,0,0,5,0
2025-02-05,Plumbing,Gampaha,PRO-PLU-08,1,Low,0,1,0,0,0,6,0
2025-02-05,Grass cutting,Colombo,PRO-GRA-04,16,Low,0,1,0,0,0,6,0
2025-02-05,Move-in / move-out cleaning,Gampaha,PRO-MOV-03,16,Low,0,1,0,0,0,6,0
2025-02-05,Landscaping,Gampaha,PRO-LAN-03,11,Low,0,1,0,0,0,6,0
2025-02-05,Plumbing,Gampaha,PRO-PLU-03,0,Low,0,1,0,0,0,6,0
2025-02-05,Child care,Colombo,PRO-CHI-08,11,Low,0,1,0,0,0,6,0
2025-02-05,Grass cutting,Gampaha,PRO-GRA-08,15,Low,0,1,0,0,0,6,0
2025-02-05,Plumbing,Gampaha,PRO-PLU-07,1,Low,0,1,0,0,0,6,0
2025-02-05,Plumbing,Gampaha,PRO-PLU-06,1,Low,0,1,0,0,0,6,0
2025-02-05,Electrical repairs,Gampaha,PRO-ELE-06,1,Low,0,1,0,0,0,6,0
2025-02-05,Child care,Gampaha,PRO-CHI-06,10,Low,0,1,0,0,0,6,0
2025-02-05,Child care,Colombo,PRO-CHI-03,11,Low,0,1,0,0,0,6,0
2025-02-05,Plumbing,Gampaha,PRO-PLU-01,2,Low,0,1,0,0,0,6,0
2025-02-05,Grass cutting,Colombo,PRO-GRA-01,17,Low,0,1,0,0,0,6,0
2025-02-05,Planting,Colombo,PRO-PLA-03,0,Low,0,1,0,0,0,6,0
2025-02-05,Post-construction cleaning,Colombo,PRO-POS-03,16,Low,0,1,0,0,0,6,0
2025-02-05,Plumbing,Colombo,PRO-PLU-05,2,Low,0,1,0,0,0,6,0
2025-02-05,Grass cutting,Colombo,PRO-GRA-15,17,Low,0,1,0,0,0,6,0
2025-02-05,Plumbing,Gampaha,PRO-PLU-04,0,Low,0,1,0,0,0,6,0
2025-02-05,Electrical repairs,Colombo,PRO-ELE-08,1,Low,0,1,0,0,0,6,0
2025-02-05,Electrical repairs,Gampaha,PRO-ELE-03,1,Low,0,1,0,0,0,6,0
2025-02-06,Plumbing,Gampaha,PRO-PLU-06,2,Low,0,1,0,0,0,7,0
2025-02-06,Electrical repairs,Colombo,PRO-ELE-07,1,Low,0,1,0,0,0,7,0
2025-02-06,Plumbing,Gampaha,PRO-PLU-02,2,Low,0,1,0,0,0,7,0
2025-02-06,Grass cutting,Gampaha,PRO-GRA-04,17,Low,0,1,0,0,0,7,0
2025-02-06,Grass cutting,Gampaha,PRO-GRA-17,16,Low,0,1,0,0,0,7,0
2025-02-06,Grass cutting,Gampaha,PRO-GRA-12,15,Low,0,1,0,0,0,7,0
2025-02-06,Plumbing,Colombo,PRO-PLU-05,1,Low,0,1,0,0,0,7,0
2025-02-06,Plumbing,Colombo,PRO-PLU-03,1,Low,0,1,0,0,0,7,0
2025-02-06,Electrical repairs,Gampaha,PRO-ELE-05,2,Low,0,1,0,0,0,7,0
2025-02-06,Plumbing,Colombo,PRO-PLU-01,1,Low,0,1,0,0,0,7,0
2025-02-06,Child care,Colombo,PRO-CHI-05,12,Low,0,1,0,0,0,7,0
2025-02-06,Child care,Colombo,PRO-CHI-07,12,Low,0,1,0,0,0,7,0
2025-02-06,Plumbing,Colombo,PRO-PLU-07,1,Low,0,1,0,0,0,7,0
2025-02-06,Plumbing,Gampaha,PRO-PLU-08,2,Low,0,1,0,0,0,7,0
2025-02-07,Post-construction cleaning,Colombo,PRO-POS-05,15,Low,0,1,0,0,0,8,0
2025-02-07,Grass cutting,Colombo,PRO-GRA-03,15,Low,0,1,0,0,0,8,0
2025-02-07,Plumbing,Colombo,PRO-PLU-05,1,Low,0,1,0,0,0,8,0
2025-02-07,Electrical repairs,Gampaha,PRO-ELE-07,0,Low,0,1,0,0,0,8,0
2025-02-07,Landscaping,Gampaha,PRO-LAN-05,12,Low,0,1,0,0,0,8,0
2025-02-07,Move-in / move-out cleaning,Colombo,PRO-MOV-05,16,Low,0,1,0,0,0,8,0
2025-02-07,Grass cutting,Gampaha,PRO-GRA-07,16,Low,0,1,0,0,0,8,0
2025-02-07,Child care,Gampaha,PRO-CHI-01,10,Low,0,1,0,0,0,8,0
2025-02-07,Grass cutting,Colombo,PRO-GRA-15,17,Low,0,1,0,0,0,8,0
2025-02-07,Plumbing,Gampaha,PRO-PLU-02,1,Low,0,1,0,0,0,8,0
2025-02-07,House cleaning,Gampaha,PRO-HOU-01,21,Low,0,1,0,0,0,8,0
2025-02-07,Plumbing,Gampaha,PRO-PLU-03,1,Low,0,1,0,0,0,8,0
2025-02-07,Plumbing,Colombo,PRO-PLU-06,0,Low,0,1,0,0,0,8,0
2025-02-07,Electrical repairs,Gampaha,PRO-ELE-01,0,Low,0,1,0,0,0,8,0
2025-02-07,Plumbing,Gampaha,PRO-PLU-07,2,Low,0,1,0,0,0,8,0
2025-02-07,Grass cutting,Colombo,PRO-GRA-18,15,Low,0,1,0,0,0,8,0
2025-02-07,Plumbing,Gampaha,PRO-PLU-01,2,Low,0,1,0,0,0,8,0
2025-02-07,Grass cutting,Colombo,PRO-GRA-01,17,Low,0,1,0,0,0,8,0
2025-02-07,Child care,Gampaha,PRO-CHI-07,11,Low,0,1,0,0,0,8,0
2025-02-07,Planting,Gampaha,PRO-PLA-05,1,Low,0,1,0,0,0,8,0
2025-02-07,Grass cutting,Gampaha,PRO-GRA-04,16,Low,0,1,0,0,0,8,0
2025-02-07,Plumbing,Gampaha,PRO-PLU-08,1,Low,0,1,0,0,0,8,0
2025-02-07,Grass cutting,Colombo,PRO-GRA-06,16,Low,0,1,0,0,0,8,0
2025-02-08,Plumbing,Gampaha,PRO-PLU-05,1,Low,0,1,0,0,0,9,0
2025-02-08,Grass cutting,Gampaha,PRO-GRA-09,17,Low,0,1,0,0,0,9,0
2025-02-08,Plumbing,Colombo,PRO-PLU-01,2,Low,0,1,0,0,0,9,0
2025-02-08,Grass cutting,Gampaha,PRO-GRA-14,17,Low,0,1,0,0,0,9,0
2025-02-08,Grass cutting,Gampaha,PRO-GRA-04,15,Low,0,1,0,0,0,9,0
2025-02-08,Plumbing,Colombo,PRO-PLU-02,2,Low,0,1,0,0,0,9,0
2025-02-08,Child care,Gampaha,PRO-CHI-05,1,Low,0,1,0,0,0,9,0
2025-02-08,Plumbing,Gampaha,PRO-PLU-06,2,Low,0,1,0,0,0,9,0
2025-02-08,Plumbing,Gampaha,PRO-PLU-08,2,Low,0,1,0,0,0,9,0
2025-02-08,Plumbing,Colombo,PRO-PLU-04,1,Low,0,1,0,0,0,9,0
2025-02-08,Plumbing,Colombo,PRO-PLU-07,0,Low,0,1,0,0,0,9,0
2025-02-08,Electrical repairs,Gampaha,PRO-ELE-02,7,Low,0,1,0,0,0,9,0
2025-02-08,Grass cutting,Colombo,PRO-GRA-02,17,Low,0,1,0,0,0,9,0
2025-02-08,Child care,Gampaha,PRO-CHI-02,0,Low,0,1,0,0,0,9,0
2025-02-08,Grass cutting,Gampaha,PRO-GRA-06,17,Low,0,1,0,0,0,9,0
2025-02-08,Grass cutting,Colombo,PRO-GRA-08,15,Low,0,1,0,0,0,9,0
2025-02-08,Electrical repairs,Colombo,PRO-ELE-05,7,Low,0,1,0,0,0,9,0
2025-02-08,Grass cutting,Colombo,PRO-GRA-03,17,Low,0,1,0,0,0,9,0
2025-02-09,Child care,Colombo,PRO-CHI-08,2,Low,0,1,0,0,0,10,0
2025-02-09,Grass cutting,Gampaha,PRO-GRA-16,17,Low,0,1,0,0,0,10,0
2025-02-09,Plumbing,Gampaha,PRO-PLU-02,0,Low,0,1,0,0,0,10,0
2025-02-09,Electrical repairs,Colombo,PRO-ELE-06,7,Low,0,1,0,0,0,10,0
2025-02-09,Child care,Gampaha,PRO-CHI-06,0,Low,0,1,0,0,0,10,0
2025-02-09,Grass cutting,Gampaha,PRO-GRA-10,16,Low,0,1,0,0,0,10,0
2025-02-09,Electrical repairs,Colombo,PRO-ELE-05,5,Low,0,1,0,0,0,10,0
2025-02-09,Plumbing,Colombo,PRO-PLU-05,2,Low,0,1,0,0,0,10,0
2025-02-09,Grass cutting,Gampaha,PRO-GRA-03,15,Low,0,1,0,0,0,10,0
2025-02-09,Plumbing,Colombo,PRO-PLU-03,2,Low,0,1,0,0,0,10,0
2025-02-09,Child care,Colombo,PRO-CHI-01,0,Low,0,1,0,0,0,10,0
2025-02-09,Child care,Gampaha,PRO-CHI-05,0,Low,0,1,0,0,0,10,0
2025-02-09,Electrical repairs,Colombo,PRO-ELE-01,6,Low,0,1,0,0,0,10,0
2025-02-09,Electrical repairs,Gampaha,PRO-ELE-08,6,Low,0,1,0,0,0,10,0
2025-02-09,Plumbing,Colombo,PRO-PLU-06,0,Low,0,1,0,0,0,10,0
2025-02-09,Child care,Gampaha,PRO-CHI-02,2,Low,0,1,0,0,0,10,0
2025-02-09,Electrical repairs,Gampaha,PRO-ELE-02,6,Low,0,1,0,0,0,10,0
2025-02-09,Plumbing,Gampaha,PRO-PLU-01,0,Low,0,1,0,0,0,10,0
2025-02-09,Plumbing,Colombo,PRO-PLU-08,0,Low,0,1,0,0,0,10,0
2025-02-10,Plumbing,Gampaha,PRO-PLU-04,2,Low,0,1,0,0,0,11,0
2025-02-10,Plumbing,Colombo,PRO-PLU-01,1,Low,0,1,0,0,0,11,0
2025-02-10,Grass cutting,Gampaha,PRO-GRA-02,15,Low,0,1,0,0,0,11,0
2025-02-10,Child care,Gampaha,PRO-CHI-03,10,Low,0,1,0,0,0,11,0
2025-02-10,Grass cutting,Colombo,PRO-GRA-06,15,Low,0,1,0,0,0,11,0
2025-02-10,Plumbing,Colombo,PRO-PLU-05,1,Low,0,1,0,0,0,11,0
2025-02-10,Grass cutting,Gampaha,PRO-GRA-17,16,Low,0,1,0,0,0,11,0
2025-02-10,Grass cutting,Gampaha,PRO-GRA-03,16,Low,0,1,0,0,0,11,0
2025-02-10,Grass cutting,Gampaha,PRO-GRA-18,16,Low,0,1,0,0,0,11,0
2025-02-10,Plumbing,Gampaha,PRO-PLU-06,1,Low,0,1,0,0,0,11,0
2025-02-10,Electrical repairs,Colombo,PRO-ELE-03,2,Low,0,1,0,0,0,11,0
2025-02-10,Plumbing,Colombo,PRO-PLU-03,1,Low,0,1,0,0,0,11,0
2025-02-10,Plumbing,Colombo,PRO-PLU-08,1,Low,0,1,0,0,0,11,0
2025-02-10,Grass cutting,Gampaha,PRO-GRA-07,15,Low,0,1,0,0,0,11,0
2025-02-10,Grass cutting,Colombo,PRO-GRA-11,15,Low,0,1,0,0,0,11,0
2025-02-10,Plumbing,Gampaha,PRO-PLU-07,0,Low,0,1,0,0,0,11,0
2025-02-11,Plumbing,Gampaha,PRO-PLU-08,2,Low,0,1,0,0,0,12,0
2025-02-11,Plumbing,Gampaha,PRO-PLU-02,0,Low,0,1,0,0,0,12,0
2025-02-11,Grass cutting,Colombo,PRO-GRA-10,15,Low,0,1,0,0,0,12,0
2025-02-11,Child care,Gampaha,PRO-CHI-06,11,Low,0,1,0,0,0,12,0
2025-02-11,Grass cutting,Gampaha,PRO-GRA-15,15,Low,0,1,0,0,0,12,0
2025-02-11,Plumbing,Colombo,PRO-PLU-01,0,Low,0,1,0,0,0,12,0
2025-02-11,Plumbing,Gampaha,PRO-PLU-06,1,Low,0,1,0,0,0,12,0
2025-02-11,Grass cutting,Gampaha,PRO-GRA-12,17,Low,0,1,0,0,0,12,0
2025-02-11,Grass cutting,Colombo,PRO-GRA-11,15,Low,0,1,0,0,0,12,0
2025-02-11,Grass cutting,Gampaha,PRO-GRA-06,17,Low,0,1,0,0,0,12,0
2025-02-11,Plumbing,Colombo,PRO-PLU-05,0,Low,0,1,0,0,0,12,0
2025-02-11,Electrical repairs,Gampaha,PRO-ELE-06,0,Low,0,1,0,0,0,12,0
2025-02-11,Plumbing,Gampaha,PRO-PLU-07,0,Low,0,1,0,0,0,12,0
2025-02-11,Plumbing,Gampaha,PRO-PLU-04,2,Low,0,1,0,0,0,12,0
2025-02-12,Grass cutting,Gampaha,PRO-GRA-17,17,Low,0,1,1,0,0,13,0
2025-02-12,Grass cutting,Gampaha,PRO-GRA-06,17,Low,0,1,1,0,0,13,0
2025-02-12,Grass cutting,Colombo,PRO-GRA-03,15,Low,0,1,1,0,0,13,0
2025-02-12,Grass cutting,Gampaha,PRO-GRA-12,15,Low,0,1,1,0,0,13,0
2025-02-12,Plumbing,Gampaha,PRO-PLU-08,0,Low,0,1,1,0,0,13,0
2025-02-12,Plumbing,Gampaha,PRO-PLU-04,2,Low,0,1,1,0,0,13,0
2025-02-12,Child care,Gampaha,PRO-CHI-02,1,Low,0,1,1,0,0,13,0
2025-02-12,Child care,Gampaha,PRO-CHI-04,1,Low,0,1,1,0,0,13,0
2025-02-12,Plumbing,Colombo,PRO-PLU-06,0,Low,0,1,1,0,0,13,0
2025-02-12,Plumbing,Colombo,PRO-PLU-01,0,Low,0,1,1,0,0,13,0
2025-02-12,Electrical repairs,Colombo,PRO-ELE-04,1,Low,0,1,1,0,0,13,0
2025-02-12,Plumbing,Gampaha,PRO-PLU-05,2,Low,0,1,1,0,0,13,0
2025-02-12,Plumbing,Colombo,PRO-PLU-07,1,Low,0,1,1,0,0,13,0
2025-02-12,Grass cutting,Colombo,PRO-GRA-09,17,Low,0,1,1,0,0,13,0
2025-02-12,Grass cutting,Gampaha,PRO-GRA-01,16,Low,0,1,1,0,0,13,0
2025-02-12,Grass cutting,Colombo,PRO-GRA-04,16,Low,0,1,1,0,0,13,0
2025-02-12,Electrical repairs,Gampaha,PRO-ELE-02,1,Low,0,1,1,0,0,13,0
2025-02-12,Plumbing,Gampaha,PRO-PLU-02,0,Low,0,1,1,0,0,13,0
2025-02-12,Plumbing,Gampaha,PRO-PLU-03,0,Low,0,1,1,0,0,13,0
2025-02-13,Plumbing,Colombo,PRO-PLU-01,1,Low,0,1,0,0,0,14,0
2025-02-13,Plumbing,Gampaha,PRO-PLU-08,0,Low,0,1,0,0,0,14,0
2025-02-13,Plumbing,Colombo,PRO-PLU-05,2,Low,0,1,0,0,0,14,0
2025-02-13,Grass cutting,Gampaha,PRO-GRA-18,15,Low,0,1,0,0,0,14,0
2025-02-13,Plumbing,Gampaha,PRO-PLU-04,0,Low,0,1,0,0,0,14,0
2025-02-13,Plumbing,Gampaha,PRO-PLU-03,0,Low,0,1,0,0,0,14,0
2025-02-13,Grass cutting,Colombo,PRO-GRA-13,17,Low,0,1,0,0,0,14,0
2025-02-13,Plumbing,Colombo,PRO-PLU-07,1,Low,0,1,0,0,0,14,0
2025-02-13,House cleaning,Gampaha,PRO-HOU-05,20,Low,0,1,0,0,0,14,0
2025-02-13,Electrical repairs,Gampaha,PRO-ELE-03,0,Low,0,1,0,0,0,14,0
2025-02-13,Plumbing,Gampaha,PRO-PLU-02,2,Low,0,1,0,0,0,14,0
2025-02-13,Child care,Gampaha,PRO-CHI-03,12,Low,0,1,0,0,0,14,0
2025-02-13,Grass cutting,Colombo,PRO-GRA-15,15,Low,0,1,0,0,0,14,0
2025-02-13,Plumbing,Gampaha,PRO-PLU-06,1,Low,0,1,0,0,0,14,0
2025-02-14,Grass cutting,Gampaha,PRO-GRA-01,15,Low,0,1,1,1,0,15,0
2025-02-14,Roofing,Colombo,PRO-ROO-13,1,Low,0,1,1,1,0,15,0
2025-02-14,Plumbing,Colombo,PRO-PLU-08,0,Low,0,1,1,1,0,15,0
2025-02-14,Grass cutting,Gampaha,PRO-GRA-09,15,Low,0,1,1,1,0,15,0
2025-02-14,Grass cutting,Colombo,PRO-GRA-10,16,Low,0,1,1,1,0,15,0
2025-02-14,Grass cutting,Gampaha,PRO-GRA-16,17,Low,0,1,1,1,0,15,0
2025-02-14,Plumbing,Colombo,PRO-PLU-01,2,Low,0,1,1,1,0,15,0
2025-02-14,Electrical repairs,Colombo,PRO-ELE-03,0,Low,0,1,1,1,0,15,0
2025-02-14,Grass cutting,Gampaha,PRO-GRA-05,16,Low,0,1,1,1,0,15,0
2025-02-14,Grass cutting,Colombo,PRO-GRA-12,16,Low,0,1,1,1,0,15,0
2025-02-14,Child care,Colombo,PRO-CHI-03,0,Low,0,1,1,1,0,15,0
2025-02-14,Plumbing,Gampaha,PRO-PLU-04,1,Low,0,1,1,1,0,15,0
2025-02-14,Grass cutting,Gampaha,PRO-GRA-08,15,Low,0,1,1,1,0,15,0
2025-02-14,Plumbing,Gampaha,PRO-PLU-02,2,Low,0,1,1,1,0,15,0
2025-02-14,Grass cutting,Gampaha,PRO-GRA-13,16,Low,0,1,1,1,0,15,0
2025-02-14,Plumbing,Colombo,PRO-PLU-05,2,Low,0,1,1,1,0,15,0
2025-02-14,Plumbing,Gampaha,PRO-PLU-07,1,Low,0,1,1,1,0,15,0
2025-02-14,Plumbing,Gampaha,PRO-PLU-03,0,Low,0,1,1,1,0,15,0
2025-02-14,Plumbing,Gampaha,PRO-PLU-06,2,Low,0,1,1,1,0,15,0
2025-02-15,Plumbing,Colombo,PRO-PLU-05,1,Low,0,1,0,0,0,16,0
2025-02-15,Grass cutting,Gampaha,PRO-GRA-06,16,Low,0,1,0,0,0,16,0
2025-02-15,Grass cutting,Gampaha,PRO-GRA-12,16,Low,0,1,0,0,0,16,0
2025-02-15,Plumbing,Colombo,PRO-PLU-04,2,Low,0,1,0,0,0,16,0
2025-02-15,Plumbing,Colombo,PRO-PLU-08,0,Low,0,1,0,0,0,16,0
2025-02-15,Grass cutting,Gampaha,PRO-GRA-09,15,Low,0,1,0,0,0,16,0
2025-02-15,Plumbing,Gampaha,PRO-PLU-02,0,Low,0,1,0,0,0,16,0
2025-02-15,Grass cutting,Gampaha,PRO-GRA-02,16,Low,0,1,0,0,0,16,0
2025-02-15,Plumbing,Gampaha,PRO-PLU-03,0,Low,0,1,0,0,0,16,0
2025-02-15,Electrical repairs,Colombo,PRO-ELE-01,7,Low,0,1,0,0,0,16,0
2025-02-15,Plumbing,Gampaha,PRO-PLU-06,0,Low,0,1,0,0,0,16,0
2025-02-15,Plumbing,Gampaha,PRO-PLU-07,2,Low,0,1,0,0,0,16,0
2025-02-15,Plumbing,Colombo,PRO-PLU-01,2,Low,0,1,0,0,0,16,0
2025-02-15,Child care,Gampaha,PRO-CHI-03,2,Low,0,1,0,0,0,16,0
2025-02-15,Grass cutting,Colombo,PRO-GRA-07,15,Low,0,1,0,0,0,16,0
2025-02-15,Child care,Colombo,PRO-CHI-01,0,Low,0,1,0,0,0,16,0
2025-02-15,Grass cutting,Gampaha,PRO-GRA-11,15,Low,0,1,0,0,0,16,0
2025-02-15,Electrical repairs,Colombo,PRO-ELE-03,7,Low,0,1,0,0,0,16,0
2025-02-15,Grass cutting,Gampaha,PRO-GRA-14,17,Low,0,1,0,0,0,16,0
2025-02-16,Roofing,Gampaha,PRO-ROO-02,1,Low,0,1,0,0,0,17,0
2025-02-16,Electrical repairs,Colombo,PRO-ELE-01,6,Low,0,1,0,0,0,17,0
2025-02-16,Plumbing,Colombo,PRO-PLU-07,2,Low,0,1,0,0,0,17,0
2025-02-16,Plumbing,Gampaha,PRO-PLU-03,1,Low,0,1,0,0,0,17,0
2025-02-16,Child care,Gampaha,PRO-CHI-07,1,Low,0,1,0,0,0,17,0
2025-02-16,Grass cutting,Gampaha,PRO-GRA-02,15,Low,0,1,0,0,0,17,0
2025-02-16,Grass cutting,Gampaha,PRO-GRA-15,17,Low,0,1,0,0,0,17,0
2025-02-16,Child care,Colombo,PRO-CHI-08,2,Low,0,1,0,0,0,17,0
2025-02-16,Grass cutting,Gampaha,PRO-GRA-16,17,Low,0,1,0,0,0,17,0
2025-02-16,Grass cutting,Colombo,PRO-GRA-09,17,Low,0,1,0,0,0,17,0
2025-02-16,Plumbing,Gampaha,PRO-PLU-01,1,Low,0,1,0,0,0,17,0
2025-02-16,Plumbing,Gampaha,PRO-PLU-05,0,Low,0,1,0,0,0,17,0
2025-02-16,Electrical repairs,Colombo,PRO-ELE-08,7,Low,0,1,0,0,0,17,0
2025-02-16,Plumbing,Gampaha,PRO-PLU-02,1,Low,0,1,0,0,0,17,0
2025-02-16,Plumbing,Gampaha,PRO-PLU-04,1,Low,0,1,0,0,0,17,0
2025-02-16,Grass cutting,Colombo,PRO-GRA-04,17,Low,0,1,0,0,0,17,0
2025-02-16,Grass cutting,Colombo,PRO-GRA-01,17,Low,0,1,0,0,0,17,0
2025-02-16,Plumbing,Colombo,PRO-PLU-06,1,Low,0,1,0,0,0,17,0
2025-02-16,Grass cutting,Colombo,PRO-GRA-03,16,Low,0,1,0,0,0,17,0
2025-02-16,Electrical repairs,Colombo,PRO-ELE-02,5,Low,0,1,0,0,0,17,0
2025-02-16,Plumbing,Gampaha,PRO-PLU-08,1,Low,0,1,0,0,0,17,0
2025-02-16,Child care,Colombo,PRO-CHI-02,0,Low,0,1,0,0,0,17,0
2025-02-16,Child care,Gampaha,PRO-CHI-01,2,Low,0,1,0,0,0,17,0
2025-02-16,Grass cutting,Colombo,PRO-GRA-12,17,Low,0,1,0,0,0,17,0
2025-02-16,Grass cutting,Gampaha,PRO-GRA-11,17,Low,0,1,0,0,0,17,0
2025-02-16,Electrical repairs,Colombo,PRO-ELE-07,7,Low,0,1,0,0,0,17,0
2025-02-17,Grass cutting,Colombo,PRO-GRA-06,15,Low,0,1,0,0,0,18,0
2025-02-17,Grass cutting,Colombo,PRO-GRA-18,16,Low,0,1,0,0,0,18,0
2025-02-17,Plumbing,Gampaha,PRO-PLU-07,1,Low,0,1,0,0,0,18,0
2025-02-17,Grass cutting,Colombo,PRO-GRA-09,16,Low,0,1,0,0,0,18,0
2025-02-17,Grass cutting,Gampaha,PRO-GRA-02,17,Low,0,1,0,0,0,18,0
2025-02-17,Electrical repairs,Colombo,PRO-ELE-05,1,Low,0,1,0,0,0,18,0
2025-02-17,Plumbing,Gampaha,PRO-PLU-04,0,Low,0,1,0,0,0,18,0
2025-02-17,Grass cutting,Colombo,PRO-GRA-04,15,Low,0,1,0,0,0,18,0
2025-02-17,Grass cutting,Gampaha,PRO-GRA-12,17,Low,0,1,0,0,0,18,0
2025-02-17,Plumbing,Colombo,PRO-PLU-06,1,Low,0,1,0,0,0,18,0
2025-02-17,Plumbing,Colombo,PRO-PLU-01,0,Low,0,1,0,0,0,18,0
2025-02-17,Plumbing,Gampaha,PRO-PLU-05,1,Low,0,1,0,0,0,18,0
2025-02-17,Child care,Colombo,PRO-CHI-05,12,Low,0,1,0,0,0,18,0
2025-02-17,Plumbing,Colombo,PRO-PLU-08,2,Low,0,1,0,0,0,18,0
2025-02-17,Grass cutting,Gampaha,PRO-GRA-17,17,Low,0,1,0,0,0,18,0
2025-02-17,Plumbing,Gampaha,PRO-PLU-02,2,Low,0,1,0,0,0,18,0
2025-02-18,Grass cutting,Gampaha,PRO-GRA-07,17,Low,0,1,0,0,0,19,0
2025-02-18,Plumbing,Colombo,PRO-PLU-06,1,Low,0,1,0,0,0,19,0
2025-02-18,Plumbing,Gampaha,PRO-PLU-01,1,Low,0,1,0,0,0,19,0
2025-02-18,Grass cutting,Gampaha,PRO-GRA-01,17,Low,0,1,0,0,0,19,0
2025-02-18,Grass cutting,Colombo,PRO-GRA-05,16,Low,0,1,0,0,0,19,0
2025-02-18,Grass cutting,Colombo,PRO-GRA-06,17,Low,0,1,0,0,0,19,0
2025-02-18,Grass cutting,Gampaha,PRO-GRA-18,17,Low,0,1,0,0,0,19,0
2025-02-18,Plumbing,Colombo,PRO-PLU-07,2,Low,0,1,0,0,0,19,0
2025-02-18,Plumbing,Gampaha,PRO-PLU-03,1,Low,0,1,0,0,0,19,0
2025-02-18,Grass cutting,Colombo,PRO-GRA-11,15,Low,0,1,0,0,0,19,0
2025-02-18,Electrical repairs,Gampaha,PRO-ELE-01,0,Low,0,1,0,0,0,19,0
2025-02-18,Child care,Gampaha,PRO-CHI-02,11,Low,0,1,0,0,0,19,0
2025-02-18,Child care,Gampaha,PRO-CHI-01,11,Low,0,1,0,0,0,19,0
2025-02-18,Electrical repairs,Gampaha,PRO-ELE-02,2,Low,0,1,0,0,0,19,0
2025-02-18,Electrical repairs,Gampaha,PRO-ELE-07,0,Low,0,1,0,0,0,19,0
2025-02-18,Plumbing,Colombo,PRO-PLU-02,1,Low,0,1,0,0,0,19,0
2025-02-18,Grass cutting,Gampaha,PRO-GRA-04,15,Low,0,1,0,0,0,19,0
2025-02-18,Child care,Colombo,PRO-CHI-07,11,Low,0,1,0,0,0,19,0
2025-02-18,Plumbing,Colombo,PRO-PLU-05,2,Low,0,1,0,0,0,19,0
2025-02-18,Grass cutting,Gampaha,PRO-GRA-12,15,Low,0,1,0,0,0,19,0
2025-02-18,Painting,Gampaha,PRO-PAI-07,21,Low,0,1,0,0,0,19,0
2025-02-19,Plumbing,Colombo,PRO-PLU-05,0,Low,0,1,0,0,0,20,0
2025-02-19,Plumbing,Gampaha,PRO-PLU-02,0,Low,0,1,0,0,0,20,0
2025-02-19,Plumbing,Colombo,PRO-PLU-01,2,Low,0,1,0,0,0,20,0
2025-02-19,Electrical repairs,Gampaha,PRO-ELE-06,0,Low,0,1,0,0,0,20,0
2025-02-19,Grass cutting,Colombo,PRO-GRA-15,16,Low,0,1,0,0,0,20,0
2025-02-19,Electrical repairs,Colombo,PRO-ELE-03,1,Low,0,1,0,0,0,20,0
2025-02-19,Watering,Colombo,PRO-WAT-05,25,Low,0,1,0,0,0,20,0
2025-02-19,Grass cutting,Colombo,PRO-GRA-03,15,Low,0,1,0,0,0,20,0
2025-02-19,Grass cutting,Colombo,PRO-GRA-10,16,Low,0,1,0,0,0,20,0
2025-02-19,Grass cutting,Colombo,PRO-GRA-05,15,Low,0,1,0,0,0,20,0
2025-02-19,Grass cutting,Gampaha,PRO-GRA-01,16,Low,0,1,0,0,0,20,0
2025-02-19,Child care,Gampaha,PRO-CHI-03,12,Low,0,1,0,0,0,20,0
2025-02-19,Plumbing,Gampaha,PRO-PLU-06,0,Low,0,1,0,0,0,20,0
2025-02-19,Plumbing,Colombo,PRO-PLU-04,1,Low,0,1,0,0,0,20,0
2025-02-19,Plumbing,Colombo,PRO-PLU-08,2,Low,0,1,0,0,0,20,0
2025-02-19,Plumbing,Colombo,PRO-PLU-07,0,Low,0,1,0,0,0,20,0
2025-02-19,Plumbing,Colombo,PRO-PLU-03,1,Low,0,1,0,0,0,20,0
2025-02-19,Grass cutting,Colombo,PRO-GRA-08,16,Low,0,1,0,0,0,20,0
2025-02-19,Child care,Colombo,PRO-CHI-06,11,Low,0,1,0,0,0,20,0
2025-02-20,Plumbing,Colombo,PRO-PLU-07,1,Low,0,1,0,0,0,21,0
2025-02-20,Electrical repairs,Colombo,PRO-ELE-07,1,Low,0,1,0,0,0,21,0
2025-02-20,Plumbing,Gampaha,PRO-PLU-03,0,Low,0,1,0,0,0,21,0
2025-02-20,Grass cutting,Colombo,PRO-GRA-10,16,Low,0,1,0,0,0,21,0
2025-02-20,Plumbing,Colombo,PRO-PLU-05,2,Low,0,1,0,0,0,21,0
2025-02-20,Electrical repairs,Gampaha,PRO-ELE-02,0,Low,0,1,0,0,0,21,0
2025-02-20,Plumbing,Gampaha,PRO-PLU-04,1,Low,0,1,0,0,0,21,0
2025-02-20,Child care,Gampaha,PRO-CHI-03,10,Low,0,1,0,0,0,21,0
2025-02-20,Plumbing,Gampaha,PRO-PLU-08,2,Low,0,1,0,0,0,21,0
2025-02-20,Grass cutting,Gampaha,PRO-GRA-11,16,Low,0,1,0,0,0,21,0
2025-02-20,Plumbing,Colombo,PRO-PLU-06,0,Low,0,1,0,0,0,21,0
2025-02-20,Child care,Gampaha,PRO-CHI-02,10,Low,0,1,0,0,0,21,0
2025-02-20,Grass cutting,Gampaha,PRO-GRA-07,17,Low,0,1,0,0,0,21,0
2025-02-20,Grass cutting,Gampaha,PRO-GRA-05,17,Low,0,1,0,0,0,21,0
2025-02-20,Child care,Gampaha,PRO-CHI-07,11,Low,0,1,0,0,0,21,0
2025-02-20,Plumbing,Colombo,PRO-PLU-02,2,Low,0,1,0,0,0,21,0
2025-02-20,Grass cutting,Colombo,PRO-GRA-03,16,Low,0,1,0,0,0,21,0
2025-02-20,Electrical repairs,Colombo,PRO-ELE-03,1,Low,0,1,0,0,0,21,0
2025-02-20,Plumbing,Gampaha,PRO-PLU-01,1,Low,0,1,0,0,0,21,0
2025-02-21,Plumbing,Colombo,PRO-PLU-06,1,Low,0,1,0,0,0,22,0
2025-02-21,Grass cutting,Colombo,PRO-GRA-18,15,Low,0,1,0,0,0,22,0
2025-02-21,Electrical repairs,Gampaha,PRO-ELE-08,2,Low,0,1,0,0,0,22,0
2025-02-21,Grass cutting,Gampaha,PRO-GRA-13,17,Low,0,1,0,0,0,22,0
2025-02-21,Grass cutting,Gampaha,PRO-GRA-08,17,Low,0,1,0,0,0,22,0
2025-02-21,Watering,Colombo,PRO-WAT-05,25,Low,0,1,0,0,0,22,0
2025-02-21,Grass cutting,Gampaha,PRO-GRA-15,15,Low,0,1,0,0,0,22,0
2025-02-21,Grass cutting,Gampaha,PRO-GRA-05,16,Low,0,1,0,0,0,22,0
2025-02-21,Grass cutting,Gampaha,PRO-GRA-01,15,Low,0,1,0,0,0,22,0
2025-02-21,Plumbing,Colombo,PRO-PLU-08,0,Low,0,1,0,0,0,22,0
2025-02-21,Plumbing,Colombo,PRO-PLU-05,1,Low,0,1,0,0,0,22,0
2025-02-21,Plumbing,Colombo,PRO-PLU-03,2,Low,0,1,0,0,0,22,0
2025-02-21,Plumbing,Colombo,PRO-PLU-02,1,Low,0,1,0,0,0,22,0
2025-02-21,Grass cutting,Gampaha,PRO-GRA-10,16,Low,0,1,0,0,0,22,0
2025-02-21,Plumbing,Gampaha,PRO-PLU-01,1,Low,0,1,0,0,0,22,0
2025-02-21,Plumbing,Gampaha,PRO-PLU-04,1,Low,0,1,0,0,0,22,0
2025-02-21,Child care,Gampaha,PRO-CHI-08,11,Low,0,1,0,0,0,22,0
2025-02-21,Grass cutting,Gampaha,PRO-GRA-12,15,Low,0,1,0,0,0,22,0
2025-02-22,Plumbing,Gampaha,PRO-PLU-01,2,Low,0,1,0,0,0,23,0
2025-02-22,Grass cutting,Gampaha,PRO-GRA-08,17,Low,0,1,0,0,0,23,0
2025-02-22,Plumbing,Gampaha,PRO-PLU-05,1,Low,0,1,0,0,0,23,0
2025-02-22,Grass cutting,Gampaha,PRO-GRA-02,15,Low,0,1,0,0,0,23,0
2025-02-22,Plumbing,Colombo,PRO-PLU-06,0,Low,0,1,0,0,0,23,0
2025-02-22,Plumbing,Gampaha,PRO-PLU-04,0,Low,0,1,0,0,0,23,0
2025-02-22,Grass cutting,Gampaha,PRO-GRA-14,15,Low,0,1,0,0,0,23,0
2025-02-22,Grass cutting,Colombo,PRO-GRA-15,17,Low,0,1,0,0,0,23,0
2025-02-22,Plumbing,Gampaha,PRO-PLU-08,1,Low,0,1,0,0,0,23,0
2025-02-22,Child care,Gampaha,PRO-CHI-07,0,Low,0,1,0,0,0,23,0
2025-02-22,Plumbing,Gampaha,PRO-PLU-07,2,Low,0,1,0,0,0,23,0
2025-02-22,Plumbing,Gampaha,PRO-PLU-03,0,Low,0,1,0,0,0,23,0
2025-02-22,Child care,Gampaha,PRO-CHI-02,1,Low,0,1,0,0,0,23,0
2025-02-22,Grass cutting,Gampaha,PRO-GRA-18,17,Low,0,1,0,0,0,23,0
2025-02-22,Grass cutting,Gampaha,PRO-GRA-17,17,Low,0,1,0,0,0,23,0
2025-02-22,Grass cutting,Gampaha,PRO-GRA-11,15,Low,0,1,0,0,0,23,0
2025-02-22,Plumbing,Colombo,PRO-PLU-02,1,Low,0,1,0,0,0,23,0
2025-02-22,Electrical repairs,Colombo,PRO-ELE-07,7,Low,0,1,0,0,0,23,0
2025-02-22,Grass cutting,Colombo,PRO-GRA-01,16,Low,0,1,0,0,0,23,0
2025-02-22,Electrical repairs,Colombo,PRO-ELE-02,6,Low,0,1,0,0,0,23,0
2025-02-23,Plumbing,Gampaha,PRO-PLU-02,2,Low,0,1,0,0,0,24,0
2025-02-23,Plumbing,Gampaha,PRO-PLU-04,0,Low,0,1,0,0,0,24,0
2025-02-23,Plumbing,Colombo,PRO-PLU-06,0,Low,0,1,0,0,0,24,0
2025-02-23,Child care,Gampaha,PRO-CHI-04,2,Low,0,1,0,0,0,24,0
2025-02-23,Electrical repairs,Gampaha,PRO-ELE-07,7,Low,0,1,0,0,0,24,0
2025-02-23,Grass cutting,Gampaha,PRO-GRA-05,15,Low,0,1,0,0,0,24,0
2025-02-23,Electrical repairs,Gampaha,PRO-ELE-08,6,Low,0,1,0,0,0,24,0
2025-02-23,Child care,Colombo,PRO-CHI-07,2,Low,0,1,0,0,0,24,0
2025-02-23,Plumbing,Gampaha,PRO-PLU-05,2,Low,0,1,0,0,0,24,0
2025-02-23,Plumbing,Gampaha,PRO-PLU-08,1,Low,0,1,0,0,0,24,0
2025-02-23,Electrical repairs,Colombo,PRO-ELE-03,7,Low,0,1,0,0,0,24,0
2025-02-23,Grass cutting,Colombo,PRO-GRA-01,16,Low,0,1,0,0,0,24,0
2025-02-23,Electrical repairs,Colombo,PRO-ELE-04,6,Low,0,1,0,0,0,24,0
2025-02-23,Grass cutting,Colombo,PRO-GRA-15,15,Low,0,1,0,0,0,24,0
2025-02-23,Child care,Colombo,PRO-CHI-03,1,Low,0,1,0,0,0,24,0
2025-02-23,Grass cutting,Colombo,PRO-GRA-10,15,Low,0,1,0,0,0,24,0
2025-02-23,Grass cutting,Colombo,PRO-GRA-12,16,Low,0,1,0,0,0,24,0
2025-02-23,Child care,Colombo,PRO-CHI-08,1,Low,0,1,0,0,0,24,0
2025-02-23,Plumbing,Gampaha,PRO-PLU-07,2,Low,0,1,0,0,0,24,0
2025-02-23,Plumbing,Colombo,PRO-PLU-03,2,Low,0,1,0,0,0,24,0
2025-02-23,Grass cutting,Colombo,PRO-GRA-16,16,Low,0,1,0,0,0,24,0
2025-02-24,Plumbing,Gampaha,PRO-PLU-08,0,Low,0,1,0,0,0,25,0
2025-02-24,Plumbing,Gampaha,PRO-PLU-06,0,Low,0,1,0,0,0,25,0
2025-02-24,Plumbing,Gampaha,PRO-PLU-04,0,Low,0,1,0,0,0,25,0
2025-02-24,Child care,Gampaha,PRO-CHI-05,10,Low,0,1,0,0,0,25,0
2025-02-24,Plumbing,Colombo,PRO-PLU-05,1,Low,0,1,0,0,0,25,0
2025-02-24,Grass cutting,Gampaha,PRO-GRA-05,17,Low,0,1,0,0,0,25,0
2025-02-24,Electrical repairs,Gampaha,PRO-ELE-04,0,Low,0,1,0,0,0,25,0
2025-02-24,Electrical repairs,Colombo,PRO-ELE-05,0,Low,0,1,0,0,0,25,0
2025-02-24,Grass cutting,Colombo,PRO-GRA-15,17,Low,0,1,0,0,0,25,0
2025-02-24,Child care,Colombo,PRO-CHI-04,11,Low,0,1,0,0,0,25,0
2025-02-24,Plumbing,Gampaha,PRO-PLU-07,2,Low,0,1,0,0,0,25,0
2025-02-24,Plumbing,Colombo,PRO-PLU-02,1,Low,0,1,0,0,0,25,0
2025-02-24,Plumbing,Gampaha,PRO-PLU-03,2,Low,0,1,0,0,0,25,0
2025-02-25,Child care,Gampaha,PRO-CHI-04,10,High,1,0,0,0,0,0,1
2025-02-25,House cleaning,Colombo,PRO-HOU-01,2,High,1,0,0,0,0,0,1
2025-02-25,Child care,Colombo,PRO-CHI-06,10,High,1,0,0,0,0,0,1
2025-02-25,Grass cutting,Colombo,PRO-GRA-09,0,High,1,0,0,0,0,0,1
2025-02-25,Plumbing,Colombo,PRO-PLU-04,1,High,1,0,0,0,0,0,1
2025-02-25,Electrical repairs,Gampaha,PRO-ELE-07,12,High,1,0,0,0,0,0,1
2025-02-25,Plumbing,Colombo,PRO-PLU-08,0,High,1,0,0,0,0,0,1
2025-02-25,Child care,Colombo,PRO-CHI-02,12,High,1,0,0,0,0,0,1
2025-02-25,Child care,Colombo,PRO-CHI-07,11,High,1,0,0,0,0,0,1
2025-02-25,Electrical repairs,Colombo,PRO-ELE-06,10,High,1,0,0,0,0,0,1
2025-02-25,Electrical repairs,Gampaha,PRO-ELE-04,11,High,1,0,0,0,0,0,1
2025-02-25,Plumbing,Colombo,PRO-PLU-01,1,High,1,0,0,0,0,0,1
2025-02-25,Grass cutting,Colombo,PRO-GRA-02,0,High,1,0,0,0,0,0,1
2025-02-25,Plumbing,Gampaha,PRO-PLU-06,0,High,1,0,0,0,0,0,1
2025-02-25,Electrical repairs,Gampaha,PRO-ELE-02,11,High,1,0,0,0,0,0,1
2025-02-25,Plumbing,Gampaha,PRO-PLU-02,2,High,1,0,0,0,0,0,1
2025-02-25,Electrical repairs,Colombo,PRO-ELE-05,10,High,1,0,0,0,0,0,1
2025-02-25,Plumbing,Gampaha,PRO-PLU-03,1,High,1,0,0,0,0,0,1
2025-02-25,Plumbing,Gampaha,PRO-PLU-05,2,High,1,0,0,0,0,0,1
2025-02-25,Plumbing,Colombo,PRO-PLU-07,1,High,1,0,0,0,0,0,1
2025-02-25,Grass cutting,Colombo,PRO-GRA-10,0,High,1,0,0,0,0,0,1
2025-02-25,Child care,Colombo,PRO-CHI-05,12,High,1,0,0,0,0,0,1
2025-02-26,Grass cutting,Gampaha,PRO-GRA-05,0,High,1,0,1,0,0,0,2
2025-02-26,Child care,Gampaha,PRO-CHI-06,0,High,1,0,1,0,0,0,2
2025-02-26,Grass cutting,Colombo,PRO-GRA-06,0,High,1,0,1,0,0,0,2
2025-02-26,Electrical repairs,Gampaha,PRO-ELE-03,10,High,1,0,1,0,0,0,2
2025-02-26,Plumbing,Colombo,PRO-PLU-06,0,High,1,0,1,0,0,0,2
2025-02-26,Grass cutting,Gampaha,PRO-GRA-07,0,High,1,0,1,0,0,0,2
2025-02-26,Electrical repairs,Gampaha,PRO-ELE-08,12,High,1,0,1,0,0,0,2
2025-02-26,Grass cutting,Colombo,PRO-GRA-03,0,High,1,0,1,0,0,0,2
2025-02-26,Roofing,Colombo,PRO-ROO-06,32,High,1,0,1,0,0,0,2
2025-02-26,House cleaning,Colombo,PRO-HOU-09,15,High,1,0,1,0,0,0,2
2025-02-26,Plumbing,Gampaha,PRO-PLU-04,1,High,1,0,1,0,0,0,2
2025-02-26,Electrical repairs,Gampaha,PRO-ELE-06,11,High,1,0,1,0,0,0,2
2025-02-26,Plumbing,Colombo,PRO-PLU-01,2,High,1,0,1,0,0,0,2
2025-02-26,Plumbing,Gampaha,PRO-PLU-03,1,High,1,0,1,0,0,0,2
2025-02-26,Plumbing,Gampaha,PRO-PLU-08,1,High,1,0,1,0,0,0,2
2025-02-26,Grass cutting,Colombo,PRO-GRA-04,0,High,1,0,1,0,0,0,2
2025-02-26,Child care,Gampaha,PRO-CHI-03,1,High,1,0,1,0,0,0,2
2025-02-26,Child care,Gampaha,PRO-CHI-04,2,High,1,0,1,0,0,0,2
2025-02-26,Plumbing,Colombo,PRO-PLU-05,2,High,1,0,1,0,0,0,2
2025-02-26,Plumbing,Colombo,PRO-PLU-02,1,High,1,0,1,0,0,0,2
2025-02-26,Electrical repairs,Colombo,PRO-ELE-04,11,High,1,0,1,0,0,0,2
2025-02-26,Plumbing,Gampaha,PRO-PLU-07,1,High,1,0,1,0,0,0,2
2025-02-26,Grass cutting,Colombo,PRO-GRA-14,0,High,1,0,1,0,0,0,2
2025-02-26,Child care,Gampaha,PRO-CHI-08,0,High,1,0,1,0,0,0,2
2025-02-27,Plumbing,Gampaha,PRO-PLU-01,1,High,1,0,0,0,0,0,3
2025-02-27,Child care,Gampaha,PRO-CHI-01,11,High,1,0,0,0,0,0,3
2025-02-27,Plumbing,Colombo,PRO-PLU-02,0,High,1,0,0,0,0,0,3
2025-02-27,Electrical repairs,Colombo,PRO-ELE-05,10,High,1,0,0,0,0,0,3
2025-02-27,Child care,Gampaha,PRO-CHI-05,12,High,1,0,0,0,0,0,3
2025-02-27,Electrical repairs,Colombo,PRO-ELE-01,10,High,1,0,0,0,0,0,3
2025-02-27,Plumbing,Colombo,PRO-PLU-08,0,High,1,0,0,0,0,0,3
2025-02-27,Plumbing,Colombo,PRO-PLU-07,0,High,1,0,0,0,0,0,3
2025-02-27,Grass cutting,Colombo,PRO-GRA-10,0,High,1,0,0,0,0,0,3
2025-02-27,Plumbing,Colombo,PRO-PLU-06,2,High,1,0,0,0,0,0,3
2025-02-27,Plumbing,Gampaha,PRO-PLU-05,2,High,1,0,0,0,0,0,3
2025-02-27,Plumbing,Gampaha,PRO-PLU-04,0,High,1,0,0,0,0,0,3
2025-02-28,Plumbing,Gampaha,PRO-PLU-02,2,High,1,0,0,0,0,0,4
2025-02-28,Child care,Gampaha,PRO-CHI-07,11,High,1,0,0,0,0,0,4
2025-02-28,Painting,Colombo,PRO-PAI-05,1,High,1,0,0,0,0,0,4
2025-02-28,Plumbing,Gampaha,PRO-PLU-07,0,High,1,0,0,0,0,0,4
2025-02-28,Grass cutting,Colombo,PRO-GRA-15,0,High,1,0,0,0,0,0,4
2025-02-28,Plumbing,Gampaha,PRO-PLU-04,0,High,1,0,0,0,0,0,4
2025-02-28,Grass cutting,Gampaha,PRO-GRA-07,0,High,1,0,0,0,0,0,4
2025-02-28,Plumbing,Colombo,PRO-PLU-06,0,High,1,0,0,0,0,0,4
2025-02-28,Electrical repairs,Colombo,PRO-ELE-07,11,High,1,0,0,0,0,0,4
2025-02-28,Plumbing,Gampaha,PRO-PLU-01,0,High,1,0,0,0,0,0,4
2025-02-28,Grass cutting,Colombo,PRO-GRA-05,0,High,1,0,0,0,0,0,4
2025-02-28,Plumbing,Colombo,PRO-PLU-05,1,High,1,0,0,0,0,0,4
2025-02-28,Grass cutting,Colombo,PRO-GRA-06,0,High,1,0,0,0,0,0,4
2025-02-28,Plumbing,Gampaha,PRO-PLU-08,0,High,1,0,0,0,0,0,4
2025-02-28,Child care,Gampaha,PRO-CHI-05,11,High,1,0,0,0,0,0,4
2025-02-28,Plumbing,Colombo,PRO-PLU-03,0,High,1,0,0,0,0,0,4
2025-02-28,Electrical repairs,Colombo,PRO-ELE-05,12,High,1,0,0,0,0,0,4
2025-03-01,Electrical repairs,Colombo,PRO-ELE-07,15,High,1,0,0,0,0,0,5
2025-03-01,Grass cutting,Colombo,PRO-GRA-15,0,High,1,0,0,0,0,0,5
2025-03-01,Child care,Gampaha,PRO-CHI-03,0,High,1,0,0,0,0,0,5
2025-03-01,Plumbing,Colombo,PRO-PLU-02,15,High,1,0,0,0,0,0,5
2025-03-01,Child care,Colombo,PRO-CHI-05,0,High,1,0,0,0,0,0,5
2025-03-01,Plumbing,Gampaha,PRO-PLU-08,15,High,1,0,0,0,0,0,5
2025-03-01,Child care,Gampaha,PRO-CHI-01,2,High,1,0,0,0,0,0,5
2025-03-01,Electrical repairs,Gampaha,PRO-ELE-05,16,High,1,0,0,0,0,0,5
2025-03-01,Plumbing,Gampaha,PRO-PLU-01,17,High,1,0,0,0,0,0,5
2025-03-01,Plumbing,Colombo,PRO-PLU-03,17,High,1,0,0,0,0,0,5
2025-03-01,Grass cutting,Gampaha,PRO-GRA-08,0,High,1,0,0,0,0,0,5
2025-03-01,Grass cutting,Gampaha,PRO-GRA-03,0,High,1,0,0,0,0,0,5
2025-03-01,Plumbing,Gampaha,PRO-PLU-05,15,High,1,0,0,0,0,0,5
2025-03-01,Grass cutting,Colombo,PRO-GRA-17,0,High,1,0,0,0,0,0,5
2025-03-01,Plumbing,Colombo,PRO-PLU-06,16,High,1,0,0,0,0,0,5
2025-03-01,Child care,Gampaha,PRO-CHI-07,1,High,1,0,0,0,0,0,5
2025-03-01,Electrical repairs,Colombo,PRO-ELE-03,17,High,1,0,0,0,0,0,5
2025-03-01,Plumbing,Gampaha,PRO-PLU-04,16,High,1,0,0,0,0,0,5
2025-03-01,Plumbing,Colombo,PRO-PLU-07,16,High,1,0,0,0,0,0,5
2025-03-01,Electrical repairs,Colombo,PRO-ELE-01,16,High,1,0,0,0,0,0,5
2025-03-02,Electrical repairs,Gampaha,PRO-ELE-04,16,High,1,0,1,0,0,0,6
2025-03-02,Plumbing,Gampaha,PRO-PLU-03,16,High,1,0,1,0,0,0,6
2025-03-02,Plumbing,Gampaha,PRO-PLU-08,16,High,1,0,1,0,0,0,6
2025-03-02,Plumbing,Gampaha,PRO-PLU-05,16,High,1,0,1,0,0,0,6
2025-03-02,Grass cutting,Colombo,PRO-GRA-13,0,High,1,0,1,0,0,0,6
2025-03-02,Grass cutting,Colombo,PRO-GRA-04,0,High,1,0,1,0,0,0,6
2025-03-02,Child care,Colombo,PRO-CHI-02,0,High,1,0,1,0,0,0,6
2025-03-02,Child care,Gampaha,PRO-CHI-04,0,High,1,0,1,0,0,0,6
2025-03-02,Electrical repairs,Gampaha,PRO-ELE-02,17,High,1,0,1,0,0,0,6
2025-03-02,Plumbing,Colombo,PRO-PLU-04,16,High,1,0,1,0,0,0,6
2025-03-02,Electrical repairs,Colombo,PRO-ELE-01,15,High,1,0,1,0,0,0,6
2025-03-02,Plumbing,Colombo,PRO-PLU-07,16,High,1,0,1,0,0,0,6
2025-03-02,Plumbing,Gampaha,PRO-PLU-02,16,High,1,0,1,0,0,0,6
2025-03-02,Child care,Colombo,PRO-CHI-01,2,High,1,0,1,0,0,0,6
2025-03-02,Child care,Colombo,PRO-CHI-06,1,High,1,0,1,0,0,0,6
2025-03-02,Grass cutting,Gampaha,PRO-GRA-15,0,High,1,0,1,0,0,0,6
2025-03-02,Plumbing,Colombo,PRO-PLU-06,16,High,1,0,1,0,0,0,6
2025-03-02,Electrical repairs,Gampaha,PRO-ELE-06,17,High,1,0,1,0,0,0,6
2025-03-02,Grass cutting,Colombo,PRO-GRA-09,0,High,1,0,1,0,0,0,6
2025-03-02,Plumbing,Colombo,PRO-PLU-01,16,High,1,0,1,0,0,0,6
2025-03-03,Plumbing,Colombo,PRO-PLU-04,0,High,1,0,0,0,0,0,7
2025-03-03,Plumbing,Colombo,PRO-PLU-02,0,High,1,0,0,0,0,0,7
2025-03-03,Grass cutting,Gampaha,PRO-GRA-05,0,High,1,0,0,0,0,0,7
2025-03-03,Plumbing,Colombo,PRO-PLU-06,0,High,1,0,0,0,0,0,7
2025-03-03,Child care,Colombo,PRO-CHI-05,11,High,1,0,0,0,0,0,7
2025-03-03,Grass cutting,Gampaha,PRO-GRA-08,0,High,1,0,0,0,0,0,7
2025-03-03,Plumbing,Colombo,PRO-PLU-05,0,High,1,0,0,0,0,0,7
2025-03-03,Electrical repairs,Gampaha,PRO-ELE-05,10,High,1,0,0,0,0,0,7
2025-03-03,Grass cutting,Gampaha,PRO-GRA-14,0,High,1,0,0,0,0,0,7
2025-03-03,Plumbing,Colombo,PRO-PLU-03,2,High,1,0,0,0,0,0,7
2025-03-03,Grass cutting,Gampaha,PRO-GRA-06,0,High,1,0,0,0,0,0,7
2025-03-03,Grass cutting,Gampaha,PRO-GRA-02,0,High,1,0,0,0,0,0,7
2025-03-03,Plumbing,Colombo,PRO-PLU-07,1,High,1,0,0,0,0,0,7
2025-03-03,Plumbing,Gampaha,PRO-PLU-01,1,High,1,0,0,0,0,0,7
2025-03-03,Child care,Colombo,PRO-CHI-04,10,High,1,0,0,0,0,0,7
2025-03-03,Electrical repairs,Colombo,PRO-ELE-04,10,High,1,0,0,0,0,0,7
2025-03-03,Grass cutting,Gampaha,PRO-GRA-12,0,High,1,0,0,0,0,0,7
2025-03-03,Plumbing,Colombo,PRO-PLU-08,2,High,1,0,0,0,0,0,7
2025-03-03,Grass cutting,Colombo,PRO-GRA-16,0,High,1,0,0,0,0,0,7
2025-03-04,Plumbing,Gampaha,PRO-PLU-03,25,Low,0,1,0,0,0,1,0
2025-03-04,Child care,Gampaha,PRO-CHI-03,11,Low,0,1,0,0,0,1,0
2025-03-04,Grass cutting,Colombo,PRO-GRA-03,27,Low,0,1,0,0,0,1,0
2025-03-04,Plumbing,Gampaha,PRO-PLU-05,25,Low,0,1,0,0,0,1,0
2025-03-04,Plumbing,Gampaha,PRO-PLU-04,27,Low,0,1,0,0,0,1,0
2025-03-04,Electrical repairs,Gampaha,PRO-ELE-05,0,Low,0,1,0,0,0,1,0
2025-03-04,Grass cutting,Colombo,PRO-GRA-05,27,Low,0,1,0,0,0,1,0
2025-03-04,Plumbing,Colombo,PRO-PLU-06,26,Low,0,1,0,0,0,1,0
2025-03-04,Plumbing,Gampaha,PRO-PLU-02,27,Low,0,1,0,0,0,1,0
2025-03-04,Grass cutting,Colombo,PRO-GRA-08,25,Low,0,1,0,0,0,1,0
2025-03-04,Grass cutting,Colombo,PRO-GRA-17,27,Low,0,1,0,0,0,1,0
2025-03-04,Grass cutting,Gampaha,PRO-GRA-11,25,Low,0,1,0,0,0,1,0
2025-03-04,Plumbing,Gampaha,PRO-PLU-01,26,Low,0,1,0,0,0,1,0
2025-03-04,Electrical repairs,Gampaha,PRO-ELE-03,2,Low,0,1,0,0,0,1,0
2025-03-04,Child care,Gampaha,PRO-CHI-05,11,Low,0,1,0,0,0,1,0
2025-03-04,Grass cutting,Gampaha,PRO-GRA-09,27,Low,0,1,0,0,0,1,0
2025-03-04,Grass cutting,Gampaha,PRO-GRA-06,27,Low,0,1,0,0,0,1,0
2025-03-05,Watering,Gampaha,PRO-WAT-05,5,Low,0,1,0,0,0,2,0
2025-03-05,Watering,Colombo,PRO-WAT-03,5,Low,0,1,0,0,0,2,0
2025-03-05,Plumbing,Colombo,PRO-PLU-02,0,Low,0,1,0,0,0,2,0
2025-03-05,Electrical repairs,Gampaha,PRO-ELE-08,1,Low,0,1,0,0,0,2,0
2025-03-05,Electrical repairs,Colombo,PRO-ELE-01,2,Low,0,1,0,0,0,2,0
2025-03-05,Plumbing,Colombo,PRO-PLU-04,1,Low,0,1,0,0,0,2,0
2025-03-05,Child care,Colombo,PRO-CHI-08,11,Low,0,1,0,0,0,2,0
2025-03-05,Grass cutting,Colombo,PRO-GRA-03,1,Low,0,1,0,0,0,2,0
2025-03-05,Grass cutting,Gampaha,PRO-GRA-04,1,Low,0,1,0,0,0,2,0
2025-03-05,Grass cutting,Gampaha,PRO-GRA-17,2,Low,0,1,0,0,0,2,0
2025-03-05,Grass cutting,Colombo,PRO-GRA-05,2,Low,0,1,0,0,0,2,0
2025-03-05,Plumbing,Gampaha,PRO-PLU-08,0,Low,0,1,0,0,0,2,0
2025-03-05,Grass cutting,Gampaha,PRO-GRA-12,2,Low,0,1,0,0,0,2,0
2025-03-05,Child care,Gampaha,PRO-CHI-01,11,Low,0,1,0,0,0,2,0
2025-03-05,Plumbing,Colombo,PRO-PLU-01,1,Low,0,1,0,0,0,2,0
2025-03-05,Plumbing,Colombo,PRO-PLU-07,1,Low,0,1,0,0,0,2,0
2025-03-06,Child care,Gampaha,PRO-CHI-03,11,Low,0,1,0,0,0,3,0
2025-03-06,Grass cutting,Colombo,PRO-GRA-18,0,Low,0,1,0,0,0,3,0
2025-03-06,Plumbing,Gampaha,PRO-PLU-03,0,Low,0,1,0,0,0,3,0
2025-03-06,Electrical repairs,Gampaha,PRO-ELE-04,2,Low,0,1,0,0,0,3,0
2025-03-06,Plumbing,Colombo,PRO-PLU-01,1,Low,0,1,0,0,0,3,0
2025-03-06,Plumbing,Colombo,PRO-PLU-04,0,Low,0,1,0,0,0,3,0
2025-03-06,Electrical repairs,Colombo,PRO-ELE-03,0,Low,0,1,0,0,0,3,0
2025-03-06,Electrical repairs,Gampaha,PRO-ELE-01,1,Low,0,1,0,0,0,3,0
2025-03-06,Grass cutting,Colombo,PRO-GRA-05,0,Low,0,1,0,0,0,3,0
2025-03-06,Plumbing,Colombo,PRO-PLU-05,1,Low,0,1,0,0,0,3,0
2025-03-06,Grass cutting,Colombo,PRO-GRA-08,0,Low,0,1,0,0,0,3,0
2025-03-06,Grass cutting,Gampaha,PRO-GRA-15,1,Low,0,1,0,0,0,3,0
2025-03-06,Grass cutting,Gampaha,PRO-GRA-02,1,Low,0,1,0,0,0,3,0
2025-03-06,Child care,Colombo,PRO-CHI-04,10,Low,0,1,0,0,0,3,0
2025-03-06,Child care,Colombo,PRO-CHI-01,12,Low,0,1,0,0,0,3,0
2025-03-06,Plumbing,Gampaha,PRO-PLU-02,2,Low,0,1,0,0,0,3,0
2025-03-06,Plumbing,Gampaha,PRO-PLU-06,1,Low,0,1,0,0,0,3,0
2025-03-06,Watering,Gampaha,PRO-WAT-02,5,Low,0,1,0,0,0,3,0
2025-03-06,Plumbing,Gampaha,PRO-PLU-07,1,Low,0,1,0,0,0,3,0
2025-03-07,Grass cutting,Colombo,PRO-GRA-14,0,Low,0,1,0,0,0,4,0
2025-03-07,Plumbing,Colombo,PRO-PLU-04,0,Low,0,1,0,0,0,4,0
2025-03-07,Plumbing,Colombo,PRO-PLU-02,0,Low,0,1,0,0,0,4,0
2025-03-07,Electrical repairs,Colombo,PRO-ELE-08,1,Low,0,1,0,0,0,4,0
2025-03-07,Plumbing,Gampaha,PRO-PLU-07,1,Low,0,1,0,0,0,4,0
2025-03-07,Grass cutting,Colombo,PRO-GRA-12,1,Low,0,1,0,0,0,4,0
2025-03-07,Child care,Gampaha,PRO-CHI-04,11,Low,0,1,0,0,0,4,0
2025-03-07,Electrical repairs,Gampaha,PRO-ELE-02,0,Low,0,1,0,0,0,4,0
2025-03-07,Electrical repairs,Colombo,PRO-ELE-07,2,Low,0,1,0,0,0,4,0
2025-03-07,Plumbing,Colombo,PRO-PLU-08,2,Low,0,1,0,0,0,4,0
2025-03-07,Child care,Gampaha,PRO-CHI-07,10,Low,0,1,0,0,0,4,0
2025-03-07,Child care,Gampaha,PRO-CHI-02,10,Low,0,1,0,0,0,4,0
2025-03-07,Child care,Colombo,PRO-CHI-08,10,Low,0,1,0,0,0,4,0
2025-03-07,Electrical repairs,Gampaha,PRO-ELE-06,0,Low,0,1,0,0,0,4,0
2025-03-07,Grass cutting,Gampaha,PRO-GRA-10,2,Low,0,1,0,0,0,4,0
2025-03-07,Plumbing,Gampaha,PRO-PLU-03,2,Low,0,1,0,0,0,4,0
2025-03-07,Electrical repairs,Gampaha,PRO-ELE-04,0,Low,0,1,0,0,0,4,0
2025-03-07,Child care,Colombo,PRO-CHI-06,11,Low,0,1,0,0,0,4,0
2025-03-07,Plumbing,Colombo,PRO-PLU-06,1,Low,0,1,0,0,0,4,0
2025-03-07,Grass cutting,Colombo,PRO-GRA-13,1,Low,0,1,0,0,0,4,0
2025-03-07,Grass cutting,Colombo,PRO-GRA-16,2,Low,0,1,0,0,0,4,0
2025-03-08,Electrical repairs,Gampaha,PRO-ELE-04,6,Low,0,1,0,0,0,5,0
2025-03-08,Child care,Colombo,PRO-CHI-07,1,Low,0,1,0,0,0,5,0
2025-03-08,Plumbing,Colombo,PRO-PLU-08,1,Low,0,1,0,0,0,5,0
2025-03-08,Child care,Gampaha,PRO-CHI-04,2,Low,0,1,0,0,0,5,0
2025-03-08,Grass cutting,Gampaha,PRO-GRA-13,16,Low,0,1,0,0,0,5,0
2025-03-08,Plumbing,Colombo,PRO-PLU-06,0,Low,0,1,0,0,0,5,0
2025-03-08,Plumbing,Colombo,PRO-PLU-03,1,Low,0,1,0,0,0,5,0
2025-03-08,Electrical repairs,Gampaha,PRO-ELE-08,5,Low,0,1,0,0,0,5,0
2025-03-08,Grass cutting,Gampaha,PRO-GRA-10,16,Low,0,1,0,0,0,5,0
2025-03-08,Grass cutting,Gampaha,PRO-GRA-12,16,Low,0,1,0,0,0,5,0
2025-03-08,Grass cutting,Colombo,PRO-GRA-17,15,Low,0,1,0,0,0,5,0
2025-03-08,Child care,Colombo,PRO-CHI-08,1,Low,0,1,0,0,0,5,0
2025-03-08,Electrical repairs,Gampaha,PRO-ELE-07,6,Low,0,1,0,0,0,5,0
2025-03-08,Plumbing,Colombo,PRO-PLU-07,2,Low,0,1,0,0,0,5,0
2025-03-08,Plumbing,Gampaha,PRO-PLU-05,1,Low,0,1,0,0,0,5,0
2025-03-08,Plumbing,Colombo,PRO-PLU-02,1,Low,0,1,0,0,0,5,0
2025-03-08,Grass cutting,Colombo,PRO-GRA-09,15,Low,0,1,0,0,0,5,0
2025-03-08,Plumbing,Gampaha,PRO-PLU-04,2,Low,0,1,0,0,0,5,0
2025-03-08,Plumbing,Colombo,PRO-PLU-01,0,Low,0,1,0,0,0,5,0
2025-03-09,Plumbing,Colombo,PRO-PLU-06,2,Low,0,1,0,0,0,6,0
2025-03-09,Child care,Colombo,PRO-CHI-01,1,Low,0,1,0,0,0,6,0
2025-03-09,Electrical repairs,Colombo,PRO-ELE-06,5,Low,0,1,0,0,0,6,0
2025-03-09,Roofing,Colombo,PRO-ROO-03,0,Low,0,1,0,0,0,6,0
2025-03-09,Grass cutting,Gampaha,PRO-GRA-03,16,Low,0,1,0,0,0,6,0
2025-03-09,Child care,Colombo,PRO-CHI-06,2,Low,0,1,0,0,0,6,0
2025-03-09,Electrical repairs,Colombo,PRO-ELE-01,6,Low,0,1,0,0,0,6,0
2025-03-09,Plumbing,Gampaha,PRO-PLU-05,2,Low,0,1,0,0,0,6,0
2025-03-09,Grass cutting,Colombo,PRO-GRA-12,15,Low,0,1,0,0,0,6,0
2025-03-09,Plumbing,Colombo,PRO-PLU-01,0,Low,0,1,0,0,0,6,0
2025-03-09,Plumbing,Colombo,PRO-PLU-08,2,Low,0,1,0,0,0,6,0
2025-03-09,Child care,Gampaha,PRO-CHI-02,1,Low,0,1,0,0,0,6,0
2025-03-09,Plumbing,Gampaha,PRO-PLU-07,0,Low,0,1,0,0,0,6,0
2025-03-09,Grass cutting,Gampaha,PRO-GRA-09,17,Low,0,1,0,0,0,6,0
2025-03-09,Electrical repairs,Gampaha,PRO-ELE-03,6,Low,0,1,0,0,0,6,0
2025-03-09,Child care,Gampaha,PRO-CHI-03,2,Low,0,1,0,0,0,6,0
2025-03-09,Plumbing,Gampaha,PRO-PLU-02,1,Low,0,1,0,0,0,6,0
2025-03-09,House cleaning,Gampaha,PRO-HOU-04,21,Low,0,1,0,0,0,6,0
2025-03-09,Plumbing,Colombo,PRO-PLU-03,0,Low,0,1,0,0,0,6,0
2025-03-09,Electrical repairs,Gampaha,PRO-ELE-02,7,Low,0,1,0,0,0,6,0
2025-03-10,Plumbing,Gampaha,PRO-PLU-02,0,Low,0,1,0,0,0,7,0
2025-03-10,Plumbing,Gampaha,PRO-PLU-04,2,Low,0,1,0,0,0,7,0
2025-03-10,Plumbing,Gampaha,PRO-PLU-07,0,Low,0,1,0,0,0,7,0
2025-03-10,Grass cutting,Colombo,PRO-GRA-09,15,Low,0,1,0,0,0,7,0
2025-03-10,Grass cutting,Colombo,PRO-GRA-18,17,Low,0,1,0,0,0,7,0
2025-03-10,Grass cutting,Colombo,PRO-GRA-14,16,Low,0,1,0,0,0,7,0
2025-03-10,Grass cutting,Colombo,PRO-GRA-03,16,Low,0,1,0,0,0,7,0
2025-03-10,Plumbing,Colombo,PRO-PLU-06,1,Low,0,1,0,0,0,7,0
2025-03-10,Plumbing,Colombo,PRO-PLU-05,1,Low,0,1,0,0,0,7,0
2025-03-10,Plumbing,Colombo,PRO-PLU-08,2,Low,0,1,0,0,0,7,0
2025-03-10,Grass cutting,Gampaha,PRO-GRA-15,16,Low,0,1,0,0,0,7,0
2025-03-11,Plumbing,Colombo,PRO-PLU-04,2,High,1,0,0,0,0,0,1
2025-03-11,Plumbing,Gampaha,PRO-PLU-06,1,High,1,0,0,0,0,0,1
2025-03-11,Grass cutting,Colombo,PRO-GRA-17,0,High,1,0,0,0,0,0,1
2025-03-11,Plumbing,Gampaha,PRO-PLU-05,1,High,1,0,0,0,0,0,1
2025-03-11,Plumbing,Colombo,PRO-PLU-03,1,High,1,0,0,0,0,0,1
2025-03-11,Grass cutting,Colombo,PRO-GRA-01,0,High,1,0,0,0,0,0,1
2025-03-11,Grass cutting,Gampaha,PRO-GRA-06,0,High,1,0,0,0,0,0,1
2025-03-11,Move-in / move-out cleaning,Colombo,PRO-MOV-06,1,High,1,0,0,0,0,0,1
2025-03-11,Planting,Gampaha,PRO-PLA-06,0,High,1,0,0,0,0,0,1
2025-03-11,Post-construction cleaning,Gampaha,PRO-POS-06,2,High,1,0,0,0,0,0,1
2025-03-11,Plumbing,Gampaha,PRO-PLU-08,2,High,1,0,0,0,0,0,1
2025-03-11,Landscaping,Gampaha,PRO-LAN-06,0,High,1,0,0,0,0,0,1
2025-03-11,Plumbing,Colombo,PRO-PLU-07,0,High,1,0,0,0,0,0,1
2025-03-12,Grass cutting,Gampaha,PRO-GRA-05,1,Low,0,1,0,0,0,1,0
2025-03-12,Plumbing,Gampaha,PRO-PLU-03,2,Low,0,1,0,0,0,1,0
2025-03-12,Grass cutting,Gampaha,PRO-GRA-10,0,Low,0,1,0,0,0,1,0
2025-03-12,Grass cutting,Gampaha,PRO-GRA-04,0,Low,0,1,0,0,0,1,0
2025-03-12,Grass cutting,Gampaha,PRO-GRA-08,2,Low,0,1,0,0,0,1,0
2025-03-12,Grass cutting,Gampaha,PRO-GRA-03,1,Low,0,1,0,0,0,1,0
2025-03-12,Electrical repairs,Gampaha,PRO-ELE-04,1,Low,0,1,0,0,0,1,0
2025-03-12,Plumbing,Colombo,PRO-PLU-04,1,Low,0,1,0,0,0,1,0
2025-03-12,Plumbing,Colombo,PRO-PLU-01,0,Low,0,1,0,0,0,1,0
2025-03-12,Grass cutting,Gampaha,PRO-GRA-09,1,Low,0,1,0,0,0,1,0
2025-03-12,Grass cutting,Gampaha,PRO-GRA-02,1,Low,0,1,0,0,0,1,0
2025-03-12,Grass cutting,Gampaha,PRO-GRA-12,2,Low,0,1,0,0,0,1,0
2025-03-12,Electrical repairs,Colombo,PRO-ELE-02,0,Low,0,1,0,0,0,1,0
2025-03-12,Plumbing,Gampaha,PRO-PLU-02,2,Low,0,1,0,0,0,1,0
2025-03-12,Plumbing,Gampaha,PRO-PLU-08,0,Low,0,1,0,0,0,1,0
2025-03-12,Plumbing,Colombo,PRO-PLU-06,0,Low,0,1,0,0,0,1,0
2025-03-12,Child care,Gampaha,PRO-CHI-04,11,Low,0,1,0,0,0,1,0
2025-03-12,Plumbing,Gampaha,PRO-PLU-07,1,Low,0,1,0,0,0,1,0
2025-03-12,Plumbing,Gampaha,PRO-PLU-05,0,Low,0,1,0,0,0,1,0
2025-03-12,Child care,Gampaha,PRO-CHI-02,12,Low,0,1,0,0,0,1,0
2025-03-13,Electrical repairs,Colombo,PRO-ELE-07,1,Low,0,1,1,1,0,2,0
2025-03-13,Plumbing,Colombo,PRO-PLU-03,1,Low,0,1,1,1,0,2,0
2025-03-13,Electrical repairs,Colombo,PRO-ELE-08,2,Low,0,1,1,1,0,2,0
2025-03-13,Plumbing,Gampaha,PRO-PLU-02,2,Low,0,1,1,1,0,2,0
2025-03-13,Grass cutting,Colombo,PRO-GRA-05,0,Low,0,1,1,1,0,2,0
2025-03-13,Grass cutting,Gampaha,PRO-GRA-09,0,Low,0,1,1,1,0,2,0
2025-03-13,Child care,Gampaha,PRO-CHI-08,1,Low,0,1,1,1,0,2,0
2025-03-13,Grass cutting,Gampaha,PRO-GRA-08,2,Low,0,1,1,1,0,2,0
2025-03-13,Child care,Colombo,PRO-CHI-07,2,Low,0,1,1,1,0,2,0
2025-03-13,Grass cutting,Colombo,PRO-GRA-14,0,Low,0,1,1,1,0,2,0
2025-03-13,Plumbing,Gampaha,PRO-PLU-04,0,Low,0,1,1,1,0,2,0
2025-03-13,Plumbing,Colombo,PRO-PLU-06,0,Low,0,1,1,1,0,2,0
2025-03-13,Plumbing,Colombo,PRO-PLU-01,2,Low,0,1,1,1,0,2,0
2025-03-13,Plumbing,Gampaha,PRO-PLU-05,0,Low,0,1,1,1,0,2,0
2025-03-13,Plumbing,Gampaha,PRO-PLU-08,2,Low,0,1,1,1,0,2,0
2025-03-13,Grass cutting,Gampaha,PRO-GRA-07,1,Low,0,1,1,1,0,2,0
2025-03-13,Plumbing,Gampaha,PRO-PLU-07,1,Low,0,1,1,1,0,2,0
2025-03-14,Grass cutting,Gampaha,PRO-GRA-10,0,Low,0,1,1,1,0,3,0
2025-03-14,Plumbing,Colombo,PRO-PLU-03,1,Low,0,1,1,1,0,3,0
2025-03-14,Electrical repairs,Gampaha,PRO-ELE-01,1,Low,0,1,1,1,0,3,0
2025-03-14,Electrical repairs,Gampaha,PRO-ELE-05,2,Low,0,1,1,1,0,3,0
2025-03-14,Plumbing,Colombo,PRO-PLU-05,1,Low,0,1,1,1,0,3,0
2025-03-14,Child care,Colombo,PRO-CHI-05,2,Low,0,1,1,1,0,3,0
2025-03-14,Plumbing,Gampaha,PRO-PLU-01,2,Low,0,1,1,1,0,3,0
2025-03-14,Plumbing,Colombo,PRO-PLU-07,0,Low,0,1,1,1,0,3,0
2025-03-14,Child care,Colombo,PRO-CHI-01,2,Low,0,1,1,1,0,3,0
2025-03-14,Grass cutting,Colombo,PRO-GRA-06,0,Low,0,1,1,1,0,3,0
2025-03-14,Plumbing,Gampaha,PRO-PLU-08,1,Low,0,1,1,1,0,3,0
2025-03-14,Plumbing,Colombo,PRO-PLU-06,0,Low,0,1,1,1,0,3,0
2025-03-14,Plumbing,Gampaha,PRO-PLU-02,1,Low,0,1,1,1,0,3,0
2025-03-14,Plumbing,Gampaha,PRO-PLU-04,0,Low,0,1,1,1,0,3,0
2025-03-14,Watering,Colombo,PRO-WAT-04,7,Low,0,1,1,1,0,3,0
2025-03-15,Grass cutting,Colombo,PRO-GRA-15,0,High,1,0,0,0,0,0,1
2025-03-15,Grass cutting,Gampaha,PRO-GRA-09,0,High,1,0,0,0,0,0,1
2025-03-15,Child care,Gampaha,PRO-CHI-04,1,High,1,0,0,0,0,0,1
2025-03-15,Electrical repairs,Colombo,PRO-ELE-04,17,High,1,0,0,0,0,0,1
2025-03-15,Grass cutting,Gampaha,PRO-GRA-18,0,High,1,0,0,0,0,0,1
2025-03-15,Child care,Colombo,PRO-CHI-05,0,High,1,0,0,0,0,0,1
2025-03-15,Plumbing,Gampaha,PRO-PLU-02,17,High,1,0,0,0,0,0,1
2025-03-15,Plumbing,Gampaha,PRO-PLU-05,17,High,1,0,0,0,0,0,1
2025-03-15,Electrical repairs,Gampaha,PRO-ELE-05,15,High,1,0,0,0,0,0,1
2025-03-15,Electrical repairs,Gampaha,PRO-ELE-07,17,High,1,0,0,0,0,0,1
2025-03-15,Plumbing,Colombo,PRO-PLU-06,17,High,1,0,0,0,0,0,1
2025-03-15,Plumbing,Gampaha,PRO-PLU-04,17,High,1,0,0,0,0,0,1
2025-03-15,Plumbing,Gampaha,PRO-PLU-03,15,High,1,0,0,0,0,0,1
2025-03-15,Plumbing,Colombo,PRO-PLU-01,15,High,1,0,0,0,0,0,1
2025-03-15,Watering,Colombo,PRO-WAT-05,2,High,1,0,0,0,0,0,1
2025-03-15,Plumbing,Colombo,PRO-PLU-07,16,High,1,0,0,0,0,0,1
2025-03-15,Child care,Colombo,PRO-CHI-07,2,High,1,0,0,0,0,0,1
2025-03-15,Plumbing,Colombo,PRO-PLU-08,16,High,1,0,0,0,0,0,1
2025-03-16,Plumbing,Gampaha,PRO-PLU-07,1,Low,0,1,0,0,0,1,0
2025-03-16,Plumbing,Colombo,PRO-PLU-02,2,Low,0,1,0,0,0,1,0
2025-03-16,Grass cutting,Gampaha,PRO-GRA-07,1,Low,0,1,0,0,0,1,0
2025-03-16,Grass cutting,Gampaha,PRO-GRA-14,0,Low,0,1,0,0,0,1,0
2025-03-16,Plumbing,Gampaha,PRO-PLU-08,1,Low,0,1,0,0,0,1,0
2025-03-16,Plumbing,Colombo,PRO-PLU-04,2,Low,0,1,0,0,0,1,0
2025-03-16,Grass cutting,Gampaha,PRO-GRA-17,1,Low,0,1,0,0,0,1,0
2025-03-16,Painting,Gampaha,PRO-PAI-16,6,Low,0,1,0,0,0,1,0
2025-03-16,Grass cutting,Colombo,PRO-GRA-02,1,Low,0,1,0,0,0,1,0
2025-03-16,Plumbing,Colombo,PRO-PLU-06,0,Low,0,1,0,0,0,1,0
2025-03-16,Plumbing,Gampaha,PRO-PLU-05,1,Low,0,1,0,0,0,1,0
2025-03-16,Grass cutting,Gampaha,PRO-GRA-08,0,Low,0,1,0,0,0,1,0
2025-03-16,Grass cutting,Gampaha,PRO-GRA-05,0,Low,0,1,0,0,0,1,0
2025-03-16,Plumbing,Colombo,PRO-PLU-01,2,Low,0,1,0,0,0,1,0
2025-03-16,Grass cutting,Colombo,PRO-GRA-11,2,Low,0,1,0,0,0,1,0
2025-03-16,Child care,Colombo,PRO-CHI-05,2,Low,0,1,0,0,0,1,0
2025-03-16,Grass cutting,Gampaha,PRO-GRA-13,1,Low,0,1,0,0,0,1,0
2025-03-16,Grass cutting,Gampaha,PRO-GRA-01,1,Low,0,1,0,0,0,1,0
2025-03-16,Grass cutting,Colombo,PRO-GRA-16,0,Low,0,1,0,0,0,1,0
2025-03-16,Electrical repairs,Gampaha,PRO-ELE-05,5,Low,0,1,0,0,0,1,0
2025-03-16,Roofing,Gampaha,PRO-ROO-16,1,Low,0,1,0,0,0,1,0
2025-03-17,Electrical repairs,Colombo,PRO-ELE-03,2,Low,0,1,0,0,0,2,0
2025-03-17,Electrical repairs,Gampaha,PRO-ELE-05,0,Low,0,1,0,0,0,2,0
2025-03-17,Grass cutting,Colombo,PRO-GRA-03,1,Low,0,1,0,0,0,2,0
2025-03-17,Plumbing,Colombo,PRO-PLU-01,1,Low,0,1,0,0,0,2,0
2025-03-17,Plumbing,Colombo,PRO-PLU-03,1,Low,0,1,0,0,0,2,0
2025-03-17,Child care,Gampaha,PRO-CHI-03,11,Low,0,1,0,0,0,2,0
2025-03-17,Child care,Colombo,PRO-CHI-05,11,Low,0,1,0,0,0,2,0
2025-03-17,Plumbing,Colombo,PRO-PLU-02,0,Low,0,1,0,0,0,2,0
2025-03-17,Child care,Gampaha,PRO-CHI-07,10,Low,0,1,0,0,0,2,0
2025-03-17,Child care,Gampaha,PRO-CHI-02,12,Low,0,1,0,0,0,2,0
2025-03-17,Plumbing,Gampaha,PRO-PLU-07,0,Low,0,1,0,0,0,2,0
2025-03-17,Electrical repairs,Gampaha,PRO-ELE-07,0,Low,0,1,0,0,0,2,0
2025-03-17,Grass cutting,Colombo,PRO-GRA-05,1,Low,0,1,0,0,0,2,0
2025-03-17,Plumbing,Colombo,PRO-PLU-06,0,Low,0,1,0,0,0,2,0
2025-03-17,Electrical repairs,Gampaha,PRO-ELE-02,2,Low,0,1,0,0,0,2,0
2025-03-17,Plumbing,Gampaha,PRO-PLU-05,2,Low,0,1,0,0,0,2,0
2025-03-17,Plumbing,Colombo,PRO-PLU-08,2,Low,0,1,0,0,0,2,0
2025-03-18,Plumbing,Gampaha,PRO-PLU-07,0,Low,0,1,0,0,0,3,0
2025-03-18,Plumbing,Colombo,PRO-PLU-01,0,Low,0,1,0,0,0,3,0
2025-03-18,Plumbing,Colombo,PRO-PLU-06,2,Low,0,1,0,0,0,3,0
2025-03-18,Child care,Gampaha,PRO-CHI-05,11,Low,0,1,0,0,0,3,0
2025-03-18,Plumbing,Gampaha,PRO-PLU-05,1,Low,0,1,0,0,0,3,0
2025-03-18,Grass cutting,Colombo,PRO-GRA-07,2,Low,0,1,0,0,0,3,0
2025-03-18,Plumbing,Colombo,PRO-PLU-04,1,Low,0,1,0,0,0,3,0
2025-03-18,Child care,Gampaha,PRO-CHI-03,11,Low,0,1,0,0,0,3,0
2025-03-18,Electrical repairs,Gampaha,PRO-ELE-05,0,Low,0,1,0,0,0,3,0
2025-03-18,Grass cutting,Gampaha,PRO-GRA-04,1,Low,0,1,0,0,0,3,0
2025-03-18,Plumbing,Colombo,PRO-PLU-03,0,Low,0,1,0,0,0,3,0
2025-03-18,Grass cutting,Colombo,PRO-GRA-15,2,Low,0,1,0,0,0,3,0
2025-03-18,Plumbing,Gampaha,PRO-PLU-08,2,Low,0,1,0,0,0,3,0
2025-03-18,Grass cutting,Colombo,PRO-GRA-11,0,Low,0,1,0,0,0,3,0
2025-03-18,Electrical repairs,Colombo,PRO-ELE-03,1,Low,0,1,0,0,0,3,0
2025-03-19,Plumbing,Gampaha,PRO-PLU-03,0,High,1,0,0,0,0,0,1
2025-03-19,Plumbing,Colombo,PRO-PLU-02,1,High,1,0,0,0,0,0,1
2025-03-19,Grass cutting,Gampaha,PRO-GRA-08,0,High,1,0,0,0,0,0,1
2025-03-19,Plumbing,Gampaha,PRO-PLU-01,1,High,1,0,0,0,0,0,1
2025-03-19,Electrical repairs,Colombo,PRO-ELE-07,12,High,1,0,0,0,0,0,1
2025-03-19,Plumbing,Gampaha,PRO-PLU-05,0,High,1,0,0,0,0,0,1
2025-03-19,Plumbing,Gampaha,PRO-PLU-08,1,High,1,0,0,0,0,0,1
2025-03-19,Plumbing,Gampaha,PRO-PLU-07,2,High,1,0,0,0,0,0,1
2025-03-19,Pet care,Colombo,PRO-PET-03,0,High,1,0,0,0,0,0,1
2025-03-19,"Sofa, carpet & curtain cleaning",Colombo,PRO-SOF-03,2,High,1,0,0,0,0,0,1
2025-03-19,Grass cutting,Gampaha,PRO-GRA-12,0,High,1,0,0,0,0,0,1
2025-03-19,Child care,Gampaha,PRO-CHI-07,11,High,1,0,0,0,0,0,1
2025-03-19,Furniture repair,Colombo,PRO-FUR-03,2,High,1,0,0,0,0,0,1
2025-03-19,Personal assistance,Colombo,PRO-PER-03,8,High,1,0,0,0,0,0,1
2025-03-19,Plumbing,Colombo,PRO-PLU-04,0,High,1,0,0,0,0,0,1
2025-03-20,Grass cutting,Colombo,PRO-GRA-06,1,Low,0,1,1,0,0,1,0
2025-03-20,Plumbing,Gampaha,PRO-PLU-01,2,Low,0,1,1,0,0,1,0
2025-03-20,Grass cutting,Gampaha,PRO-GRA-16,1,Low,0,1,1,0,0,1,0
2025-03-20,Plumbing,Colombo,PRO-PLU-03,0,Low,0,1,1,0,0,1,0
2025-03-20,Plumbing,Colombo,PRO-PLU-06,2,Low,0,1,1,0,0,1,0
2025-03-20,Plumbing,Gampaha,PRO-PLU-02,0,Low,0,1,1,0,0,1,0
2025-03-20,Plumbing,Gampaha,PRO-PLU-08,0,Low,0,1,1,0,0,1,0
2025-03-20,Plumbing,Colombo,PRO-PLU-04,2,Low,0,1,1,0,0,1,0
2025-03-20,Plumbing,Gampaha,PRO-PLU-07,1,Low,0,1,1,0,0,1,0
2025-03-20,Plumbing,Gampaha,PRO-PLU-05,1,Low,0,1,1,0,0,1,0
2025-03-20,Grass cutting,Gampaha,PRO-GRA-09,2,Low,0,1,1,0,0,1,0
2025-03-20,Child care,Colombo,PRO-CHI-03,2,Low,0,1,1,0,0,1,0
2025-03-20,Electrical repairs,Colombo,PRO-ELE-03,2,Low,0,1,1,0,0,1,0
2025-03-21,Plumbing,Gampaha,PRO-PLU-02,1,Low,0,1,0,0,0,2,0
2025-03-21,Grass cutting,Gampaha,PRO-GRA-08,0,Low,0,1,0,0,0,2,0
2025-03-21,Plumbing,Gampaha,PRO-PLU-07,1,Low,0,1,0,0,0,2,0
2025-03-21,Plumbing,Colombo,PRO-PLU-08,0,Low,0,1,0,0,0,2,0
2025-03-21,Plumbing,Colombo,PRO-PLU-04,1,Low,0,1,0,0,0,2,0
2025-03-21,Electrical repairs,Colombo,PRO-ELE-06,1,Low,0,1,0,0,0,2,0
2025-03-21,Child care,Colombo,PRO-CHI-06,10,Low,0,1,0,0,0,2,0
2025-03-21,Electrical repairs,Gampaha,PRO-ELE-03,0,Low,0,1,0,0,0,2,0
2025-03-21,Plumbing,Gampaha,PRO-PLU-03,2,Low,0,1,0,0,0,2,0
2025-03-21,Plumbing,Colombo,PRO-PLU-06,0,Low,0,1,0,0,0,2,0
2025-03-21,Electrical repairs,Colombo,PRO-ELE-05,0,Low,0,1,0,0,0,2,0
2025-03-21,Child care,Colombo,PRO-CHI-04,11,Low,0,1,0,0,0,2,0
2025-03-21,Child care,Gampaha,PRO-CHI-08,11,Low,0,1,0,0,0,2,0
2025-03-21,Grass cutting,Colombo,PRO-GRA-04,0,Low,0,1,0,0,0,2,0
2025-03-21,Plumbing,Gampaha,PRO-PLU-01,0,Low,0,1,0,0,0,2,0
2025-03-21,Plumbing,Gampaha,PRO-PLU-05,2,Low,0,1,0,0,0,2,0
2025-03-21,Child care,Colombo,PRO-CHI-05,10,Low,0,1,0,0,0,2,0
2025-03-21,Electrical repairs,Colombo,PRO-ELE-04,2,Low,0,1,0,0,0,2,0
2025-03-21,Electrical repairs,Gampaha,PRO-ELE-08,1,Low,0,1,0,0,0,2,0
2025-03-21,Child care,Gampaha,PRO-CHI-03,11,Low,0,1,0,0,0,2,0
2025-03-22,Child care,Gampaha,PRO-CHI-08,1,Low,0,1,0,0,1,3,0
2025-03-22,Grass cutting,Colombo,PRO-GRA-16,2,Low,0,1,0,0,1,3,0
2025-03-22,Plumbing,Gampaha,PRO-PLU-05,0,Low,0,1,0,0,1,3,0
2025-03-22,Watering,Gampaha,PRO-WAT-05,7,Low,0,1,0,0,1,3,0
2025-03-22,Plumbing,Gampaha,PRO-PLU-08,0,Low,0,1,0,0,1,3,0
2025-03-22,Child care,Colombo,PRO-CHI-03,0,Low,0,1,0,0,1,3,0
2025-03-22,Electrical repairs,Gampaha,PRO-ELE-01,6,Low,0,1,0,0,1,3,0
2025-03-22,Plumbing,Colombo,PRO-PLU-06,2,Low,0,1,0,0,1,3,0
2025-03-22,Electrical repairs,Colombo,PRO-ELE-03,6,Low,0,1,0,0,1,3,0
2025-03-22,Plumbing,Gampaha,PRO-PLU-04,1,Low,0,1,0,0,1,3,0
2025-03-22,Plumbing,Colombo,PRO-PLU-01,1,Low,0,1,0,0,1,3,0
2025-03-22,Child care,Colombo,PRO-CHI-06,1,Low,0,1,0,0,1,3,0
2025-03-22,Plumbing,Gampaha,PRO-PLU-07,2,Low,0,1,0,0,1,3,0
2025-03-22,Electrical repairs,Gampaha,PRO-ELE-06,5,Low,0,1,0,0,1,3,0
2025-03-22,Plumbing,Gampaha,PRO-PLU-02,2,Low,0,1,0,0,1,3,0
2025-03-22,Grass cutting,Gampaha,PRO-GRA-14,0,Low,0,1,0,0,1,3,0
2025-03-22,Plumbing,Colombo,PRO-PLU-03,1,Low,0,1,0,0,1,3,0
2025-03-22,Grass cutting,Colombo,PRO-GRA-18,2,Low,0,1,0,0,1,3,0
2025-03-22,Grass cutting,Gampaha,PRO-GRA-04,1,Low,0,1,0,0,1,3,0
2025-03-22,Electrical repairs,Colombo,PRO-ELE-08,7,Low,0,1,0,0,1,3,0
2025-03-22,Child care,Gampaha,PRO-CHI-01,0,Low,0,1,0,0,1,3,0
2025-03-23,Grass cutting,Gampaha,PRO-GRA-05,2,Low,0,1,0,0,1,4,0
2025-03-23,Plumbing,Colombo,PRO-PLU-01,0,Low,0,1,0,0,1,4,0
2025-03-23,Plumbing,Gampaha,PRO-PLU-07,2,Low,0,1,0,0,1,4,0
2025-03-23,Grass cutting,Colombo,PRO-GRA-03,2,Low,0,1,0,0,1,4,0
2025-03-23,Plumbing,Gampaha,PRO-PLU-06,1,Low,0,1,0,0,1,4,0
2025-03-23,Grass cutting,Colombo,PRO-GRA-15,0,Low,0,1,0,0,1,4,0
2025-03-23,Plumbing,Colombo,PRO-PLU-03,1,Low,0,1,0,0,1,4,0
2025-03-23,Plumbing,Colombo,PRO-PLU-02,1,Low,0,1,0,0,1,4,0
2025-03-23,Electrical repairs,Colombo,PRO-ELE-04,7,Low,0,1,0,0,1,4,0
2025-03-23,Child care,Colombo,PRO-CHI-03,2,Low,0,1,0,0,1,4,0
2025-03-23,Plumbing,Gampaha,PRO-PLU-04,2,Low,0,1,0,0,1,4,0
2025-03-23,Grass cutting,Colombo,PRO-GRA-08,0,Low,0,1,0,0,1,4,0
2025-03-23,Grass cutting,Colombo,PRO-GRA-13,1,Low,0,1,0,0,1,4,0
2025-03-23,Grass cutting,Colombo,PRO-GRA-09,2,Low,0,1,0,0,1,4,0
2025-03-23,Electrical repairs,Colombo,PRO-ELE-03,6,Low,0,1,0,0,1,4,0
2025-03-23,Plumbing,Gampaha,PRO-PLU-05,1,Low,0,1,0,0,1,4,0
2025-03-23,Grass cutting,Colombo,PRO-GRA-07,1,Low,0,1,0,0,1,4,0
2025-03-23,Child care,Colombo,PRO-CHI-04,1,Low,0,1,0,0,1,4,0
2025-03-24,Grass cutting,Colombo,PRO-GRA-14,16,Low,0,1,0,0,1,5,0
2025-03-24,Plumbing,Colombo,PRO-PLU-03,2,Low,0,1,0,0,1,5,0
2025-03-24,Plumbing,Gampaha,PRO-PLU-06,0,Low,0,1,0,0,1,5,0
2025-03-24,Plumbing,Colombo,PRO-PLU-01,0,Low,0,1,0,0,1,5,0
2025-03-24,Plumbing,Colombo,PRO-PLU-08,0,Low,0,1,0,0,1,5,0
2025-03-24,Plumbing,Colombo,PRO-PLU-02,0,Low,0,1,0,0,1,5,0
2025-03-24,Plumbing,Colombo,PRO-PLU-04,0,Low,0,1,0,0,1,5,0
2025-03-24,Grass cutting,Gampaha,PRO-GRA-18,16,Low,0,1,0,0,1,5,0
2025-03-24,Plumbing,Colombo,PRO-PLU-05,2,Low,0,1,0,0,1,5,0
2025-03-24,Grass cutting,Gampaha,PRO-GRA-17,15,Low,0,1,0,0,1,5,0
2025-03-24,Grass cutting,Colombo,PRO-GRA-13,15,Low,0,1,0,0,1,5,0
2025-03-24,Grass cutting,Colombo,PRO-GRA-15,17,Low,0,1,0,0,1,5,0
2025-03-24,Grass cutting,Gampaha,PRO-GRA-11,17,Low,0,1,0,0,1,5,0
2025-03-24,Grass cutting,Gampaha,PRO-GRA-09,15,Low,0,1,0,0,1,5,0
2025-03-25,Child care,Gampaha,PRO-CHI-05,10,Low,0,1,0,0,1,6,0
2025-03-25,Plumbing,Gampaha,PRO-PLU-06,2,Low,0,1,0,0,1,6,0
2025-03-25,Grass cutting,Gampaha,PRO-GRA-17,16,Low,0,1,0,0,1,6,0
2025-03-25,Child care,Gampaha,PRO-CHI-02,12,Low,0,1,0,0,1,6,0
2025-03-25,Plumbing,Colombo,PRO-PLU-02,2,Low,0,1,0,0,1,6,0
2025-03-25,Grass cutting,Gampaha,PRO-GRA-15,16,Low,0,1,0,0,1,6,0
2025-03-25,Electrical repairs,Gampaha,PRO-ELE-03,2,Low,0,1,0,0,1,6,0
2025-03-25,Grass cutting,Gampaha,PRO-GRA-18,17,Low,0,1,0,0,1,6,0
2025-03-25,Grass cutting,Colombo,PRO-GRA-14,16,Low,0,1,0,0,1,6,0
2025-03-25,Plumbing,Colombo,PRO-PLU-08,2,Low,0,1,0,0,1,6,0
2025-03-25,Plumbing,Gampaha,PRO-PLU-07,1,Low,0,1,0,0,1,6,0
2025-03-25,Electrical repairs,Gampaha,PRO-ELE-08,0,Low,0,1,0,0,1,6,0
2025-03-25,Grass cutting,Colombo,PRO-GRA-03,17,Low,0,1,0,0,1,6,0
2025-03-25,Child care,Colombo,PRO-CHI-03,11,Low,0,1,0,0,1,6,0
2025-03-25,Post-construction cleaning,Gampaha,PRO-POS-01,17,Low,0,1,0,0,1,6,0
2025-03-25,Landscaping,Gampaha,PRO-LAN-01,10,Low,0,1,0,0,1,6,0
2025-03-25,Plumbing,Colombo,PRO-PLU-03,1,Low,0,1,0,0,1,6,0
2025-03-25,Child care,Colombo,PRO-CHI-08,10,Low,0,1,0,0,1,6,0
2025-03-25,Plumbing,Colombo,PRO-PLU-05,1,Low,0,1,0,0,1,6,0
2025-03-25,Electrical repairs,Gampaha,PRO-ELE-05,0,Low,0,1,0,0,1,6,0
2025-03-25,Move-in / move-out cleaning,Colombo,PRO-MOV-01,16,Low,0,1,0,0,1,6,0
2025-03-25,Plumbing,Colombo,PRO-PLU-01,1,Low,0,1,0,0,1,6,0
2025-03-25,Planting,Colombo,PRO-PLA-01,2,Low,0,1,0,0,1,6,0
2025-03-25,Electrical repairs,Gampaha,PRO-ELE-02,1,Low,0,1,0,0,1,6,0
2025-03-26,Plumbing,Gampaha,PRO-PLU-03,0,Low,0,1,0,0,1,7,0
2025-03-26,Child care,Gampaha,PRO-CHI-06,12,Low,0,1,0,0,1,7,0
2025-03-26,Plumbing,Colombo,PRO-PLU-08,1,Low,0,1,0,0,1,7,0
2025-03-26,Child care,Colombo,PRO-CHI-04,11,Low,0,1,0,0,1,7,0
2025-03-26,Grass cutting,Colombo,PRO-GRA-14,16,Low,0,1,0,0,1,7,0
2025-03-26,Electrical repairs,Colombo,PRO-ELE-05,0,Low,0,1,0,0,1,7,0
2025-03-26,Child care,Gampaha,PRO-CHI-05,12,Low,0,1,0,0,1,7,0
2025-03-26,Plumbing,Colombo,PRO-PLU-04,0,Low,0,1,0,0,1,7,0
2025-03-26,Plumbing,Gampaha,PRO-PLU-06,2,Low,0,1,0,0,1,7,0
2025-03-26,Plumbing,Gampaha,PRO-PLU-07,1,Low,0,1,0,0,1,7,0
2025-03-26,Grass cutting,Gampaha,PRO-GRA-16,15,Low,0,1,0,0,1,7,0
2025-03-26,Plumbing,Colombo,PRO-PLU-02,1,Low,0,1,0,0,1,7,0
2025-03-26,Grass cutting,Colombo,PRO-GRA-01,17,Low,0,1,0,0,1,7,0
2025-03-26,Plumbing,Colombo,PRO-PLU-01,1,Low,0,1,0,0,1,7,0
2025-03-26,Electrical repairs,Colombo,PRO-ELE-03,1,Low,0,1,0,0,1,7,0
2025-03-26,Electrical repairs,Gampaha,PRO-ELE-04,1,Low,0,1,0,0,1,7,0
2025-03-26,Child care,Gampaha,PRO-CHI-03,11,Low,0,1,0,0,1,7,0
2025-03-26,Plumbing,Gampaha,PRO-PLU-05,0,Low,0,1,0,0,1,7,0
2025-03-26,Electrical repairs,Gampaha,PRO-ELE-06,2,Low,0,1,0,0,1,7,0
2025-03-27,Grass cutting,Colombo,PRO-GRA-03,16,Low,0,1,0,0,1,8,0
2025-03-27,Move-in / move-out cleaning,Colombo,PRO-MOV-03,17,Low,0,1,0,0,1,8,0
2025-03-27,Plumbing,Gampaha,PRO-PLU-02,1,Low,0,1,0,0,1,8,0
2025-03-27,Grass cutting,Colombo,PRO-GRA-09,17,Low,0,1,0,0,1,8,0
2025-03-27,Grass cutting,Colombo,PRO-GRA-14,15,Low,0,1,0,0,1,8,0
2025-03-27,Plumbing,Gampaha,PRO-PLU-01,2,Low,0,1,0,0,1,8,0
2025-03-27,Post-construction cleaning,Gampaha,PRO-POS-03,15,Low,0,1,0,0,1,8,0
2025-03-27,Plumbing,Colombo,PRO-PLU-03,1,Low,0,1,0,0,1,8,0
2025-03-27,Plumbing,Colombo,PRO-PLU-06,2,Low,0,1,0,0,1,8,0
2025-03-27,Planting,Colombo,PRO-PLA-03,0,Low,0,1,0,0,1,8,0
2025-03-27,Electrical repairs,Colombo,PRO-ELE-02,0,Low,0,1,0,0,1,8,0
2025-03-27,Child care,Gampaha,PRO-CHI-04,11,Low,0,1,0,0,1,8,0
2025-03-27,Electrical repairs,Colombo,PRO-ELE-04,1,Low,0,1,0,0,1,8,0
2025-03-27,Landscaping,Gampaha,PRO-LAN-03,10,Low,0,1,0,0,1,8,0
2025-03-27,Plumbing,Colombo,PRO-PLU-04,1,Low,0,1,0,0,1,8,0
2025-03-27,Plumbing,Colombo,PRO-PLU-05,2,Low,0,1,0,0,1,8,0
2025-03-27,Plumbing,Gampaha,PRO-PLU-07,1,Low,0,1,0,0,1,8,0
2025-03-27,Grass cutting,Colombo,PRO-GRA-17,16,Low,0,1,0,0,1,8,0
2025-03-27,Child care,Gampaha,PRO-CHI-02,10,Low,0,1,0,0,1,8,0
2025-03-28,Plumbing,Gampaha,PRO-PLU-03,2,Low,0,1,0,0,1,9,0
2025-03-28,Grass cutting,Colombo,PRO-GRA-02,16,Low,0,1,0,0,1,9,0
2025-03-28,Plumbing,Colombo,PRO-PLU-06,2,Low,0,1,0,0,1,9,0
2025-03-28,Plumbing,Gampaha,PRO-PLU-08,1,Low,0,1,0,0,1,9,0
2025-03-28,Child care,Gampaha,PRO-CHI-07,12,Low,0,1,0,0,1,9,0
2025-03-28,Plumbing,Gampaha,PRO-PLU-07,2,Low,0,1,0,0,1,9,0
2025-03-28,Plumbing,Gampaha,PRO-PLU-02,0,Low,0,1,0,0,1,9,0
2025-03-28,Plumbing,Gampaha,PRO-PLU-05,1,Low,0,1,0,0,1,9,0
2025-03-28,Plumbing,Colombo,PRO-PLU-04,2,Low,0,1,0,0,1,9,0
2025-03-28,Roofing,Gampaha,PRO-ROO-12,1,Low,0,1,0,0,1,9,0
2025-03-28,Plumbing,Gampaha,PRO-PLU-01,1,Low,0,1,0,0,1,9,0
2025-03-28,Electrical repairs,Gampaha,PRO-ELE-07,0,Low,0,1,0,0,1,9,0
2025-03-29,Grass cutting,Gampaha,PRO-GRA-16,15,Low,0,1,0,1,1,10,0
2025-03-29,Plumbing,Colombo,PRO-PLU-05,2,Low,0,1,0,1,1,10,0
2025-03-29,Grass cutting,Colombo,PRO-GRA-12,17,Low,0,1,0,1,1,10,0
2025-03-29,Plumbing,Gampaha,PRO-PLU-03,2,Low,0,1,0,1,1,10,0
2025-03-29,Child care,Colombo,PRO-CHI-03,2,Low,0,1,0,1,1,10,0
2025-03-29,Grass cutting,Colombo,PRO-GRA-06,17,Low,0,1,0,1,1,10,0
2025-03-29,Electrical repairs,Gampaha,PRO-ELE-03,6,Low,0,1,0,1,1,10,0
2025-03-29,Plumbing,Gampaha,PRO-PLU-02,0,Low,0,1,0,1,1,10,0
2025-03-29,Plumbing,Colombo,PRO-PLU-08,2,Low,0,1,0,1,1,10,0
2025-03-29,Plumbing,Gampaha,PRO-PLU-01,1,Low,0,1,0,1,1,10,0
2025-03-29,Plumbing,Colombo,PRO-PLU-06,2,Low,0,1,0,1,1,10,0
2025-03-29,Plumbing,Gampaha,PRO-PLU-04,0,Low,0,1,0,1,1,10,0
2025-03-30,Plumbing,Gampaha,PRO-PLU-08,2,Low,0,1,0,0,1,11,0
2025-03-30,Grass cutting,Gampaha,PRO-GRA-03,15,Low,0,1,0,0,1,11,0
2025-03-30,Child care,Colombo,PRO-CHI-02,2,Low,0,1,0,0,1,11,0
2025-03-30,Grass cutting,Gampaha,PRO-GRA-15,16,Low,0,1,0,0,1,11,0
2025-03-30,Grass cutting,Gampaha,PRO-GRA-11,16,Low,0,1,0,0,1,11,0
2025-03-30,Electrical repairs,Gampaha,PRO-ELE-02,7,Low,0,1,0,0,1,11,0
2025-03-30,Plumbing,Colombo,PRO-PLU-07,2,Low,0,1,0,0,1,11,0
2025-03-30,Plumbing,Colombo,PRO-PLU-04,1,Low,0,1,0,0,1,11,0
2025-03-30,Plumbing,Colombo,PRO-PLU-03,0,Low,0,1,0,0,1,11,0
2025-03-30,Plumbing,Colombo,PRO-PLU-05,2,Low,0,1,0,0,1,11,0
2025-03-30,Roofing,Gampaha,PRO-ROO-04,1,Low,0,1,0,0,1,11,0
2025-03-30,Grass cutting,Gampaha,PRO-GRA-04,15,Low,0,1,0,0,1,11,0
2025-03-30,Grass cutting,Gampaha,PRO-GRA-16,17,Low,0,1,0,0,1,11,0
2025-03-30,Plumbing,Gampaha,PRO-PLU-01,0,Low,0,1,0,0,1,11,0
2025-03-30,Plumbing,Gampaha,PRO-PLU-02,1,Low,0,1,0,0,1,11,0
2025-03-31,Watering,Colombo,PRO-WAT-04,25,Low,0,1,1,0,1,12,0
2025-03-31,Grass cutting,Colombo,PRO-GRA-02,17,Low,0,1,1,0,1,12,0
2025-03-31,Child care,Colombo,PRO-CHI-02,0,Low,0,1,1,0,1,12,0
2025-03-31,Plumbing,Gampaha,PRO-PLU-07,2,Low,0,1,1,0,1,12,0
2025-03-31,Plumbing,Gampaha,PRO-PLU-06,2,Low,0,1,1,0,1,12,0
2025-03-31,Child care,Gampaha,PRO-CHI-04,1,Low,0,1,1,0,1,12,0
2025-03-31,Electrical repairs,Gampaha,PRO-ELE-02,1,Low,0,1,1,0,1,12,0
2025-03-31,Plumbing,Colombo,PRO-PLU-01,1,Low,0,1,1,0,1,12,0
2025-03-31,Plumbing,Gampaha,PRO-PLU-04,1,Low,0,1,1,0,1,12,0
2025-03-31,Electrical repairs,Gampaha,PRO-ELE-04,0,Low,0,1,1,0,1,12,0
2025-03-31,Plumbing,Gampaha,PRO-PLU-03,2,Low,0,1,1,0,1,12,0
2025-03-31,Plumbing,Colombo,PRO-PLU-05,0,Low,0,1,1,0,1,12,0
2025-03-31,Grass cutting,Colombo,PRO-GRA-16,16,Low,0,1,1,0,1,12,0
2025-03-31,Plumbing,Colombo,PRO-PLU-02,0,Low,0,1,1,0,1,12,0
2025-03-31,Plumbing,Colombo,PRO-PLU-08,1,Low,0,1,1,0,1,12,0
2025-04-01,Grass cutting,Gampaha,PRO-GRA-02,17,Low,0,1,0,0,1,13,0
2025-04-01,Plumbing,Colombo,PRO-PLU-05,1,Low,0,1,0,0,1,13,0
2025-04-01,Plumbing,Colombo,PRO-PLU-07,2,Low,0,1,0,0,1,13,0
2025-04-01,Grass cutting,Gampaha,PRO-GRA-18,16,Low,0,1,0,0,1,13,0
2025-04-01,Grass cutting,Gampaha,PRO-GRA-04,15,Low,0,1,0,0,1,13,0
2025-04-01,Plumbing,Colombo,PRO-PLU-01,2,Low,0,1,0,0,1,13,0
2025-04-01,Plumbing,Gampaha,PRO-PLU-02,2,Low,0,1,0,0,1,13,0
2025-04-01,Grass cutting,Gampaha,PRO-GRA-05,17,Low,0,1,0,0,1,13,0
2025-04-01,Plumbing,Colombo,PRO-PLU-04,1,Low,0,1,0,0,1,13,0
2025-04-01,Plumbing,Gampaha,PRO-PLU-08,2,Low,0,1,0,0,1,13,0
2025-04-01,Grass cutting,Colombo,PRO-GRA-12,17,Low,0,1,0,0,1,13,0
2025-04-01,Plumbing,Colombo,PRO-PLU-06,0,Low,0,1,0,0,1,13,0
2025-04-02,Plumbing,Gampaha,PRO-PLU-07,0,High,1,0,0,0,1,0,1
2025-04-02,Grass cutting,Colombo,PRO-GRA-01,0,High,1,0,0,0,1,0,1
2025-04-02,Plumbing,Colombo,PRO-PLU-05,1,High,1,0,0,0,1,0,1
2025-04-02,Plumbing,Gampaha,PRO-PLU-06,2,High,1,0,0,0,1,0,1
2025-04-02,Plumbing,Gampaha,PRO-PLU-02,2,High,1,0,0,0,1,0,1
2025-04-02,Grass cutting,Gampaha,PRO-GRA-03,0,High,1,0,0,0,1,0,1
2025-04-02,Grass cutting,Gampaha,PRO-GRA-09,0,High,1,0,0,0,1,0,1
2025-04-02,Plumbing,Colombo,PRO-PLU-03,0,High,1,0,0,0,1,0,1
2025-04-02,Grass cutting,Gampaha,PRO-GRA-04,0,High,1,0,0,0,1,0,1
2025-04-02,Plumbing,Colombo,PRO-PLU-08,0,High,1,0,0,0,1,0,1
2025-04-02,Plumbing,Gampaha,PRO-PLU-01,1,High,1,0,0,0,1,0,1
2025-04-02,Plumbing,Gampaha,PRO-PLU-04,0,High,1,0,0,0,1,0,1
2025-04-03,Child care,Gampaha,PRO-CHI-03,10,Low,0,1,0,0,1,1,0
2025-04-03,Child care,Gampaha,PRO-CHI-07,12,Low,0,1,0,0,1,1,0
2025-04-03,Watering,Colombo,PRO-WAT-02,5,Low,0,1,0,0,1,1,0
2025-04-03,Grass cutting,Gampaha,PRO-GRA-06,1,Low,0,1,0,0,1,1,0
2025-04-03,Grass cutting,Colombo,PRO-GRA-11,0,Low,0,1,0,0,1,1,0
2025-04-03,Plumbing,Gampaha,PRO-PLU-03,0,Low,0,1,0,0,1,1,0
2025-04-03,Plumbing,Gampaha,PRO-PLU-01,0,Low,0,1,0,0,1,1,0
2025-04-03,Plumbing,Gampaha,PRO-PLU-04,1,Low,0,1,0,0,1,1,0
2025-04-03,Plumbing,Gampaha,PRO-PLU-08,1,Low,0,1,0,0,1,1,0
2025-04-03,Plumbing,Gampaha,PRO-PLU-05,2,Low,0,1,0,0,1,1,0
2025-04-03,Plumbing,Colombo,PRO-PLU-02,2,Low,0,1,0,0,1,1,0
2025-04-03,Electrical repairs,Colombo,PRO-ELE-06,2,Low,0,1,0,0,1,1,0
2025-04-03,Painting,Colombo,PRO-PAI-06,27,Low,0,1,0,0,1,1,0
2025-04-03,Plumbing,Gampaha,PRO-PLU-06,0,Low,0,1,0,0,1,1,0
2025-04-03,Plumbing,Colombo,PRO-PLU-07,0,Low,0,1,0,0,1,1,0
2025-04-03,Electrical repairs,Gampaha,PRO-ELE-07,2,Low,0,1,0,0,1,1,0
2025-04-03,Child care,Gampaha,PRO-CHI-06,11,Low,0,1,0,0,1,1,0
2025-04-03,Electrical repairs,Colombo,PRO-ELE-03,0,Low,0,1,0,0,1,1,0
2025-04-04,Plumbing,Gampaha,PRO-PLU-08,1,High,1,0,0,0,1,0,1
2025-04-04,Plumbing,Colombo,PRO-PLU-06,2,High,1,0,0,0,1,0,1
2025-04-04,Grass cutting,Colombo,PRO-GRA-13,0,High,1,0,0,0,1,0,1
2025-04-04,Plumbing,Colombo,PRO-PLU-04,1,High,1,0,0,0,1,0,1
2025-04-04,Child care,Gampaha,PRO-CHI-07,10,High,1,0,0,0,1,0,1
2025-04-04,Plumbing,Colombo,PRO-PLU-02,1,High,1,0,0,0,1,0,1
2025-04-04,Post-construction cleaning,Colombo,PRO-POS-03,1,High,1,0,0,0,1,0,1
2025-04-04,Grass cutting,Gampaha,PRO-GRA-10,0,High,1,0,0,0,1,0,1
2025-04-04,Move-in / move-out cleaning,Colombo,PRO-MOV-03,0,High,1,0,0,0,1,0,1
2025-04-04,Electrical repairs,Colombo,PRO-ELE-07,11,High,1,0,0,0,1,0,1
2025-04-04,Grass cutting,Gampaha,PRO-GRA-18,0,High,1,0,0,0,1,0,1
2025-04-04,Plumbing,Gampaha,PRO-PLU-01,0,High,1,0,0,0,1,0,1
2025-04-04,Plumbing,Gampaha,PRO-PLU-05,2,High,1,0,0,0,1,0,1
2025-04-04,Grass cutting,Colombo,PRO-GRA-01,0,High,1,0,0,0,1,0,1
2025-04-04,Grass cutting,Gampaha,PRO-GRA-17,0,High,1,0,0,0,1,0,1
2025-04-04,Grass cutting,Colombo,PRO-GRA-03,0,High,1,0,0,0,1,0,1
2025-04-04,Landscaping,Colombo,PRO-LAN-03,2,High,1,0,0,0,1,0,1
2025-04-04,Plumbing,Gampaha,PRO-PLU-07,1,High,1,0,0,0,1,0,1
2025-04-04,Planting,Gampaha,PRO-PLA-03,0,High,1,0,0,0,1,0,1
2025-04-05,Plumbing,Colombo,PRO-PLU-01,17,High,1,0,0,0,1,0,2
2025-04-05,Plumbing,Gampaha,PRO-PLU-04,15,High,1,0,0,0,1,0,2
2025-04-05,Electrical repairs,Gampaha,PRO-ELE-08,17,High,1,0,0,0,1,0,2
2025-04-05,Plumbing,Gampaha,PRO-PLU-05,16,High,1,0,0,0,1,0,2
2025-04-05,Plumbing,Gampaha,PRO-PLU-07,16,High,1,0,0,0,1,0,2
2025-04-05,Plumbing,Colombo,PRO-PLU-06,17,High,1,0,0,0,1,0,2
2025-04-05,Child care,Colombo,PRO-CHI-08,0,High,1,0,0,0,1,0,2
2025-04-05,Electrical repairs,Gampaha,PRO-ELE-05,15,High,1,0,0,0,1,0,2
2025-04-05,Grass cutting,Colombo,PRO-GRA-05,0,High,1,0,0,0,1,0,2
2025-04-05,Child care,Colombo,PRO-CHI-04,2,High,1,0,0,0,1,0,2
2025-04-05,Electrical repairs,Gampaha,PRO-ELE-04,16,High,1,0,0,0,1,0,2
2025-04-05,Grass cutting,Colombo,PRO-GRA-02,0,High,1,0,0,0,1,0,2
2025-04-05,Plumbing,Colombo,PRO-PLU-08,15,High,1,0,0,0,1,0,2
2025-04-05,Plumbing,Gampaha,PRO-PLU-02,17,High,1,0,0,0,1,0,2
2025-04-05,Plumbing,Gampaha,PRO-PLU-03,16,High,1,0,0,0,1,0,2
2025-04-05,Grass cutting,Colombo,PRO-GRA-18,0,High,1,0,0,0,1,0,2
2025-04-05,Grass cutting,Gampaha,PRO-GRA-04,0,High,1,0,0,0,1,0,2
2025-04-05,Child care,Gampaha,PRO-CHI-05,1,High,1,0,0,0,1,0,2
2025-04-06,Plumbing,Gampaha,PRO-PLU-05,15,High,1,0,0,0,1,0,3
2025-04-06,Child care,Colombo,PRO-CHI-04,1,High,1,0,0,0,1,0,3
2025-04-06,Plumbing,Gampaha,PRO-PLU-02,17,High,1,0,0,0,1,0,3
2025-04-06,Child care,Gampaha,PRO-CHI-03,0,High,1,0,0,0,1,0,3
2025-04-06,Grass cutting,Colombo,PRO-GRA-07,0,High,1,0,0,0,1,0,3
2025-04-06,Electrical repairs,Colombo,PRO-ELE-03,17,High,1,0,0,0,1,0,3
2025-04-06,Electrical repairs,Colombo,PRO-ELE-06,16,High,1,0,0,0,1,0,3
2025-04-06,Plumbing,Gampaha,PRO-PLU-04,15,High,1,0,0,0,1,0,3
2025-04-06,Grass cutting,Gampaha,PRO-GRA-11,0,High,1,0,0,0,1,0,3
2025-04-06,Child care,Gampaha,PRO-CHI-06,0,High,1,0,0,0,1,0,3
2025-04-06,Grass cutting,Gampaha,PRO-GRA-13,0,High,1,0,0,0,1,0,3
2025-04-06,Grass cutting,Colombo,PRO-GRA-09,0,High,1,0,0,0,1,0,3
2025-04-06,Plumbing,Colombo,PRO-PLU-06,16,High,1,0,0,0,1,0,3
2025-04-06,Plumbing,Colombo,PRO-PLU-07,17,High,1,0,0,0,1,0,3
2025-04-06,Plumbing,Colombo,PRO-PLU-01,16,High,1,0,0,0,1,0,3
2025-04-06,Electrical repairs,Gampaha,PRO-ELE-05,17,High,1,0,0,0,1,0,3
2025-04-06,Child care,Gampaha,PRO-CHI-05,2,High,1,0,0,0,1,0,3
2025-04-06,Plumbing,Gampaha,PRO-PLU-08,15,High,1,0,0,0,1,0,3
2025-04-06,Electrical repairs,Gampaha,PRO-ELE-04,16,High,1,0,0,0,1,0,3
2025-04-06,Plumbing,Colombo,PRO-PLU-03,16,High,1,0,0,0,1,0,3
2025-04-06,Grass cutting,Colombo,PRO-GRA-04,0,High,1,0,0,0,1,0,3
2025-04-07,Grass cutting,Colombo,PRO-GRA-14,26,Low,0,1,0,0,1,1,0
2025-04-07,Plumbing,Gampaha,PRO-PLU-03,26,Low,0,1,0,0,1,1,0
2025-04-07,Child care,Colombo,PRO-CHI-04,11,Low,0,1,0,0,1,1,0
2025-04-07,Electrical repairs,Gampaha,PRO-ELE-01,0,Low,0,1,0,0,1,1,0
2025-04-07,Plumbing,Gampaha,PRO-PLU-01,25,Low,0,1,0,0,1,1,0
2025-04-07,House cleaning,Gampaha,PRO-HOU-07,42,Low,0,1,0,0,1,1,0
2025-04-07,Grass cutting,Colombo,PRO-GRA-13,27,Low,0,1,0,0,1,1,0
2025-04-07,Grass cutting,Gampaha,PRO-GRA-08,25,Low,0,1,0,0,1,1,0
2025-04-07,Electrical repairs,Gampaha,PRO-ELE-06,0,Low,0,1,0,0,1,1,0
2025-04-07,Grass cutting,Colombo,PRO-GRA-10,26,Low,0,1,0,0,1,1,0
2025-04-07,Plumbing,Gampaha,PRO-PLU-05,27,Low,0,1,0,0,1,1,0
2025-04-07,Plumbing,Colombo,PRO-PLU-07,25,Low,0,1,0,0,1,1,0
2025-04-07,Child care,Gampaha,PRO-CHI-01,10,Low,0,1,0,0,1,1,0
2025-04-07,Electrical repairs,Gampaha,PRO-ELE-04,1,Low,0,1,0,0,1,1,0
2025-04-07,Plumbing,Gampaha,PRO-PLU-06,26,Low,0,1,0,0,1,1,0
2025-04-07,Plumbing,Colombo,PRO-PLU-04,25,Low,0,1,0,0,1,1,0
2025-04-07,Grass cutting,Gampaha,PRO-GRA-11,25,Low,0,1,0,0,1,1,0
2025-04-07,Plumbing,Gampaha,PRO-PLU-02,27,Low,0,1,0,0,1,1,0
2025-04-07,Child care,Gampaha,PRO-CHI-06,11,Low,0,1,0,0,1,1,0
2025-04-08,Grass cutting,Gampaha,PRO-GRA-09,2,Low,0,1,0,0,1,2,0
2025-04-08,Grass cutting,Gampaha,PRO-GRA-07,1,Low,0,1,0,0,1,2,0
2025-04-08,Plumbing,Colombo,PRO-PLU-05,2,Low,0,1,0,0,1,2,0
2025-04-08,Plumbing,Colombo,PRO-PLU-07,0,Low,0,1,0,0,1,2,0
2025-04-08,Grass cutting,Colombo,PRO-GRA-15,1,Low,0,1,0,0,1,2,0
2025-04-08,Post-construction cleaning,Gampaha,PRO-POS-03,7,Low,0,1,0,0,1,2,0
2025-04-08,Move-in / move-out cleaning,Colombo,PRO-MOV-03,5,Low,0,1,0,0,1,2,0
2025-04-08,Grass cutting,Colombo,PRO-GRA-08,0,Low,0,1,0,0,1,2,0
2025-04-08,Plumbing,Gampaha,PRO-PLU-01,2,Low,0,1,0,0,1,2,0
2025-04-08,Plumbing,Colombo,PRO-PLU-08,0,Low,0,1,0,0,1,2,0
2025-04-08,Plumbing,Colombo,PRO-PLU-04,0,Low,0,1,0,0,1,2,0
2025-04-08,Landscaping,Colombo,PRO-LAN-03,10,Low,0,1,0,0,1,2,0
2025-04-08,Grass cutting,Colombo,PRO-GRA-01,0,Low,0,1,0,0,1,2,0
2025-04-08,Plumbing,Gampaha,PRO-PLU-03,2,Low,0,1,0,0,1,2,0
2025-04-08,Plumbing,Colombo,PRO-PLU-02,1,Low,0,1,0,0,1,2,0
2025-04-08,Planting,Colombo,PRO-PLA-03,1,Low,0,1,0,0,1,2,0
2025-04-08,Grass cutting,Gampaha,PRO-GRA-03,2,Low,0,1,0,0,1,2,0
2025-04-09,Child care,Gampaha,PRO-CHI-08,12,High,1,0,0,0,1,0,1
2025-04-09,Plumbing,Gampaha,PRO-PLU-07,1,High,1,0,0,0,1,0,1
2025-04-09,Plumbing,Gampaha,PRO-PLU-08,1,High,1,0,0,0,1,0,1
2025-04-09,Grass cutting,Colombo,PRO-GRA-10,0,High,1,0,0,0,1,0,1
2025-04-09,Grass cutting,Colombo,PRO-GRA-14,0,High,1,0,0,0,1,0,1
2025-04-09,Child care,Gampaha,PRO-CHI-05,10,High,1,0,0,0,1,0,1
2025-04-09,Electrical repairs,Gampaha,PRO-ELE-08,10,High,1,0,0,0,1,0,1
2025-04-09,Grass cutting,Gampaha,PRO-GRA-02,0,High,1,0,0,0,1,0,1
2025-04-09,Electrical repairs,Colombo,PRO-ELE-05,10,High,1,0,0,0,1,0,1
2025-04-09,Grass cutting,Gampaha,PRO-GRA-07,0,High,1,0,0,0,1,0,1
2025-04-09,Plumbing,Colombo,PRO-PLU-04,2,High,1,0,0,0,1,0,1
2025-04-09,Plumbing,Colombo,PRO-PLU-01,2,High,1,0,0,0,1,0,1
2025-04-09,Plumbing,Gampaha,PRO-PLU-02,2,High,1,0,0,0,1,0,1
2025-04-09,Plumbing,Gampaha,PRO-PLU-05,1,High,1,0,0,0,1,0,1
2025-04-09,Plumbing,Colombo,PRO-PLU-03,2,High,1,0,0,0,1,0,1
2025-04-09,Grass cutting,Colombo,PRO-GRA-09,0,High,1,0,0,0,1,0,1
2025-04-09,Plumbing,Gampaha,PRO-PLU-06,2,High,1,0,0,0,1,0,1
2025-04-10,Grass cutting,Colombo,PRO-GRA-01,0,High,1,0,0,0,1,0,2
2025-04-10,Plumbing,Gampaha,PRO-PLU-07,2,High,1,0,0,0,1,0,2
2025-04-10,Grass cutting,Gampaha,PRO-GRA-12,0,High,1,0,0,0,1,0,2
2025-04-10,Plumbing,Gampaha,PRO-PLU-08,0,High,1,0,0,0,1,0,2
2025-04-10,Child care,Gampaha,PRO-CHI-03,10,High,1,0,0,0,1,0,2
2025-04-10,Plumbing,Gampaha,PRO-PLU-04,0,High,1,0,0,0,1,0,2
2025-04-10,Grass cutting,Gampaha,PRO-GRA-02,0,High,1,0,0,0,1,0,2
2025-04-10,Plumbing,Gampaha,PRO-PLU-03,1,High,1,0,0,0,1,0,2
2025-04-10,Electrical repairs,Colombo,PRO-ELE-02,11,High,1,0,0,0,1,0,2
2025-04-10,Plumbing,Gampaha,PRO-PLU-05,0,High,1,0,0,0,1,0,2
2025-04-10,Plumbing,Gampaha,PRO-PLU-02,1,High,1,0,0,0,1,0,2
2025-04-10,Grass cutting,Gampaha,PRO-GRA-14,0,High,1,0,0,0,1,0,2
2025-04-10,Child care,Gampaha,PRO-CHI-02,11,High,1,0,0,0,1,0,2
2025-04-10,Electrical repairs,Colombo,PRO-ELE-03,10,High,1,0,0,0,1,0,2
2025-04-10,Electrical repairs,Colombo,PRO-ELE-08,12,High,1,0,0,0,1,0,2
2025-04-10,Child care,Gampaha,PRO-CHI-08,10,High,1,0,0,0,1,0,2
2025-04-10,Grass cutting,Gampaha,PRO-GRA-07,0,High,1,0,0,0,1,0,2
2025-04-10,Plumbing,Colombo,PRO-PLU-06,2,High,1,0,0,0,1,0,2
2025-04-11,Plumbing,Colombo,PRO-PLU-08,1,High,1,0,0,0,1,0,3
2025-04-11,Plumbing,Colombo,PRO-PLU-01,2,High,1,0,0,0,1,0,3
2025-04-11,Plumbing,Gampaha,PRO-PLU-02,2,High,1,0,0,0,1,0,3
2025-04-11,Plumbing,Gampaha,PRO-PLU-07,1,High,1,0,0,0,1,0,3
2025-04-11,Move-in / move-out cleaning,Colombo,PRO-MOV-06,2,High,1,0,0,0,1,0,3
2025-04-11,Child care,Colombo,PRO-CHI-04,10,High,1,0,0,0,1,0,3
2025-04-11,Plumbing,Colombo,PRO-PLU-03,2,High,1,0,0,0,1,0,3
2025-04-11,Grass cutting,Gampaha,PRO-GRA-09,0,High,1,0,0,0,1,0,3
2025-04-11,Grass cutting,Gampaha,PRO-GRA-08,0,High,1,0,0,0,1,0,3
2025-04-11,Plumbing,Gampaha,PRO-PLU-04,0,High,1,0,0,0,1,0,3
2025-04-11,Grass cutting,Colombo,PRO-GRA-02,0,High,1,0,0,0,1,0,3
2025-04-11,Grass cutting,Colombo,PRO-GRA-18,0,High,1,0,0,0,1,0,3
2025-04-11,Post-construction cleaning,Colombo,PRO-POS-06,0,High,1,0,0,0,1,0,3
2025-04-11,Plumbing,Gampaha,PRO-PLU-06,2,High,1,0,0,0,1,0,3
2025-04-11,Grass cutting,Colombo,PRO-GRA-06,0,High,1,0,0,0,1,0,3
2025-04-11,Landscaping,Colombo,PRO-LAN-06,0,High,1,0,0,0,1,0,3
2025-04-11,Plumbing,Colombo,PRO-PLU-05,1,High,1,0,0,0,1,0,3
2025-04-11,Planting,Gampaha,PRO-PLA-06,1,High,1,0,0,0,1,0,3
2025-04-11,Child care,Colombo,PRO-CHI-03,12,High,1,0,0,0,1,0,3
2025-04-11,Electrical repairs,Gampaha,PRO-ELE-03,11,High,1,0,0,0,1,0,3
2025-04-11,Electrical repairs,Gampaha,PRO-ELE-04,10,High,1,0,0,0,1,0,3
2025-04-12,Electrical repairs,Gampaha,PRO-ELE-06,17,High,1,0,1,1,1,0,4
2025-04-12,Child care,Colombo,PRO-CHI-06,2,High,1,0,1,1,1,0,4
2025-04-12,Plumbing,Gampaha,PRO-PLU-06,15,High,1,0,1,1,1,0,4
2025-04-12,Plumbing,Gampaha,PRO-PLU-07,16,High,1,0,1,1,1,0,4
2025-04-12,Plumbing,Gampaha,PRO-PLU-08,16,High,1,0,1,1,1,0,4
2025-04-12,Plumbing,Colombo,PRO-PLU-01,16,High,1,0,1,1,1,0,4
2025-04-12,Grass cutting,Gampaha,PRO-GRA-11,0,High,1,0,1,1,1,0,4
2025-04-12,Plumbing,Gampaha,PRO-PLU-05,17,High,1,0,1,1,1,0,4
2025-04-12,Electrical repairs,Gampaha,PRO-ELE-01,16,High,1,0,1,1,1,0,4
2025-04-12,Plumbing,Gampaha,PRO-PLU-04,16,High,1,0,1,1,1,0,4
2025-04-12,Child care,Gampaha,PRO-CHI-01,2,High,1,0,1,1,1,0,4
2025-04-12,Plumbing,Gampaha,PRO-PLU-02,15,High,1,0,1,1,1,0,4
2025-04-12,Plumbing,Gampaha,PRO-PLU-03,17,High,1,0,1,1,1,0,4
2025-04-13,Plumbing,Colombo,PRO-PLU-08,27,Low,0,1,1,0,1,1,0
2025-04-13,Grass cutting,Colombo,PRO-GRA-17,26,Low,0,1,1,0,1,1,0
2025-04-13,Grass cutting,Colombo,PRO-GRA-12,27,Low,0,1,1,0,1,1,0
2025-04-13,Grass cutting,Gampaha,PRO-GRA-15,25,Low,0,1,1,0,1,1,0
2025-04-13,Child care,Gampaha,PRO-CHI-07,1,Low,0,1,1,0,1,1,0
2025-04-13,Plumbing,Colombo,PRO-PLU-06,25,Low,0,1,1,0,1,1,0
2025-04-13,Electrical repairs,Colombo,PRO-ELE-04,5,Low,0,1,1,0,1,1,0
2025-04-13,Plumbing,Gampaha,PRO-PLU-01,27,Low,0,1,1,0,1,1,0
2025-04-13,Plumbing,Gampaha,PRO-PLU-07,27,Low,0,1,1,0,1,1,0
2025-04-13,Child care,Gampaha,PRO-CHI-04,0,Low,0,1,1,0,1,1,0
2025-04-13,Grass cutting,Gampaha,PRO-GRA-16,25,Low,0,1,1,0,1,1,0
2025-04-13,Plumbing,Gampaha,PRO-PLU-02,25,Low,0,1,1,0,1,1,0
2025-04-13,Plumbing,Colombo,PRO-PLU-03,26,Low,0,1,1,0,1,1,0
2025-04-13,Plumbing,Colombo,PRO-PLU-04,27,Low,0,1,1,0,1,1,0
2025-04-13,Electrical repairs,Gampaha,PRO-ELE-07,6,Low,0,1,1,0,1,1,0
2025-04-14,Plumbing,Colombo,PRO-PLU-01,0,Low,0,1,1,0,1,2,0
2025-04-14,Grass cutting,Colombo,PRO-GRA-02,1,Low,0,1,1,0,1,2,0
2025-04-14,Plumbing,Colombo,PRO-PLU-06,1,Low,0,1,1,0,1,2,0
2025-04-14,Electrical repairs,Colombo,PRO-ELE-06,1,Low,0,1,1,0,1,2,0
2025-04-14,Plumbing,Colombo,PRO-PLU-05,0,Low,0,1,1,0,1,2,0
2025-04-14,Plumbing,Gampaha,PRO-PLU-03,1,Low,0,1,1,0,1,2,0
2025-04-14,Plumbing,Gampaha,PRO-PLU-08,1,Low,0,1,1,0,1,2,0
2025-04-14,Grass cutting,Gampaha,PRO-GRA-08,0,Low,0,1,1,0,1,2,0
2025-04-14,Plumbing,Gampaha,PRO-PLU-04,0,Low,0,1,1,0,1,2,0
2025-04-14,Grass cutting,Colombo,PRO-GRA-11,1,Low,0,1,1,0,1,2,0
2025-04-14,Child care,Gampaha,PRO-CHI-06,2,Low,0,1,1,0,1,2,0
2025-04-14,Watering,Colombo,PRO-WAT-03,7,Low,0,1,1,0,1,2,0
2025-04-14,Plumbing,Gampaha,PRO-PLU-02,1,Low,0,1,1,0,1,2,0
2025-04-15,Grass cutting,Gampaha,PRO-GRA-17,1,Low,0,1,0,0,1,3,0
2025-04-15,Child care,Gampaha,PRO-CHI-01,11,Low,0,1,0,0,1,3,0
2025-04-15,Plumbing,Colombo,PRO-PLU-02,2,Low,0,1,0,0,1,3,0
2025-04-15,Child care,Colombo,PRO-CHI-05,12,Low,0,1,0,0,1,3,0
2025-04-15,Plumbing,Colombo,PRO-PLU-08,0,Low,0,1,0,0,1,3,0
2025-04-15,Electrical repairs,Gampaha,PRO-ELE-05,2,Low,0,1,0,0,1,3,0
2025-04-15,Grass cutting,Colombo,PRO-GRA-11,0,Low,0,1,0,0,1,3,0
2025-04-15,Plumbing,Gampaha,PRO-PLU-07,0,Low,0,1,0,0,1,3,0
2025-04-15,Grass cutting,Gampaha,PRO-GRA-10,0,Low,0,1,0,0,1,3,0
2025-04-15,Plumbing,Gampaha,PRO-PLU-06,1,Low,0,1,0,0,1,3,0
2025-04-15,Plumbing,Colombo,PRO-PLU-04,2,Low,0,1,0,0,1,3,0
2025-04-15,Child care,Colombo,PRO-CHI-08,10,Low,0,1,0,0,1,3,0
2025-04-15,Child care,Gampaha,PRO-CHI-06,10,Low,0,1,0,0,1,3,0
2025-04-15,Grass cutting,Gampaha,PRO-GRA-07,2,Low,0,1,0,0,1,3,0
2025-04-15,Plumbing,Gampaha,PRO-PLU-01,1,Low,0,1,0,0,1,3,0
2025-04-15,Plumbing,Colombo,PRO-PLU-03,2,Low,0,1,0,0,1,3,0
2025-04-15,Electrical repairs,Colombo,PRO-ELE-08,0,Low,0,1,0,0,1,3,0
2025-04-15,Grass cutting,Gampaha,PRO-GRA-04,2,Low,0,1,0,0,1,3,0
2025-04-15,Electrical repairs,Colombo,PRO-ELE-06,2,Low,0,1,0,0,1,3,0
2025-04-15,Plumbing,Colombo,PRO-PLU-05,1,Low,0,1,0,0,1,3,0
2025-04-15,Electrical repairs,Gampaha,PRO-ELE-01,0,Low,0,1,0,0,1,3,0
2025-04-16,Plumbing,Gampaha,PRO-PLU-03,1,Low,0,1,0,0,1,4,0
2025-04-16,Grass cutting,Gampaha,PRO-GRA-14,0,Low,0,1,0,0,1,4,0
2025-04-16,Grass cutting,Colombo,PRO-GRA-07,0,Low,0,1,0,0,1,4,0
2025-04-16,Child care,Colombo,PRO-CHI-03,11,Low,0,1,0,0,1,4,0
2025-04-16,Electrical repairs,Gampaha,PRO-ELE-03,0,Low,0,1,0,0,1,4,0
2025-04-16,Plumbing,Gampaha,PRO-PLU-07,0,Low,0,1,0,0,1,4,0
2025-04-16,Plumbing,Colombo,PRO-PLU-06,0,Low,0,1,0,0,1,4,0
2025-04-16,Plumbing,Gampaha,PRO-PLU-08,1,Low,0,1,0,0,1,4,0
2025-04-16,Plumbing,Colombo,PRO-PLU-02,2,Low,0,1,0,0,1,4,0
2025-04-16,Grass cutting,Colombo,PRO-GRA-16,2,Low,0,1,0,0,1,4,0
2025-04-16,Grass cutting,Gampaha,PRO-GRA-15,0,Low,0,1,0,0,1,4,0
2025-04-16,Plumbing,Colombo,PRO-PLU-01,0,Low,0,1,0,0,1,4,0
2025-04-16,Grass cutting,Gampaha,PRO-GRA-18,2,Low,0,1,0,0,1,4,0
2025-04-16,Grass cutting,Gampaha,PRO-GRA-06,0,Low,0,1,0,0,1,4,0
2025-04-16,Plumbing,Colombo,PRO-PLU-05,2,Low,0,1,0,0,1,4,0
2025-04-17,Plumbing,Colombo,PRO-PLU-03,0,Low,0,1,0,0,1,5,0
2025-04-17,Plumbing,Colombo,PRO-PLU-07,2,Low,0,1,0,0,1,5,0
2025-04-17,Plumbing,Gampaha,PRO-PLU-02,0,Low,0,1,0,0,1,5,0
2025-04-17,Plumbing,Gampaha,PRO-PLU-04,2,Low,0,1,0,0,1,5,0
2025-04-17,Plumbing,Colombo,PRO-PLU-08,2,Low,0,1,0,0,1,5,0
2025-04-17,Plumbing,Colombo,PRO-PLU-01,2,Low,0,1,0,0,1,5,0
2025-04-17,Electrical repairs,Colombo,PRO-ELE-08,0,Low,0,1,0,0,1,5,0
2025-04-17,Electrical repairs,Gampaha,PRO-ELE-06,1,Low,0,1,0,0,1,5,0
2025-04-17,Plumbing,Colombo,PRO-PLU-05,1,Low,0,1,0,0,1,5,0
2025-04-17,Grass cutting,Gampaha,PRO-GRA-05,17,Low,0,1,0,0,1,5,0
2025-04-17,Grass cutting,Colombo,PRO-GRA-12,17,Low,0,1,0,0,1,5,0
2025-04-17,Child care,Colombo,PRO-CHI-08,12,Low,0,1,0,0,1,5,0
2025-04-17,Grass cutting,Colombo,PRO-GRA-07,17,Low,0,1,0,0,1,5,0
2025-04-17,Grass cutting,Colombo,PRO-GRA-09,15,Low,0,1,0,0,1,5,0
2025-04-17,Grass cutting,Gampaha,PRO-GRA-16,16,Low,0,1,0,0,1,5,0
2025-04-17,Plumbing,Gampaha,PRO-PLU-06,2,Low,0,1,0,0,1,5,0
2025-04-17,Child care,Gampaha,PRO-CHI-06,10,Low,0,1,0,0,1,5,0
2025-04-18,Grass cutting,Colombo,PRO-GRA-07,17,Low,0,1,1,1,1,6,0
2025-04-18,Child care,Gampaha,PRO-CHI-01,2,Low,0,1,1,1,1,6,0
2025-04-18,Plumbing,Colombo,PRO-PLU-05,2,Low,0,1,1,1,1,6,0
2025-04-18,Grass cutting,Gampaha,PRO-GRA-08,16,Low,0,1,1,1,1,6,0
2025-04-18,Plumbing,Colombo,PRO-PLU-06,0,Low,0,1,1,1,1,6,0
2025-04-18,Plumbing,Colombo,PRO-PLU-01,0,Low,0,1,1,1,1,6,0
2025-04-18,Grass cutting,Colombo,PRO-GRA-05,17,Low,0,1,1,1,1,6,0
2025-04-18,Plumbing,Colombo,PRO-PLU-03,2,Low,0,1,1,1,1,6,0
2025-04-18,Plumbing,Colombo,PRO-PLU-04,2,Low,0,1,1,1,1,6,0
2025-04-18,Plumbing,Gampaha,PRO-PLU-08,1,Low,0,1,1,1,1,6,0
2025-04-18,Plumbing,Colombo,PRO-PLU-07,2,Low,0,1,1,1,1,6,0
2025-04-18,Grass cutting,Gampaha,PRO-GRA-11,15,Low,0,1,1,1,1,6,0
2025-04-18,Grass cutting,Gampaha,PRO-GRA-18,16,Low,0,1,1,1,1,6,0
2025-04-18,Plumbing,Colombo,PRO-PLU-02,0,Low,0,1,1,1,1,6,0
2025-04-18,Grass cutting,Colombo,PRO-GRA-13,16,Low,0,1,1,1,1,6,0
2025-04-18,Electrical repairs,Gampaha,PRO-ELE-01,1,Low,0,1,1,1,1,6,0
2025-04-19,Grass cutting,Colombo,PRO-GRA-08,17,Low,0,1,0,0,1,7,0
2025-04-19,Grass cutting,Gampaha,PRO-GRA-01,15,Low,0,1,0,0,1,7,0
2025-04-19,Electrical repairs,Gampaha,PRO-ELE-05,6,Low,0,1,0,0,1,7,0
2025-04-19,Roofing,Gampaha,PRO-ROO-08,1,Low,0,1,0,0,1,7,0
2025-04-19,Plumbing,Colombo,PRO-PLU-07,0,Low,0,1,0,0,1,7,0
2025-04-19,Pet care,Colombo,PRO-PET-07,1,Low,0,1,0,0,1,7,0
2025-04-19,Child care,Gampaha,PRO-CHI-05,0,Low,0,1,0,0,1,7,0
2025-04-19,Plumbing,Colombo,PRO-PLU-01,0,Low,0,1,0,0,1,7,0
2025-04-19,"Sofa, carpet & curtain cleaning",Colombo,PRO-SOF-07,55,Low,0,1,0,0,1,7,0
2025-04-19,Child care,Colombo,PRO-CHI-07,2,Low,0,1,0,0,1,7,0
2025-04-19,Plumbing,Colombo,PRO-PLU-05,1,Low,0,1,0,0,1,7,0
2025-04-19,Grass cutting,Gampaha,PRO-GRA-18,15,Low,0,1,0,0,1,7,0
2025-04-19,Furniture repair,Gampaha,PRO-FUR-07,26,Low,0,1,0,0,1,7,0
2025-04-19,Painting,Gampaha,PRO-PAI-02,57,Low,0,1,0,0,1,7,0
2025-04-19,Grass cutting,Gampaha,PRO-GRA-12,17,Low,0,1,0,0,1,7,0
2025-04-19,Plumbing,Gampaha,PRO-PLU-06,2,Low,0,1,0,0,1,7,0
2025-04-19,Plumbing,Gampaha,PRO-PLU-02,2,Low,0,1,0,0,1,7,0
2025-04-19,Plumbing,Colombo,PRO-PLU-08,2,Low,0,1,0,0,1,7,0
2025-04-19,Grass cutting,Gampaha,PRO-GRA-02,16,Low,0,1,0,0,1,7,0
2025-04-19,Plumbing,Colombo,PRO-PLU-03,0,Low,0,1,0,0,1,7,0
2025-04-19,Plumbing,Gampaha,PRO-PLU-04,1,Low,0,1,0,0,1,7,0
2025-04-19,Electrical repairs,Gampaha,PRO-ELE-07,6,Low,0,1,0,0,1,7,0
2025-04-19,Personal assistance,Gampaha,PRO-PER-07,2,Low,0,1,0,0,1,7,0
2025-04-20,Plumbing,Gampaha,PRO-PLU-04,1,Low,0,1,1,0,1,8,0
2025-04-20,Plumbing,Colombo,PRO-PLU-03,2,Low,0,1,1,0,1,8,0
2025-04-20,Plumbing,Gampaha,PRO-PLU-01,0,Low,0,1,1,0,1,8,0
2025-04-20,Plumbing,Colombo,PRO-PLU-07,0,Low,0,1,1,0,1,8,0
2025-04-20,Plumbing,Gampaha,PRO-PLU-08,2,Low,0,1,1,0,1,8,0
2025-04-20,Grass cutting,Gampaha,PRO-GRA-17,16,Low,0,1,1,0,1,8,0
2025-04-20,Plumbing,Gampaha,PRO-PLU-05,0,Low,0,1,1,0,1,8,0
2025-04-20,Grass cutting,Gampaha,PRO-GRA-08,16,Low,0,1,1,0,1,8,0
2025-04-20,Grass cutting,Gampaha,PRO-GRA-02,15,Low,0,1,1,0,1,8,0
2025-04-20,Plumbing,Gampaha,PRO-PLU-02,2,Low,0,1,1,0,1,8,0
2025-04-21,Child care,Gampaha,PRO-CHI-06,11,Low,0,1,0,0,0,9,0
2025-04-21,Grass cutting,Colombo,PRO-GRA-10,15,Low,0,1,0,0,0,9,0
2025-04-21,Electrical repairs,Gampaha,PRO-ELE-06,2,Low,0,1,0,0,0,9,0
2025-04-21,Child care,Colombo,PRO-CHI-04,11,Low,0,1,0,0,0,9,0
2025-04-21,Plumbing,Gampaha,PRO-PLU-05,2,Low,0,1,0,0,0,9,0
2025-04-21,Plumbing,Colombo,PRO-PLU-07,0,Low,0,1,0,0,0,9,0
2025-04-21,Grass cutting,Gampaha,PRO-GRA-05,16,Low,0,1,0,0,0,9,0
2025-04-21,Grass cutting,Gampaha,PRO-GRA-16,17,Low,0,1,0,0,0,9,0
2025-04-21,Electrical repairs,Gampaha,PRO-ELE-04,1,Low,0,1,0,0,0,9,0
2025-04-21,Electrical repairs,Gampaha,PRO-ELE-07,0,Low,0,1,0,0,0,9,0
2025-04-21,Plumbing,Colombo,PRO-PLU-06,1,Low,0,1,0,0,0,9,0
2025-04-21,Plumbing,Gampaha,PRO-PLU-03,0,Low,0,1,0,0,0,9,0
2025-04-21,Grass cutting,Colombo,PRO-GRA-15,17,Low,0,1,0,0,0,9,0
2025-04-21,Plumbing,Gampaha,PRO-PLU-04,2,Low,0,1,0,0,0,9,0
2025-04-21,Child care,Colombo,PRO-CHI-07,12,Low,0,1,0,0,0,9,0
2025-04-21,Grass cutting,Colombo,PRO-GRA-01,15,Low,0,1,0,0,0,9,0
2025-04-21,Plumbing,Colombo,PRO-PLU-02,1,Low,0,1,0,0,0,9,0
2025-04-21,Plumbing,Gampaha,PRO-PLU-01,0,Low,0,1,0,0,0,9,0
2025-04-22,Plumbing,Colombo,PRO-PLU-04,1,Low,0,1,0,0,0,10,0
2025-04-22,Planting,Gampaha,PRO-PLA-02,2,Low,0,1,0,0,0,10,0
2025-04-22,Plumbing,Colombo,PRO-PLU-08,1,Low,0,1,0,0,0,10,0
2025-04-22,Landscaping,Gampaha,PRO-LAN-02,11,Low,0,1,0,0,0,10,0
2025-04-22,Electrical repairs,Colombo,PRO-ELE-03,1,Low,0,1,0,0,0,10,0
2025-04-22,Grass cutting,Gampaha,PRO-GRA-11,16,Low,0,1,0,0,0,10,0
2025-04-22,Child care,Colombo,PRO-CHI-08,10,Low,0,1,0,0,0,10,0
2025-04-22,Grass cutting,Colombo,PRO-GRA-01,15,Low,0,1,0,0,0,10,0
2025-04-22,Plumbing,Gampaha,PRO-PLU-01,0,Low,0,1,0,0,0,10,0
2025-04-22,Plumbing,Gampaha,PRO-PLU-05,0,Low,0,1,0,0,0,10,0
2025-04-22,Electrical repairs,Gampaha,PRO-ELE-01,1,Low,0,1,0,0,0,10,0
2025-04-22,Post-construction cleaning,Colombo,PRO-POS-02,17,Low,0,1,0,0,0,10,0
2025-04-22,Grass cutting,Colombo,PRO-GRA-08,16,Low,0,1,0,0,0,10,0
2025-04-22,Plumbing,Colombo,PRO-PLU-03,1,Low,0,1,0,0,0,10,0
2025-04-22,Child care,Gampaha,PRO-CHI-03,12,Low,0,1,0,0,0,10,0
2025-04-22,Plumbing,Colombo,PRO-PLU-07,0,Low,0,1,0,0,0,10,0
2025-04-22,Child care,Colombo,PRO-CHI-01,12,Low,0,1,0,0,0,10,0
2025-04-22,Plumbing,Gampaha,PRO-PLU-06,0,Low,0,1,0,0,0,10,0
2025-04-22,Plumbing,Gampaha,PRO-PLU-02,2,Low,0,1,0,0,0,10,0
2025-04-22,Electrical repairs,Colombo,PRO-ELE-08,2,Low,0,1,0,0,0,10,0
2025-04-22,Move-in / move-out cleaning,Gampaha,PRO-MOV-02,17,Low,0,1,0,0,0,10,0
2025-04-23,Plumbing,Colombo,PRO-PLU-01,2,Low,0,1,0,0,0,11,0
2025-04-23,Child care,Gampaha,PRO-CHI-02,12,Low,0,1,0,0,0,11,0
2025-04-23,Child care,Gampaha,PRO-CHI-07,11,Low,0,1,0,0,0,11,0
2025-04-23,Child care,Gampaha,PRO-CHI-03,12,Low,0,1,0,0,0,11,0
2025-04-23,Grass cutting,Colombo,PRO-GRA-06,16,Low,0,1,0,0,0,11,0
2025-04-23,Child care,Gampaha,PRO-CHI-06,10,Low,0,1,0,0,0,11,0
2025-04-23,Grass cutting,Gampaha,PRO-GRA-13,15,Low,0,1,0,0,0,11,0
2025-04-23,Plumbing,Colombo,PRO-PLU-08,2,Low,0,1,0,0,0,11,0
2025-04-23,Plumbing,Gampaha,PRO-PLU-04,2,Low,0,1,0,0,0,11,0
2025-04-23,Plumbing,Gampaha,PRO-PLU-07,1,Low,0,1,0,0,0,11,0
2025-04-23,Child care,Gampaha,PRO-CHI-05,11,Low,0,1,0,0,0,11,0
2025-04-23,Grass cutting,Gampaha,PRO-GRA-17,16,Low,0,1,0,0,0,11,0
2025-04-23,Plumbing,Colombo,PRO-PLU-06,0,Low,0,1,0,0,0,11,0
2025-04-23,Grass cutting,Gampaha,PRO-GRA-11,17,Low,0,1,0,0,0,11,0
2025-04-23,Electrical repairs,Colombo,PRO-ELE-03,0,Low,0,1,0,0,0,11,0
2025-04-23,Plumbing,Gampaha,PRO-PLU-03,0,Low,0,1,0,0,0,11,0
2025-04-23,Electrical repairs,Gampaha,PRO-ELE-06,0,Low,0,1,0,0,0,11,0
2025-04-23,Electrical repairs,Colombo,PRO-ELE-07,2,Low,0,1,0,0,0,11,0
2025-04-23,Grass cutting,Gampaha,PRO-GRA-04,15,Low,0,1,0,0,0,11,0
2025-04-23,Electrical repairs,Colombo,PRO-ELE-02,1,Low,0,1,0,0,0,11,0
2025-04-23,Plumbing,Gampaha,PRO-PLU-05,2,Low,0,1,0,0,0,11,0
2025-04-23,Plumbing,Colombo,PRO-PLU-02,1,Low,0,1,0,0,0,11,0
2025-04-23,Electrical repairs,Colombo,PRO-ELE-05,1,Low,0,1,0,0,0,11,0
2025-04-24,Child care,Gampaha,PRO-CHI-06,11,Low,0,1,0,0,0,12,0
2025-04-24,Plumbing,Gampaha,PRO-PLU-01,1,Low,0,1,0,0,0,12,0
2025-04-24,Grass cutting,Gampaha,PRO-GRA-11,15,Low,0,1,0,0,0,12,0
2025-04-24,Plumbing,Gampaha,PRO-PLU-03,0,Low,0,1,0,0,0,12,0
2025-04-24,Grass cutting,Colombo,PRO-GRA-10,16,Low,0,1,0,0,0,12,0
2025-04-24,Plumbing,Gampaha,PRO-PLU-04,1,Low,0,1,0,0,0,12,0
2025-04-24,Plumbing,Gampaha,PRO-PLU-07,0,Low,0,1,0,0,0,12,0
2025-04-24,Child care,Gampaha,PRO-CHI-07,11,Low,0,1,0,0,0,12,0
2025-04-24,Plumbing,Colombo,PRO-PLU-06,1,Low,0,1,0,0,0,12,0
2025-04-24,Plumbing,Colombo,PRO-PLU-08,0,Low,0,1,0,0,0,12,0
2025-04-24,Grass cutting,Gampaha,PRO-GRA-01,16,Low,0,1,0,0,0,12,0
2025-04-24,Electrical repairs,Gampaha,PRO-ELE-06,2,Low,0,1,0,0,0,12,0
2025-04-24,Electrical repairs,Gampaha,PRO-ELE-07,2,Low,0,1,0,0,0,12,0
2025-04-24,Plumbing,Gampaha,PRO-PLU-05,2,Low,0,1,0,0,0,12,0
2025-04-24,Grass cutting,Colombo,PRO-GRA-17,16,Low,0,1,0,0,0,12,0
2025-04-24,Grass cutting,Colombo,PRO-GRA-02,15,Low,0,1,0,0,0,12,0
2025-04-25,Grass cutting,Colombo,PRO-GRA-17,0,High,1,0,0,0,0,0,1
2025-04-25,Child care,Colombo,PRO-CHI-04,12,High,1,0,0,0,0,0,1
2025-04-25,Child care,Gampaha,PRO-CHI-07,12,High,1,0,0,0,0,0,1
2025-04-25,Personal assistance,Gampaha,PRO-PER-02,8,High,1,0,0,0,0,0,1
2025-04-25,Plumbing,Gampaha,PRO-PLU-07,2,High,1,0,0,0,0,0,1
2025-04-25,Plumbing,Gampaha,PRO-PLU-06,2,High,1,0,0,0,0,0,1
2025-04-25,Grass cutting,Gampaha,PRO-GRA-03,0,High,1,0,0,0,0,0,1
2025-04-25,Furniture repair,Colombo,PRO-FUR-02,2,High,1,0,0,0,0,0,1
2025-04-25,Grass cutting,Gampaha,PRO-GRA-07,0,High,1,0,0,0,0,0,1
2025-04-25,Plumbing,Gampaha,PRO-PLU-02,1,High,1,0,0,0,0,0,1
2025-04-25,Plumbing,Gampaha,PRO-PLU-04,1,High,1,0,0,0,0,0,1
2025-04-25,Pet care,Colombo,PRO-PET-02,1,High,1,0,0,0,0,0,1
2025-04-25,Plumbing,Gampaha,PRO-PLU-05,2,High,1,0,0,0,0,0,1
2025-04-25,"Sofa, carpet & curtain cleaning",Gampaha,PRO-SOF-02,2,High,1,0,0,0,0,0,1
2025-04-25,Plumbing,Gampaha,PRO-PLU-01,0,High,1,0,0,0,0,0,1
2025-04-25,Electrical repairs,Colombo,PRO-ELE-04,11,High,1,0,0,0,0,0,1
2025-04-25,Plumbing,Colombo,PRO-PLU-03,0,High,1,0,0,0,0,0,1
2025-04-25,Grass cutting,Gampaha,PRO-GRA-15,0,High,1,0,0,0,0,0,1
2025-04-25,Electrical repairs,Gampaha,PRO-ELE-07,12,High,1,0,0,0,0,0,1
2025-04-26,Plumbing,Colombo,PRO-PLU-07,0,Low,0,1,0,0,0,1,0
2025-04-26,Grass cutting,Colombo,PRO-GRA-15,1,Low,0,1,0,0,0,1,0
2025-04-26,Grass cutting,Gampaha,PRO-GRA-02,2,Low,0,1,0,0,0,1,0
2025-04-26,Plumbing,Colombo,PRO-PLU-02,1,Low,0,1,0,0,0,1,0
2025-04-26,Child care,Gampaha,PRO-CHI-01,2,Low,0,1,0,0,0,1,0
2025-04-26,Plumbing,Colombo,PRO-PLU-06,1,Low,0,1,0,0,0,1,0
2025-04-26,Grass cutting,Gampaha,PRO-GRA-05,1,Low,0,1,0,0,0,1,0
2025-04-26,Plumbing,Gampaha,PRO-PLU-05,2,Low,0,1,0,0,0,1,0
2025-04-26,Plumbing,Colombo,PRO-PLU-08,1,Low,0,1,0,0,0,1,0
2025-04-26,Plumbing,Colombo,PRO-PLU-03,2,Low,0,1,0,0,0,1,0
2025-04-26,Electrical repairs,Colombo,PRO-ELE-01,6,Low,0,1,0,0,0,1,0
2025-04-26,Grass cutting,Colombo,PRO-GRA-08,1,Low,0,1,0,0,0,1,0
2025-04-26,Plumbing,Gampaha,PRO-PLU-01,2,Low,0,1,0,0,0,1,0
2025-04-26,Grass cutting,Colombo,PRO-GRA-10,2,Low,0,1,0,0,0,1,0
2025-04-26,Painting,Gampaha,PRO-PAI-02,7,Low,0,1,0,0,0,1,0
2025-04-27,Child care,Colombo,PRO-CHI-04,1,High,1,0,0,0,0,0,1
2025-04-27,Child care,Gampaha,PRO-CHI-02,1,High,1,0,0,0,0,0,1
2025-04-27,Grass cutting,Colombo,PRO-GRA-15,0,High,1,0,0,0,0,0,1
2025-04-27,Grass cutting,Colombo,PRO-GRA-09,0,High,1,0,0,0,0,0,1
2025-04-27,Electrical repairs,Colombo,PRO-ELE-02,16,High,1,0,0,0,0,0,1
2025-04-27,Plumbing,Gampaha,PRO-PLU-01,16,High,1,0,0,0,0,0,1
2025-04-27,Grass cutting,Gampaha,PRO-GRA-18,0,High,1,0,0,0,0,0,1
2025-04-27,Electrical repairs,Gampaha,PRO-ELE-04,15,High,1,0,0,0,0,0,1
2025-04-27,Electrical repairs,Gampaha,PRO-ELE-07,16,High,1,0,0,0,0,0,1
2025-04-27,Plumbing,Gampaha,PRO-PLU-03,17,High,1,0,0,0,0,0,1
2025-04-27,Plumbing,Colombo,PRO-PLU-05,17,High,1,0,0,0,0,0,1
2025-04-27,Grass cutting,Colombo,PRO-GRA-08,0,High,1,0,0,0,0,0,1
2025-04-27,Plumbing,Colombo,PRO-PLU-04,16,High,1,0,0,0,0,0,1
2025-04-27,Child care,Colombo,PRO-CHI-07,2,High,1,0,0,0,0,0,1
2025-04-27,Electrical repairs,Colombo,PRO-ELE-01,17,High,1,0,0,0,0,0,1
2025-04-27,Plumbing,Gampaha,PRO-PLU-08,17,High,1,0,0,0,0,0,1
2025-04-27,Grass cutting,Gampaha,PRO-GRA-12,0,High,1,0,0,0,0,0,1
2025-04-27,Plumbing,Gampaha,PRO-PLU-06,15,High,1,0,0,0,0,0,1
2025-04-27,Child care,Gampaha,PRO-CHI-06,1,High,1,0,0,0,0,0,1
2025-04-27,Electrical repairs,Colombo,PRO-ELE-06,17,High,1,0,0,0,0,0,1
2025-04-27,Plumbing,Gampaha,PRO-PLU-07,17,High,1,0,0,0,0,0,1
2025-04-27,Grass cutting,Gampaha,PRO-GRA-13,0,High,1,0,0,0,0,0,1
2025-04-27,Plumbing,Gampaha,PRO-PLU-02,16,High,1,0,0,0,0,0,1
2025-04-27,Grass cutting,Colombo,PRO-GRA-07,0,High,1,0,0,0,0,0,1
2025-04-27,Painting,Colombo,PRO-PAI-18,2,High,1,0,0,0,0,0,1
2025-04-27,Child care,Gampaha,PRO-CHI-01,0,High,1,0,0,0,0,0,1
2025-04-28,Plumbing,Gampaha,PRO-PLU-04,1,Low,0,1,0,0,0,1,0
2025-04-28,Plumbing,Gampaha,PRO-PLU-06,2,Low,0,1,0,0,0,1,0
2025-04-28,Plumbing,Gampaha,PRO-PLU-02,2,Low,0,1,0,0,0,1,0
2025-04-28,Plumbing,Colombo,PRO-PLU-03,0,Low,0,1,0,0,0,1,0
2025-04-28,Plumbing,Gampaha,PRO-PLU-05,0,Low,0,1,0,0,0,1,0
2025-04-28,Electrical repairs,Gampaha,PRO-ELE-07,2,Low,0,1,0,0,0,1,0
2025-04-28,Plumbing,Gampaha,PRO-PLU-07,2,Low,0,1,0,0,0,1,0
2025-04-28,Plumbing,Colombo,PRO-PLU-08,2,Low,0,1,0,0,0,1,0
2025-04-28,Plumbing,Gampaha,PRO-PLU-01,2,Low,0,1,0,0,0,1,0
2025-04-28,Grass cutting,Gampaha,PRO-GRA-16,1,Low,0,1,0,0,0,1,0
2025-04-28,Child care,Gampaha,PRO-CHI-07,10,Low,0,1,0,0,0,1,0
2025-04-29,Plumbing,Colombo,PRO-PLU-07,2,High,1,0,0,0,0,0,1
2025-04-29,Plumbing,Gampaha,PRO-PLU-08,1,High,1,0,0,0,0,0,1
2025-04-29,Plumbing,Gampaha,PRO-PLU-03,0,High,1,0,0,0,0,0,1
2025-04-29,Landscaping,Colombo,PRO-LAN-03,0,High,1,0,0,0,0,0,1
2025-04-29,Child care,Gampaha,PRO-CHI-03,11,High,1,0,0,0,0,0,1
2025-04-29,Grass cutting,Gampaha,PRO-GRA-12,0,High,1,0,0,0,0,0,1
2025-04-29,Grass cutting,Colombo,PRO-GRA-04,0,High,1,0,0,0,0,0,1
2025-04-29,Move-in / move-out cleaning,Colombo,PRO-MOV-03,0,High,1,0,0,0,0,0,1
2025-04-29,Plumbing,Gampaha,PRO-PLU-02,2,High,1,0,0,0,0,0,1
2025-04-29,Plumbing,Colombo,PRO-PLU-05,2,High,1,0,0,0,0,0,1
2025-04-29,Child care,Colombo,PRO-CHI-05,12,High,1,0,0,0,0,0,1
2025-04-29,Electrical repairs,Colombo,PRO-ELE-05,11,High,1,0,0,0,0,0,1
2025-04-29,Electrical repairs,Colombo,PRO-ELE-03,11,High,1,0,0,0,0,0,1
2025-04-29,Plumbing,Colombo,PRO-PLU-06,0,High,1,0,0,0,0,0,1
2025-04-29,Planting,Colombo,PRO-PLA-03,2,High,1,0,0,0,0,0,1
2025-04-29,Plumbing,Colombo,PRO-PLU-01,0,High,1,0,0,0,0,0,1
2025-04-29,Post-construction cleaning,Colombo,PRO-POS-03,0,High,1,0,0,0,0,0,1
2025-04-30,Plumbing,Gampaha,PRO-PLU-02,2,High,1,0,0,0,0,0,2
2025-04-30,Grass cutting,Gampaha,PRO-GRA-17,0,High,1,0,0,0,0,0,2
2025-04-30,Grass cutting,Gampaha,PRO-GRA-01,0,High,1,0,0,0,0,0,2
2025-04-30,Plumbing,Colombo,PRO-PLU-04,0,High,1,0,0,0,0,0,2
2025-04-30,Personal assistance,Gampaha,PRO-PER-03,9,High,1,0,0,0,0,0,2
2025-04-30,"Sofa, carpet & curtain cleaning",Gampaha,PRO-SOF-03,2,High,1,0,0,0,0,0,2
2025-04-30,Plumbing,Gampaha,PRO-PLU-05,2,High,1,0,0,0,0,0,2
2025-04-30,Plumbing,Gampaha,PRO-PLU-08,0,High,1,0,0,0,0,0,2
2025-04-30,Grass cutting,Gampaha,PRO-GRA-05,0,High,1,0,0,0,0,0,2
2025-04-30,Plumbing,Colombo,PRO-PLU-07,1,High,1,0,0,0,0,0,2
2025-04-30,Grass cutting,Gampaha,PRO-GRA-18,0,High,1,0,0,0,0,0,2
2025-04-30,Grass cutting,Gampaha,PRO-GRA-15,0,High,1,0,0,0,0,0,2
2025-04-30,Grass cutting,Colombo,PRO-GRA-06,0,High,1,0,0,0,0,0,2
2025-04-30,Grass cutting,Gampaha,PRO-GRA-11,0,High,1,0,0,0,0,0,2
2025-04-30,Pet care,Colombo,PRO-PET-03,1,High,1,0,0,0,0,0,2
2025-04-30,Plumbing,Colombo,PRO-PLU-03,0,High,1,0,0,0,0,0,2
2025-04-30,Painting,Gampaha,PRO-PAI-13,1,High,1,0,0,0,0,0,2
2025-04-30,Furniture repair,Gampaha,PRO-FUR-03,1,High,1,0,0,0,0,0,2
2025-04-30,Plumbing,Colombo,PRO-PLU-01,1,High,1,0,0,0,0,0,2
2025-04-30,Plumbing,Gampaha,PRO-PLU-06,1,High,1,0,0,0,0,0,2
2025-04-30,Grass cutting,Colombo,PRO-GRA-13,0,High,1,0,0,0,0,0,2
2025-05-01,Plumbing,Gampaha,PRO-PLU-05,26,Low,0,1,1,0,0,1,0
2025-05-01,Plumbing,Colombo,PRO-PLU-08,25,Low,0,1,1,0,0,1,0
2025-05-01,Electrical repairs,Gampaha,PRO-ELE-03,0,Low,0,1,1,0,0,1,0
2025-05-01,Plumbing,Colombo,PRO-PLU-06,27,Low,0,1,1,0,0,1,0
2025-05-01,Child care,Gampaha,PRO-CHI-01,2,Low,0,1,1,0,0,1,0
2025-05-01,Plumbing,Colombo,PRO-PLU-02,27,Low,0,1,1,0,0,1,0
2025-05-01,Grass cutting,Colombo,PRO-GRA-11,27,Low,0,1,1,0,0,1,0
2025-05-01,Electrical repairs,Gampaha,PRO-ELE-01,0,Low,0,1,1,0,0,1,0
2025-05-01,Child care,Gampaha,PRO-CHI-05,2,Low,0,1,1,0,0,1,0
2025-05-01,Grass cutting,Colombo,PRO-GRA-12,27,Low,0,1,1,0,0,1,0
2025-05-01,Plumbing,Gampaha,PRO-PLU-03,27,Low,0,1,1,0,0,1,0
2025-05-01,Grass cutting,Gampaha,PRO-GRA-07,27,Low,0,1,1,0,0,1,0
2025-05-01,Electrical repairs,Gampaha,PRO-ELE-05,2,Low,0,1,1,0,0,1,0
2025-05-01,Electrical repairs,Colombo,PRO-ELE-02,1,Low,0,1,1,0,0,1,0
2025-05-01,Child care,Gampaha,PRO-CHI-02,1,Low,0,1,1,0,0,1,0
2025-05-01,Plumbing,Gampaha,PRO-PLU-07,27,Low,0,1,1,0,0,1,0
2025-05-01,Child care,Colombo,PRO-CHI-03,1,Low,0,1,1,0,0,1,0
2025-05-01,Plumbing,Gampaha,PRO-PLU-04,25,Low,0,1,1,0,0,1,0
2025-05-01,Plumbing,Gampaha,PRO-PLU-01,26,Low,0,1,1,0,0,1,0
2025-05-01,Grass cutting,Colombo,PRO-GRA-13,26,Low,0,1,1,0,0,1,0
2025-05-02,Grass cutting,Gampaha,PRO-GRA-02,2,Low,0,1,0,0,0,2,0
2025-05-02,Electrical repairs,Gampaha,PRO-ELE-04,0,Low,0,1,0,0,0,2,0
2025-05-02,Plumbing,Colombo,PRO-PLU-01,1,Low,0,1,0,0,0,2,0
2025-05-02,Grass cutting,Gampaha,PRO-GRA-01,1,Low,0,1,0,0,0,2,0
2025-05-02,Grass cutting,Gampaha,PRO-GRA-09,2,Low,0,1,0,0,0,2,0
2025-05-02,Plumbing,Colombo,PRO-PLU-05,2,Low,0,1,0,0,0,2,0
2025-05-02,Grass cutting,Colombo,PRO-GRA-14,1,Low,0,1,0,0,0,2,0
2025-05-02,Child care,Colombo,PRO-CHI-05,12,Low,0,1,0,0,0,2,0
2025-05-02,Plumbing,Gampaha,PRO-PLU-04,2,Low,0,1,0,0,0,2,0
2025-05-02,Plumbing,Colombo,PRO-PLU-07,2,Low,0,1,0,0,0,2,0
2025-05-02,Grass cutting,Gampaha,PRO-GRA-18,1,Low,0,1,0,0,0,2,0
2025-05-02,Plumbing,Gampaha,PRO-PLU-02,1,Low,0,1,0,0,0,2,0
2025-05-02,Grass cutting,Colombo,PRO-GRA-08,2,Low,0,1,0,0,0,2,0
2025-05-02,Child care,Colombo,PRO-CHI-04,12,Low,0,1,0,0,0,2,0
2025-05-02,Plumbing,Gampaha,PRO-PLU-03,2,Low,0,1,0,0,0,2,0
2025-05-02,Grass cutting,Colombo,PRO-GRA-03,1,Low,0,1,0,0,0,2,0
2025-05-02,Electrical repairs,Gampaha,PRO-ELE-05,1,Low,0,1,0,0,0,2,0
2025-05-02,Plumbing,Colombo,PRO-PLU-08,2,Low,0,1,0,0,0,2,0
2025-05-02,Grass cutting,Gampaha,PRO-GRA-13,2,Low,0,1,0,0,0,2,0
2025-05-02,Plumbing,Colombo,PRO-PLU-06,2,Low,0,1,0,0,0,2,0
2025-05-03,Child care,Colombo,PRO-CHI-06,2,High,1,0,0,0,0,0,1
2025-05-03,Electrical repairs,Colombo,PRO-ELE-01,16,High,1,0,0,0,0,0,1
2025-05-03,Grass cutting,Gampaha,PRO-GRA-01,0,High,1,0,0,0,0,0,1
2025-05-03,Child care,Gampaha,PRO-CHI-01,1,High,1,0,0,0,0,0,1
2025-05-03,Plumbing,Gampaha,PRO-PLU-08,15,High,1,0,0,0,0,0,1
2025-05-03,Grass cutting,Gampaha,PRO-GRA-07,0,High,1,0,0,0,0,0,1
2025-05-03,Plumbing,Gampaha,PRO-PLU-01,15,High,1,0,0,0,0,0,1
2025-05-03,Grass cutting,Colombo,PRO-GRA-16,0,High,1,0,0,0,0,0,1
2025-05-03,Plumbing,Colombo,PRO-PLU-03,15,High,1,0,0,0,0,0,1
2025-05-03,Grass cutting,Colombo,PRO-GRA-02,0,High,1,0,0,0,0,0,1
2025-05-03,Plumbing,Gampaha,PRO-PLU-07,16,High,1,0,0,0,0,0,1
2025-05-03,Grass cutting,Colombo,PRO-GRA-10,0,High,1,0,0,0,0,0,1
2025-05-03,Plumbing,Gampaha,PRO-PLU-02,16,High,1,0,0,0,0,0,1
2025-05-03,Plumbing,Colombo,PRO-PLU-06,17,High,1,0,0,0,0,0,1
2025-05-03,Child care,Gampaha,PRO-CHI-05,1,High,1,0,0,0,0,0,1
2025-05-03,Electrical repairs,Colombo,PRO-ELE-06,17,High,1,0,0,0,0,0,1
2025-05-03,Child care,Colombo,PRO-CHI-03,0,High,1,0,0,0,0,0,1
2025-05-03,Plumbing,Gampaha,PRO-PLU-05,15,High,1,0,0,0,0,0,1
2025-05-03,Electrical repairs,Colombo,PRO-ELE-05,16,High,1,0,0,0,0,0,1
2025-05-03,Grass cutting,Gampaha,PRO-GRA-13,0,High,1,0,0,0,0,0,1
2025-05-03,Grass cutting,Colombo,PRO-GRA-18,0,High,1,0,0,0,0,0,1
2025-05-03,Electrical repairs,Gampaha,PRO-ELE-03,16,High,1,0,0,0,0,0,1
2025-05-03,Grass cutting,Colombo,PRO-GRA-04,0,High,1,0,0,0,0,0,1
2025-05-04,Grass cutting,Gampaha,PRO-GRA-05,0,Low,0,1,0,0,0,1,0
2025-05-04,Grass cutting,Gampaha,PRO-GRA-07,1,Low,0,1,0,0,0,1,0
2025-05-04,Grass cutting,Gampaha,PRO-GRA-09,1,Low,0,1,0,0,0,1,0
2025-05-04,Grass cutting,Colombo,PRO-GRA-03,1,Low,0,1,0,0,0,1,0
2025-05-04,Child care,Colombo,PRO-CHI-03,1,Low,0,1,0,0,0,1,0
2025-05-04,Plumbing,Colombo,PRO-PLU-04,2,Low,0,1,0,0,0,1,0
2025-05-04,Grass cutting,Colombo,PRO-GRA-12,0,Low,0,1,0,0,0,1,0
2025-05-04,Plumbing,Gampaha,PRO-PLU-07,0,Low,0,1,0,0,0,1,0
2025-05-04,Plumbing,Gampaha,PRO-PLU-05,1,Low,0,1,0,0,0,1,0
2025-05-04,Plumbing,Colombo,PRO-PLU-08,0,Low,0,1,0,0,0,1,0
2025-05-04,Grass cutting,Gampaha,PRO-GRA-11,2,Low,0,1,0,0,0,1,0
2025-05-04,Plumbing,Colombo,PRO-PLU-03,0,Low,0,1,0,0,0,1,0
2025-05-04,Child care,Gampaha,PRO-CHI-06,1,Low,0,1,0,0,0,1,0
2025-05-04,Child care,Colombo,PRO-CHI-08,0,Low,0,1,0,0,0,1,0
2025-05-04,Child care,Gampaha,PRO-CHI-02,2,Low,0,1,0,0,0,1,0
2025-05-04,Plumbing,Gampaha,PRO-PLU-01,2,Low,0,1,0,0,0,1,0
2025-05-04,Electrical repairs,Gampaha,PRO-ELE-03,7,Low,0,1,0,0,0,1,0
2025-05-04,Plumbing,Gampaha,PRO-PLU-02,1,Low,0,1,0,0,0,1,0
2025-05-04,Grass cutting,Gampaha,PRO-GRA-08,2,Low,0,1,0,0,0,1,0
2025-05-04,Grass cutting,Colombo,PRO-GRA-14,2,Low,0,1,0,0,0,1,0
2025-05-04,House cleaning,Colombo,PRO-HOU-09,7,Low,0,1,0,0,0,1,0
2025-05-04,Grass cutting,Colombo,PRO-GRA-18,2,Low,0,1,0,0,0,1,0
2025-05-04,Electrical repairs,Gampaha,PRO-ELE-08,7,Low,0,1,0,0,0,1,0
2025-05-04,Plumbing,Gampaha,PRO-PLU-06,2,Low,0,1,0,0,0,1,0
2025-05-04,Electrical repairs,Colombo,PRO-ELE-06,7,Low,0,1,0,0,0,1,0
2025-05-04,Electrical repairs,Colombo,PRO-ELE-02,6,Low,0,1,0,0,0,1,0
2025-05-05,Personal assistance,Gampaha,PRO-PER-04,8,Low,0,1,0,0,0,2,0
2025-05-05,Planting,Colombo,PRO-PLA-01,1,Low,0,1,0,0,0,2,0
2025-05-05,Plumbing,Colombo,PRO-PLU-03,2,Low,0,1,0,0,0,2,0
2025-05-05,Grass cutting,Gampaha,PRO-GRA-11,0,Low,0,1,0,0,0,2,0
2025-05-05,Post-construction cleaning,Gampaha,PRO-POS-01,6,Low,0,1,0,0,0,2,0
2025-05-05,Move-in / move-out cleaning,Colombo,PRO-MOV-01,5,Low,0,1,0,0,0,2,0
2025-05-05,Pet care,Colombo,PRO-PET-04,2,Low,0,1,0,0,0,2,0
2025-05-05,Electrical repairs,Gampaha,PRO-ELE-04,1,Low,0,1,0,0,0,2,0
2025-05-05,Grass cutting,Gampaha,PRO-GRA-09,0,Low,0,1,0,0,0,2,0
2025-05-05,Furniture repair,Gampaha,PRO-FUR-04,2,Low,0,1,0,0,0,2,0
2025-05-05,Plumbing,Gampaha,PRO-PLU-07,0,Low,0,1,0,0,0,2,0
2025-05-05,Landscaping,Gampaha,PRO-LAN-01,12,Low,0,1,0,0,0,2,0
2025-05-05,Grass cutting,Colombo,PRO-GRA-07,2,Low,0,1,0,0,0,2,0
2025-05-05,Plumbing,Gampaha,PRO-PLU-02,0,Low,0,1,0,0,0,2,0
2025-05-05,"Sofa, carpet & curtain cleaning",Gampaha,PRO-SOF-04,6,Low,0,1,0,0,0,2,0
2025-05-05,Grass cutting,Colombo,PRO-GRA-01,2,Low,0,1,0,0,0,2,0
2025-05-05,Plumbing,Gampaha,PRO-PLU-05,1,Low,0,1,0,0,0,2,0
2025-05-05,Child care,Gampaha,PRO-CHI-04,10,Low,0,1,0,0,0,2,0
2025-05-05,Plumbing,Gampaha,PRO-PLU-04,2,Low,0,1,0,0,0,2,0
2025-05-05,Plumbing,Colombo,PRO-PLU-01,2,Low,0,1,0,0,0,2,0
2025-05-05,Plumbing,Gampaha,PRO-PLU-06,2,Low,0,1,0,0,0,2,0
2025-05-05,Grass cutting,Gampaha,PRO-GRA-15,2,Low,0,1,0,0,0,2,0
2025-05-05,Plumbing,Gampaha,PRO-PLU-08,0,Low,0,1,0,0,0,2,0
2025-05-06,Plumbing,Colombo,PRO-PLU-03,0,Low,0,1,0,0,0,3,0
2025-05-06,Grass cutting,Colombo,PRO-GRA-17,2,Low,0,1,0,0,0,3,0
2025-05-06,Plumbing,Colombo,PRO-PLU-02,0,Low,0,1,0,0,0,3,0
2025-05-06,Plumbing,Gampaha,PRO-PLU-04,2,Low,0,1,0,0,0,3,0
2025-05-06,Grass cutting,Gampaha,PRO-GRA-01,2,Low,0,1,0,0,0,3,0
2025-05-06,Plumbing,Gampaha,PRO-PLU-08,0,Low,0,1,0,0,0,3,0
2025-05-06,Grass cutting,Gampaha,PRO-GRA-02,1,Low,0,1,0,0,0,3,0
2025-05-06,Plumbing,Colombo,PRO-PLU-01,1,Low,0,1,0,0,0,3,0
2025-05-06,Electrical repairs,Colombo,PRO-ELE-03,1,Low,0,1,0,0,0,3,0
2025-05-06,Electrical repairs,Colombo,PRO-ELE-08,1,Low,0,1,0,0,0,3,0
2025-05-06,Plumbing,Colombo,PRO-PLU-07,1,Low,0,1,0,0,0,3,0
2025-05-06,Grass cutting,Colombo,PRO-GRA-05,1,Low,0,1,0,0,0,3,0
2025-05-06,Child care,Colombo,PRO-CHI-08,12,Low,0,1,0,0,0,3,0
2025-05-06,Child care,Colombo,PRO-CHI-03,11,Low,0,1,0,0,0,3,0
2025-05-06,Plumbing,Colombo,PRO-PLU-05,2,Low,0,1,0,0,0,3,0
2025-05-07,Plumbing,Colombo,PRO-PLU-08,0,High,1,0,0,0,0,0,1
2025-05-07,Grass cutting,Gampaha,PRO-GRA-12,0,High,1,0,0,0,0,0,1
2025-05-07,Plumbing,Colombo,PRO-PLU-04,0,High,1,0,0,0,0,0,1
2025-05-07,Plumbing,Colombo,PRO-PLU-07,1,High,1,0,0,0,0,0,1
2025-05-07,Child care,Colombo,PRO-CHI-05,12,High,1,0,0,0,0,0,1
2025-05-07,Child care,Gampaha,PRO-CHI-08,11,High,1,0,0,0,0,0,1
2025-05-07,Electrical repairs,Colombo,PRO-ELE-08,10,High,1,0,0,0,0,0,1
2025-05-07,Plumbing,Gampaha,PRO-PLU-01,1,High,1,0,0,0,0,0,1
2025-05-07,Grass cutting,Gampaha,PRO-GRA-14,0,High,1,0,0,0,0,0,1
2025-05-07,Grass cutting,Colombo,PRO-GRA-09,0,High,1,0,0,0,0,0,1
2025-05-07,Child care,Gampaha,PRO-CHI-04,11,High,1,0,0,0,0,0,1
2025-05-07,Plumbing,Gampaha,PRO-PLU-03,0,High,1,0,0,0,0,0,1
2025-05-07,Electrical repairs,Gampaha,PRO-ELE-05,10,High,1,0,0,0,0,0,1
2025-05-07,Grass cutting,Gampaha,PRO-GRA-08,0,High,1,0,0,0,0,0,1
2025-05-07,Plumbing,Colombo,PRO-PLU-06,1,High,1,0,0,0,0,0,1
2025-05-07,Plumbing,Colombo,PRO-PLU-05,2,High,1,0,0,0,0,0,1
2025-05-07,Grass cutting,Colombo,PRO-GRA-03,0,High,1,0,0,0,0,0,1
2025-05-07,Electrical repairs,Colombo,PRO-ELE-04,11,High,1,0,0,0,0,0,1
2025-05-07,Plumbing,Gampaha,PRO-PLU-02,0,High,1,0,0,0,0,0,1
2025-05-08,Plumbing,Gampaha,PRO-PLU-02,1,Low,0,1,0,0,0,1,0
2025-05-08,Plumbing,Colombo,PRO-PLU-05,0,Low,0,1,0,0,0,1,0
2025-05-08,Electrical repairs,Gampaha,PRO-ELE-08,2,Low,0,1,0,0,0,1,0
2025-05-08,Plumbing,Gampaha,PRO-PLU-08,1,Low,0,1,0,0,0,1,0
2025-05-08,Plumbing,Colombo,PRO-PLU-03,1,Low,0,1,0,0,0,1,0
2025-05-08,Child care,Colombo,PRO-CHI-08,12,Low,0,1,0,0,0,1,0
2025-05-08,Grass cutting,Colombo,PRO-GRA-17,0,Low,0,1,0,0,0,1,0
2025-05-08,Plumbing,Gampaha,PRO-PLU-06,1,Low,0,1,0,0,0,1,0
2025-05-08,Plumbing,Colombo,PRO-PLU-01,2,Low,0,1,0,0,0,1,0
2025-05-08,Plumbing,Colombo,PRO-PLU-04,1,Low,0,1,0,0,0,1,0
2025-05-09,Child care,Colombo,PRO-CHI-03,10,Low,0,1,0,0,0,2,0
2025-05-09,Electrical repairs,Gampaha,PRO-ELE-03,0,Low,0,1,0,0,0,2,0
2025-05-09,Grass cutting,Gampaha,PRO-GRA-09,2,Low,0,1,0,0,0,2,0
2025-05-09,Grass cutting,Gampaha,PRO-GRA-11,0,Low,0,1,0,0,0,2,0
2025-05-09,Grass cutting,Colombo,PRO-GRA-06,2,Low,0,1,0,0,0,2,0
2025-05-09,Grass cutting,Gampaha,PRO-GRA-03,1,Low,0,1,0,0,0,2,0
2025-05-09,Grass cutting,Gampaha,PRO-GRA-07,1,Low,0,1,0,0,0,2,0
2025-05-09,Electrical repairs,Colombo,PRO-ELE-06,0,Low,0,1,0,0,0,2,0
2025-05-09,Plumbing,Gampaha,PRO-PLU-03,2,Low,0,1,0,0,0,2,0
2025-05-09,Plumbing,Colombo,PRO-PLU-02,1,Low,0,1,0,0,0,2,0
2025-05-09,Plumbing,Gampaha,PRO-PLU-06,1,Low,0,1,0,0,0,2,0
2025-05-09,Grass cutting,Gampaha,PRO-GRA-13,1,Low,0,1,0,0,0,2,0
2025-05-09,Plumbing,Colombo,PRO-PLU-04,1,Low,0,1,0,0,0,2,0
2025-05-09,Plumbing,Gampaha,PRO-PLU-01,1,Low,0,1,0,0,0,2,0
2025-05-09,Plumbing,Colombo,PRO-PLU-07,1,Low,0,1,0,0,0,2,0
2025-05-09,Child care,Colombo,PRO-CHI-06,10,Low,0,1,0,0,0,2,0
2025-05-09,Grass cutting,Gampaha,PRO-GRA-05,0,Low,0,1,0,0,0,2,0
2025-05-09,Grass cutting,Gampaha,PRO-GRA-15,0,Low,0,1,0,0,0,2,0
2025-05-09,Grass cutting,Colombo,PRO-GRA-12,0,Low,0,1,0,0,0,2,0
2025-05-09,Plumbing,Gampaha,PRO-PLU-08,1,Low,0,1,0,0,0,2,0
2025-05-09,Plumbing,Gampaha,PRO-PLU-05,2,Low,0,1,0,0,0,2,0
2025-05-10,Plumbing,Colombo,PRO-PLU-03,0,Low,0,1,0,1,0,3,0
2025-05-10,Child care,Gampaha,PRO-CHI-04,0,Low,0,1,0,1,0,3,0
2025-05-10,Plumbing,Gampaha,PRO-PLU-07,2,Low,0,1,0,1,0,3,0
2025-05-10,Child care,Gampaha,PRO-CHI-07,2,Low,0,1,0,1,0,3,0
2025-05-10,Plumbing,Colombo,PRO-PLU-05,2,Low,0,1,0,1,0,3,0
2025-05-10,Grass cutting,Gampaha,PRO-GRA-08,2,Low,0,1,0,1,0,3,0
2025-05-10,Plumbing,Gampaha,PRO-PLU-08,1,Low,0,1,0,1,0,3,0
2025-05-10,Plumbing,Gampaha,PRO-PLU-04,0,Low,0,1,0,1,0,3,0
2025-05-10,Electrical repairs,Gampaha,PRO-ELE-02,7,Low,0,1,0,1,0,3,0
2025-05-10,Grass cutting,Colombo,PRO-GRA-02,1,Low,0,1,0,1,0,3,0
2025-05-10,Grass cutting,Colombo,PRO-GRA-11,0,Low,0,1,0,1,0,3,0
2025-05-10,Grass cutting,Colombo,PRO-GRA-03,0,Low,0,1,0,1,0,3,0
2025-05-10,Electrical repairs,Gampaha,PRO-ELE-04,5,Low,0,1,0,1,0,3,0
2025-05-10,Child care,Colombo,PRO-CHI-02,0,Low,0,1,0,1,0,3,0
2025-05-10,Grass cutting,Colombo,PRO-GRA-05,1,Low,0,1,0,1,0,3,0
2025-05-10,Plumbing,Colombo,PRO-PLU-06,2,Low,0,1,0,1,0,3,0
2025-05-10,Grass cutting,Gampaha,PRO-GRA-18,2,Low,0,1,0,1,0,3,0
2025-05-10,Child care,Colombo,PRO-CHI-01,1,Low,0,1,0,1,0,3,0
2025-05-10,Electrical repairs,Gampaha,PRO-ELE-01,5,Low,0,1,0,1,0,3,0
2025-05-10,Child care,Colombo,PRO-CHI-08,1,Low,0,1,0,1,0,3,0
2025-05-10,Electrical repairs,Gampaha,PRO-ELE-08,5,Low,0,1,0,1,0,3,0
2025-05-10,Electrical repairs,Colombo,PRO-ELE-07,6,Low,0,1,0,1,0,3,0
2025-05-10,Plumbing,Colombo,PRO-PLU-02,2,Low,0,1,0,1,0,3,0
2025-05-10,Plumbing,Gampaha,PRO-PLU-01,0,Low,0,1,0,1,0,3,0
2025-05-11,Electrical repairs,Gampaha,PRO-ELE-04,5,Low,0,1,1,1,0,4,0
2025-05-11,Plumbing,Gampaha,PRO-PLU-04,1,Low,0,1,1,1,0,4,0
2025-05-11,Plumbing,Gampaha,PRO-PLU-07,1,Low,0,1,1,1,0,4,0
2025-05-11,Child care,Gampaha,PRO-CHI-04,1,Low,0,1,1,1,0,4,0
2025-05-11,Grass cutting,Colombo,PRO-GRA-18,0,Low,0,1,1,1,0,4,0
2025-05-11,Plumbing,Colombo,PRO-PLU-01,2,Low,0,1,1,1,0,4,0
2025-05-11,Electrical repairs,Gampaha,PRO-ELE-05,6,Low,0,1,1,1,0,4,0
2025-05-11,Plumbing,Gampaha,PRO-PLU-06,0,Low,0,1,1,1,0,4,0
2025-05-11,Child care,Gampaha,PRO-CHI-05,1,Low,0,1,1,1,0,4,0
2025-05-11,Plumbing,Colombo,PRO-PLU-02,1,Low,0,1,1,1,0,4,0
2025-05-11,Plumbing,Colombo,PRO-PLU-08,1,Low,0,1,1,1,0,4,0
2025-05-11,Plumbing,Colombo,PRO-PLU-05,2,Low,0,1,1,1,0,4,0
2025-05-11,Grass cutting,Gampaha,PRO-GRA-02,1,Low,0,1,1,1,0,4,0
2025-05-11,Grass cutting,Gampaha,PRO-GRA-15,1,Low,0,1,1,1,0,4,0
2025-05-11,Electrical repairs,Colombo,PRO-ELE-01,5,Low,0,1,1,1,0,4,0
2025-05-11,Child care,Colombo,PRO-CHI-01,0,Low,0,1,1,1,0,4,0
2025-05-11,Plumbing,Gampaha,PRO-PLU-03,2,Low,0,1,1,1,0,4,0
2025-05-12,Plumbing,Gampaha,PRO-PLU-06,2,Low,0,1,1,0,0,5,0
2025-05-12,Grass cutting,Colombo,PRO-GRA-09,17,Low,0,1,1,0,0,5,0
2025-05-12,Plumbing,Colombo,PRO-PLU-01,0,Low,0,1,1,0,0,5,0
2025-05-12,Electrical repairs,Gampaha,PRO-ELE-02,2,Low,0,1,1,0,0,5,0
2025-05-12,Plumbing,Gampaha,PRO-PLU-02,1,Low,0,1,1,0,0,5,0
2025-05-12,Plumbing,Gampaha,PRO-PLU-08,1,Low,0,1,1,0,0,5,0
2025-05-12,Child care,Gampaha,PRO-CHI-02,0,Low,0,1,1,0,0,5,0
2025-05-12,Plumbing,Gampaha,PRO-PLU-05,2,Low,0,1,1,0,0,5,0
2025-05-12,Plumbing,Gampaha,PRO-PLU-03,1,Low,0,1,1,0,0,5,0
2025-05-12,Plumbing,Gampaha,PRO-PLU-07,2,Low,0,1,1,0,0,5,0
2025-05-12,Grass cutting,Colombo,PRO-GRA-06,15,Low,0,1,1,0,0,5,0
2025-05-13,Grass cutting,Gampaha,PRO-GRA-11,0,High,1,0,1,0,0,0,1
2025-05-13,Furniture repair,Colombo,PRO-FUR-03,1,High,1,0,1,0,0,0,1
2025-05-13,Grass cutting,Colombo,PRO-GRA-17,0,High,1,0,1,0,0,0,1
2025-05-13,Grass cutting,Gampaha,PRO-GRA-10,0,High,1,0,1,0,0,0,1
2025-05-13,Grass cutting,Colombo,PRO-GRA-03,0,High,1,0,1,0,0,0,1
2025-05-13,Electrical repairs,Gampaha,PRO-ELE-06,11,High,1,0,1,0,0,0,1
2025-05-13,Pet care,Gampaha,PRO-PET-03,1,High,1,0,1,0,0,0,1
2025-05-13,Plumbing,Colombo,PRO-PLU-06,2,High,1,0,1,0,0,0,1
2025-05-13,Plumbing,Colombo,PRO-PLU-03,0,High,1,0,1,0,0,0,1
2025-05-13,Child care,Colombo,PRO-CHI-06,0,High,1,0,1,0,0,0,1
2025-05-13,Grass cutting,Colombo,PRO-GRA-16,0,High,1,0,1,0,0,0,1
2025-05-13,Roofing,Gampaha,PRO-ROO-16,16,High,1,0,1,0,0,0,1
2025-05-13,Personal assistance,Gampaha,PRO-PER-03,8,High,1,0,1,0,0,0,1
2025-05-13,Plumbing,Colombo,PRO-PLU-04,2,High,1,0,1,0,0,0,1
2025-05-13,Plumbing,Gampaha,PRO-PLU-05,0,High,1,0,1,0,0,0,1
2025-05-13,Grass cutting,Gampaha,PRO-GRA-15,0,High,1,0,1,0,0,0,1
2025-05-13,Plumbing,Gampaha,PRO-PLU-02,1,High,1,0,1,0,0,0,1
2025-05-13,Plumbing,Gampaha,PRO-PLU-01,2,High,1,0,1,0,0,0,1
2025-05-13,Plumbing,Gampaha,PRO-PLU-08,1,High,1,0,1,0,0,0,1
2025-05-13,"Sofa, carpet & curtain cleaning",Colombo,PRO-SOF-03,15,High,1,0,1,0,0,0,1
2025-05-14,Grass cutting,Gampaha,PRO-GRA-08,0,High,1,0,0,0,0,0,2
2025-05-14,Electrical repairs,Gampaha,PRO-ELE-07,12,High,1,0,0,0,0,0,2
2025-05-14,Grass cutting,Gampaha,PRO-GRA-02,0,High,1,0,0,0,0,0,2
2025-05-14,Plumbing,Gampaha,PRO-PLU-04,0,High,1,0,0,0,0,0,2
2025-05-14,Grass cutting,Gampaha,PRO-GRA-18,0,High,1,0,0,0,0,0,2
2025-05-14,Grass cutting,Gampaha,PRO-GRA-13,0,High,1,0,0,0,0,0,2
2025-05-14,Plumbing,Colombo,PRO-PLU-05,2,High,1,0,0,0,0,0,2
2025-05-14,Child care,Colombo,PRO-CHI-03,11,High,1,0,0,0,0,0,2
2025-05-14,Child care,Gampaha,PRO-CHI-07,11,High,1,0,0,0,0,0,2
2025-05-14,Grass cutting,Gampaha,PRO-GRA-12,0,High,1,0,0,0,0,0,2
2025-05-14,Electrical repairs,Colombo,PRO-ELE-06,10,High,1,0,0,0,0,0,2
2025-05-14,Plumbing,Gampaha,PRO-PLU-06,2,High,1,0,0,0,0,0,2
2025-05-14,Grass cutting,Colombo,PRO-GRA-04,0,High,1,0,0,0,0,0,2
2025-05-14,Electrical repairs,Colombo,PRO-ELE-03,12,High,1,0,0,0,0,0,2
2025-05-14,Child care,Gampaha,PRO-CHI-05,10,High,1,0,0,0,0,0,2
2025-05-14,Child care,Colombo,PRO-CHI-06,11,High,1,0,0,0,0,0,2
2025-05-14,Plumbing,Colombo,PRO-PLU-01,1,High,1,0,0,0,0,0,2
2025-05-14,Plumbing,Colombo,PRO-PLU-03,0,High,1,0,0,0,0,0,2
2025-05-14,Plumbing,Gampaha,PRO-PLU-07,0,High,1,0,0,0,0,0,2
2025-05-14,Electrical repairs,Colombo,PRO-ELE-05,12,High,1,0,0,0,0,0,2
2025-05-15,Plumbing,Colombo,PRO-PLU-06,25,Low,0,1,0,0,0,1,0
2025-05-15,Grass cutting,Gampaha,PRO-GRA-15,25,Low,0,1,0,0,0,1,0
2025-05-15,Grass cutting,Colombo,PRO-GRA-07,25,Low,0,1,0,0,0,1,0
2025-05-15,Plumbing,Gampaha,PRO-PLU-01,27,Low,0,1,0,0,0,1,0
2025-05-15,Plumbing,Colombo,PRO-PLU-05,26,Low,0,1,0,0,0,1,0
2025-05-15,Grass cutting,Gampaha,PRO-GRA-01,27,Low,0,1,0,0,0,1,0
2025-05-15,Grass cutting,Gampaha,PRO-GRA-03,26,Low,0,1,0,0,0,1,0
2025-05-15,Plumbing,Colombo,PRO-PLU-02,25,Low,0,1,0,0,0,1,0
2025-05-15,Grass cutting,Gampaha,PRO-GRA-18,27,Low,0,1,0,0,0,1,0
2025-05-15,Grass cutting,Gampaha,PRO-GRA-12,26,Low,0,1,0,0,0,1,0
2025-05-15,Plumbing,Gampaha,PRO-PLU-07,27,Low,0,1,0,0,0,1,0
2025-05-15,Plumbing,Gampaha,PRO-PLU-03,26,Low,0,1,0,0,0,1,0
2025-05-15,Plumbing,Colombo,PRO-PLU-08,26,Low,0,1,0,0,0,1,0
2025-05-15,Grass cutting,Gampaha,PRO-GRA-02,26,Low,0,1,0,0,0,1,0
2025-05-15,Plumbing,Colombo,PRO-PLU-04,26,Low,0,1,0,0,0,1,0
2025-05-15,Grass cutting,Gampaha,PRO-GRA-10,25,Low,0,1,0,0,0,1,0
2025-05-16,Grass cutting,Colombo,PRO-GRA-15,0,High,1,0,0,0,0,0,1
2025-05-16,Child care,Colombo,PRO-CHI-04,10,High,1,0,0,0,0,0,1
2025-05-16,Grass cutting,Colombo,PRO-GRA-13,0,High,1,0,0,0,0,0,1
2025-05-16,Plumbing,Gampaha,PRO-PLU-03,27,High,1,0,0,0,0,0,1
2025-05-16,Grass cutting,Gampaha,PRO-GRA-06,0,High,1,0,0,0,0,0,1
2025-05-16,Plumbing,Colombo,PRO-PLU-04,26,High,1,0,0,0,0,0,1
2025-05-16,Plumbing,Colombo,PRO-PLU-01,26,High,1,0,0,0,0,0,1
2025-05-16,Electrical repairs,Colombo,PRO-ELE-02,11,High,1,0,0,0,0,0,1
2025-05-16,Plumbing,Gampaha,PRO-PLU-05,26,High,1,0,0,0,0,0,1
2025-05-16,Child care,Colombo,PRO-CHI-02,11,High,1,0,0,0,0,0,1
2025-05-16,Electrical repairs,Gampaha,PRO-ELE-04,11,High,1,0,0,0,0,0,1
2025-05-16,Grass cutting,Colombo,PRO-GRA-05,0,High,1,0,0,0,0,0,1
2025-05-16,Plumbing,Gampaha,PRO-PLU-02,26,High,1,0,0,0,0,0,1
2025-05-16,Plumbing,Colombo,PRO-PLU-08,26,High,1,0,0,0,0,0,1
2025-05-17,Plumbing,Gampaha,PRO-PLU-06,40,High,1,0,0,0,0,0,2
2025-05-17,Plumbing,Gampaha,PRO-PLU-02,42,High,1,0,0,0,0,0,2
2025-05-17,Plumbing,Colombo,PRO-PLU-01,41,High,1,0,0,0,0,0,2
2025-05-17,Electrical repairs,Colombo,PRO-ELE-04,15,High,1,0,0,0,0,0,2
2025-05-17,Plumbing,Gampaha,PRO-PLU-03,42,High,1,0,0,0,0,0,2
2025-05-17,Grass cutting,Colombo,PRO-GRA-02,0,High,1,0,0,0,0,0,2
2025-05-17,Post-construction cleaning,Colombo,PRO-POS-06,0,High,1,0,0,0,0,0,2
2025-05-17,Plumbing,Gampaha,PRO-PLU-04,41,High,1,0,0,0,0,0,2
2025-05-17,Grass cutting,Colombo,PRO-GRA-12,0,High,1,0,0,0,0,0,2
2025-05-17,Child care,Gampaha,PRO-CHI-04,2,High,1,0,0,0,0,0,2
2025-05-17,Plumbing,Gampaha,PRO-PLU-07,41,High,1,0,0,0,0,0,2
2025-05-17,Grass cutting,Gampaha,PRO-GRA-16,0,High,1,0,0,0,0,0,2
2025-05-17,Grass cutting,Colombo,PRO-GRA-06,0,High,1,0,0,0,0,0,2
2025-05-17,Landscaping,Colombo,PRO-LAN-06,12,High,1,0,0,0,0,0,2
2025-05-17,Grass cutting,Colombo,PRO-GRA-13,0,High,1,0,0,0,0,0,2
2025-05-17,Planting,Gampaha,PRO-PLA-06,0,High,1,0,0,0,0,0,2
2025-05-17,Move-in / move-out cleaning,Gampaha,PRO-MOV-06,1,High,1,0,0,0,0,0,2
2025-05-17,Plumbing,Gampaha,PRO-PLU-08,41,High,1,0,0,0,0,0,2
2025-05-18,Plumbing,Colombo,PRO-PLU-01,40,High,1,0,0,0,0,0,3
2025-05-18,Move-in / move-out cleaning,Colombo,PRO-MOV-05,2,High,1,0,0,0,0,0,3
2025-05-18,Plumbing,Colombo,PRO-PLU-07,42,High,1,0,0,0,0,0,3
2025-05-18,Post-construction cleaning,Gampaha,PRO-POS-05,1,High,1,0,0,0,0,0,3
2025-05-18,Electrical repairs,Colombo,PRO-ELE-07,16,High,1,0,0,0,0,0,3
2025-05-18,Grass cutting,Colombo,PRO-GRA-11,0,High,1,0,0,0,0,0,3
2025-05-18,Planting,Gampaha,PRO-PLA-05,0,High,1,0,0,0,0,0,3
2025-05-18,Landscaping,Gampaha,PRO-LAN-05,10,High,1,0,0,0,0,0,3
2025-05-18,Plumbing,Colombo,PRO-PLU-05,41,High,1,0,0,0,0,0,3
2025-05-18,Plumbing,Colombo,PRO-PLU-06,40,High,1,0,0,0,0,0,3
2025-05-18,Plumbing,Gampaha,PRO-PLU-08,42,High,1,0,0,0,0,0,3
2025-05-18,Child care,Colombo,PRO-CHI-07,1,High,1,0,0,0,0,0,3
2025-05-18,Plumbing,Colombo,PRO-PLU-03,40,High,1,0,0,0,0,0,3
2025-05-18,Plumbing,Colombo,PRO-PLU-04,40,High,1,0,0,0,0,0,3
2025-05-18,Grass cutting,Colombo,PRO-GRA-06,0,High,1,0,0,0,0,0,3
2025-05-18,Roofing,Colombo,PRO-ROO-03,46,High,1,0,0,0,0,0,3
2025-05-18,Grass cutting,Gampaha,PRO-GRA-03,0,High,1,0,0,0,0,0,3
2025-05-18,Grass cutting,Gampaha,PRO-GRA-10,0,High,1,0,0,0,0,0,3
2025-05-18,Plumbing,Colombo,PRO-PLU-02,40,High,1,0,0,0,0,0,3
2025-05-18,Grass cutting,Colombo,PRO-GRA-17,0,High,1,0,0,0,0,0,3
2025-05-19,Electrical repairs,Gampaha,PRO-ELE-07,11,High,1,0,0,0,0,0,4
2025-05-19,Child care,Gampaha,PRO-CHI-04,11,High,1,0,0,0,0,0,4
2025-05-19,Grass cutting,Colombo,PRO-GRA-07,0,High,1,0,0,0,0,0,4
2025-05-19,Plumbing,Gampaha,PRO-PLU-05,27,High,1,0,0,0,0,0,4
2025-05-19,Grass cutting,Gampaha,PRO-GRA-05,0,High,1,0,0,0,0,0,4
2025-05-19,Electrical repairs,Colombo,PRO-ELE-04,11,High,1,0,0,0,0,0,4
2025-05-19,Plumbing,Colombo,PRO-PLU-08,25,High,1,0,0,0,0,0,4
2025-05-19,Plumbing,Gampaha,PRO-PLU-07,25,High,1,0,0,0,0,0,4
2025-05-19,Plumbing,Gampaha,PRO-PLU-03,25,High,1,0,0,0,0,0,4
2025-05-19,Grass cutting,Colombo,PRO-GRA-17,0,High,1,0,0,0,0,0,4
2025-05-19,Plumbing,Gampaha,PRO-PLU-02,26,High,1,0,0,0,0,0,4
2025-05-19,Plumbing,Colombo,PRO-PLU-06,26,High,1,0,0,0,0,0,4
2025-05-19,Child care,Colombo,PRO-CHI-01,12,High,1,0,0,0,0,0,4
2025-05-19,Plumbing,Gampaha,PRO-PLU-01,27,High,1,0,0,0,0,0,4
2025-05-19,Grass cutting,Gampaha,PRO-GRA-15,0,High,1,0,0,0,0,0,4
2025-05-19,Grass cutting,Colombo,PRO-GRA-11,0,High,1,0,0,0,0,0,4
2025-05-19,Grass cutting,Colombo,PRO-GRA-03,0,High,1,0,0,0,0,0,4
2025-05-19,Electrical repairs,Colombo,PRO-ELE-01,11,High,1,0,0,0,0,0,4
2025-05-19,Grass cutting,Colombo,PRO-GRA-13,0,High,1,0,0,0,0,0,4
2025-05-19,Child care,Colombo,PRO-CHI-07,11,High,1,0,0,0,0,0,4
2025-05-19,Plumbing,Colombo,PRO-PLU-04,25,High,1,0,0,0,0,0,4
2025-05-20,Plumbing,Colombo,PRO-PLU-04,26,High,1,0,0,0,0,0,5
2025-05-20,Grass cutting,Colombo,PRO-GRA-09,0,High,1,0,0,0,0,0,5
2025-05-20,Plumbing,Gampaha,PRO-PLU-02,25,High,1,0,0,0,0,0,5
2025-05-20,Electrical repairs,Gampaha,PRO-ELE-03,10,High,1,0,0,0,0,0,5
2025-05-20,Plumbing,Gampaha,PRO-PLU-08,26,High,1,0,0,0,0,0,5
2025-05-20,Plumbing,Colombo,PRO-PLU-06,26,High,1,0,0,0,0,0,5
2025-05-20,Plumbing,Gampaha,PRO-PLU-05,26,High,1,0,0,0,0,0,5
2025-05-20,Child care,Gampaha,PRO-CHI-03,11,High,1,0,0,0,0,0,5
2025-05-20,Electrical repairs,Gampaha,PRO-ELE-04,10,High,1,0,0,0,0,0,5
2025-05-20,Grass cutting,Gampaha,PRO-GRA-12,0,High,1,0,0,0,0,0,5
2025-05-20,Plumbing,Gampaha,PRO-PLU-07,27,High,1,0,0,0,0,0,5
2025-05-20,Plumbing,Gampaha,PRO-PLU-03,27,High,1,0,0,0,0,0,5
2025-05-20,Grass cutting,Gampaha,PRO-GRA-03,0,High,1,0,0,0,0,0,5
2025-05-20,Grass cutting,Gampaha,PRO-GRA-17,0,High,1,0,0,0,0,0,5
2025-05-20,Grass cutting,Gampaha,PRO-GRA-04,0,High,1,0,0,0,0,0,5
2025-05-20,Child care,Colombo,PRO-CHI-04,10,High,1,0,0,0,0,0,5
2025-05-21,Plumbing,Colombo,PRO-PLU-02,25,High,1,0,0,0,0,0,6
2025-05-21,Child care,Gampaha,PRO-CHI-03,11,High,1,0,0,0,0,0,6
2025-05-21,Plumbing,Gampaha,PRO-PLU-03,26,High,1,0,0,0,0,0,6
2025-05-21,Grass cutting,Gampaha,PRO-GRA-01,0,High,1,0,0,0,0,0,6
2025-05-21,Plumbing,Colombo,PRO-PLU-06,26,High,1,0,0,0,0,0,6
2025-05-21,Grass cutting,Colombo,PRO-GRA-08,0,High,1,0,0,0,0,0,6
2025-05-21,Plumbing,Colombo,PRO-PLU-08,25,High,1,0,0,0,0,0,6
2025-05-21,Plumbing,Gampaha,PRO-PLU-05,25,High,1,0,0,0,0,0,6
2025-05-21,Electrical repairs,Colombo,PRO-ELE-04,11,High,1,0,0,0,0,0,6
2025-05-21,Child care,Gampaha,PRO-CHI-04,11,High,1,0,0,0,0,0,6
2025-05-21,Electrical repairs,Gampaha,PRO-ELE-03,11,High,1,0,0,0,0,0,6
2025-05-21,Plumbing,Gampaha,PRO-PLU-01,26,High,1,0,0,0,0,0,6
2025-05-21,Watering,Colombo,PRO-WAT-04,0,High,1,0,0,0,0,0,6
2025-05-21,Grass cutting,Colombo,PRO-GRA-07,0,High,1,0,0,0,0,0,6
2025-05-21,Grass cutting,Colombo,PRO-GRA-11,0,High,1,0,0,0,0,0,6
2025-05-21,Plumbing,Gampaha,PRO-PLU-04,26,High,1,0,0,0,0,0,6
2025-05-21,Plumbing,Colombo,PRO-PLU-07,27,High,1,0,0,0,0,0,6
2025-05-22,Electrical repairs,Colombo,PRO-ELE-07,10,High,1,0,0,0,0,0,7
2025-05-22,Plumbing,Colombo,PRO-PLU-08,27,High,1,0,0,0,0,0,7
2025-05-22,Electrical repairs,Colombo,PRO-ELE-01,12,High,1,0,0,0,0,0,7
2025-05-22,Plumbing,Colombo,PRO-PLU-06,25,High,1,0,0,0,0,0,7
2025-05-22,Grass cutting,Gampaha,PRO-GRA-14,0,High,1,0,0,0,0,0,7
2025-05-22,Grass cutting,Gampaha,PRO-GRA-05,0,High,1,0,0,0,0,0,7
2025-05-22,Plumbing,Gampaha,PRO-PLU-07,27,High,1,0,0,0,0,0,7
2025-05-22,Plumbing,Colombo,PRO-PLU-04,27,High,1,0,0,0,0,0,7
2025-05-22,Plumbing,Colombo,PRO-PLU-03,27,High,1,0,0,0,0,0,7
2025-05-22,Plumbing,Colombo,PRO-PLU-01,25,High,1,0,0,0,0,0,7
2025-05-22,Child care,Gampaha,PRO-CHI-01,10,High,1,0,0,0,0,0,7
2025-05-22,Plumbing,Colombo,PRO-PLU-02,26,High,1,0,0,0,0,0,7
2025-05-22,Child care,Colombo,PRO-CHI-07,11,High,1,0,0,0,0,0,7
2025-05-22,Plumbing,Gampaha,PRO-PLU-05,27,High,1,0,0,0,0,0,7
2025-05-22,Grass cutting,Gampaha,PRO-GRA-12,0,High,1,0,0,0,0,0,7
2025-05-23,Plumbing,Gampaha,PRO-PLU-04,26,High,1,0,0,0,0,0,8
2025-05-23,Grass cutting,Gampaha,PRO-GRA-16,0,High,1,0,0,0,0,0,8
2025-05-23,Plumbing,Gampaha,PRO-PLU-02,27,High,1,0,0,0,0,0,8
2025-05-23,Plumbing,Gampaha,PRO-PLU-01,26,High,1,0,0,0,0,0,8
2025-05-23,Plumbing,Gampaha,PRO-PLU-07,27,High,1,0,0,0,0,0,8
2025-05-23,Child care,Gampaha,PRO-CHI-07,11,High,1,0,0,0,0,0,8
2025-05-23,Child care,Colombo,PRO-CHI-06,12,High,1,0,0,0,0,0,8
2025-05-23,Plumbing,Gampaha,PRO-PLU-05,27,High,1,0,0,0,0,0,8
2025-05-23,Electrical repairs,Gampaha,PRO-ELE-02,11,High,1,0,0,0,0,0,8
2025-05-23,Electrical repairs,Colombo,PRO-ELE-06,12,High,1,0,0,0,0,0,8
2025-05-23,Plumbing,Colombo,PRO-PLU-06,27,High,1,0,0,0,0,0,8
2025-05-23,Plumbing,Gampaha,PRO-PLU-08,25,High,1,0,0,0,0,0,8
2025-05-23,Plumbing,Gampaha,PRO-PLU-03,25,High,1,0,0,0,0,0,8
2025-05-23,Electrical repairs,Colombo,PRO-ELE-07,12,High,1,0,0,0,0,0,8
2025-05-23,Grass cutting,Colombo,PRO-GRA-05,0,High,1,0,0,0,0,0,8
2025-05-23,Child care,Colombo,PRO-CHI-02,11,High,1,0,0,0,0,0,8
2025-05-23,Grass cutting,Colombo,PRO-GRA-02,0,High,1,0,0,0,0,0,8
2025-05-24,Grass cutting,Colombo,PRO-GRA-07,0,High,1,0,0,0,0,0,9
2025-05-24,Plumbing,Colombo,PRO-PLU-05,40,High,1,0,0,0,0,0,9
2025-05-24,Plumbing,Gampaha,PRO-PLU-04,42,High,1,0,0,0,0,0,9
2025-05-24,Plumbing,Gampaha,PRO-PLU-01,41,High,1,0,0,0,0,0,9
2025-05-24,Child care,Gampaha,PRO-CHI-05,2,High,1,0,0,0,0,0,9
2025-05-24,Plumbing,Gampaha,PRO-PLU-07,42,High,1,0,0,0,0,0,9
2025-05-24,Electrical repairs,Gampaha,PRO-ELE-04,16,High,1,0,0,0,0,0,9
2025-05-24,Electrical repairs,Colombo,PRO-ELE-08,15,High,1,0,0,0,0,0,9
2025-05-24,Plumbing,Colombo,PRO-PLU-02,42,High,1,0,0,0,0,0,9
2025-05-24,Plumbing,Gampaha,PRO-PLU-03,40,High,1,0,0,0,0,0,9
2025-05-24,Plumbing,Gampaha,PRO-PLU-08,41,High,1,0,0,0,0,0,9
2025-05-24,Electrical repairs,Gampaha,PRO-ELE-05,16,High,1,0,0,0,0,0,9
2025-05-24,Grass cutting,Gampaha,PRO-GRA-18,0,High,1,0,0,0,0,0,9
2025-05-24,Child care,Gampaha,PRO-CHI-04,0,High,1,0,0,0,0,0,9
2025-05-24,Grass cutting,Colombo,PRO-GRA-06,0,High,1,0,0,0,0,0,9
2025-05-24,Grass cutting,Gampaha,PRO-GRA-13,0,High,1,0,0,0,0,0,9
2025-05-24,Plumbing,Gampaha,PRO-PLU-06,40,High,1,0,0,0,0,0,9
2025-05-24,Grass cutting,Gampaha,PRO-GRA-17,0,High,1,0,0,0,0,0,9
2025-05-24,Child care,Gampaha,PRO-CHI-08,1,High,1,0,0,0,0,0,9
2025-05-24,Grass cutting,Gampaha,PRO-GRA-12,0,High,1,0,0,0,0,0,9
2025-05-24,Grass cutting,Gampaha,PRO-GRA-03,0,High,1,0,0,0,0,0,9
2025-05-25,Grass cutting,Gampaha,PRO-GRA-07,0,High,1,0,0,0,0,0,10
2025-05-25,Plumbing,Colombo,PRO-PLU-06,40,High,1,0,0,0,0,0,10
2025-05-25,Plumbing,Colombo,PRO-PLU-04,40,High,1,0,0,0,0,0,10
2025-05-25,Plumbing,Colombo,PRO-PLU-01,40,High,1,0,0,0,0,0,10
2025-05-25,Plumbing,Gampaha,PRO-PLU-07,41,High,1,0,0,0,0,0,10
2025-05-25,Grass cutting,Colombo,PRO-GRA-02,0,High,1,0,0,0,0,0,10
2025-05-25,Grass cutting,Colombo,PRO-GRA-16,0,High,1,0,0,0,0,0,10
2025-05-25,Plumbing,Colombo,PRO-PLU-02,40,High,1,0,0,0,0,0,10
2025-05-25,Plumbing,Gampaha,PRO-PLU-03,42,High,1,0,0,0,0,0,10
2025-05-25,Plumbing,Gampaha,PRO-PLU-05,41,High,1,0,0,0,0,0,10
2025-05-25,Grass cutting,Gampaha,PRO-GRA-13,0,High,1,0,0,0,0,0,10
2025-05-26,Plumbing,Colombo,PRO-PLU-03,25,High,1,0,0,0,0,0,11
2025-05-26,Grass cutting,Gampaha,PRO-GRA-14,0,High,1,0,0,0,0,0,11
2025-05-26,Grass cutting,Gampaha,PRO-GRA-11,0,High,1,0,0,0,0,0,11
2025-05-26,Plumbing,Gampaha,PRO-PLU-01,27,High,1,0,0,0,0,0,11
2025-05-26,Child care,Gampaha,PRO-CHI-03,11,High,1,0,0,0,0,0,11
2025-05-26,Grass cutting,Colombo,PRO-GRA-12,0,High,1,0,0,0,0,0,11
2025-05-26,Plumbing,Gampaha,PRO-PLU-02,27,High,1,0,0,0,0,0,11
2025-05-26,Plumbing,Gampaha,PRO-PLU-08,27,High,1,0,0,0,0,0,11
2025-05-26,Plumbing,Gampaha,PRO-PLU-07,26,High,1,0,0,0,0,0,11
2025-05-26,Electrical repairs,Gampaha,PRO-ELE-03,10,High,1,0,0,0,0,0,11
2025-05-26,Child care,Gampaha,PRO-CHI-05,10,High,1,0,0,0,0,0,11
2025-05-26,Grass cutting,Gampaha,PRO-GRA-09,0,High,1,0,0,0,0,0,11
2025-05-26,Grass cutting,Gampaha,PRO-GRA-13,0,High,1,0,0,0,0,0,11
2025-05-26,Plumbing,Gampaha,PRO-PLU-05,26,High,1,0,0,0,0,0,11
2025-05-26,Grass cutting,Gampaha,PRO-GRA-07,0,High,1,0,0,0,0,0,11
2025-05-26,Plumbing,Colombo,PRO-PLU-06,27,High,1,0,0,0,0,0,11
2025-05-26,Grass cutting,Colombo,PRO-GRA-08,0,High,1,0,0,0,0,0,11
2025-05-26,Electrical repairs,Colombo,PRO-ELE-05,12,High,1,0,0,0,0,0,11
2025-05-27,Plumbing,Gampaha,PRO-PLU-05,27,High,1,0,0,0,0,0,12
2025-05-27,Plumbing,Colombo,PRO-PLU-04,26,High,1,0,0,0,0,0,12
2025-05-27,Grass cutting,Gampaha,PRO-GRA-11,0,High,1,0,0,0,0,0,12
2025-05-27,Plumbing,Gampaha,PRO-PLU-06,27,High,1,0,0,0,0,0,12
2025-05-27,Grass cutting,Colombo,PRO-GRA-07,0,High,1,0,0,0,0,0,12
2025-05-27,Plumbing,Gampaha,PRO-PLU-02,25,High,1,0,0,0,0,0,12
2025-05-27,Watering,Gampaha,PRO-WAT-05,0,High,1,0,0,0,0,0,12
2025-05-27,Child care,Colombo,PRO-CHI-04,12,High,1,0,0,0,0,0,12
2025-05-27,Grass cutting,Gampaha,PRO-GRA-01,0,High,1,0,0,0,0,0,12
2025-05-27,Electrical repairs,Gampaha,PRO-ELE-04,11,High,1,0,0,0,0,0,12
2025-05-27,Grass cutting,Gampaha,PRO-GRA-13,0,High,1,0,0,0,0,0,12
2025-05-27,Grass cutting,Colombo,PRO-GRA-15,0,High,1,0,0,0,0,0,12
2025-05-27,Grass cutting,Colombo,PRO-GRA-09,0,High,1,0,0,0,0,0,12
2025-05-27,Plumbing,Gampaha,PRO-PLU-08,27,High,1,0,0,0,0,0,12
2025-05-27,Plumbing,Gampaha,PRO-PLU-07,26,High,1,0,0,0,0,0,12
2025-05-27,Child care,Colombo,PRO-CHI-01,11,High,1,0,0,0,0,0,12
2025-05-27,Grass cutting,Gampaha,PRO-GRA-17,0,High,1,0,0,0,0,0,12
2025-05-27,Electrical repairs,Colombo,PRO-ELE-01,11,High,1,0,0,0,0,0,12
2025-05-27,Grass cutting,Colombo,PRO-GRA-04,0,High,1,0,0,0,0,0,12
2025-05-27,Plumbing,Colombo,PRO-PLU-01,25,High,1,0,0,0,0,0,12
2025-05-28,Electrical repairs,Colombo,PRO-ELE-03,1,Low,0,1,0,0,0,1,0
2025-05-28,Grass cutting,Colombo,PRO-GRA-03,27,Low,0,1,0,0,0,1,0
2025-05-28,Plumbing,Gampaha,PRO-PLU-07,25,Low,0,1,0,0,0,1,0
2025-05-28,Plumbing,Gampaha,PRO-PLU-03,27,Low,0,1,0,0,0,1,0
2025-05-28,Plumbing,Gampaha,PRO-PLU-02,27,Low,0,1,0,0,0,1,0
2025-05-28,Plumbing,Gampaha,PRO-PLU-04,26,Low,0,1,0,0,0,1,0
2025-05-28,Plumbing,Gampaha,PRO-PLU-08,27,Low,0,1,0,0,0,1,0
2025-05-28,Child care,Colombo,PRO-CHI-02,11,Low,0,1,0,0,0,1,0
2025-05-28,Grass cutting,Colombo,PRO-GRA-07,25,Low,0,1,0,0,0,1,0
2025-05-28,Plumbing,Colombo,PRO-PLU-06,27,Low,0,1,0,0,0,1,0
2025-05-28,Electrical repairs,Gampaha,PRO-ELE-02,2,Low,0,1,0,0,0,1,0
2025-05-28,Plumbing,Gampaha,PRO-PLU-01,25,Low,0,1,0,0,0,1,0
2025-05-28,Plumbing,Colombo,PRO-PLU-05,26,Low,0,1,0,0,0,1,0
2025-05-28,Child care,Gampaha,PRO-CHI-03,11,Low,0,1,0,0,0,1,0
2025-05-29,Grass cutting,Gampaha,PRO-GRA-01,0,High,1,0,0,0,0,0,1
2025-05-29,Plumbing,Colombo,PRO-PLU-05,27,High,1,0,0,0,0,0,1
2025-05-29,Grass cutting,Gampaha,PRO-GRA-02,0,High,1,0,0,0,0,0,1
2025-05-29,Plumbing,Colombo,PRO-PLU-01,26,High,1,0,0,0,0,0,1
2025-05-29,Plumbing,Colombo,PRO-PLU-07,26,High,1,0,0,0,0,0,1
2025-05-29,Grass cutting,Gampaha,PRO-GRA-11,0,High,1,0,0,0,0,0,1
2025-05-29,Plumbing,Gampaha,PRO-PLU-04,27,High,1,0,0,0,0,0,1
2025-05-29,Grass cutting,Colombo,PRO-GRA-04,0,High,1,0,0,0,0,0,1
2025-05-29,Grass cutting,Colombo,PRO-GRA-12,0,High,1,0,0,0,0,0,1
2025-05-29,Grass cutting,Colombo,PRO-GRA-09,0,High,1,0,0,0,0,0,1
2025-05-29,Plumbing,Colombo,PRO-PLU-03,27,High,1,0,0,0,0,0,1
2025-05-29,Plumbing,Gampaha,PRO-PLU-08,26,High,1,0,0,0,0,0,1
2025-05-29,Grass cutting,Colombo,PRO-GRA-03,0,High,1,0,0,0,0,0,1
2025-05-29,Grass cutting,Colombo,PRO-GRA-18,0,High,1,0,0,0,0,0,1
2025-05-29,Plumbing,Gampaha,PRO-PLU-02,26,High,1,0,0,0,0,0,1
2025-05-29,Plumbing,Gampaha,PRO-PLU-06,25,High,1,0,0,0,0,0,1
2025-05-29,Electrical repairs,Colombo,PRO-ELE-05,10,High,1,0,0,0,0,0,1
2025-05-29,Child care,Colombo,PRO-CHI-05,11,High,1,0,0,0,0,0,1
2025-05-30,Electrical repairs,Gampaha,PRO-ELE-04,12,High,1,0,0,0,0,0,2
2025-05-30,Grass cutting,Gampaha,PRO-GRA-06,0,High,1,0,0,0,0,0,2
2025-05-30,Grass cutting,Colombo,PRO-GRA-03,0,High,1,0,0,0,0,0,2
2025-05-30,Grass cutting,Gampaha,PRO-GRA-08,0,High,1,0,0,0,0,0,2
2025-05-30,Plumbing,Gampaha,PRO-PLU-03,25,High,1,0,0,0,0,0,2
2025-05-30,Plumbing,Colombo,PRO-PLU-05,27,High,1,0,0,0,0,0,2
2025-05-30,Plumbing,Colombo,PRO-PLU-04,25,High,1,0,0,0,0,0,2
2025-05-30,Plumbing,Colombo,PRO-PLU-07,25,High,1,0,0,0,0,0,2
2025-05-30,Plumbing,Colombo,PRO-PLU-01,26,High,1,0,0,0,0,0,2
2025-05-30,Electrical repairs,Colombo,PRO-ELE-07,11,High,1,0,0,0,0,0,2
2025-05-30,Child care,Colombo,PRO-CHI-07,12,High,1,0,0,0,0,0,2
2025-05-30,Grass cutting,Colombo,PRO-GRA-04,0,High,1,0,0,0,0,0,2
2025-05-30,Plumbing,Colombo,PRO-PLU-06,26,High,1,0,0,0,0,0,2
2025-05-30,Grass cutting,Gampaha,PRO-GRA-09,0,High,1,0,0,0,0,0,2
2025-05-30,Grass cutting,Colombo,PRO-GRA-14,0,High,1,0,0,0,0,0,2
2025-05-30,Child care,Colombo,PRO-CHI-04,12,High,1,0,0,0,0,0,2
2025-05-30,Plumbing,Colombo,PRO-PLU-08,26,High,1,0,0,0,0,0,2
2025-05-31,Child care,Colombo,PRO-CHI-04,2,High,1,0,0,0,0,0,3
2025-05-31,Plumbing,Colombo,PRO-PLU-02,41,High,1,0,0,0,0,0,3
2025-05-31,Grass cutting,Colombo,PRO-GRA-07,0,High,1,0,0,0,0,0,3
2025-05-31,Plumbing,Colombo,PRO-PLU-06,40,High,1,0,0,0,0,0,3
2025-05-31,Plumbing,Gampaha,PRO-PLU-01,41,High,1,0,0,0,0,0,3
2025-05-31,Plumbing,Colombo,PRO-PLU-08,41,High,1,0,0,0,0,0,3
2025-05-31,Plumbing,Gampaha,PRO-PLU-05,41,High,1,0,0,0,0,0,3
2025-05-31,Child care,Gampaha,PRO-CHI-06,0,High,1,0,0,0,0,0,3
2025-05-31,Plumbing,Colombo,PRO-PLU-04,40,High,1,0,0,0,0,0,3
2025-05-31,Plumbing,Gampaha,PRO-PLU-03,40,High,1,0,0,0,0,0,3
2025-05-31,Electrical repairs,Colombo,PRO-ELE-06,15,High,1,0,0,0,0,0,3
2025-05-31,Electrical repairs,Colombo,PRO-ELE-04,16,High,1,0,0,0,0,0,3
2025-05-31,Grass cutting,Colombo,PRO-GRA-08,0,High,1,0,0,0,0,0,3
2025-05-31,Grass cutting,Colombo,PRO-GRA-10,0,High,1,0,0,0,0,0,3
2025-06-01,Plumbing,Gampaha,PRO-PLU-04,25,Low,0,1,0,0,0,1,0
2025-06-01,Planting,Colombo,PRO-PLA-04,17,Low,0,1,0,0,0,1,0
2025-06-01,Plumbing,Colombo,PRO-PLU-01,27,Low,0,1,0,0,0,1,0
2025-06-01,Move-in / move-out cleaning,Colombo,PRO-MOV-04,7,Low,0,1,0,0,0,1,0
2025-06-01,Grass cutting,Gampaha,PRO-GRA-10,26,Low,0,1,0,0,0,1,0
2025-06-01,Electrical repairs,Gampaha,PRO-ELE-03,5,Low,0,1,0,0,0,1,0
2025-06-01,Landscaping,Gampaha,PRO-LAN-04,12,Low,0,1,0,0,0,1,0
2025-06-01,Electrical repairs,Colombo,PRO-ELE-01,7,Low,0,1,0,0,0,1,0
2025-06-01,Plumbing,Gampaha,PRO-PLU-02,25,Low,0,1,0,0,0,1,0
2025-06-01,Plumbing,Colombo,PRO-PLU-06,25,Low,0,1,0,0,0,1,0
2025-06-01,Post-construction cleaning,Colombo,PRO-POS-04,6,Low,0,1,0,0,0,1,0
2025-06-01,Child care,Gampaha,PRO-CHI-03,2,Low,0,1,0,0,0,1,0
2025-06-01,Grass cutting,Gampaha,PRO-GRA-05,27,Low,0,1,0,0,0,1,0
2025-06-01,Plumbing,Colombo,PRO-PLU-05,25,Low,0,1,0,0,0,1,0
2025-06-01,Child care,Colombo,PRO-CHI-01,1,Low,0,1,0,0,0,1,0
2025-06-01,Plumbing,Gampaha,PRO-PLU-03,26,Low,0,1,0,0,0,1,0
2025-06-01,Grass cutting,Gampaha,PRO-GRA-12,26,Low,0,1,0,0,0,1,0
2025-06-01,Plumbing,Gampaha,PRO-PLU-07,26,Low,0,1,0,0,0,1,0
2025-06-01,Plumbing,Colombo,PRO-PLU-08,25,Low,0,1,0,0,0,1,0
2025-06-01,Grass cutting,Gampaha,PRO-GRA-09,25,Low,0,1,0,0,0,1,0
2025-06-01,Grass cutting,Colombo,PRO-GRA-08,25,Low,0,1,0,0,0,1,0
2025-06-02,Plumbing,Gampaha,PRO-PLU-06,27,High,1,0,0,0,0,0,1
2025-06-02,Plumbing,Colombo,PRO-PLU-03,25,High,1,0,0,0,0,0,1
2025-06-02,Plumbing,Colombo,PRO-PLU-07,27,High,1,0,0,0,0,0,1
2025-06-02,Electrical repairs,Colombo,PRO-ELE-05,11,High,1,0,0,0,0,0,1
2025-06-02,Plumbing,Gampaha,PRO-PLU-04,25,High,1,0,0,0,0,0,1
2025-06-02,Grass cutting,Gampaha,PRO-GRA-03,0,High,1,0,0,0,0,0,1
2025-06-02,Child care,Gampaha,PRO-CHI-05,10,High,1,0,0,0,0,0,1
2025-06-02,Plumbing,Gampaha,PRO-PLU-05,26,High,1,0,0,0,0,0,1
2025-06-02,Grass cutting,Gampaha,PRO-GRA-08,0,High,1,0,0,0,0,0,1
2025-06-02,Grass cutting,Colombo,PRO-GRA-16,0,High,1,0,0,0,0,0,1
2025-06-02,Plumbing,Colombo,PRO-PLU-01,25,High,1,0,0,0,0,0,1
2025-06-02,Grass cutting,Gampaha,PRO-GRA-06,0,High,1,0,0,0,0,0,1
2025-06-02,Plumbing,Colombo,PRO-PLU-02,25,High,1,0,0,0,0,0,1
2025-06-02,Grass cutting,Gampaha,PRO-GRA-11,0,High,1,0,0,0,0,0,1
2025-06-02,Plumbing,Colombo,PRO-PLU-08,25,High,1,0,0,0,0,0,1
2025-06-03,Plumbing,Gampaha,PRO-PLU-03,0,Low,0,1,0,0,0,1,0
2025-06-03,Plumbing,Gampaha,PRO-PLU-08,0,Low,0,1,0,0,0,1,0
2025-06-03,Grass cutting,Gampaha,PRO-GRA-02,1,Low,0,1,0,0,0,1,0
2025-06-03,Electrical repairs,Colombo,PRO-ELE-03,2,Low,0,1,0,0,0,1,0
2025-06-03,Plumbing,Gampaha,PRO-PLU-07,2,Low,0,1,0,0,0,1,0
2025-06-03,Plumbing,Colombo,PRO-PLU-05,1,Low,0,1,0,0,0,1,0
2025-06-03,Grass cutting,Colombo,PRO-GRA-11,1,Low,0,1,0,0,0,1,0
2025-06-03,Grass cutting,Colombo,PRO-GRA-09,1,Low,0,1,0,0,0,1,0
2025-06-03,Grass cutting,Colombo,PRO-GRA-16,1,Low,0,1,0,0,0,1,0
2025-06-03,Plumbing,Gampaha,PRO-PLU-06,0,Low,0,1,0,0,0,1,0
2025-06-03,Child care,Gampaha,PRO-CHI-03,11,Low,0,1,0,0,0,1,0
2025-06-03,Grass cutting,Gampaha,PRO-GRA-04,0,Low,0,1,0,0,0,1,0
2025-06-03,Electrical repairs,Colombo,PRO-ELE-07,2,Low,0,1,0,0,0,1,0
2025-06-03,Grass cutting,Colombo,PRO-GRA-01,0,Low,0,1,0,0,0,1,0
2025-06-03,Plumbing,Gampaha,PRO-PLU-02,2,Low,0,1,0,0,0,1,0
2025-06-03,Grass cutting,Gampaha,PRO-GRA-18,0,Low,0,1,0,0,0,1,0
2025-06-03,Grass cutting,Colombo,PRO-GRA-06,2,Low,0,1,0,0,0,1,0
2025-06-03,Grass cutting,Colombo,PRO-GRA-03,2,Low,0,1,0,0,0,1,0
2025-06-03,Plumbing,Colombo,PRO-PLU-04,0,Low,0,1,0,0,0,1,0
2025-06-03,Child care,Gampaha,PRO-CHI-07,12,Low,0,1,0,0,0,1,0
2025-06-03,Plumbing,Gampaha,PRO-PLU-01,0,Low,0,1,0,0,0,1,0
2025-06-03,Grass cutting,Gampaha,PRO-GRA-14,1,Low,0,1,0,0,0,1,0
2025-06-04,House cleaning,Gampaha,PRO-HOU-04,1,High,1,0,0,0,0,0,1
2025-06-04,Plumbing,Gampaha,PRO-PLU-03,1,High,1,0,0,0,0,0,1
2025-06-04,Plumbing,Colombo,PRO-PLU-04,1,High,1,0,0,0,0,0,1
2025-06-04,Plumbing,Colombo,PRO-PLU-01,2,High,1,0,0,0,0,0,1
2025-06-04,Plumbing,Colombo,PRO-PLU-05,0,High,1,0,0,0,0,0,1
2025-06-04,Plumbing,Colombo,PRO-PLU-08,2,High,1,0,0,0,0,0,1
2025-06-04,Child care,Colombo,PRO-CHI-06,12,High,1,0,0,0,0,0,1
2025-06-04,Electrical repairs,Colombo,PRO-ELE-08,11,High,1,0,0,0,0,0,1
2025-06-04,Grass cutting,Gampaha,PRO-GRA-17,0,High,1,0,0,0,0,0,1
2025-06-04,Plumbing,Gampaha,PRO-PLU-02,1,High,1,0,0,0,0,0,1
2025-06-04,Grass cutting,Gampaha,PRO-GRA-08,0,High,1,0,0,0,0,0,1
2025-06-04,Child care,Gampaha,PRO-CHI-08,12,High,1,0,0,0,0,0,1
2025-06-04,Plumbing,Gampaha,PRO-PLU-06,0,High,1,0,0,0,0,0,1
2025-06-04,Grass cutting,Colombo,PRO-GRA-16,0,High,1,0,0,0,0,0,1
2025-06-04,Electrical repairs,Gampaha,PRO-ELE-06,11,High,1,0,0,0,0,0,1
2025-06-05,Child care,Gampaha,PRO-CHI-08,11,Low,0,1,0,0,0,1,0
2025-06-05,Plumbing,Colombo,PRO-PLU-05,2,Low,0,1,0,0,0,1,0
2025-06-05,Child care,Gampaha,PRO-CHI-01,10,Low,0,1,0,0,0,1,0
2025-06-05,Plumbing,Colombo,PRO-PLU-03,1,Low,0,1,0,0,0,1,0
2025-06-05,Plumbing,Gampaha,PRO-PLU-06,1,Low,0,1,0,0,0,1,0
2025-06-05,Child care,Gampaha,PRO-CHI-03,10,Low,0,1,0,0,0,1,0
2025-06-05,Electrical repairs,Gampaha,PRO-ELE-03,2,Low,0,1,0,0,0,1,0
2025-06-05,Grass cutting,Gampaha,PRO-GRA-14,1,Low,0,1,0,0,0,1,0
2025-06-05,Electrical repairs,Gampaha,PRO-ELE-07,2,Low,0,1,0,0,0,1,0
2025-06-05,Grass cutting,Gampaha,PRO-GRA-05,1,Low,0,1,0,0,0,1,0
2025-06-05,Watering,Colombo,PRO-WAT-02,6,Low,0,1,0,0,0,1,0
2025-06-05,Child care,Gampaha,PRO-CHI-07,10,Low,0,1,0,0,0,1,0
2025-06-05,Plumbing,Colombo,PRO-PLU-08,0,Low,0,1,0,0,0,1,0
2025-06-05,Electrical repairs,Colombo,PRO-ELE-01,0,Low,0,1,0,0,0,1,0
2025-06-05,Plumbing,Gampaha,PRO-PLU-01,2,Low,0,1,0,0,0,1,0
2025-06-05,Grass cutting,Gampaha,PRO-GRA-18,2,Low,0,1,0,0,0,1,0
2025-06-05,Grass cutting,Gampaha,PRO-GRA-03,1,Low,0,1,0,0,0,1,0
2025-06-05,Plumbing,Colombo,PRO-PLU-07,0,Low,0,1,0,0,0,1,0
2025-06-05,Plumbing,Gampaha,PRO-PLU-02,2,Low,0,1,0,0,0,1,0
2025-06-05,Child care,Gampaha,PRO-CHI-06,10,Low,0,1,0,0,0,1,0
2025-06-05,Grass cutting,Gampaha,PRO-GRA-12,2,Low,0,1,0,0,0,1,0
2025-06-05,Plumbing,Colombo,PRO-PLU-04,0,Low,0,1,0,0,0,1,0
2025-06-05,Electrical repairs,Gampaha,PRO-ELE-08,1,Low,0,1,0,0,0,1,0
2025-06-05,Electrical repairs,Gampaha,PRO-ELE-06,0,Low,0,1,0,0,0,1,0
2025-06-06,Grass cutting,Colombo,PRO-GRA-18,2,Low,0,1,0,0,0,2,0
2025-06-06,Child care,Gampaha,PRO-CHI-05,11,Low,0,1,0,0,0,2,0
2025-06-06,Child care,Gampaha,PRO-CHI-03,10,Low,0,1,0,0,0,2,0
2025-06-06,Plumbing,Gampaha,PRO-PLU-04,2,Low,0,1,0,0,0,2,0
2025-06-06,Electrical repairs,Gampaha,PRO-ELE-03,1,Low,0,1,0,0,0,2,0
2025-06-06,Plumbing,Colombo,PRO-PLU-05,2,Low,0,1,0,0,0,2,0
2025-06-06,Plumbing,Gampaha,PRO-PLU-01,1,Low,0,1,0,0,0,2,0
2025-06-06,Plumbing,Gampaha,PRO-PLU-07,1,Low,0,1,0,0,0,2,0
2025-06-06,Electrical repairs,Colombo,PRO-ELE-04,0,Low,0,1,0,0,0,2,0
2025-06-06,Grass cutting,Colombo,PRO-GRA-09,0,Low,0,1,0,0,0,2,0
2025-06-06,Electrical repairs,Gampaha,PRO-ELE-05,1,Low,0,1,0,0,0,2,0
2025-06-06,Child care,Gampaha,PRO-CHI-04,11,Low,0,1,0,0,0,2,0
2025-06-06,Grass cutting,Gampaha,PRO-GRA-08,1,Low,0,1,0,0,0,2,0
2025-06-06,Child care,Colombo,PRO-CHI-07,12,Low,0,1,0,0,0,2,0
2025-06-06,Plumbing,Gampaha,PRO-PLU-03,2,Low,0,1,0,0,0,2,0
2025-06-06,Grass cutting,Colombo,PRO-GRA-04,2,Low,0,1,0,0,0,2,0
2025-06-06,Plumbing,Gampaha,PRO-PLU-08,1,Low,0,1,0,0,0,2,0
2025-06-06,Plumbing,Colombo,PRO-PLU-06,1,Low,0,1,0,0,0,2,0
2025-06-06,Grass cutting,Colombo,PRO-GRA-12,0,Low,0,1,0,0,0,2,0
2025-06-06,Electrical repairs,Colombo,PRO-ELE-07,1,Low,0,1,0,0,0,2,0
2025-06-06,Grass cutting,Gampaha,PRO-GRA-03,0,Low,0,1,0,0,0,2,0
2025-06-06,Plumbing,Colombo,PRO-PLU-02,0,Low,0,1,0,0,0,2,0
2025-06-07,Plumbing,Colombo,PRO-PLU-03,1,Low,0,1,1,0,0,3,0
2025-06-07,Grass cutting,Gampaha,PRO-GRA-16,1,Low,0,1,1,0,0,3,0
2025-06-07,Child care,Gampaha,PRO-CHI-01,2,Low,0,1,1,0,0,3,0
2025-06-07,Plumbing,Gampaha,PRO-PLU-07,1,Low,0,1,1,0,0,3,0
2025-06-07,Grass cutting,Colombo,PRO-GRA-01,0,Low,0,1,1,0,0,3,0
2025-06-07,Roofing,Gampaha,PRO-ROO-02,0,Low,0,1,1,0,0,3,0
2025-06-07,Plumbing,Gampaha,PRO-PLU-01,1,Low,0,1,1,0,0,3,0
2025-06-07,Grass cutting,Gampaha,PRO-GRA-05,1,Low,0,1,1,0,0,3,0
2025-06-07,Plumbing,Gampaha,PRO-PLU-08,2,Low,0,1,1,0,0,3,0
2025-06-07,Plumbing,Gampaha,PRO-PLU-02,0,Low,0,1,1,0,0,3,0
2025-06-07,Plumbing,Gampaha,PRO-PLU-05,1,Low,0,1,1,0,0,3,0
2025-06-07,Electrical repairs,Colombo,PRO-ELE-01,7,Low,0,1,1,0,0,3,0
2025-06-08,Electrical repairs,Gampaha,PRO-ELE-03,5,Low,0,1,0,0,0,4,0
2025-06-08,Electrical repairs,Colombo,PRO-ELE-01,5,Low,0,1,0,0,0,4,0
2025-06-08,Child care,Gampaha,PRO-CHI-03,2,Low,0,1,0,0,0,4,0
2025-06-08,Plumbing,Colombo,PRO-PLU-08,2,Low,0,1,0,0,0,4,0
2025-06-08,Child care,Colombo,PRO-CHI-01,0,Low,0,1,0,0,0,4,0
2025-06-08,Electrical repairs,Colombo,PRO-ELE-02,6,Low,0,1,0,0,0,4,0
2025-06-08,Plumbing,Colombo,PRO-PLU-02,2,Low,0,1,0,0,0,4,0
2025-06-08,Plumbing,Gampaha,PRO-PLU-03,0,Low,0,1,0,0,0,4,0
2025-06-08,Plumbing,Gampaha,PRO-PLU-07,1,Low,0,1,0,0,0,4,0
2025-06-08,Plumbing,Colombo,PRO-PLU-04,2,Low,0,1,0,0,0,4,0
2025-06-08,Electrical repairs,Colombo,PRO-ELE-05,5,Low,0,1,0,0,0,4,0
2025-06-08,Plumbing,Colombo,PRO-PLU-05,0,Low,0,1,0,0,0,4,0
2025-06-08,Grass cutting,Gampaha,PRO-GRA-06,0,Low,0,1,0,0,0,4,0
2025-06-08,Plumbing,Colombo,PRO-PLU-06,1,Low,0,1,0,0,0,4,0
2025-06-08,Grass cutting,Gampaha,PRO-GRA-10,1,Low,0,1,0,0,0,4,0
2025-06-08,Child care,Gampaha,PRO-CHI-05,0,Low,0,1,0,0,0,4,0
2025-06-08,Plumbing,Colombo,PRO-PLU-01,2,Low,0,1,0,0,0,4,0
2025-06-08,Grass cutting,Colombo,PRO-GRA-02,0,Low,0,1,0,0,0,4,0
2025-06-08,Grass cutting,Gampaha,PRO-GRA-09,1,Low,0,1,0,0,0,4,0
2025-06-08,Child care,Colombo,PRO-CHI-02,2,Low,0,1,0,0,0,4,0
2025-06-09,Grass cutting,Gampaha,PRO-GRA-01,17,Low,0,1,0,0,0,5,0
2025-06-09,Grass cutting,Colombo,PRO-GRA-03,15,Low,0,1,0,0,0,5,0
2025-06-09,Plumbing,Gampaha,PRO-PLU-04,0,Low,0,1,0,0,0,5,0
2025-06-09,Plumbing,Gampaha,PRO-PLU-07,0,Low,0,1,0,0,0,5,0
2025-06-09,Plumbing,Colombo,PRO-PLU-08,1,Low,0,1,0,0,0,5,0
2025-06-09,Plumbing,Gampaha,PRO-PLU-03,0,Low,0,1,0,0,0,5,0
2025-06-09,Grass cutting,Gampaha,PRO-GRA-10,16,Low,0,1,0,0,0,5,0
2025-06-09,Grass cutting,Colombo,PRO-GRA-13,17,Low,0,1,0,0,0,5,0
2025-06-09,Electrical repairs,Gampaha,PRO-ELE-03,1,Low,0,1,0,0,0,5,0
2025-06-09,Grass cutting,Gampaha,PRO-GRA-14,17,Low,0,1,0,0,0,5,0
2025-06-09,Child care,Colombo,PRO-CHI-03,11,Low,0,1,0,0,0,5,0
2025-06-09,Plumbing,Gampaha,PRO-PLU-05,1,Low,0,1,0,0,0,5,0
2025-06-09,Plumbing,Colombo,PRO-PLU-02,1,Low,0,1,0,0,0,5,0
2025-06-09,Grass cutting,Colombo,PRO-GRA-15,17,Low,0,1,0,0,0,5,0
2025-06-09,Plumbing,Gampaha,PRO-PLU-01,1,Low,0,1,0,0,0,5,0
2025-06-10,Child care,Gampaha,PRO-CHI-04,2,High,1,0,1,0,0,0,1
2025-06-10,Plumbing,Colombo,PRO-PLU-03,1,High,1,0,1,0,0,0,1
2025-06-10,Plumbing,Colombo,PRO-PLU-05,0,High,1,0,1,0,0,0,1
2025-06-10,Plumbing,Gampaha,PRO-PLU-01,1,High,1,0,1,0,0,0,1
2025-06-10,Electrical repairs,Colombo,PRO-ELE-01,12,High,1,0,1,0,0,0,1
2025-06-10,Plumbing,Colombo,PRO-PLU-06,1,High,1,0,1,0,0,0,1
2025-06-10,Electrical repairs,Colombo,PRO-ELE-04,11,High,1,0,1,0,0,0,1
2025-06-10,Plumbing,Gampaha,PRO-PLU-02,0,High,1,0,1,0,0,0,1
2025-06-10,Electrical repairs,Colombo,PRO-ELE-02,10,High,1,0,1,0,0,0,1
2025-06-10,Plumbing,Colombo,PRO-PLU-04,2,High,1,0,1,0,0,0,1
2025-06-10,Plumbing,Gampaha,PRO-PLU-07,1,High,1,0,1,0,0,0,1
2025-06-10,Child care,Gampaha,PRO-CHI-02,1,High,1,0,1,0,0,0,1
2025-06-10,Child care,Gampaha,PRO-CHI-01,0,High,1,0,1,0,0,0,1
2025-06-10,Plumbing,Gampaha,PRO-PLU-08,2,High,1,0,1,0,0,0,1
2025-06-11,Plumbing,Colombo,PRO-PLU-08,2,High,1,0,0,0,0,0,2
2025-06-11,Plumbing,Gampaha,PRO-PLU-04,1,High,1,0,0,0,0,0,2
2025-06-11,Plumbing,Gampaha,PRO-PLU-05,0,High,1,0,0,0,0,0,2
2025-06-11,Child care,Colombo,PRO-CHI-08,11,High,1,0,0,0,0,0,2
2025-06-11,Electrical repairs,Gampaha,PRO-ELE-06,10,High,1,0,0,0,0,0,2
2025-06-11,Grass cutting,Colombo,PRO-GRA-09,0,High,1,0,0,0,0,0,2
2025-06-11,Plumbing,Gampaha,PRO-PLU-06,0,High,1,0,0,0,0,0,2
2025-06-11,Electrical repairs,Gampaha,PRO-ELE-08,11,High,1,0,0,0,0,0,2
2025-06-11,Grass cutting,Gampaha,PRO-GRA-03,0,High,1,0,0,0,0,0,2
2025-06-11,Child care,Gampaha,PRO-CHI-06,12,High,1,0,0,0,0,0,2
2025-06-11,Plumbing,Gampaha,PRO-PLU-07,0,High,1,0,0,0,0,0,2
2025-06-11,Plumbing,Gampaha,PRO-PLU-02,1,High,1,0,0,0,0,0,2
2025-06-11,Grass cutting,Colombo,PRO-GRA-14,0,High,1,0,0,0,0,0,2
2025-06-11,Grass cutting,Colombo,PRO-GRA-10,0,High,1,0,0,0,0,0,2
2025-06-11,Plumbing,Colombo,PRO-PLU-03,0,High,1,0,0,0,0,0,2
2025-06-12,Plumbing,Colombo,PRO-PLU-05,1,High,1,0,0,0,0,0,3
2025-06-12,Grass cutting,Colombo,PRO-GRA-02,0,High,1,0,0,0,0,0,3
2025-06-12,Plumbing,Gampaha,PRO-PLU-02,0,High,1,0,0,0,0,0,3
2025-06-12,Plumbing,Colombo,PRO-PLU-04,2,High,1,0,0,0,0,0,3
2025-06-12,Plumbing,Colombo,PRO-PLU-01,1,High,1,0,0,0,0,0,3
2025-06-12,Grass cutting,Colombo,PRO-GRA-01,0,High,1,0,0,0,0,0,3
2025-06-12,Child care,Colombo,PRO-CHI-08,10,High,1,0,0,0,0,0,3
2025-06-12,Plumbing,Gampaha,PRO-PLU-08,1,High,1,0,0,0,0,0,3
2025-06-12,Grass cutting,Colombo,PRO-GRA-03,0,High,1,0,0,0,0,0,3
2025-06-12,Plumbing,Colombo,PRO-PLU-06,2,High,1,0,0,0,0,0,3
2025-06-12,Electrical repairs,Colombo,PRO-ELE-03,10,High,1,0,0,0,0,0,3
2025-06-12,Child care,Gampaha,PRO-CHI-03,11,High,1,0,0,0,0,0,3
2025-06-12,Grass cutting,Colombo,PRO-GRA-17,0,High,1,0,0,0,0,0,3
2025-06-12,Grass cutting,Gampaha,PRO-GRA-18,0,High,1,0,0,0,0,0,3
2025-06-12,Electrical repairs,Gampaha,PRO-ELE-08,10,High,1,0,0,0,0,0,3
2025-06-12,Grass cutting,Colombo,PRO-GRA-07,0,High,1,0,0,0,0,0,3
2025-06-12,Grass cutting,Colombo,PRO-GRA-09,0,High,1,0,0,0,0,0,3
2025-06-12,Plumbing,Colombo,PRO-PLU-03,2,High,1,0,0,0,0,0,3
2025-06-13,Plumbing,Colombo,PRO-PLU-04,2,High,1,0,0,0,0,0,4
2025-06-13,"Sofa, carpet & curtain cleaning",Colombo,PRO-SOF-01,2,High,1,0,0,0,0,0,4
2025-06-13,Electrical repairs,Colombo,PRO-ELE-02,12,High,1,0,0,0,0,0,4
2025-06-13,Grass cutting,Colombo,PRO-GRA-02,0,High,1,0,0,0,0,0,4
2025-06-13,Plumbing,Gampaha,PRO-PLU-03,1,High,1,0,0,0,0,0,4
2025-06-13,Plumbing,Gampaha,PRO-PLU-08,0,High,1,0,0,0,0,0,4
2025-06-13,Grass cutting,Gampaha,PRO-GRA-14,0,High,1,0,0,0,0,0,4
2025-06-13,Child care,Colombo,PRO-CHI-06,11,High,1,0,0,0,0,0,4
2025-06-13,Grass cutting,Gampaha,PRO-GRA-18,0,High,1,0,0,0,0,0,4
2025-06-13,Plumbing,Colombo,PRO-PLU-01,1,High,1,0,0,0,0,0,4
2025-06-13,Plumbing,Colombo,PRO-PLU-02,1,High,1,0,0,0,0,0,4
2025-06-13,Pet care,Gampaha,PRO-PET-01,0,High,1,0,0,0,0,0,4
2025-06-13,Electrical repairs,Gampaha,PRO-ELE-06,10,High,1,0,0,0,0,0,4
2025-06-13,Electrical repairs,Colombo,PRO-ELE-04,12,High,1,0,0,0,0,0,4
2025-06-13,Plumbing,Colombo,PRO-PLU-06,1,High,1,0,0,0,0,0,4
2025-06-13,Child care,Gampaha,PRO-CHI-02,12,High,1,0,0,0,0,0,4
2025-06-13,Furniture repair,Gampaha,PRO-FUR-01,2,High,1,0,0,0,0,0,4
2025-06-13,Plumbing,Colombo,PRO-PLU-07,1,High,1,0,0,0,0,0,4
2025-06-13,Personal assistance,Gampaha,PRO-PER-01,10,High,1,0,0,0,0,0,4
2025-06-13,Grass cutting,Colombo,PRO-GRA-08,0,High,1,0,0,0,0,0,4
2025-06-13,Grass cutting,Gampaha,PRO-GRA-09,0,High,1,0,0,0,0,0,4
2025-06-13,Plumbing,Gampaha,PRO-PLU-05,2,High,1,0,0,0,0,0,4
2025-06-13,Child care,Gampaha,PRO-CHI-04,10,High,1,0,0,0,0,0,4
2025-06-14,Child care,Colombo,PRO-CHI-01,1,High,1,0,0,0,0,0,5
2025-06-14,Plumbing,Colombo,PRO-PLU-01,17,High,1,0,0,0,0,0,5
2025-06-14,Child care,Gampaha,PRO-CHI-03,1,High,1,0,0,0,0,0,5
2025-06-14,Grass cutting,Gampaha,PRO-GRA-08,0,High,1,0,0,0,0,0,5
2025-06-14,Plumbing,Colombo,PRO-PLU-08,17,High,1,0,0,0,0,0,5
2025-06-14,Plumbing,Colombo,PRO-PLU-02,15,High,1,0,0,0,0,0,5
2025-06-14,Grass cutting,Colombo,PRO-GRA-15,0,High,1,0,0,0,0,0,5
2025-06-14,Plumbing,Gampaha,PRO-PLU-03,16,High,1,0,0,0,0,0,5
2025-06-14,Child care,Gampaha,PRO-CHI-06,1,High,1,0,0,0,0,0,5
2025-06-14,Plumbing,Gampaha,PRO-PLU-06,16,High,1,0,0,0,0,0,5
2025-06-14,Plumbing,Colombo,PRO-PLU-05,16,High,1,0,0,0,0,0,5
2025-06-14,Electrical repairs,Colombo,PRO-ELE-01,17,High,1,0,0,0,0,0,5
2025-06-14,Grass cutting,Gampaha,PRO-GRA-01,0,High,1,0,0,0,0,0,5
2025-06-14,Electrical repairs,Colombo,PRO-ELE-06,17,High,1,0,0,0,0,0,5
2025-06-14,Plumbing,Colombo,PRO-PLU-04,16,High,1,0,0,0,0,0,5
2025-06-14,Electrical repairs,Gampaha,PRO-ELE-03,17,High,1,0,0,0,0,0,5
2025-06-14,Plumbing,Colombo,PRO-PLU-07,16,High,1,0,0,0,0,0,5
2025-06-15,Grass cutting,Colombo,PRO-GRA-04,0,High,1,0,1,0,0,0,6
2025-06-15,Grass cutting,Colombo,PRO-GRA-05,0,High,1,0,1,0,0,0,6
2025-06-15,Post-construction cleaning,Gampaha,PRO-POS-04,9,High,1,0,1,0,0,0,6
2025-06-15,Electrical repairs,Gampaha,PRO-ELE-02,15,High,1,0,1,0,0,0,6
2025-06-15,Grass cutting,Colombo,PRO-GRA-08,0,High,1,0,1,0,0,0,6
2025-06-15,Planting,Colombo,PRO-PLA-04,1,High,1,0,1,0,0,0,6
2025-06-15,Plumbing,Gampaha,PRO-PLU-04,15,High,1,0,1,0,0,0,6
2025-06-15,Grass cutting,Gampaha,PRO-GRA-02,0,High,1,0,1,0,0,0,6
2025-06-15,Grass cutting,Gampaha,PRO-GRA-15,0,High,1,0,1,0,0,0,6
2025-06-15,Move-in / move-out cleaning,Colombo,PRO-MOV-04,11,High,1,0,1,0,0,0,6
2025-06-15,Grass cutting,Colombo,PRO-GRA-03,0,High,1,0,1,0,0,0,6
2025-06-15,Plumbing,Colombo,PRO-PLU-07,15,High,1,0,1,0,0,0,6
2025-06-15,Plumbing,Gampaha,PRO-PLU-01,17,High,1,0,1,0,0,0,6
2025-06-15,Plumbing,Colombo,PRO-PLU-02,16,High,1,0,1,0,0,0,6
2025-06-15,Child care,Gampaha,PRO-CHI-02,0,High,1,0,1,0,0,0,6
2025-06-15,Landscaping,Colombo,PRO-LAN-04,12,High,1,0,1,0,0,0,6
2025-06-15,Plumbing,Colombo,PRO-PLU-03,17,High,1,0,1,0,0,0,6
2025-06-15,Plumbing,Colombo,PRO-PLU-06,17,High,1,0,1,0,0,0,6
2025-06-15,Plumbing,Gampaha,PRO-PLU-08,16,High,1,0,1,0,0,0,6
2025-06-16,Plumbing,Gampaha,PRO-PLU-08,2,High,1,0,0,0,0,0,7
2025-06-16,Plumbing,Colombo,PRO-PLU-04,1,High,1,0,0,0,0,0,7
2025-06-16,Plumbing,Gampaha,PRO-PLU-05,1,High,1,0,0,0,0,0,7
2025-06-16,Electrical repairs,Colombo,PRO-ELE-06,11,High,1,0,0,0,0,0,7
2025-06-16,Plumbing,Gampaha,PRO-PLU-01,2,High,1,0,0,0,0,0,7
2025-06-16,Child care,Colombo,PRO-CHI-07,10,High,1,0,0,0,0,0,7
2025-06-16,Grass cutting,Colombo,PRO-GRA-01,0,High,1,0,0,0,0,0,7
2025-06-16,Child care,Colombo,PRO-CHI-01,11,High,1,0,0,0,0,0,7
2025-06-16,Electrical repairs,Colombo,PRO-ELE-07,10,High,1,0,0,0,0,0,7
2025-06-16,Grass cutting,Colombo,PRO-GRA-03,0,High,1,0,0,0,0,0,7
2025-06-16,Grass cutting,Gampaha,PRO-GRA-16,0,High,1,0,0,0,0,0,7
2025-06-16,Plumbing,Gampaha,PRO-PLU-06,2,High,1,0,0,0,0,0,7
2025-06-16,Grass cutting,Gampaha,PRO-GRA-07,0,High,1,0,0,0,0,0,7
2025-06-16,Grass cutting,Gampaha,PRO-GRA-13,0,High,1,0,0,0,0,0,7
2025-06-16,Child care,Gampaha,PRO-CHI-06,10,High,1,0,0,0,0,0,7
2025-06-16,Electrical repairs,Colombo,PRO-ELE-01,11,High,1,0,0,0,0,0,7
2025-06-16,Plumbing,Gampaha,PRO-PLU-03,2,High,1,0,0,0,0,0,7
2025-06-16,Plumbing,Colombo,PRO-PLU-02,1,High,1,0,0,0,0,0,7
2025-06-16,Grass cutting,Colombo,PRO-GRA-11,0,High,1,0,0,0,0,0,7
2025-06-16,Plumbing,Gampaha,PRO-PLU-07,1,High,1,0,0,0,0,0,7
2025-06-17,Grass cutting,Gampaha,PRO-GRA-13,0,High,1,0,0,0,0,0,8
2025-06-17,Child care,Gampaha,PRO-CHI-03,11,High,1,0,0,0,0,0,8
2025-06-17,Plumbing,Gampaha,PRO-PLU-01,0,High,1,0,0,0,0,0,8
2025-06-17,Plumbing,Colombo,PRO-PLU-08,2,High,1,0,0,0,0,0,8
2025-06-17,Plumbing,Gampaha,PRO-PLU-07,1,High,1,0,0,0,0,0,8
2025-06-17,Plumbing,Gampaha,PRO-PLU-04,2,High,1,0,0,0,0,0,8
2025-06-17,Grass cutting,Colombo,PRO-GRA-10,0,High,1,0,0,0,0,0,8
2025-06-17,Plumbing,Colombo,PRO-PLU-03,2,High,1,0,0,0,0,0,8
2025-06-17,Electrical repairs,Gampaha,PRO-ELE-03,11,High,1,0,0,0,0,0,8
2025-06-17,Grass cutting,Colombo,PRO-GRA-15,0,High,1,0,0,0,0,0,8
2025-06-17,Plumbing,Gampaha,PRO-PLU-05,1,High,1,0,0,0,0,0,8
2025-06-17,Grass cutting,Gampaha,PRO-GRA-03,0,High,1,0,0,0,0,0,8
2025-06-17,Plumbing,Gampaha,PRO-PLU-02,0,High,1,0,0,0,0,0,8
2025-06-18,Grass cutting,Colombo,PRO-GRA-07,25,Low,0,1,0,0,0,1,0
2025-06-18,Plumbing,Colombo,PRO-PLU-04,27,Low,0,1,0,0,0,1,0
2025-06-18,Child care,Gampaha,PRO-CHI-04,12,Low,0,1,0,0,0,1,0
2025-06-18,Plumbing,Gampaha,PRO-PLU-02,25,Low,0,1,0,0,0,1,0
2025-06-18,Electrical repairs,Gampaha,PRO-ELE-04,1,Low,0,1,0,0,0,1,0
2025-06-18,Child care,Colombo,PRO-CHI-02,12,Low,0,1,0,0,0,1,0
2025-06-18,Plumbing,Colombo,PRO-PLU-03,26,Low,0,1,0,0,0,1,0
2025-06-18,Plumbing,Colombo,PRO-PLU-06,25,Low,0,1,0,0,0,1,0
2025-06-18,Electrical repairs,Gampaha,PRO-ELE-01,1,Low,0,1,0,0,0,1,0
2025-06-18,Grass cutting,Colombo,PRO-GRA-06,27,Low,0,1,0,0,0,1,0
2025-06-18,Plumbing,Gampaha,PRO-PLU-07,26,Low,0,1,0,0,0,1,0
2025-06-18,Grass cutting,Colombo,PRO-GRA-09,25,Low,0,1,0,0,0,1,0
2025-06-18,Plumbing,Gampaha,PRO-PLU-08,27,Low,0,1,0,0,0,1,0
2025-06-18,Plumbing,Colombo,PRO-PLU-01,26,Low,0,1,0,0,0,1,0
2025-06-18,Post-construction cleaning,Gampaha,PRO-POS-05,6,Low,0,1,0,0,0,1,0
2025-06-18,Move-in / move-out cleaning,Colombo,PRO-MOV-05,6,Low,0,1,0,0,0,1,0
2025-06-18,Planting,Gampaha,PRO-PLA-05,17,Low,0,1,0,0,0,1,0
2025-06-18,Child care,Colombo,PRO-CHI-01,12,Low,0,1,0,0,0,1,0
2025-06-18,Grass cutting,Gampaha,PRO-GRA-01,25,Low,0,1,0,0,0,1,0
2025-06-18,Grass cutting,Colombo,PRO-GRA-05,27,Low,0,1,0,0,0,1,0
2025-06-18,Grass cutting,Gampaha,PRO-GRA-10,27,Low,0,1,0,0,0,1,0
2025-06-18,Landscaping,Colombo,PRO-LAN-05,10,Low,0,1,0,0,0,1,0
2025-06-18,Electrical repairs,Gampaha,PRO-ELE-02,1,Low,0,1,0,0,0,1,0
2025-06-19,Plumbing,Colombo,PRO-PLU-01,2,Low,0,1,0,0,0,2,0
2025-06-19,Plumbing,Gampaha,PRO-PLU-02,2,Low,0,1,0,0,0,2,0
2025-06-19,Plumbing,Colombo,PRO-PLU-06,1,Low,0,1,0,0,0,2,0
2025-06-19,Plumbing,Colombo,PRO-PLU-07,2,Low,0,1,0,0,0,2,0
2025-06-19,Grass cutting,Colombo,PRO-GRA-17,0,Low,0,1,0,0,0,2,0
2025-06-19,Electrical repairs,Colombo,PRO-ELE-03,2,Low,0,1,0,0,0,2,0
2025-06-19,Child care,Colombo,PRO-CHI-02,11,Low,0,1,0,0,0,2,0
2025-06-19,Child care,Gampaha,PRO-CHI-03,12,Low,0,1,0,0,0,2,0
2025-06-19,Electrical repairs,Colombo,PRO-ELE-02,0,Low,0,1,0,0,0,2,0
2025-06-19,Plumbing,Colombo,PRO-PLU-03,1,Low,0,1,0,0,0,2,0
2025-06-19,Child care,Gampaha,PRO-CHI-07,10,Low,0,1,0,0,0,2,0
2025-06-19,Plumbing,Gampaha,PRO-PLU-05,1,Low,0,1,0,0,0,2,0
2025-06-19,Grass cutting,Gampaha,PRO-GRA-04,1,Low,0,1,0,0,0,2,0
2025-06-19,Grass cutting,Colombo,PRO-GRA-07,2,Low,0,1,0,0,0,2,0
2025-06-19,Electrical repairs,Colombo,PRO-ELE-07,2,Low,0,1,0,0,0,2,0
2025-06-19,Plumbing,Gampaha,PRO-PLU-08,0,Low,0,1,0,0,0,2,0
2025-06-19,Grass cutting,Gampaha,PRO-GRA-18,2,Low,0,1,0,0,0,2,0
2025-06-19,Plumbing,Colombo,PRO-PLU-04,1,Low,0,1,0,0,0,2,0
2025-06-20,Electrical repairs,Gampaha,PRO-ELE-07,10,High,1,0,0,0,0,0,1
2025-06-20,Plumbing,Gampaha,PRO-PLU-07,2,High,1,0,0,0,0,0,1
2025-06-20,Child care,Colombo,PRO-CHI-06,11,High,1,0,0,0,0,0,1
2025-06-20,Child care,Gampaha,PRO-CHI-07,12,High,1,0,0,0,0,0,1
2025-06-20,Electrical repairs,Colombo,PRO-ELE-05,11,High,1,0,0,0,0,0,1
2025-06-20,Plumbing,Colombo,PRO-PLU-06,1,High,1,0,0,0,0,0,1
2025-06-20,Grass cutting,Colombo,PRO-GRA-04,0,High,1,0,0,0,0,0,1
2025-06-20,Grass cutting,Colombo,PRO-GRA-15,0,High,1,0,0,0,0,0,1
2025-06-20,Child care,Gampaha,PRO-CHI-05,11,High,1,0,0,0,0,0,1
2025-06-20,Plumbing,Gampaha,PRO-PLU-03,2,High,1,0,0,0,0,0,1
2025-06-20,Grass cutting,Gampaha,PRO-GRA-10,0,High,1,0,0,0,0,0,1
2025-06-20,Plumbing,Gampaha,PRO-PLU-04,1,High,1,0,0,0,0,0,1
2025-06-20,Grass cutting,Colombo,PRO-GRA-06,0,High,1,0,0,0,0,0,1
2025-06-20,Plumbing,Colombo,PRO-PLU-05,0,High,1,0,0,0,0,0,1
2025-06-20,Grass cutting,Colombo,PRO-GRA-13,0,High,1,0,0,0,0,0,1
2025-06-20,Plumbing,Colombo,PRO-PLU-02,0,High,1,0,0,0,0,0,1
2025-06-20,Grass cutting,Gampaha,PRO-GRA-18,0,High,1,0,0,0,0,0,1
2025-06-20,Electrical repairs,Colombo,PRO-ELE-06,11,High,1,0,0,0,0,0,1
2025-06-20,Grass cutting,Colombo,PRO-GRA-16,0,High,1,0,0,0,0,0,1
2025-06-21,Grass cutting,Gampaha,PRO-GRA-13,0,High,1,0,1,0,0,0,2
2025-06-21,Grass cutting,Gampaha,PRO-GRA-05,0,High,1,0,1,0,0,0,2
2025-06-21,Plumbing,Colombo,PRO-PLU-03,16,High,1,0,1,0,0,0,2
2025-06-21,Child care,Gampaha,PRO-CHI-03,1,High,1,0,1,0,0,0,2
2025-06-21,Plumbing,Colombo,PRO-PLU-05,16,High,1,0,1,0,0,0,2
2025-06-21,Plumbing,Colombo,PRO-PLU-07,17,High,1,0,1,0,0,0,2
2025-06-21,Grass cutting,Colombo,PRO-GRA-08,0,High,1,0,1,0,0,0,2
2025-06-21,Grass cutting,Colombo,PRO-GRA-11,0,High,1,0,1,0,0,0,2
2025-06-21,Plumbing,Colombo,PRO-PLU-08,17,High,1,0,1,0,0,0,2
2025-06-21,Electrical repairs,Colombo,PRO-ELE-08,16,High,1,0,1,0,0,0,2
2025-06-21,Plumbing,Colombo,PRO-PLU-06,17,High,1,0,1,0,0,0,2
2025-06-21,Grass cutting,Colombo,PRO-GRA-01,0,High,1,0,1,0,0,0,2
2025-06-21,Grass cutting,Gampaha,PRO-GRA-12,0,High,1,0,1,0,0,0,2
2025-06-21,Grass cutting,Colombo,PRO-GRA-10,0,High,1,0,1,0,0,0,2
2025-06-21,Electrical repairs,Gampaha,PRO-ELE-03,15,High,1,0,1,0,0,0,2
2025-06-21,Grass cutting,Colombo,PRO-GRA-04,0,High,1,0,1,0,0,0,2
2025-06-21,Plumbing,Gampaha,PRO-PLU-01,15,High,1,0,1,0,0,0,2
2025-06-21,Plumbing,Colombo,PRO-PLU-04,17,High,1,0,1,0,0,0,2
2025-06-21,Plumbing,Colombo,PRO-PLU-02,16,High,1,0,1,0,0,0,2
2025-06-21,Grass cutting,Colombo,PRO-GRA-06,0,High,1,0,1,0,0,0,2
2025-06-21,Child care,Colombo,PRO-CHI-08,2,High,1,0,1,0,0,0,2
2025-06-22,Plumbing,Gampaha,PRO-PLU-03,15,High,1,0,0,0,0,0,3
2025-06-22,Plumbing,Gampaha,PRO-PLU-05,15,High,1,0,0,0,0,0,3
2025-06-22,Plumbing,Gampaha,PRO-PLU-01,17,High,1,0,0,0,0,0,3
2025-06-22,Plumbing,Gampaha,PRO-PLU-06,17,High,1,0,0,0,0,0,3
2025-06-22,Plumbing,Gampaha,PRO-PLU-08,15,High,1,0,0,0,0,0,3
2025-06-22,Electrical repairs,Gampaha,PRO-ELE-08,17,High,1,0,0,0,0,0,3
2025-06-22,Grass cutting,Colombo,PRO-GRA-09,0,High,1,0,0,0,0,0,3
2025-06-22,Plumbing,Colombo,PRO-PLU-04,16,High,1,0,0,0,0,0,3
2025-06-22,Child care,Colombo,PRO-CHI-08,2,High,1,0,0,0,0,0,3
2025-06-22,Plumbing,Colombo,PRO-PLU-07,15,High,1,0,0,0,0,0,3
2025-06-22,Electrical repairs,Gampaha,PRO-ELE-06,17,High,1,0,0,0,0,0,3
2025-06-22,Electrical repairs,Gampaha,PRO-ELE-07,17,High,1,0,0,0,0,0,3
2025-06-22,Child care,Colombo,PRO-CHI-06,0,High,1,0,0,0,0,0,3
2025-06-22,Child care,Colombo,PRO-CHI-07,1,High,1,0,0,0,0,0,3
2025-06-22,Grass cutting,Colombo,PRO-GRA-05,0,High,1,0,0,0,0,0,3
2025-06-22,House cleaning,Colombo,PRO-HOU-10,1,High,1,0,0,0,0,0,3
2025-06-22,Plumbing,Colombo,PRO-PLU-02,16,High,1,0,0,0,0,0,3
2025-06-23,Electrical repairs,Gampaha,PRO-ELE-07,0,Low,0,1,0,0,0,1,0
2025-06-23,Grass cutting,Colombo,PRO-GRA-15,25,Low,0,1,0,0,0,1,0
2025-06-23,Grass cutting,Gampaha,PRO-GRA-01,27,Low,0,1,0,0,0,1,0
2025-06-23,Grass cutting,Gampaha,PRO-GRA-04,26,Low,0,1,0,0,0,1,0
2025-06-23,Grass cutting,Colombo,PRO-GRA-07,25,Low,0,1,0,0,0,1,0
2025-06-23,Plumbing,Colombo,PRO-PLU-07,25,Low,0,1,0,0,0,1,0
2025-06-23,Child care,Gampaha,PRO-CHI-07,10,Low,0,1,0,0,0,1,0
2025-06-23,Plumbing,Gampaha,PRO-PLU-08,27,Low,0,1,0,0,0,1,0
2025-06-23,Electrical repairs,Gampaha,PRO-ELE-08,0,Low,0,1,0,0,0,1,0
2025-06-23,Plumbing,Colombo,PRO-PLU-05,27,Low,0,1,0,0,0,1,0
2025-06-23,Plumbing,Colombo,PRO-PLU-01,27,Low,0,1,0,0,0,1,0
2025-06-23,Child care,Colombo,PRO-CHI-08,11,Low,0,1,0,0,0,1,0
2025-06-23,Grass cutting,Gampaha,PRO-GRA-05,25,Low,0,1,0,0,0,1,0
2025-06-23,Grass cutting,Gampaha,PRO-GRA-14,25,Low,0,1,0,0,0,1,0
2025-06-23,Plumbing,Gampaha,PRO-PLU-06,26,Low,0,1,0,0,0,1,0
2025-06-23,Plumbing,Colombo,PRO-PLU-02,27,Low,0,1,0,0,0,1,0
2025-06-23,Plumbing,Gampaha,PRO-PLU-03,27,Low,0,1,0,0,0,1,0
2025-06-24,Electrical repairs,Gampaha,PRO-ELE-03,1,Low,0,1,0,0,0,2,0
2025-06-24,Grass cutting,Gampaha,PRO-GRA-12,0,Low,0,1,0,0,0,2,0
2025-06-24,Grass cutting,Gampaha,PRO-GRA-13,2,Low,0,1,0,0,0,2,0
2025-06-24,Plumbing,Gampaha,PRO-PLU-07,0,Low,0,1,0,0,0,2,0
2025-06-24,Grass cutting,Gampaha,PRO-GRA-05,2,Low,0,1,0,0,0,2,0
2025-06-24,Plumbing,Gampaha,PRO-PLU-06,2,Low,0,1,0,0,0,2,0
2025-06-24,Plumbing,Gampaha,PRO-PLU-05,2,Low,0,1,0,0,0,2,0
2025-06-24,Plumbing,Gampaha,PRO-PLU-03,1,Low,0,1,0,0,0,2,0
2025-06-24,Plumbing,Colombo,PRO-PLU-08,0,Low,0,1,0,0,0,2,0
2025-06-24,Plumbing,Gampaha,PRO-PLU-01,0,Low,0,1,0,0,0,2,0
2025-06-24,Electrical repairs,Gampaha,PRO-ELE-08,0,Low,0,1,0,0,0,2,0
2025-06-24,Plumbing,Gampaha,PRO-PLU-02,2,Low,0,1,0,0,0,2,0
2025-06-24,Plumbing,Gampaha,PRO-PLU-04,0,Low,0,1,0,0,0,2,0
2025-06-24,Grass cutting,Colombo,PRO-GRA-04,0,Low,0,1,0,0,0,2,0
2025-06-24,Electrical repairs,Gampaha,PRO-ELE-05,2,Low,0,1,0,0,0,2,0
2025-06-24,Child care,Gampaha,PRO-CHI-05,11,Low,0,1,0,0,0,2,0
2025-06-24,Grass cutting,Gampaha,PRO-GRA-11,0,Low,0,1,0,0,0,2,0
2025-06-24,Painting,Gampaha,PRO-PAI-05,7,Low,0,1,0,0,0,2,0
2025-06-24,Child care,Gampaha,PRO-CHI-03,11,Low,0,1,0,0,0,2,0
2025-06-24,Child care,Gampaha,PRO-CHI-08,11,Low,0,1,0,0,0,2,0
2025-06-25,Electrical repairs,Colombo,PRO-ELE-02,10,High,1,0,0,0,0,0,1
2025-06-25,Grass cutting,Colombo,PRO-GRA-11,0,High,1,0,0,0,0,0,1
2025-06-25,Plumbing,Colombo,PRO-PLU-06,2,High,1,0,0,0,0,0,1
2025-06-25,Grass cutting,Gampaha,PRO-GRA-12,0,High,1,0,0,0,0,0,1
2025-06-25,Child care,Colombo,PRO-CHI-05,12,High,1,0,0,0,0,0,1
2025-06-25,Electrical repairs,Colombo,PRO-ELE-07,12,High,1,0,0,0,0,0,1
2025-06-25,Grass cutting,Colombo,PRO-GRA-16,0,High,1,0,0,0,0,0,1
2025-06-25,Electrical repairs,Colombo,PRO-ELE-05,10,High,1,0,0,0,0,0,1
2025-06-25,Grass cutting,Colombo,PRO-GRA-08,0,High,1,0,0,0,0,0,1
2025-06-25,Plumbing,Gampaha,PRO-PLU-02,0,High,1,0,0,0,0,0,1
2025-06-25,Child care,Colombo,PRO-CHI-07,10,High,1,0,0,0,0,0,1
2025-06-25,Grass cutting,Gampaha,PRO-GRA-06,0,High,1,0,0,0,0,0,1
2025-06-25,Plumbing,Gampaha,PRO-PLU-05,0,High,1,0,0,0,0,0,1
2025-06-25,Grass cutting,Colombo,PRO-GRA-04,0,High,1,0,0,0,0,0,1
2025-06-25,Grass cutting,Colombo,PRO-GRA-18,0,High,1,0,0,0,0,0,1
2025-06-25,Electrical repairs,Gampaha,PRO-ELE-03,10,High,1,0,0,0,0,0,1
2025-06-25,Child care,Gampaha,PRO-CHI-03,11,High,1,0,0,0,0,0,1
2025-06-25,House cleaning,Colombo,PRO-HOU-01,2,High,1,0,0,0,0,0,1
2025-06-25,Plumbing,Colombo,PRO-PLU-03,2,High,1,0,0,0,0,0,1
2025-06-25,Plumbing,Colombo,PRO-PLU-04,1,High,1,0,0,0,0,0,1
2025-06-25,Plumbing,Colombo,PRO-PLU-07,2,High,1,0,0,0,0,0,1
2025-06-25,Plumbing,Colombo,PRO-PLU-01,1,High,1,0,0,0,0,0,1
2025-06-25,Child care,Colombo,PRO-CHI-02,10,High,1,0,0,0,0,0,1
2025-06-25,Plumbing,Colombo,PRO-PLU-08,0,High,1,0,0,0,0,0,1
2025-06-26,Plumbing,Gampaha,PRO-PLU-03,1,High,1,0,0,0,0,0,2
2025-06-26,Grass cutting,Colombo,PRO-GRA-08,0,High,1,0,0,0,0,0,2
2025-06-26,Plumbing,Colombo,PRO-PLU-04,1,High,1,0,0,0,0,0,2
2025-06-26,Child care,Gampaha,PRO-CHI-07,11,High,1,0,0,0,0,0,2
2025-06-26,Electrical repairs,Colombo,PRO-ELE-06,10,High,1,0,0,0,0,0,2
2025-06-26,Grass cutting,Gampaha,PRO-GRA-01,0,High,1,0,0,0,0,0,2
2025-06-26,Plumbing,Gampaha,PRO-PLU-05,2,High,1,0,0,0,0,0,2
2025-06-26,Plumbing,Gampaha,PRO-PLU-01,0,High,1,0,0,0,0,0,2
2025-06-26,Plumbing,Colombo,PRO-PLU-02,0,High,1,0,0,0,0,0,2
2025-06-26,Plumbing,Gampaha,PRO-PLU-06,1,High,1,0,0,0,0,0,2
2025-06-26,Child care,Colombo,PRO-CHI-06,12,High,1,0,0,0,0,0,2
2025-06-26,Electrical repairs,Colombo,PRO-ELE-07,10,High,1,0,0,0,0,0,2
2025-06-26,Plumbing,Gampaha,PRO-PLU-07,1,High,1,0,0,0,0,0,2
2025-06-27,Plumbing,Gampaha,PRO-PLU-04,2,High,1,0,1,1,0,0,3
2025-06-27,Electrical repairs,Gampaha,PRO-ELE-01,12,High,1,0,1,1,0,0,3
2025-06-27,Plumbing,Colombo,PRO-PLU-01,1,High,1,0,1,1,0,0,3
2025-06-27,"Sofa, carpet & curtain cleaning",Gampaha,PRO-SOF-06,15,High,1,0,1,1,0,0,3
2025-06-27,Plumbing,Colombo,PRO-PLU-06,2,High,1,0,1,1,0,0,3
2025-06-27,Grass cutting,Gampaha,PRO-GRA-17,0,High,1,0,1,1,0,0,3
2025-06-27,Plumbing,Gampaha,PRO-PLU-02,2,High,1,0,1,1,0,0,3
2025-06-27,Grass cutting,Gampaha,PRO-GRA-14,0,High,1,0,1,1,0,0,3
2025-06-27,Plumbing,Colombo,PRO-PLU-03,0,High,1,0,1,1,0,0,3
2025-06-27,Child care,Colombo,PRO-CHI-01,2,High,1,0,1,1,0,0,3
2025-06-27,Plumbing,Colombo,PRO-PLU-07,1,High,1,0,1,1,0,0,3
2025-06-27,Grass cutting,Gampaha,PRO-GRA-16,0,High,1,0,1,1,0,0,3
2025-06-27,Child care,Colombo,PRO-CHI-08,2,High,1,0,1,1,0,0,3
2025-06-27,Electrical repairs,Colombo,PRO-ELE-08,11,High,1,0,1,1,0,0,3
2025-06-27,Plumbing,Colombo,PRO-PLU-05,2,High,1,0,1,1,0,0,3
2025-06-27,Personal assistance,Colombo,PRO-PER-06,10,High,1,0,1,1,0,0,3
2025-06-27,Plumbing,Colombo,PRO-PLU-08,1,High,1,0,1,1,0,0,3
2025-06-27,Pet care,Colombo,PRO-PET-06,25,High,1,0,1,1,0,0,3
2025-06-27,Furniture repair,Gampaha,PRO-FUR-06,1,High,1,0,1,1,0,0,3
2025-06-28,Grass cutting,Colombo,PRO-GRA-12,0,High,1,0,0,0,0,0,4
2025-06-28,Electrical repairs,Gampaha,PRO-ELE-05,16,High,1,0,0,0,0,0,4
2025-06-28,Electrical repairs,Gampaha,PRO-ELE-04,17,High,1,0,0,0,0,0,4
2025-06-28,Plumbing,Gampaha,PRO-PLU-05,16,High,1,0,0,0,0,0,4
2025-06-28,Grass cutting,Gampaha,PRO-GRA-03,0,High,1,0,0,0,0,0,4
2025-06-28,Grass cutting,Gampaha,PRO-GRA-18,0,High,1,0,0,0,0,0,4
2025-06-28,Electrical repairs,Colombo,PRO-ELE-03,15,High,1,0,0,0,0,0,4
2025-06-28,Grass cutting,Gampaha,PRO-GRA-11,0,High,1,0,0,0,0,0,4
2025-06-28,Child care,Gampaha,PRO-CHI-04,2,High,1,0,0,0,0,0,4
2025-06-28,Child care,Gampaha,PRO-CHI-03,0,High,1,0,0,0,0,0,4
2025-06-28,Plumbing,Colombo,PRO-PLU-02,17,High,1,0,0,0,0,0,4
2025-06-28,Child care,Gampaha,PRO-CHI-05,0,High,1,0,0,0,0,0,4
2025-06-28,Child care,Colombo,PRO-CHI-01,1,High,1,0,0,0,0,0,4
2025-06-28,Plumbing,Gampaha,PRO-PLU-08,16,High,1,0,0,0,0,0,4
2025-06-28,Plumbing,Colombo,PRO-PLU-03,17,High,1,0,0,0,0,0,4
2025-06-28,Plumbing,Colombo,PRO-PLU-06,16,High,1,0,0,0,0,0,4
2025-06-28,Electrical repairs,Colombo,PRO-ELE-01,15,High,1,0,0,0,0,0,4
2025-06-28,Plumbing,Gampaha,PRO-PLU-04,15,High,1,0,0,0,0,0,4
2025-06-28,Plumbing,Colombo,PRO-PLU-01,17,High,1,0,0,0,0,0,4
2025-06-28,Plumbing,Colombo,PRO-PLU-07,15,High,1,0,0,0,0,0,4
2025-06-28,Grass cutting,Gampaha,PRO-GRA-08,0,High,1,0,0,0,0,0,4
2025-06-29,Plumbing,Colombo,PRO-PLU-04,15,High,1,0,0,0,0,0,5
2025-06-29,Plumbing,Colombo,PRO-PLU-08,16,High,1,0,0,0,0,0,5
2025-06-29,Child care,Colombo,PRO-CHI-01,1,High,1,0,0,0,0,0,5
2025-06-29,Child care,Colombo,PRO-CHI-06,0,High,1,0,0,0,0,0,5
2025-06-29,Electrical repairs,Gampaha,PRO-ELE-02,15,High,1,0,0,0,0,0,5
2025-06-29,Plumbing,Colombo,PRO-PLU-03,16,High,1,0,0,0,0,0,5
2025-06-29,Electrical repairs,Colombo,PRO-ELE-06,17,High,1,0,0,0,0,0,5
2025-06-29,Plumbing,Gampaha,PRO-PLU-06,15,High,1,0,0,0,0,0,5
2025-06-29,Plumbing,Gampaha,PRO-PLU-05,16,High,1,0,0,0,0,0,5
2025-06-29,Electrical repairs,Gampaha,PRO-ELE-05,16,High,1,0,0,0,0,0,5
2025-06-29,Grass cutting,Colombo,PRO-GRA-05,0,High,1,0,0,0,0,0,5
2025-06-29,Child care,Gampaha,PRO-CHI-05,2,High,1,0,0,0,0,0,5
2025-06-29,Watering,Gampaha,PRO-WAT-02,0,High,1,0,0,0,0,0,5
2025-06-29,Electrical repairs,Colombo,PRO-ELE-01,15,High,1,0,0,0,0,0,5
2025-06-29,Child care,Gampaha,PRO-CHI-02,0,High,1,0,0,0,0,0,5
2025-06-29,Plumbing,Gampaha,PRO-PLU-02,15,High,1,0,0,0,0,0,5
2025-06-29,Plumbing,Gampaha,PRO-PLU-07,15,High,1,0,0,0,0,0,5
2025-06-29,Grass cutting,Gampaha,PRO-GRA-09,0,High,1,0,0,0,0,0,5
2025-06-29,Plumbing,Gampaha,PRO-PLU-01,17,High,1,0,0,0,0,0,5
2025-06-29,Grass cutting,Colombo,PRO-GRA-02,0,High,1,0,0,0,0,0,5
2025-06-30,Electrical repairs,Gampaha,PRO-ELE-08,2,Low,0,1,0,0,0,1,0
2025-06-30,Child care,Gampaha,PRO-CHI-08,12,Low,0,1,0,0,0,1,0
2025-06-30,Plumbing,Gampaha,PRO-PLU-04,25,Low,0,1,0,0,0,1,0
2025-06-30,Plumbing,Colombo,PRO-PLU-01,26,Low,0,1,0,0,0,1,0
2025-06-30,Grass cutting,Colombo,PRO-GRA-01,26,Low,0,1,0,0,0,1,0
2025-06-30,Child care,Gampaha,PRO-CHI-02,11,Low,0,1,0,0,0,1,0
2025-06-30,Electrical repairs,Colombo,PRO-ELE-02,0,Low,0,1,0,0,0,1,0
2025-06-30,Electrical repairs,Gampaha,PRO-ELE-05,0,Low,0,1,0,0,0,1,0
2025-06-30,Plumbing,Gampaha,PRO-PLU-02,25,Low,0,1,0,0,0,1,0
2025-06-30,Grass cutting,Gampaha,PRO-GRA-06,27,Low,0,1,0,0,0,1,0
2025-06-30,Electrical repairs,Colombo,PRO-ELE-07,0,Low,0,1,0,0,0,1,0
2025-06-30,Plumbing,Gampaha,PRO-PLU-06,27,Low,0,1,0,0,0,1,0
2025-06-30,Grass cutting,Gampaha,PRO-GRA-03,27,Low,0,1,0,0,0,1,0
2025-06-30,Grass cutting,Colombo,PRO-GRA-11,25,Low,0,1,0,0,0,1,0
2025-06-30,Plumbing,Gampaha,PRO-PLU-05,25,Low,0,1,0,0,0,1,0
2025-06-30,Grass cutting,Colombo,PRO-GRA-09,25,Low,0,1,0,0,0,1,0
2025-06-30,Child care,Gampaha,PRO-CHI-04,10,Low,0,1,0,0,0,1,0
2025-06-30,Plumbing,Colombo,PRO-PLU-08,27,Low,0,1,0,0,0,1,0
2025-06-30,Plumbing,Colombo,PRO-PLU-03,27,Low,0,1,0,0,0,1,0
2025-06-30,Child care,Colombo,PRO-CHI-05,12,Low,0,1,0,0,0,1,0
2025-06-30,Plumbing,Colombo,PRO-PLU-07,27,Low,0,1,0,0,0,1,0
2025-06-30,Child care,Gampaha,PRO-CHI-07,12,Low,0,1,0,0,0,1,0
2025-06-30,Electrical repairs,Gampaha,PRO-ELE-04,2,Low,0,1,0,0,0,1,0
2025-07-01,Plumbing,Colombo,PRO-PLU-01,2,Low,0,1,0,0,0,2,0
2025-07-01,Plumbing,Gampaha,PRO-PLU-03,0,Low,0,1,0,0,0,2,0
2025-07-01,Post-construction cleaning,Colombo,PRO-POS-01,7,Low,0,1,0,0,0,2,0
2025-07-01,Plumbing,Gampaha,PRO-PLU-08,1,Low,0,1,0,0,0,2,0
2025-07-01,Plumbing,Gampaha,PRO-PLU-04,1,Low,0,1,0,0,0,2,0
2025-07-01,Landscaping,Colombo,PRO-LAN-01,12,Low,0,1,0,0,0,2,0
2025-07-01,Plumbing,Gampaha,PRO-PLU-06,0,Low,0,1,0,0,0,2,0
2025-07-01,Electrical repairs,Gampaha,PRO-ELE-07,0,Low,0,1,0,0,0,2,0
2025-07-01,Planting,Colombo,PRO-PLA-01,1,Low,0,1,0,0,0,2,0
2025-07-01,Child care,Colombo,PRO-CHI-03,12,Low,0,1,0,0,0,2,0
2025-07-01,Electrical repairs,Colombo,PRO-ELE-03,1,Low,0,1,0,0,0,2,0
2025-07-01,Electrical repairs,Gampaha,PRO-ELE-05,2,Low,0,1,0,0,0,2,0
2025-07-01,Plumbing,Colombo,PRO-PLU-07,0,Low,0,1,0,0,0,2,0
2025-07-01,Child care,Colombo,PRO-CHI-05,12,Low,0,1,0,0,0,2,0
2025-07-01,Grass cutting,Gampaha,PRO-GRA-18,1,Low,0,1,0,0,0,2,0
2025-07-01,Plumbing,Gampaha,PRO-PLU-05,1,Low,0,1,0,0,0,2,0
2025-07-01,Move-in / move-out cleaning,Colombo,PRO-MOV-01,6,Low,0,1,0,0,0,2,0
2025-07-01,Child care,Colombo,PRO-CHI-07,10,Low,0,1,0,0,0,2,0
2025-07-01,Plumbing,Colombo,PRO-PLU-02,2,Low,0,1,0,0,0,2,0
2025-07-01,Grass cutting,Gampaha,PRO-GRA-07,2,Low,0,1,0,0,0,2,0
2025-07-01,Grass cutting,Gampaha,PRO-GRA-11,0,Low,0,1,0,0,0,2,0
2025-07-01,Grass cutting,Colombo,PRO-GRA-09,1,Low,0,1,0,0,0,2,0
2025-07-02,Grass cutting,Colombo,PRO-GRA-16,0,Low,0,1,0,0,0,3,0
2025-07-02,Plumbing,Colombo,PRO-PLU-07,0,Low,0,1,0,0,0,3,0
2025-07-02,Plumbing,Colombo,PRO-PLU-08,0,Low,0,1,0,0,0,3,0
2025-07-02,Plumbing,Gampaha,PRO-PLU-01,1,Low,0,1,0,0,0,3,0
2025-07-02,Plumbing,Colombo,PRO-PLU-06,1,Low,0,1,0,0,0,3,0
2025-07-02,Plumbing,Gampaha,PRO-PLU-03,1,Low,0,1,0,0,0,3,0
2025-07-02,Plumbing,Gampaha,PRO-PLU-05,0,Low,0,1,0,0,0,3,0
2025-07-03,Grass cutting,Gampaha,PRO-GRA-03,0,High,1,0,0,0,0,0,1
2025-07-03,Grass cutting,Gampaha,PRO-GRA-02,0,High,1,0,0,0,0,0,1
2025-07-03,Roofing,Gampaha,PRO-ROO-18,16,High,1,0,0,0,0,0,1
2025-07-03,Plumbing,Gampaha,PRO-PLU-08,0,High,1,0,0,0,0,0,1
2025-07-03,Plumbing,Gampaha,PRO-PLU-04,2,High,1,0,0,0,0,0,1
2025-07-03,Grass cutting,Colombo,PRO-GRA-14,0,High,1,0,0,0,0,0,1
2025-07-03,Grass cutting,Colombo,PRO-GRA-13,0,High,1,0,0,0,0,0,1
2025-07-03,Plumbing,Colombo,PRO-PLU-02,0,High,1,0,0,0,0,0,1
2025-07-03,Child care,Colombo,PRO-CHI-08,11,High,1,0,0,0,0,0,1
2025-07-03,Grass cutting,Gampaha,PRO-GRA-07,0,High,1,0,0,0,0,0,1
2025-07-03,Grass cutting,Gampaha,PRO-GRA-05,0,High,1,0,0,0,0,0,1
2025-07-03,Plumbing,Gampaha,PRO-PLU-03,2,High,1,0,0,0,0,0,1
2025-07-03,Plumbing,Colombo,PRO-PLU-05,1,High,1,0,0,0,0,0,1
2025-07-03,Plumbing,Gampaha,PRO-PLU-06,0,High,1,0,0,0,0,0,1
2025-07-03,Plumbing,Gampaha,PRO-PLU-01,2,High,1,0,0,0,0,0,1
2025-07-03,Electrical repairs,Colombo,PRO-ELE-08,10,High,1,0,0,0,0,0,1
2025-07-03,Grass cutting,Colombo,PRO-GRA-12,0,High,1,0,0,0,0,0,1
2025-07-03,Plumbing,Gampaha,PRO-PLU-07,0,High,1,0,0,0,0,0,1
2025-07-03,Grass cutting,Colombo,PRO-GRA-18,0,High,1,0,0,0,0,0,1
2025-07-04,Grass cutting,Gampaha,PRO-GRA-15,2,Low,0,1,0,0,0,1,0
2025-07-04,Grass cutting,Gampaha,PRO-GRA-10,2,Low,0,1,0,0,0,1,0
2025-07-04,Plumbing,Colombo,PRO-PLU-06,2,Low,0,1,0,0,0,1,0
2025-07-04,Grass cutting,Gampaha,PRO-GRA-14,1,Low,0,1,0,0,0,1,0
2025-07-04,Plumbing,Colombo,PRO-PLU-03,0,Low,0,1,0,0,0,1,0
2025-07-04,Plumbing,Colombo,PRO-PLU-04,1,Low,0,1,0,0,0,1,0
2025-07-04,Child care,Colombo,PRO-CHI-06,11,Low,0,1,0,0,0,1,0
2025-07-04,Plumbing,Gampaha,PRO-PLU-08,2,Low,0,1,0,0,0,1,0
2025-07-04,Grass cutting,Colombo,PRO-GRA-09,0,Low,0,1,0,0,0,1,0
2025-07-04,Grass cutting,Gampaha,PRO-GRA-06,2,Low,0,1,0,0,0,1,0
2025-07-04,Electrical repairs,Colombo,PRO-ELE-06,0,Low,0,1,0,0,0,1,0
2025-07-04,Grass cutting,Colombo,PRO-GRA-11,0,Low,0,1,0,0,0,1,0
2025-07-04,Plumbing,Colombo,PRO-PLU-01,1,Low,0,1,0,0,0,1,0
2025-07-04,Plumbing,Colombo,PRO-PLU-05,0,Low,0,1,0,0,0,1,0
2025-07-05,Child care,Gampaha,PRO-CHI-02,0,Low,0,1,0,0,0,2,0
2025-07-05,Grass cutting,Gampaha,PRO-GRA-13,0,Low,0,1,0,0,0,2,0
2025-07-05,Plumbing,Gampaha,PRO-PLU-04,2,Low,0,1,0,0,0,2,0
2025-07-05,Plumbing,Gampaha,PRO-PLU-07,0,Low,0,1,0,0,0,2,0
2025-07-05,Plumbing,Gampaha,PRO-PLU-06,0,Low,0,1,0,0,0,2,0
2025-07-05,Grass cutting,Colombo,PRO-GRA-02,2,Low,0,1,0,0,0,2,0
2025-07-05,Grass cutting,Gampaha,PRO-GRA-06,1,Low,0,1,0,0,0,2,0
2025-07-05,Grass cutting,Gampaha,PRO-GRA-12,2,Low,0,1,0,0,0,2,0
2025-07-05,Plumbing,Gampaha,PRO-PLU-02,2,Low,0,1,0,0,0,2,0
2025-07-05,Electrical repairs,Gampaha,PRO-ELE-02,6,Low,0,1,0,0,0,2,0
2025-07-05,Child care,Colombo,PRO-CHI-03,2,Low,0,1,0,0,0,2,0
2025-07-05,Plumbing,Gampaha,PRO-PLU-08,0,Low,0,1,0,0,0,2,0
2025-07-05,Plumbing,Colombo,PRO-PLU-01,0,Low,0,1,0,0,0,2,0
2025-07-05,Electrical repairs,Gampaha,PRO-ELE-03,5,Low,0,1,0,0,0,2,0
2025-07-05,Plumbing,Colombo,PRO-PLU-03,1,Low,0,1,0,0,0,2,0
2025-07-05,Grass cutting,Colombo,PRO-GRA-07,0,Low,0,1,0,0,0,2,0
2025-07-05,Plumbing,Gampaha,PRO-PLU-05,0,Low,0,1,0,0,0,2,0
2025-07-06,Plumbing,Colombo,PRO-PLU-03,17,High,1,0,0,0,0,0,1
2025-07-06,Child care,Colombo,PRO-CHI-02,0,High,1,0,0,0,0,0,1
2025-07-06,Grass cutting,Colombo,PRO-GRA-09,0,High,1,0,0,0,0,0,1
2025-07-06,Electrical repairs,Gampaha,PRO-ELE-02,16,High,1,0,0,0,0,0,1
2025-07-06,Plumbing,Colombo,PRO-PLU-01,15,High,1,0,0,0,0,0,1
2025-07-06,Plumbing,Gampaha,PRO-PLU-08,15,High,1,0,0,0,0,0,1
2025-07-06,Plumbing,Colombo,PRO-PLU-05,15,High,1,0,0,0,0,0,1
2025-07-06,Grass cutting,Colombo,PRO-GRA-13,0,High,1,0,0,0,0,0,1
2025-07-06,Grass cutting,Colombo,PRO-GRA-08,0,High,1,0,0,0,0,0,1
2025-07-06,Plumbing,Gampaha,PRO-PLU-07,16,High,1,0,0,0,0,0,1
2025-07-06,Grass cutting,Gampaha,PRO-GRA-15,0,High,1,0,0,0,0,0,1
2025-07-06,Electrical repairs,Colombo,PRO-ELE-08,16,High,1,0,0,0,0,0,1
2025-07-06,Plumbing,Colombo,PRO-PLU-06,15,High,1,0,0,0,0,0,1
2025-07-06,Plumbing,Gampaha,PRO-PLU-02,15,High,1,0,0,0,0,0,1
2025-07-06,Child care,Gampaha,PRO-CHI-08,0,High,1,0,0,0,0,0,1
2025-07-06,Plumbing,Gampaha,PRO-PLU-04,17,High,1,0,0,0,0,0,1
2025-07-07,Child care,Gampaha,PRO-CHI-04,11,Low,0,1,0,0,0,1,0
2025-07-07,Grass cutting,Gampaha,PRO-GRA-02,0,Low,0,1,0,0,0,1,0
2025-07-07,Plumbing,Colombo,PRO-PLU-04,0,Low,0,1,0,0,0,1,0
2025-07-07,Plumbing,Colombo,PRO-PLU-07,1,Low,0,1,0,0,0,1,0
2025-07-07,Electrical repairs,Colombo,PRO-ELE-02,0,Low,0,1,0,0,0,1,0
2025-07-07,Plumbing,Gampaha,PRO-PLU-06,0,Low,0,1,0,0,0,1,0
2025-07-07,Electrical repairs,Gampaha,PRO-ELE-03,0,Low,0,1,0,0,0,1,0
2025-07-07,Plumbing,Gampaha,PRO-PLU-05,0,Low,0,1,0,0,0,1,0
2025-07-07,Plumbing,Colombo,PRO-PLU-03,1,Low,0,1,0,0,0,1,0
2025-07-07,Plumbing,Colombo,PRO-PLU-02,2,Low,0,1,0,0,0,1,0
2025-07-07,Child care,Gampaha,PRO-CHI-03,10,Low,0,1,0,0,0,1,0
2025-07-07,Child care,Gampaha,PRO-CHI-02,12,Low,0,1,0,0,0,1,0
2025-07-07,Grass cutting,Colombo,PRO-GRA-18,2,Low,0,1,0,0,0,1,0
2025-07-07,Electrical repairs,Colombo,PRO-ELE-04,2,Low,0,1,0,0,0,1,0
2025-07-07,Grass cutting,Colombo,PRO-GRA-03,2,Low,0,1,0,0,0,1,0
2025-07-07,Child care,Colombo,PRO-CHI-05,11,Low,0,1,0,0,0,1,0
2025-07-07,Plumbing,Gampaha,PRO-PLU-01,0,Low,0,1,0,0,0,1,0
2025-07-07,Plumbing,Colombo,PRO-PLU-08,1,Low,0,1,0,0,0,1,0
2025-07-07,Grass cutting,Gampaha,PRO-GRA-11,1,Low,0,1,0,0,0,1,0
2025-07-07,Electrical repairs,Gampaha,PRO-ELE-05,1,Low,0,1,0,0,0,1,0
2025-07-08,Plumbing,Gampaha,PRO-PLU-07,2,Low,0,1,0,0,0,2,0
2025-07-08,Post-construction cleaning,Gampaha,PRO-POS-01,6,Low,0,1,0,0,0,2,0
2025-07-08,Planting,Gampaha,PRO-PLA-01,1,Low,0,1,0,0,0,2,0
2025-07-08,Plumbing,Colombo,PRO-PLU-08,1,Low,0,1,0,0,0,2,0
2025-07-08,Plumbing,Colombo,PRO-PLU-04,2,Low,0,1,0,0,0,2,0
2025-07-08,Plumbing,Gampaha,PRO-PLU-02,1,Low,0,1,0,0,0,2,0
2025-07-08,Plumbing,Colombo,PRO-PLU-03,1,Low,0,1,0,0,0,2,0
2025-07-08,Move-in / move-out cleaning,Gampaha,PRO-MOV-01,5,Low,0,1,0,0,0,2,0
2025-07-08,Plumbing,Colombo,PRO-PLU-06,0,Low,0,1,0,0,0,2,0
2025-07-08,Plumbing,Gampaha,PRO-PLU-01,1,Low,0,1,0,0,0,2,0
2025-07-08,Electrical repairs,Colombo,PRO-ELE-02,1,Low,0,1,0,0,0,2,0
2025-07-08,Child care,Gampaha,PRO-CHI-02,12,Low,0,1,0,0,0,2,0
2025-07-08,Landscaping,Colombo,PRO-LAN-01,10,Low,0,1,0,0,0,2,0
2025-07-08,Plumbing,Gampaha,PRO-PLU-05,1,Low,0,1,0,0,0,2,0
2025-07-09,Child care,Gampaha,PRO-CHI-01,10,Low,0,1,0,0,0,3,0
2025-07-09,Plumbing,Colombo,PRO-PLU-08,2,Low,0,1,0,0,0,3,0
2025-07-09,Plumbing,Colombo,PRO-PLU-01,0,Low,0,1,0,0,0,3,0
2025-07-09,Electrical repairs,Gampaha,PRO-ELE-08,1,Low,0,1,0,0,0,3,0
2025-07-09,Grass cutting,Gampaha,PRO-GRA-09,1,Low,0,1,0,0,0,3,0
2025-07-09,Child care,Gampaha,PRO-CHI-06,11,Low,0,1,0,0,0,3,0
2025-07-09,Plumbing,Colombo,PRO-PLU-04,1,Low,0,1,0,0,0,3,0
2025-07-09,Electrical repairs,Colombo,PRO-ELE-01,2,Low,0,1,0,0,0,3,0
2025-07-09,Child care,Gampaha,PRO-CHI-07,12,Low,0,1,0,0,0,3,0
2025-07-09,Plumbing,Colombo,PRO-PLU-07,1,Low,0,1,0,0,0,3,0
2025-07-09,Grass cutting,Gampaha,PRO-GRA-16,1,Low,0,1,0,0,0,3,0
2025-07-09,Plumbing,Gampaha,PRO-PLU-05,0,Low,0,1,0,0,0,3,0
2025-07-09,Plumbing,Colombo,PRO-PLU-03,2,Low,0,1,0,0,0,3,0
2025-07-09,Electrical repairs,Colombo,PRO-ELE-06,2,Low,0,1,0,0,0,3,0
2025-07-09,Grass cutting,Colombo,PRO-GRA-12,1,Low,0,1,0,0,0,3,0
2025-07-09,Grass cutting,Gampaha,PRO-GRA-06,0,Low,0,1,0,0,0,3,0
2025-07-09,Grass cutting,Colombo,PRO-GRA-15,1,Low,0,1,0,0,0,3,0
2025-07-09,Child care,Colombo,PRO-CHI-08,10,Low,0,1,0,0,0,3,0
2025-07-09,Plumbing,Gampaha,PRO-PLU-06,2,Low,0,1,0,0,0,3,0
2025-07-09,Electrical repairs,Gampaha,PRO-ELE-07,2,Low,0,1,0,0,0,3,0
2025-07-10,Grass cutting,Colombo,PRO-GRA-12,1,Low,0,1,1,0,0,4,0
2025-07-10,Grass cutting,Gampaha,PRO-GRA-13,0,Low,0,1,1,0,0,4,0
2025-07-10,Plumbing,Colombo,PRO-PLU-01,2,Low,0,1,1,0,0,4,0
2025-07-10,Plumbing,Gampaha,PRO-PLU-07,2,Low,0,1,1,0,0,4,0
2025-07-10,Child care,Colombo,PRO-CHI-06,0,Low,0,1,1,0,0,4,0
2025-07-10,Grass cutting,Gampaha,PRO-GRA-18,2,Low,0,1,1,0,0,4,0
2025-07-10,Plumbing,Colombo,PRO-PLU-08,2,Low,0,1,1,0,0,4,0
2025-07-10,Plumbing,Colombo,PRO-PLU-05,2,Low,0,1,1,0,0,4,0
2025-07-10,Plumbing,Colombo,PRO-PLU-02,0,Low,0,1,1,0,0,4,0
2025-07-10,Grass cutting,Gampaha,PRO-GRA-15,2,Low,0,1,1,0,0,4,0
2025-07-10,Electrical repairs,Gampaha,PRO-ELE-08,2,Low,0,1,1,0,0,4,0
2025-07-10,Plumbing,Gampaha,PRO-PLU-04,2,Low,0,1,1,0,0,4,0
2025-07-10,Child care,Colombo,PRO-CHI-01,0,Low,0,1,1,0,0,4,0
2025-07-10,Plumbing,Colombo,PRO-PLU-03,1,Low,0,1,1,0,0,4,0
2025-07-10,Child care,Gampaha,PRO-CHI-03,2,Low,0,1,1,0,0,4,0
2025-07-10,Electrical repairs,Gampaha,PRO-ELE-01,0,Low,0,1,1,0,0,4,0
2025-07-10,Grass cutting,Colombo,PRO-GRA-08,0,Low,0,1,1,0,0,4,0
2025-07-10,Electrical repairs,Colombo,PRO-ELE-06,2,Low,0,1,1,0,0,4,0
2025-07-10,Plumbing,Gampaha,PRO-PLU-06,0,Low,0,1,1,0,0,4,0
2025-07-10,Grass cutting,Colombo,PRO-GRA-05,2,Low,0,1,1,0,0,4,0
2025-07-10,Electrical repairs,Colombo,PRO-ELE-03,1,Low,0,1,1,0,0,4,0
2025-07-10,Electrical repairs,Colombo,PRO-ELE-05,0,Low,0,1,1,0,0,4,0
2025-07-10,Child care,Colombo,PRO-CHI-08,1,Low,0,1,1,0,0,4,0
2025-07-10,Grass cutting,Colombo,PRO-GRA-06,0,Low,0,1,1,0,0,4,0
2025-07-10,Child care,Gampaha,PRO-CHI-05,0,Low,0,1,1,0,0,4,0
2025-07-11,Grass cutting,Gampaha,PRO-GRA-15,15,Low,0,1,0,0,0,5,0
2025-07-11,Grass cutting,Gampaha,PRO-GRA-14,15,Low,0,1,0,0,0,5,0
2025-07-11,Plumbing,Gampaha,PRO-PLU-02,0,Low,0,1,0,0,0,5,0
2025-07-11,Electrical repairs,Colombo,PRO-ELE-06,0,Low,0,1,0,0,0,5,0
2025-07-11,Child care,Colombo,PRO-CHI-06,11,Low,0,1,0,0,0,5,0
2025-07-11,Grass cutting,Gampaha,PRO-GRA-05,15,Low,0,1,0,0,0,5,0
2025-07-11,Plumbing,Colombo,PRO-PLU-04,0,Low,0,1,0,0,0,5,0
2025-07-11,Plumbing,Colombo,PRO-PLU-06,1,Low,0,1,0,0,0,5,0
2025-07-11,Plumbing,Colombo,PRO-PLU-03,2,Low,0,1,0,0,0,5,0
2025-07-11,Grass cutting,Colombo,PRO-GRA-16,17,Low,0,1,0,0,0,5,0
2025-07-11,Electrical repairs,Colombo,PRO-ELE-04,0,Low,0,1,0,0,0,5,0
2025-07-11,Grass cutting,Colombo,PRO-GRA-01,17,Low,0,1,0,0,0,5,0
2025-07-11,Plumbing,Colombo,PRO-PLU-01,1,Low,0,1,0,0,0,5,0
2025-07-11,Grass cutting,Colombo,PRO-GRA-06,15,Low,0,1,0,0,0,5,0
2025-07-11,Child care,Colombo,PRO-CHI-04,11,Low,0,1,0,0,0,5,0
2025-07-11,Grass cutting,Gampaha,PRO-GRA-13,15,Low,0,1,0,0,0,5,0
2025-07-11,Grass cutting,Gampaha,PRO-GRA-09,17,Low,0,1,0,0,0,5,0
2025-07-11,Plumbing,Gampaha,PRO-PLU-08,1,Low,0,1,0,0,0,5,0
2025-07-11,Plumbing,Colombo,PRO-PLU-07,1,Low,0,1,0,0,0,5,0
2025-07-11,Plumbing,Colombo,PRO-PLU-05,1,Low,0,1,0,0,0,5,0
2025-07-11,Grass cutting,Gampaha,PRO-GRA-18,16,Low,0,1,0,0,0,5,0
2025-07-11,Watering,Colombo,PRO-WAT-05,27,Low,0,1,0,0,0,5,0
2025-07-12,Plumbing,Colombo,PRO-PLU-08,15,High,1,0,0,0,0,0,1
2025-07-12,Child care,Gampaha,PRO-CHI-08,0,High,1,0,0,0,0,0,1
2025-07-12,Electrical repairs,Gampaha,PRO-ELE-04,17,High,1,0,0,0,0,0,1
2025-07-12,Child care,Gampaha,PRO-CHI-05,2,High,1,0,0,0,0,0,1
2025-07-12,Plumbing,Colombo,PRO-PLU-01,15,High,1,0,0,0,0,0,1
2025-07-12,Plumbing,Gampaha,PRO-PLU-05,16,High,1,0,0,0,0,0,1
2025-07-12,Plumbing,Colombo,PRO-PLU-04,16,High,1,0,0,0,0,0,1
2025-07-12,Grass cutting,Gampaha,PRO-GRA-01,0,High,1,0,0,0,0,0,1
2025-07-12,Electrical repairs,Colombo,PRO-ELE-06,17,High,1,0,0,0,0,0,1
2025-07-12,Electrical repairs,Colombo,PRO-ELE-03,17,High,1,0,0,0,0,0,1
2025-07-12,Plumbing,Colombo,PRO-PLU-02,16,High,1,0,0,0,0,0,1
2025-07-12,Child care,Colombo,PRO-CHI-04,2,High,1,0,0,0,0,0,1
2025-07-12,Grass cutting,Gampaha,PRO-GRA-02,0,High,1,0,0,0,0,0,1
2025-07-12,Grass cutting,Colombo,PRO-GRA-08,0,High,1,0,0,0,0,0,1
2025-07-12,Plumbing,Colombo,PRO-PLU-03,17,High,1,0,0,0,0,0,1
2025-07-12,House cleaning,Colombo,PRO-HOU-06,0,High,1,0,0,0,0,0,1
2025-07-12,Watering,Colombo,PRO-WAT-03,2,High,1,0,0,0,0,0,1
2025-07-12,Plumbing,Gampaha,PRO-PLU-07,15,High,1,0,0,0,0,0,1
2025-07-12,Plumbing,Colombo,PRO-PLU-06,16,High,1,0,0,0,0,0,1
2025-07-12,Child care,Gampaha,PRO-CHI-03,2,High,1,0,0,0,0,0,1
2025-07-13,Electrical repairs,Colombo,PRO-ELE-08,16,High,1,0,0,0,0,0,2
2025-07-13,Grass cutting,Colombo,PRO-GRA-05,0,High,1,0,0,0,0,0,2
2025-07-13,Grass cutting,Gampaha,PRO-GRA-11,0,High,1,0,0,0,0,0,2
2025-07-13,Plumbing,Gampaha,PRO-PLU-02,17,High,1,0,0,0,0,0,2
2025-07-13,Grass cutting,Colombo,PRO-GRA-12,0,High,1,0,0,0,0,0,2
2025-07-13,Electrical repairs,Colombo,PRO-ELE-07,17,High,1,0,0,0,0,0,2
2025-07-13,Child care,Gampaha,PRO-CHI-03,0,High,1,0,0,0,0,0,2
2025-07-13,Plumbing,Colombo,PRO-PLU-05,15,High,1,0,0,0,0,0,2
2025-07-13,Plumbing,Colombo,PRO-PLU-03,15,High,1,0,0,0,0,0,2
2025-07-13,Grass cutting,Gampaha,PRO-GRA-03,0,High,1,0,0,0,0,0,2
2025-07-13,Plumbing,Colombo,PRO-PLU-01,15,High,1,0,0,0,0,0,2
2025-07-13,Grass cutting,Colombo,PRO-GRA-04,0,High,1,0,0,0,0,0,2
2025-07-13,Child care,Colombo,PRO-CHI-07,2,High,1,0,0,0,0,0,2
2025-07-13,Plumbing,Gampaha,PRO-PLU-08,16,High,1,0,0,0,0,0,2
2025-07-13,Child care,Colombo,PRO-CHI-06,0,High,1,0,0,0,0,0,2
2025-07-13,Plumbing,Gampaha,PRO-PLU-04,15,High,1,0,0,0,0,0,2
2025-07-13,Plumbing,Colombo,PRO-PLU-07,17,High,1,0,0,0,0,0,2
2025-07-13,Plumbing,Gampaha,PRO-PLU-06,17,High,1,0,0,0,0,0,2
2025-07-14,Grass cutting,Gampaha,PRO-GRA-02,0,High,1,0,0,0,0,0,3
2025-07-14,Plumbing,Gampaha,PRO-PLU-03,0,High,1,0,0,0,0,0,3
2025-07-14,Electrical repairs,Gampaha,PRO-ELE-02,10,High,1,0,0,0,0,0,3
2025-07-14,Plumbing,Gampaha,PRO-PLU-01,0,High,1,0,0,0,0,0,3
2025-07-14,Child care,Gampaha,PRO-CHI-01,11,High,1,0,0,0,0,0,3
2025-07-14,Grass cutting,Colombo,PRO-GRA-01,0,High,1,0,0,0,0,0,3
2025-07-14,Electrical repairs,Gampaha,PRO-ELE-03,10,High,1,0,0,0,0,0,3
2025-07-14,Plumbing,Colombo,PRO-PLU-04,0,High,1,0,0,0,0,0,3
2025-07-14,Child care,Colombo,PRO-CHI-02,10,High,1,0,0,0,0,0,3
2025-07-14,Grass cutting,Colombo,PRO-GRA-14,0,High,1,0,0,0,0,0,3
2025-07-14,Plumbing,Gampaha,PRO-PLU-08,2,High,1,0,0,0,0,0,3
2025-07-14,Plumbing,Gampaha,PRO-PLU-07,2,High,1,0,0,0,0,0,3
2025-07-14,Plumbing,Gampaha,PRO-PLU-06,2,High,1,0,0,0,0,0,3
2025-07-14,Plumbing,Colombo,PRO-PLU-02,2,High,1,0,0,0,0,0,3
2025-07-15,Plumbing,Colombo,PRO-PLU-03,27,Low,0,1,0,0,0,1,0
2025-07-15,Electrical repairs,Colombo,PRO-ELE-03,0,Low,0,1,0,0,0,1,0
2025-07-15,Grass cutting,Colombo,PRO-GRA-03,26,Low,0,1,0,0,0,1,0
2025-07-15,Grass cutting,Gampaha,PRO-GRA-15,27,Low,0,1,0,0,0,1,0
2025-07-15,Grass cutting,Colombo,PRO-GRA-14,25,Low,0,1,0,0,0,1,0
2025-07-15,"Sofa, carpet & curtain cleaning",Colombo,PRO-SOF-03,6,Low,0,1,0,0,0,1,0
2025-07-15,Plumbing,Gampaha,PRO-PLU-06,25,Low,0,1,0,0,0,1,0
2025-07-15,Post-construction cleaning,Gampaha,PRO-POS-01,7,Low,0,1,0,0,0,1,0
2025-07-15,Grass cutting,Gampaha,PRO-GRA-12,27,Low,0,1,0,0,0,1,0
2025-07-15,Grass cutting,Colombo,PRO-GRA-11,26,Low,0,1,0,0,0,1,0
2025-07-15,Plumbing,Colombo,PRO-PLU-08,25,Low,0,1,0,0,0,1,0
2025-07-15,Move-in / move-out cleaning,Gampaha,PRO-MOV-01,6,Low,0,1,0,0,0,1,0
2025-07-15,Child care,Gampaha,PRO-CHI-08,10,Low,0,1,0,0,0,1,0
2025-07-15,Plumbing,Colombo,PRO-PLU-04,26,Low,0,1,0,0,0,1,0
2025-07-15,Child care,Colombo,PRO-CHI-01,12,Low,0,1,0,0,0,1,0
2025-07-15,Personal assistance,Colombo,PRO-PER-03,9,Low,0,1,0,0,0,1,0
2025-07-15,Plumbing,Colombo,PRO-PLU-07,27,Low,0,1,0,0,0,1,0
2025-07-15,Furniture repair,Colombo,PRO-FUR-03,1,Low,0,1,0,0,0,1,0
2025-07-15,Grass cutting,Colombo,PRO-GRA-05,27,Low,0,1,0,0,0,1,0
2025-07-15,Grass cutting,Gampaha,PRO-GRA-18,25,Low,0,1,0,0,0,1,0
2025-07-15,Planting,Gampaha,PRO-PLA-01,16,Low,0,1,0,0,0,1,0
2025-07-15,Pet care,Gampaha,PRO-PET-03,1,Low,0,1,0,0,0,1,0
2025-07-15,Plumbing,Colombo,PRO-PLU-05,27,Low,0,1,0,0,0,1,0
2025-07-15,Plumbing,Gampaha,PRO-PLU-01,25,Low,0,1,0,0,0,1,0
2025-07-15,Plumbing,Gampaha,PRO-PLU-02,26,Low,0,1,0,0,0,1,0
2025-07-15,Landscaping,Gampaha,PRO-LAN-01,10,Low,0,1,0,0,0,1,0
2025-07-16,Plumbing,Gampaha,PRO-PLU-07,25,High,1,0,0,0,0,0,1
2025-07-16,Grass cutting,Colombo,PRO-GRA-14,0,High,1,0,0,0,0,0,1
2025-07-16,Plumbing,Gampaha,PRO-PLU-04,25,High,1,0,0,0,0,0,1
2025-07-16,Plumbing,Colombo,PRO-PLU-02,27,High,1,0,0,0,0,0,1
2025-07-16,Grass cutting,Gampaha,PRO-GRA-13,0,High,1,0,0,0,0,0,1
2025-07-16,Plumbing,Gampaha,PRO-PLU-06,27,High,1,0,0,0,0,0,1
2025-07-16,Plumbing,Colombo,PRO-PLU-03,27,High,1,0,0,0,0,0,1
2025-07-16,Grass cutting,Gampaha,PRO-GRA-07,0,High,1,0,0,0,0,0,1
2025-07-16,Plumbing,Colombo,PRO-PLU-01,27,High,1,0,0,0,0,0,1
2025-07-16,Plumbing,Gampaha,PRO-PLU-05,25,High,1,0,0,0,0,0,1
2025-07-16,Grass cutting,Colombo,PRO-GRA-16,0,High,1,0,0,0,0,0,1
2025-07-16,Child care,Gampaha,PRO-CHI-07,11,High,1,0,0,0,0,0,1
2025-07-16,Plumbing,Gampaha,PRO-PLU-08,25,High,1,0,0,0,0,0,1
2025-07-17,Grass cutting,Colombo,PRO-GRA-17,0,Low,0,1,0,0,0,1,0
2025-07-17,Grass cutting,Colombo,PRO-GRA-10,1,Low,0,1,0,0,0,1,0
2025-07-17,House cleaning,Colombo,PRO-HOU-04,6,Low,0,1,0,0,0,1,0
2025-07-17,Plumbing,Colombo,PRO-PLU-01,2,Low,0,1,0,0,0,1,0
2025-07-17,Plumbing,Colombo,PRO-PLU-04,0,Low,0,1,0,0,0,1,0
2025-07-17,Plumbing,Colombo,PRO-PLU-08,2,Low,0,1,0,0,0,1,0
2025-07-17,Electrical repairs,Gampaha,PRO-ELE-02,1,Low,0,1,0,0,0,1,0
2025-07-17,Grass cutting,Colombo,PRO-GRA-08,2,Low,0,1,0,0,0,1,0
2025-07-17,Grass cutting,Colombo,PRO-GRA-07,2,Low,0,1,0,0,0,1,0
2025-07-17,Grass cutting,Gampaha,PRO-GRA-06,2,Low,0,1,0,0,0,1,0
2025-07-17,Grass cutting,Colombo,PRO-GRA-02,1,Low,0,1,0,0,0,1,0
2025-07-17,Electrical repairs,Colombo,PRO-ELE-03,1,Low,0,1,0,0,0,1,0
2025-07-17,Plumbing,Gampaha,PRO-PLU-02,0,Low,0,1,0,0,0,1,0
2025-07-17,Plumbing,Colombo,PRO-PLU-03,1,Low,0,1,0,0,0,1,0
2025-07-17,Child care,Gampaha,PRO-CHI-01,10,Low,0,1,0,0,0,1,0
2025-07-17,Grass cutting,Gampaha,PRO-GRA-03,0,Low,0,1,0,0,0,1,0
2025-07-17,Plumbing,Gampaha,PRO-PLU-06,2,Low,0,1,0,0,0,1,0
2025-07-17,Grass cutting,Colombo,PRO-GRA-15,2,Low,0,1,0,0,0,1,0
2025-07-17,Child care,Colombo,PRO-CHI-02,10,Low,0,1,0,0,0,1,0
2025-07-18,Child care,Gampaha,PRO-CHI-08,10,High,1,0,0,0,0,0,1
2025-07-18,Child care,Colombo,PRO-CHI-05,12,High,1,0,0,0,0,0,1
2025-07-18,Electrical repairs,Gampaha,PRO-ELE-07,11,High,1,0,0,0,0,0,1
2025-07-18,Grass cutting,Gampaha,PRO-GRA-02,0,High,1,0,0,0,0,0,1
2025-07-18,Plumbing,Gampaha,PRO-PLU-02,0,High,1,0,0,0,0,0,1
2025-07-18,Plumbing,Colombo,PRO-PLU-06,2,High,1,0,0,0,0,0,1
2025-07-18,Plumbing,Colombo,PRO-PLU-04,2,High,1,0,0,0,0,0,1
2025-07-18,Grass cutting,Gampaha,PRO-GRA-04,0,High,1,0,0,0,0,0,1
2025-07-18,Child care,Colombo,PRO-CHI-07,11,High,1,0,0,0,0,0,1
2025-07-18,Plumbing,Gampaha,PRO-PLU-05,0,High,1,0,0,0,0,0,1
2025-07-18,Plumbing,Colombo,PRO-PLU-03,1,High,1,0,0,0,0,0,1
2025-07-18,Electrical repairs,Gampaha,PRO-ELE-08,12,High,1,0,0,0,0,0,1
2025-07-18,Grass cutting,Colombo,PRO-GRA-12,0,High,1,0,0,0,0,0,1
2025-07-18,Grass cutting,Gampaha,PRO-GRA-10,0,High,1,0,0,0,0,0,1
2025-07-18,Plumbing,Gampaha,PRO-PLU-07,1,High,1,0,0,0,0,0,1
2025-07-18,Plumbing,Colombo,PRO-PLU-01,2,High,1,0,0,0,0,0,1
2025-07-18,Child care,Gampaha,PRO-CHI-03,10,High,1,0,0,0,0,0,1
2025-07-18,Plumbing,Gampaha,PRO-PLU-08,2,High,1,0,0,0,0,0,1
2025-07-19,Plumbing,Gampaha,PRO-PLU-06,17,High,1,0,0,0,0,0,2
2025-07-19,Plumbing,Colombo,PRO-PLU-03,15,High,1,0,0,0,0,0,2
2025-07-19,Grass cutting,Colombo,PRO-GRA-01,0,High,1,0,0,0,0,0,2
2025-07-19,Grass cutting,Gampaha,PRO-GRA-17,0,High,1,0,0,0,0,0,2
2025-07-19,Grass cutting,Colombo,PRO-GRA-08,0,High,1,0,0,0,0,0,2
2025-07-19,Grass cutting,Gampaha,PRO-GRA-03,0,High,1,0,0,0,0,0,2
2025-07-19,Child care,Colombo,PRO-CHI-06,1,High,1,0,0,0,0,0,2
2025-07-19,Plumbing,Colombo,PRO-PLU-02,15,High,1,0,0,0,0,0,2
2025-07-19,Plumbing,Gampaha,PRO-PLU-08,17,High,1,0,0,0,0,0,2
2025-07-19,Plumbing,Gampaha,PRO-PLU-04,16,High,1,0,0,0,0,0,2
2025-07-19,Plumbing,Gampaha,PRO-PLU-07,15,High,1,0,0,0,0,0,2
2025-07-19,Electrical repairs,Colombo,PRO-ELE-04,16,High,1,0,0,0,0,0,2
2025-07-19,Grass cutting,Gampaha,PRO-GRA-10,0,High,1,0,0,0,0,0,2
2025-07-19,Grass cutting,Gampaha,PRO-GRA-04,0,High,1,0,0,0,0,0,2
2025-07-19,Child care,Gampaha,PRO-CHI-08,2,High,1,0,0,0,0,0,2
2025-07-19,Electrical repairs,Colombo,PRO-ELE-07,16,High,1,0,0,0,0,0,2
2025-07-20,Plumbing,Colombo,PRO-PLU-04,17,High,1,0,0,0,0,0,3
2025-07-20,Electrical repairs,Colombo,PRO-ELE-04,16,High,1,0,0,0,0,0,3
2025-07-20,Electrical repairs,Gampaha,PRO-ELE-01,17,High,1,0,0,0,0,0,3
2025-07-20,Plumbing,Colombo,PRO-PLU-02,15,High,1,0,0,0,0,0,3
2025-07-20,Child care,Colombo,PRO-CHI-01,2,High,1,0,0,0,0,0,3
2025-07-20,Child care,Colombo,PRO-CHI-03,1,High,1,0,0,0,0,0,3
2025-07-20,Plumbing,Colombo,PRO-PLU-03,16,High,1,0,0,0,0,0,3
2025-07-20,Plumbing,Gampaha,PRO-PLU-07,17,High,1,0,0,0,0,0,3
2025-07-20,Grass cutting,Colombo,PRO-GRA-18,0,High,1,0,0,0,0,0,3
2025-07-20,Plumbing,Gampaha,PRO-PLU-05,16,High,1,0,0,0,0,0,3
2025-07-20,Electrical repairs,Colombo,PRO-ELE-07,16,High,1,0,0,0,0,0,3
2025-07-20,Grass cutting,Colombo,PRO-GRA-15,0,High,1,0,0,0,0,0,3
2025-07-20,Child care,Colombo,PRO-CHI-05,0,High,1,0,0,0,0,0,3
2025-07-20,Plumbing,Gampaha,PRO-PLU-01,17,High,1,0,0,0,0,0,3
2025-07-20,Electrical repairs,Colombo,PRO-ELE-02,15,High,1,0,0,0,0,0,3
2025-07-20,Plumbing,Gampaha,PRO-PLU-06,15,High,1,0,0,0,0,0,3
2025-07-20,Plumbing,Colombo,PRO-PLU-08,16,High,1,0,0,0,0,0,3
2025-07-20,Electrical repairs,Colombo,PRO-ELE-03,17,High,1,0,0,0,0,0,3
2025-07-20,Child care,Gampaha,PRO-CHI-02,1,High,1,0,0,0,0,0,3
2025-07-20,Child care,Gampaha,PRO-CHI-08,0,High,1,0,0,0,0,0,3
2025-07-20,Grass cutting,Colombo,PRO-GRA-17,0,High,1,0,0,0,0,0,3
2025-07-21,Plumbing,Gampaha,PRO-PLU-01,1,High,1,0,0,0,0,0,4
2025-07-21,Plumbing,Gampaha,PRO-PLU-04,2,High,1,0,0,0,0,0,4
2025-07-21,Grass cutting,Colombo,PRO-GRA-16,0,High,1,0,0,0,0,0,4
2025-07-21,Plumbing,Gampaha,PRO-PLU-06,2,High,1,0,0,0,0,0,4
2025-07-21,Grass cutting,Gampaha,PRO-GRA-11,0,High,1,0,0,0,0,0,4
2025-07-21,Grass cutting,Gampaha,PRO-GRA-10,0,High,1,0,0,0,0,0,4
2025-07-21,Plumbing,Gampaha,PRO-PLU-07,2,High,1,0,0,0,0,0,4
2025-07-21,Grass cutting,Gampaha,PRO-GRA-17,0,High,1,0,0,0,0,0,4
2025-07-21,Plumbing,Colombo,PRO-PLU-08,2,High,1,0,0,0,0,0,4
2025-07-21,Electrical repairs,Gampaha,PRO-ELE-03,10,High,1,0,0,0,0,0,4
2025-07-21,Plumbing,Colombo,PRO-PLU-05,2,High,1,0,0,0,0,0,4
2025-07-21,Electrical repairs,Colombo,PRO-ELE-01,11,High,1,0,0,0,0,0,4
2025-07-21,Child care,Colombo,PRO-CHI-02,10,High,1,0,0,0,0,0,4
2025-07-21,Grass cutting,Colombo,PRO-GRA-06,0,High,1,0,0,0,0,0,4
2025-07-21,Plumbing,Gampaha,PRO-PLU-02,2,High,1,0,0,0,0,0,4
2025-07-21,Grass cutting,Gampaha,PRO-GRA-08,0,High,1,0,0,0,0,0,4
2025-07-21,Grass cutting,Gampaha,PRO-GRA-01,0,High,1,0,0,0,0,0,4
2025-07-21,Plumbing,Colombo,PRO-PLU-03,0,High,1,0,0,0,0,0,4
2025-07-21,Child care,Gampaha,PRO-CHI-08,11,High,1,0,0,0,0,0,4
2025-07-22,Plumbing,Gampaha,PRO-PLU-04,2,High,1,0,0,0,0,0,5
2025-07-22,Grass cutting,Gampaha,PRO-GRA-11,0,High,1,0,0,0,0,0,5
2025-07-22,Plumbing,Colombo,PRO-PLU-02,1,High,1,0,0,0,0,0,5
2025-07-22,Child care,Gampaha,PRO-CHI-08,11,High,1,0,0,0,0,0,5
2025-07-22,Grass cutting,Gampaha,PRO-GRA-16,0,High,1,0,0,0,0,0,5
2025-07-22,Plumbing,Colombo,PRO-PLU-08,1,High,1,0,0,0,0,0,5
2025-07-22,Plumbing,Colombo,PRO-PLU-05,2,High,1,0,0,0,0,0,5
2025-07-22,Grass cutting,Colombo,PRO-GRA-17,0,High,1,0,0,0,0,0,5
2025-07-22,Electrical repairs,Colombo,PRO-ELE-01,10,High,1,0,0,0,0,0,5
2025-07-22,Grass cutting,Colombo,PRO-GRA-15,0,High,1,0,0,0,0,0,5
2025-07-22,Child care,Gampaha,PRO-CHI-03,11,High,1,0,0,0,0,0,5
2025-07-22,Grass cutting,Gampaha,PRO-GRA-06,0,High,1,0,0,0,0,0,5
2025-07-22,Child care,Colombo,PRO-CHI-01,10,High,1,0,0,0,0,0,5
2025-07-22,Plumbing,Gampaha,PRO-PLU-07,2,High,1,0,0,0,0,0,5
2025-07-22,Grass cutting,Gampaha,PRO-GRA-18,0,High,1,0,0,0,0,0,5
2025-07-22,Grass cutting,Gampaha,PRO-GRA-04,0,High,1,0,0,0,0,0,5
2025-07-22,Plumbing,Colombo,PRO-PLU-06,0,High,1,0,0,0,0,0,5
2025-07-22,Electrical repairs,Colombo,PRO-ELE-08,10,High,1,0,0,0,0,0,5
2025-07-22,Plumbing,Colombo,PRO-PLU-03,2,High,1,0,0,0,0,0,5
2025-07-22,Plumbing,Gampaha,PRO-PLU-01,1,High,1,0,0,0,0,0,5
2025-07-23,Plumbing,Colombo,PRO-PLU-04,2,High,1,0,0,0,0,0,6
2025-07-23,Plumbing,Gampaha,PRO-PLU-01,0,High,1,0,0,0,0,0,6
2025-07-23,Plumbing,Gampaha,PRO-PLU-02,0,High,1,0,0,0,0,0,6
2025-07-23,Grass cutting,Colombo,PRO-GRA-14,0,High,1,0,0,0,0,0,6
2025-07-23,Grass cutting,Colombo,PRO-GRA-16,0,High,1,0,0,0,0,0,6
2025-07-23,Electrical repairs,Colombo,PRO-ELE-01,10,High,1,0,0,0,0,0,6
2025-07-23,Electrical repairs,Gampaha,PRO-ELE-03,11,High,1,0,0,0,0,0,6
2025-07-23,Electrical repairs,Gampaha,PRO-ELE-06,11,High,1,0,0,0,0,0,6
2025-07-23,Grass cutting,Colombo,PRO-GRA-07,0,High,1,0,0,0,0,0,6
2025-07-23,Plumbing,Colombo,PRO-PLU-03,0,High,1,0,0,0,0,0,6
2025-07-23,Plumbing,Colombo,PRO-PLU-07,2,High,1,0,0,0,0,0,6
2025-07-23,Grass cutting,Gampaha,PRO-GRA-12,0,High,1,0,0,0,0,0,6
2025-07-23,Plumbing,Gampaha,PRO-PLU-08,1,High,1,0,0,0,0,0,6
2025-07-23,Plumbing,Colombo,PRO-PLU-06,0,High,1,0,0,0,0,0,6
2025-07-24,Plumbing,Gampaha,PRO-PLU-07,2,High,1,0,0,0,0,0,7
2025-07-24,Electrical repairs,Colombo,PRO-ELE-08,10,High,1,0,0,0,0,0,7
2025-07-24,Grass cutting,Colombo,PRO-GRA-18,0,High,1,0,0,0,0,0,7
2025-07-24,Grass cutting,Gampaha,PRO-GRA-12,0,High,1,0,0,0,0,0,7
2025-07-24,Electrical repairs,Gampaha,PRO-ELE-03,10,High,1,0,0,0,0,0,7
2025-07-24,Grass cutting,Colombo,PRO-GRA-06,0,High,1,0,0,0,0,0,7
2025-07-24,Plumbing,Gampaha,PRO-PLU-03,1,High,1,0,0,0,0,0,7
2025-07-24,Electrical repairs,Colombo,PRO-ELE-04,10,High,1,0,0,0,0,0,7
2025-07-24,Child care,Gampaha,PRO-CHI-03,12,High,1,0,0,0,0,0,7
2025-07-24,Child care,Colombo,PRO-CHI-04,11,High,1,0,0,0,0,0,7
2025-07-24,Plumbing,Gampaha,PRO-PLU-01,2,High,1,0,0,0,0,0,7
2025-07-24,Child care,Colombo,PRO-CHI-02,12,High,1,0,0,0,0,0,7
2025-07-24,Grass cutting,Gampaha,PRO-GRA-15,0,High,1,0,0,0,0,0,7
2025-07-24,Plumbing,Gampaha,PRO-PLU-02,1,High,1,0,0,0,0,0,7
2025-07-24,Child care,Colombo,PRO-CHI-07,12,High,1,0,0,0,0,0,7
2025-07-24,Plumbing,Colombo,PRO-PLU-04,2,High,1,0,0,0,0,0,7
2025-07-24,Plumbing,Colombo,PRO-PLU-08,0,High,1,0,0,0,0,0,7
2025-07-24,Grass cutting,Colombo,PRO-GRA-04,0,High,1,0,0,0,0,0,7
2025-07-25,Plumbing,Gampaha,PRO-PLU-03,27,Low,0,1,0,0,0,1,0
2025-07-25,Plumbing,Colombo,PRO-PLU-07,27,Low,0,1,0,0,0,1,0
2025-07-25,Grass cutting,Colombo,PRO-GRA-04,27,Low,0,1,0,0,0,1,0
2025-07-25,Plumbing,Colombo,PRO-PLU-01,27,Low,0,1,0,0,0,1,0
2025-07-25,Plumbing,Gampaha,PRO-PLU-05,26,Low,0,1,0,0,0,1,0
2025-07-25,Plumbing,Gampaha,PRO-PLU-06,27,Low,0,1,0,0,0,1,0
2025-07-25,Grass cutting,Colombo,PRO-GRA-08,25,Low,0,1,0,0,0,1,0
2025-07-25,Plumbing,Colombo,PRO-PLU-04,25,Low,0,1,0,0,0,1,0
2025-07-25,Grass cutting,Gampaha,PRO-GRA-15,27,Low,0,1,0,0,0,1,0
2025-07-25,Plumbing,Gampaha,PRO-PLU-08,27,Low,0,1,0,0,0,1,0
2025-07-25,Plumbing,Gampaha,PRO-PLU-02,25,Low,0,1,0,0,0,1,0
2025-07-26,Grass cutting,Gampaha,PRO-GRA-11,0,High,1,0,0,0,0,0,1
2025-07-26,Electrical repairs,Colombo,PRO-ELE-04,17,High,1,0,0,0,0,0,1
2025-07-26,Plumbing,Gampaha,PRO-PLU-01,40,High,1,0,0,0,0,0,1
2025-07-26,Grass cutting,Colombo,PRO-GRA-01,0,High,1,0,0,0,0,0,1
2025-07-26,Grass cutting,Gampaha,PRO-GRA-06,0,High,1,0,0,0,0,0,1
2025-07-26,Plumbing,Colombo,PRO-PLU-04,42,High,1,0,0,0,0,0,1
2025-07-26,Grass cutting,Gampaha,PRO-GRA-05,0,High,1,0,0,0,0,0,1
2025-07-26,Plumbing,Gampaha,PRO-PLU-08,40,High,1,0,0,0,0,0,1
2025-07-26,Plumbing,Gampaha,PRO-PLU-05,42,High,1,0,0,0,0,0,1
2025-07-26,Grass cutting,Colombo,PRO-GRA-08,0,High,1,0,0,0,0,0,1
2025-07-26,Grass cutting,Gampaha,PRO-GRA-07,0,High,1,0,0,0,0,0,1
2025-07-26,Grass cutting,Colombo,PRO-GRA-09,0,High,1,0,0,0,0,0,1
2025-07-26,Child care,Colombo,PRO-CHI-01,1,High,1,0,0,0,0,0,1
2025-07-26,Plumbing,Gampaha,PRO-PLU-07,42,High,1,0,0,0,0,0,1
2025-07-26,Child care,Gampaha,PRO-CHI-04,2,High,1,0,0,0,0,0,1
2025-07-26,Plumbing,Gampaha,PRO-PLU-06,42,High,1,0,0,0,0,0,1
2025-07-26,Electrical repairs,Gampaha,PRO-ELE-05,16,High,1,0,0,0,0,0,1
2025-07-26,Plumbing,Colombo,PRO-PLU-03,41,High,1,0,0,0,0,0,1
2025-07-27,Grass cutting,Gampaha,PRO-GRA-08,1,Low,0,1,0,0,0,1,0
2025-07-27,Plumbing,Gampaha,PRO-PLU-02,0,Low,0,1,0,0,0,1,0
2025-07-27,Grass cutting,Gampaha,PRO-GRA-16,1,Low,0,1,0,0,0,1,0
2025-07-27,Plumbing,Gampaha,PRO-PLU-05,0,Low,0,1,0,0,0,1,0
2025-07-27,Child care,Colombo,PRO-CHI-06,2,Low,0,1,0,0,0,1,0
2025-07-27,Grass cutting,Gampaha,PRO-GRA-14,2,Low,0,1,0,0,0,1,0
2025-07-27,Electrical repairs,Colombo,PRO-ELE-07,6,Low,0,1,0,0,0,1,0
2025-07-27,Electrical repairs,Gampaha,PRO-ELE-08,7,Low,0,1,0,0,0,1,0
2025-07-27,Child care,Colombo,PRO-CHI-07,1,Low,0,1,0,0,0,1,0
2025-07-27,Grass cutting,Colombo,PRO-GRA-13,2,Low,0,1,0,0,0,1,0
2025-07-27,Plumbing,Colombo,PRO-PLU-01,2,Low,0,1,0,0,0,1,0
2025-07-27,Plumbing,Colombo,PRO-PLU-06,2,Low,0,1,0,0,0,1,0
2025-07-27,Plumbing,Gampaha,PRO-PLU-08,1,Low,0,1,0,0,0,1,0
2025-07-27,Plumbing,Gampaha,PRO-PLU-04,2,Low,0,1,0,0,0,1,0
2025-07-27,Plumbing,Gampaha,PRO-PLU-07,2,Low,0,1,0,0,0,1,0
2025-07-27,Child care,Colombo,PRO-CHI-08,0,Low,0,1,0,0,0,1,0
2025-07-27,Grass cutting,Gampaha,PRO-GRA-15,0,Low,0,1,0,0,0,1,0
2025-07-27,Painting,Gampaha,PRO-PAI-15,6,Low,0,1,0,0,0,1,0
2025-07-27,Plumbing,Colombo,PRO-PLU-03,1,Low,0,1,0,0,0,1,0
2025-07-28,Post-construction cleaning,Colombo,PRO-POS-04,6,Low,0,1,0,0,0,2,0
2025-07-28,Planting,Colombo,PRO-PLA-04,1,Low,0,1,0,0,0,2,0
2025-07-28,Electrical repairs,Colombo,PRO-ELE-05,0,Low,0,1,0,0,0,2,0
2025-07-28,Plumbing,Gampaha,PRO-PLU-07,1,Low,0,1,0,0,0,2,0
2025-07-28,Grass cutting,Gampaha,PRO-GRA-14,0,Low,0,1,0,0,0,2,0
2025-07-28,Grass cutting,Colombo,PRO-GRA-11,0,Low,0,1,0,0,0,2,0
2025-07-28,Landscaping,Gampaha,PRO-LAN-04,10,Low,0,1,0,0,0,2,0
2025-07-28,Move-in / move-out cleaning,Colombo,PRO-MOV-04,6,Low,0,1,0,0,0,2,0
2025-07-28,Plumbing,Gampaha,PRO-PLU-08,2,Low,0,1,0,0,0,2,0
2025-07-28,Plumbing,Gampaha,PRO-PLU-02,0,Low,0,1,0,0,0,2,0
2025-07-28,Electrical repairs,Colombo,PRO-ELE-07,2,Low,0,1,0,0,0,2,0
2025-07-28,Plumbing,Colombo,PRO-PLU-04,2,Low,0,1,0,0,0,2,0
2025-07-28,Child care,Gampaha,PRO-CHI-02,11,Low,0,1,0,0,0,2,0
2025-07-28,Plumbing,Gampaha,PRO-PLU-03,0,Low,0,1,0,0,0,2,0
2025-07-28,Child care,Gampaha,PRO-CHI-04,11,Low,0,1,0,0,0,2,0
2025-07-28,Plumbing,Colombo,PRO-PLU-05,0,Low,0,1,0,0,0,2,0
2025-07-28,Plumbing,Gampaha,PRO-PLU-06,2,Low,0,1,0,0,0,2,0
2025-07-29,Grass cutting,Colombo,PRO-GRA-13,2,Low,0,1,0,0,0,3,0
2025-07-29,Grass cutting,Colombo,PRO-GRA-06,2,Low,0,1,0,0,0,3,0
2025-07-29,Grass cutting,Colombo,PRO-GRA-10,1,Low,0,1,0,0,0,3,0
2025-07-29,Grass cutting,Gampaha,PRO-GRA-07,0,Low,0,1,0,0,0,3,0
2025-07-29,Plumbing,Gampaha,PRO-PLU-04,0,Low,0,1,0,0,0,3,0
2025-07-29,Plumbing,Colombo,PRO-PLU-05,0,Low,0,1,0,0,0,3,0
2025-07-29,Plumbing,Gampaha,PRO-PLU-06,1,Low,0,1,0,0,0,3,0
2025-07-29,Plumbing,Gampaha,PRO-PLU-08,2,Low,0,1,0,0,0,3,0
2025-07-29,Child care,Colombo,PRO-CHI-02,12,Low,0,1,0,0,0,3,0
2025-07-29,Child care,Gampaha,PRO-CHI-07,10,Low,0,1,0,0,0,3,0
2025-07-29,Plumbing,Gampaha,PRO-PLU-07,2,Low,0,1,0,0,0,3,0
2025-07-29,Plumbing,Gampaha,PRO-PLU-01,0,Low,0,1,0,0,0,3,0
2025-07-29,Grass cutting,Gampaha,PRO-GRA-12,2,Low,0,1,0,0,0,3,0
2025-07-29,Plumbing,Colombo,PRO-PLU-03,2,Low,0,1,0,0,0,3,0
2025-07-29,Grass cutting,Gampaha,PRO-GRA-01,2,Low,0,1,0,0,0,3,0
2025-07-29,Grass cutting,Colombo,PRO-GRA-03,2,Low,0,1,0,0,0,3,0
2025-07-29,Electrical repairs,Gampaha,PRO-ELE-07,0,Low,0,1,0,0,0,3,0
2025-07-29,House cleaning,Colombo,PRO-HOU-09,20,Low,0,1,0,0,0,3,0
2025-07-29,Electrical repairs,Gampaha,PRO-ELE-03,1,Low,0,1,0,0,0,3,0
2025-07-29,Child care,Gampaha,PRO-CHI-06,12,Low,0,1,0,0,0,3,0
2025-07-29,Plumbing,Colombo,PRO-PLU-02,1,Low,0,1,0,0,0,3,0
2025-07-29,Electrical repairs,Gampaha,PRO-ELE-08,1,Low,0,1,0,0,0,3,0
2025-07-30,Plumbing,Gampaha,PRO-PLU-07,0,Low,0,1,0,0,0,4,0
2025-07-30,Plumbing,Colombo,PRO-PLU-06,2,Low,0,1,0,0,0,4,0
2025-07-30,Plumbing,Colombo,PRO-PLU-02,0,Low,0,1,0,0,0,4,0
2025-07-30,Child care,Gampaha,PRO-CHI-07,12,Low,0,1,0,0,0,4,0
2025-07-30,Electrical repairs,Colombo,PRO-ELE-02,2,Low,0,1,0,0,0,4,0
2025-07-30,Plumbing,Colombo,PRO-PLU-03,2,Low,0,1,0,0,0,4,0
2025-07-30,Child care,Gampaha,PRO-CHI-04,12,Low,0,1,0,0,0,4,0
2025-07-30,Child care,Gampaha,PRO-CHI-01,11,Low,0,1,0,0,0,4,0
2025-07-30,Plumbing,Gampaha,PRO-PLU-08,2,Low,0,1,0,0,0,4,0
2025-07-30,Plumbing,Gampaha,PRO-PLU-04,2,Low,0,1,0,0,0,4,0
2025-07-30,Grass cutting,Colombo,PRO-GRA-03,2,Low,0,1,0,0,0,4,0
2025-07-30,Electrical repairs,Colombo,PRO-ELE-08,1,Low,0,1,0,0,0,4,0
2025-07-30,Plumbing,Colombo,PRO-PLU-01,1,Low,0,1,0,0,0,4,0
2025-07-31,Plumbing,Gampaha,PRO-PLU-02,1,Low,0,1,0,0,0,5,0
2025-07-31,Electrical repairs,Colombo,PRO-ELE-06,1,Low,0,1,0,0,0,5,0
2025-07-31,Grass cutting,Gampaha,PRO-GRA-11,16,Low,0,1,0,0,0,5,0
2025-07-31,Plumbing,Colombo,PRO-PLU-07,0,Low,0,1,0,0,0,5,0
2025-07-31,Child care,Colombo,PRO-CHI-01,11,Low,0,1,0,0,0,5,0
2025-07-31,Child care,Gampaha,PRO-CHI-05,11,Low,0,1,0,0,0,5,0
2025-07-31,Plumbing,Gampaha,PRO-PLU-03,1,Low,0,1,0,0,0,5,0
2025-07-31,Roofing,Gampaha,PRO-ROO-02,0,Low,0,1,0,0,0,5,0
2025-07-31,Grass cutting,Colombo,PRO-GRA-10,16,Low,0,1,0,0,0,5,0
2025-07-31,Child care,Colombo,PRO-CHI-03,11,Low,0,1,0,0,0,5,0
2025-07-31,Electrical repairs,Colombo,PRO-ELE-07,2,Low,0,1,0,0,0,5,0
2025-07-31,Electrical repairs,Gampaha,PRO-ELE-04,0,Low,0,1,0,0,0,5,0
2025-07-31,Plumbing,Gampaha,PRO-PLU-05,2,Low,0,1,0,0,0,5,0
2025-07-31,Plumbing,Gampaha,PRO-PLU-04,2,Low,0,1,0,0,0,5,0
2025-07-31,Plumbing,Colombo,PRO-PLU-01,2,Low,0,1,0,0,0,5,0
2025-07-31,Grass cutting,Gampaha,PRO-GRA-08,17,Low,0,1,0,0,0,5,0
2025-07-31,Grass cutting,Colombo,PRO-GRA-15,15,Low,0,1,0,0,0,5,0
2025-07-31,Plumbing,Gampaha,PRO-PLU-08,1,Low,0,1,0,0,0,5,0
2025-07-31,Plumbing,Colombo,PRO-PLU-06,0,Low,0,1,0,0,0,5,0
2025-07-31,Child care,Colombo,PRO-CHI-02,12,Low,0,1,0,0,0,5,0
2025-07-31,Electrical repairs,Colombo,PRO-ELE-02,2,Low,0,1,0,0,0,5,0
2025-07-31,Child care,Gampaha,PRO-CHI-06,12,Low,0,1,0,0,0,5,0
2025-08-01,Electrical repairs,Gampaha,PRO-ELE-02,11,High,1,0,0,0,0,0,1
2025-08-01,Plumbing,Colombo,PRO-PLU-08,2,High,1,0,0,0,0,0,1
2025-08-01,Plumbing,Colombo,PRO-PLU-01,0,High,1,0,0,0,0,0,1
2025-08-01,Grass cutting,Colombo,PRO-GRA-18,0,High,1,0,0,0,0,0,1
2025-08-01,Plumbing,Colombo,PRO-PLU-03,2,High,1,0,0,0,0,0,1
2025-08-01,Grass cutting,Gampaha,PRO-GRA-09,0,High,1,0,0,0,0,0,1
2025-08-01,Child care,Gampaha,PRO-CHI-01,35,High,1,0,0,0,0,0,1
2025-08-01,Grass cutting,Colombo,PRO-GRA-10,0,High,1,0,0,0,0,0,1
2025-08-01,Plumbing,Colombo,PRO-PLU-02,2,High,1,0,0,0,0,0,1
2025-08-01,Child care,Gampaha,PRO-CHI-08,35,High,1,0,0,0,0,0,1
2025-08-01,Grass cutting,Gampaha,PRO-GRA-11,0,High,1,0,0,0,0,0,1
2025-08-01,Grass cutting,Colombo,PRO-GRA-12,0,High,1,0,0,0,0,0,1
2025-08-01,Grass cutting,Colombo,PRO-GRA-16,0,High,1,0,0,0,0,0,1
2025-08-01,Plumbing,Gampaha,PRO-PLU-06,2,High,1,0,0,0,0,0,1
2025-08-01,Child care,Colombo,PRO-CHI-03,35,High,1,0,0,0,0,0,1
2025-08-01,Plumbing,Gampaha,PRO-PLU-07,2,High,1,0,0,0,0,0,1
2025-08-01,Plumbing,Gampaha,PRO-PLU-05,2,High,1,0,0,0,0,0,1
2025-08-02,Plumbing,Colombo,PRO-PLU-02,17,High,1,0,0,0,0,0,2
2025-08-02,Grass cutting,Gampaha,PRO-GRA-08,0,High,1,0,0,0,0,0,2
2025-08-02,Grass cutting,Gampaha,PRO-GRA-16,0,High,1,0,0,0,0,0,2
2025-08-02,Plumbing,Gampaha,PRO-PLU-06,17,High,1,0,0,0,0,0,2
2025-08-02,Electrical repairs,Colombo,PRO-ELE-08,17,High,1,0,0,0,0,0,2
2025-08-02,Grass cutting,Gampaha,PRO-GRA-17,0,High,1,0,0,0,0,0,2
2025-08-02,Post-construction cleaning,Gampaha,PRO-POS-03,0,High,1,0,0,0,0,0,2
2025-08-02,Plumbing,Colombo,PRO-PLU-03,15,High,1,0,0,0,0,0,2
2025-08-02,Plumbing,Gampaha,PRO-PLU-05,17,High,1,0,0,0,0,0,2
2025-08-02,Landscaping,Colombo,PRO-LAN-03,11,High,1,0,0,0,0,0,2
2025-08-02,Electrical repairs,Colombo,PRO-ELE-06,16,High,1,0,0,0,0,0,2
2025-08-02,Child care,Gampaha,PRO-CHI-03,26,High,1,0,0,0,0,0,2
2025-08-02,Move-in / move-out cleaning,Colombo,PRO-MOV-03,0,High,1,0,0,0,0,0,2
2025-08-02,Plumbing,Gampaha,PRO-PLU-04,15,High,1,0,0,0,0,0,2
2025-08-02,Child care,Gampaha,PRO-CHI-07,27,High,1,0,0,0,0,0,2
2025-08-02,Planting,Gampaha,PRO-PLA-03,1,High,1,0,0,0,0,0,2
2025-08-02,Child care,Colombo,PRO-CHI-06,26,High,1,0,0,0,0,0,2
2025-08-02,Electrical repairs,Gampaha,PRO-ELE-03,17,High,1,0,0,0,0,0,2
2025-08-02,Plumbing,Gampaha,PRO-PLU-07,16,High,1,0,0,0,0,0,2
2025-08-02,Electrical repairs,Colombo,PRO-ELE-07,16,High,1,0,0,0,0,0,2
2025-08-02,Child care,Colombo,PRO-CHI-05,25,High,1,0,0,0,0,0,2
2025-08-02,Plumbing,Gampaha,PRO-PLU-08,16,High,1,0,0,0,0,0,2
2025-08-03,Grass cutting,Colombo,PRO-GRA-09,0,High,1,0,0,0,0,0,3
2025-08-03,Plumbing,Gampaha,PRO-PLU-02,16,High,1,0,0,0,0,0,3
2025-08-03,Grass cutting,Gampaha,PRO-GRA-16,0,High,1,0,0,0,0,0,3
2025-08-03,Grass cutting,Gampaha,PRO-GRA-07,0,High,1,0,0,0,0,0,3
2025-08-03,Plumbing,Gampaha,PRO-PLU-01,16,High,1,0,0,0,0,0,3
2025-08-03,Electrical repairs,Colombo,PRO-ELE-07,16,High,1,0,0,0,0,0,3
2025-08-03,Child care,Gampaha,PRO-CHI-07,27,High,1,0,0,0,0,0,3
2025-08-03,Plumbing,Gampaha,PRO-PLU-07,17,High,1,0,0,0,0,0,3
2025-08-03,Grass cutting,Colombo,PRO-GRA-11,0,High,1,0,0,0,0,0,3
2025-08-03,Plumbing,Colombo,PRO-PLU-05,15,High,1,0,0,0,0,0,3
2025-08-03,Plumbing,Gampaha,PRO-PLU-04,16,High,1,0,0,0,0,0,3
2025-08-03,Electrical repairs,Gampaha,PRO-ELE-04,17,High,1,0,0,0,0,0,3
2025-08-03,Grass cutting,Gampaha,PRO-GRA-17,0,High,1,0,0,0,0,0,3
2025-08-04,Child care,Colombo,PRO-CHI-05,36,Low,0,1,0,0,0,1,0
2025-08-04,Landscaping,Colombo,PRO-LAN-04,11,Low,0,1,0,0,0,1,0
2025-08-04,Plumbing,Colombo,PRO-PLU-02,26,Low,0,1,0,0,0,1,0
2025-08-04,Grass cutting,Colombo,PRO-GRA-02,26,Low,0,1,0,0,0,1,0
2025-08-04,Grass cutting,Gampaha,PRO-GRA-01,25,Low,0,1,0,0,0,1,0
2025-08-04,Plumbing,Colombo,PRO-PLU-06,25,Low,0,1,0,0,0,1,0
2025-08-04,Child care,Colombo,PRO-CHI-04,35,Low,0,1,0,0,0,1,0
2025-08-04,Grass cutting,Colombo,PRO-GRA-04,27,Low,0,1,0,0,0,1,0
2025-08-04,Electrical repairs,Colombo,PRO-ELE-04,0,Low,0,1,0,0,0,1,0
2025-08-04,Plumbing,Gampaha,PRO-PLU-03,27,Low,0,1,0,0,0,1,0
2025-08-04,Plumbing,Colombo,PRO-PLU-05,25,Low,0,1,0,0,0,1,0
2025-08-04,Plumbing,Gampaha,PRO-PLU-01,27,Low,0,1,0,0,0,1,0
2025-08-04,Child care,Gampaha,PRO-CHI-07,37,Low,0,1,0,0,0,1,0
2025-08-04,Plumbing,Gampaha,PRO-PLU-04,26,Low,0,1,0,0,0,1,0
2025-08-04,Move-in / move-out cleaning,Colombo,PRO-MOV-04,5,Low,0,1,0,0,0,1,0
2025-08-04,Electrical repairs,Colombo,PRO-ELE-07,1,Low,0,1,0,0,0,1,0
2025-08-04,Planting,Gampaha,PRO-PLA-04,15,Low,0,1,0,0,0,1,0
2025-08-04,Electrical repairs,Colombo,PRO-ELE-05,0,Low,0,1,0,0,0,1,0
2025-08-04,Child care,Colombo,PRO-CHI-03,36,Low,0,1,0,0,0,1,0
2025-08-04,Post-construction cleaning,Colombo,PRO-POS-04,5,Low,0,1,0,0,0,1,0
2025-08-04,Plumbing,Colombo,PRO-PLU-07,26,Low,0,1,0,0,0,1,0
2025-08-04,Grass cutting,Gampaha,PRO-GRA-09,25,Low,0,1,0,0,0,1,0
2025-08-04,Plumbing,Colombo,PRO-PLU-08,27,Low,0,1,0,0,0,1,0
2025-08-05,Electrical repairs,Gampaha,PRO-ELE-05,10,High,1,0,0,0,0,0,1
2025-08-05,Plumbing,Colombo,PRO-PLU-06,27,High,1,0,0,0,0,0,1
2025-08-05,Electrical repairs,Gampaha,PRO-ELE-08,11,High,1,0,0,0,0,0,1
2025-08-05,Plumbing,Gampaha,PRO-PLU-08,26,High,1,0,0,0,0,0,1
2025-08-05,Grass cutting,Colombo,PRO-GRA-15,0,High,1,0,0,0,0,0,1
2025-08-05,Plumbing,Colombo,PRO-PLU-03,25,High,1,0,0,0,0,0,1
2025-08-05,Plumbing,Gampaha,PRO-PLU-04,26,High,1,0,0,0,0,0,1
2025-08-05,Plumbing,Colombo,PRO-PLU-02,26,High,1,0,0,0,0,0,1
2025-08-05,Plumbing,Colombo,PRO-PLU-01,25,High,1,0,0,0,0,0,1
2025-08-05,Plumbing,Colombo,PRO-PLU-07,26,High,1,0,0,0,0,0,1
2025-08-05,Electrical repairs,Gampaha,PRO-ELE-04,12,High,1,0,0,0,0,0,1
2025-08-05,Plumbing,Gampaha,PRO-PLU-05,26,High,1,0,0,0,0,0,1
2025-08-05,Child care,Colombo,PRO-CHI-04,35,High,1,0,0,0,0,0,1
2025-08-05,Child care,Gampaha,PRO-CHI-03,37,High,1,0,0,0,0,0,1
2025-08-05,Grass cutting,Gampaha,PRO-GRA-18,0,High,1,0,0,0,0,0,1
2025-08-05,Grass cutting,Gampaha,PRO-GRA-05,0,High,1,0,0,0,0,0,1
2025-08-05,Electrical repairs,Gampaha,PRO-ELE-03,11,High,1,0,0,0,0,0,1
2025-08-05,Grass cutting,Gampaha,PRO-GRA-04,0,High,1,0,0,0,0,0,1
2025-08-05,Grass cutting,Colombo,PRO-GRA-17,0,High,1,0,0,0,0,0,1
2025-08-06,Plumbing,Gampaha,PRO-PLU-02,2,Low,0,1,0,0,0,1,0
2025-08-06,Plumbing,Gampaha,PRO-PLU-08,1,Low,0,1,0,0,0,1,0
2025-08-06,Plumbing,Gampaha,PRO-PLU-04,2,Low,0,1,0,0,0,1,0
2025-08-06,Plumbing,Gampaha,PRO-PLU-07,1,Low,0,1,0,0,0,1,0
2025-08-06,Electrical repairs,Gampaha,PRO-ELE-07,0,Low,0,1,0,0,0,1,0
2025-08-06,Grass cutting,Colombo,PRO-GRA-18,0,Low,0,1,0,0,0,1,0
2025-08-06,Furniture repair,Colombo,PRO-FUR-02,2,Low,0,1,0,0,0,1,0
2025-08-06,Plumbing,Colombo,PRO-PLU-05,1,Low,0,1,0,0,0,1,0
2025-08-06,Plumbing,Gampaha,PRO-PLU-01,2,Low,0,1,0,0,0,1,0
2025-08-06,Electrical repairs,Colombo,PRO-ELE-03,2,Low,0,1,0,0,0,1,0
2025-08-06,Plumbing,Colombo,PRO-PLU-06,1,Low,0,1,0,0,0,1,0
2025-08-06,Personal assistance,Colombo,PRO-PER-02,10,Low,0,1,0,0,0,1,0
2025-08-06,Child care,Gampaha,PRO-CHI-06,37,Low,0,1,0,0,0,1,0
2025-08-06,Pet care,Colombo,PRO-PET-02,1,Low,0,1,0,0,0,1,0
2025-08-06,Child care,Gampaha,PRO-CHI-01,36,Low,0,1,0,0,0,1,0
2025-08-06,"Sofa, carpet & curtain cleaning",Colombo,PRO-SOF-02,7,Low,0,1,0,0,0,1,0
2025-08-06,Electrical repairs,Gampaha,PRO-ELE-05,2,Low,0,1,0,0,0,1,0
2025-08-06,Plumbing,Colombo,PRO-PLU-03,1,Low,0,1,0,0,0,1,0
2025-08-06,Grass cutting,Gampaha,PRO-GRA-07,1,Low,0,1,0,0,0,1,0
2025-08-06,Child care,Colombo,PRO-CHI-04,35,Low,0,1,0,0,0,1,0
2025-08-07,Plumbing,Gampaha,PRO-PLU-08,0,Low,0,1,0,0,0,2,0
2025-08-07,Plumbing,Colombo,PRO-PLU-02,2,Low,0,1,0,0,0,2,0
2025-08-07,Grass cutting,Colombo,PRO-GRA-06,0,Low,0,1,0,0,0,2,0
2025-08-07,Plumbing,Gampaha,PRO-PLU-01,0,Low,0,1,0,0,0,2,0
2025-08-07,Plumbing,Gampaha,PRO-PLU-04,0,Low,0,1,0,0,0,2,0
2025-08-07,Plumbing,Gampaha,PRO-PLU-07,1,Low,0,1,0,0,0,2,0
2025-08-07,Grass cutting,Colombo,PRO-GRA-14,0,Low,0,1,0,0,0,2,0
2025-08-07,Plumbing,Colombo,PRO-PLU-06,0,Low,0,1,0,0,0,2,0
2025-08-07,Electrical repairs,Gampaha,PRO-ELE-06,0,Low,0,1,0,0,0,2,0
2025-08-07,Grass cutting,Colombo,PRO-GRA-10,1,Low,0,1,0,0,0,2,0
2025-08-07,Child care,Gampaha,PRO-CHI-07,37,Low,0,1,0,0,0,2,0
2025-08-07,Electrical repairs,Colombo,PRO-ELE-08,0,Low,0,1,0,0,0,2,0
2025-08-07,Plumbing,Gampaha,PRO-PLU-03,2,Low,0,1,0,0,0,2,0
2025-08-07,Grass cutting,Gampaha,PRO-GRA-16,1,Low,0,1,0,0,0,2,0
2025-08-07,Grass cutting,Colombo,PRO-GRA-18,2,Low,0,1,0,0,0,2,0
2025-08-07,Plumbing,Gampaha,PRO-PLU-05,0,Low,0,1,0,0,0,2,0
2025-08-08,Grass cutting,Gampaha,PRO-GRA-14,2,Low,0,1,1,1,0,3,0
2025-08-08,Child care,Gampaha,PRO-CHI-05,25,Low,0,1,1,1,0,3,0
2025-08-08,Grass cutting,Colombo,PRO-GRA-16,2,Low,0,1,1,1,0,3,0
2025-08-08,Grass cutting,Gampaha,PRO-GRA-03,1,Low,0,1,1,1,0,3,0
2025-08-08,Electrical repairs,Colombo,PRO-ELE-05,2,Low,0,1,1,1,0,3,0
2025-08-08,Plumbing,Gampaha,PRO-PLU-06,0,Low,0,1,1,1,0,3,0
2025-08-08,Plumbing,Colombo,PRO-PLU-05,1,Low,0,1,1,1,0,3,0
2025-08-08,Plumbing,Colombo,PRO-PLU-01,1,Low,0,1,1,1,0,3,0
2025-08-08,Child care,Gampaha,PRO-CHI-03,27,Low,0,1,1,1,0,3,0
2025-08-08,Child care,Colombo,PRO-CHI-01,26,Low,0,1,1,1,0,3,0
2025-08-08,Grass cutting,Colombo,PRO-GRA-10,2,Low,0,1,1,1,0,3,0
2025-08-08,Plumbing,Gampaha,PRO-PLU-03,0,Low,0,1,1,1,0,3,0
2025-08-08,Grass cutting,Colombo,PRO-GRA-08,2,Low,0,1,1,1,0,3,0
2025-08-08,Plumbing,Gampaha,PRO-PLU-08,2,Low,0,1,1,1,0,3,0
2025-08-09,Plumbing,Colombo,PRO-PLU-05,1,Low,0,1,1,0,0,4,0
2025-08-09,Plumbing,Colombo,PRO-PLU-02,0,Low,0,1,1,0,0,4,0
2025-08-09,Plumbing,Colombo,PRO-PLU-06,0,Low,0,1,1,0,0,4,0
2025-08-09,Grass cutting,Gampaha,PRO-GRA-02,2,Low,0,1,1,0,0,4,0
2025-08-09,Grass cutting,Colombo,PRO-GRA-12,0,Low,0,1,1,0,0,4,0
2025-08-09,Child care,Gampaha,PRO-CHI-05,26,Low,0,1,1,0,0,4,0
2025-08-09,Child care,Colombo,PRO-CHI-01,25,Low,0,1,1,0,0,4,0
2025-08-09,Grass cutting,Gampaha,PRO-GRA-07,0,Low,0,1,1,0,0,4,0
2025-08-09,Plumbing,Gampaha,PRO-PLU-08,1,Low,0,1,1,0,0,4,0
2025-08-09,Electrical repairs,Gampaha,PRO-ELE-01,7,Low,0,1,1,0,0,4,0
2025-08-09,Grass cutting,Colombo,PRO-GRA-08,0,Low,0,1,1,0,0,4,0
2025-08-09,Electrical repairs,Gampaha,PRO-ELE-06,7,Low,0,1,1,0,0,4,0
2025-08-09,Grass cutting,Gampaha,PRO-GRA-05,0,Low,0,1,1,0,0,4,0
2025-08-09,Plumbing,Gampaha,PRO-PLU-07,0,Low,0,1,1,0,0,4,0
2025-08-09,Plumbing,Colombo,PRO-PLU-01,2,Low,0,1,1,0,0,4,0
2025-08-09,Child care,Colombo,PRO-CHI-08,26,Low,0,1,1,0,0,4,0
2025-08-09,Plumbing,Gampaha,PRO-PLU-03,2,Low,0,1,1,0,0,4,0
2025-08-09,Grass cutting,Gampaha,PRO-GRA-16,1,Low,0,1,1,0,0,4,0
2025-08-09,Plumbing,Colombo,PRO-PLU-04,1,Low,0,1,1,0,0,4,0
2025-08-10,Grass cutting,Gampaha,PRO-GRA-01,15,Low,0,1,0,0,0,5,0
2025-08-10,Electrical repairs,Gampaha,PRO-ELE-08,7,Low,0,1,0,0,0,5,0
2025-08-10,Grass cutting,Colombo,PRO-GRA-16,15,Low,0,1,0,0,0,5,0
2025-08-10,Plumbing,Gampaha,PRO-PLU-06,1,Low,0,1,0,0,0,5,0
2025-08-10,Grass cutting,Colombo,PRO-GRA-05,16,Low,0,1,0,0,0,5,0
2025-08-10,Plumbing,Gampaha,PRO-PLU-07,2,Low,0,1,0,0,0,5,0
2025-08-10,Grass cutting,Gampaha,PRO-GRA-07,17,Low,0,1,0,0,0,5,0
2025-08-10,Grass cutting,Colombo,PRO-GRA-06,17,Low,0,1,0,0,0,5,0
2025-08-10,Plumbing,Colombo,PRO-PLU-01,1,Low,0,1,0,0,0,5,0
2025-08-10,Grass cutting,Gampaha,PRO-GRA-13,15,Low,0,1,0,0,0,5,0
2025-08-10,Plumbing,Colombo,PRO-PLU-08,2,Low,0,1,0,0,0,5,0
2025-08-10,Grass cutting,Colombo,PRO-GRA-02,15,Low,0,1,0,0,0,5,0
2025-08-10,Plumbing,Gampaha,PRO-PLU-03,1,Low,0,1,0,0,0,5,0
2025-08-10,Plumbing,Colombo,PRO-PLU-02,0,Low,0,1,0,0,0,5,0
2025-08-10,Plumbing,Gampaha,PRO-PLU-05,0,Low,0,1,0,0,0,5,0
2025-08-10,Child care,Gampaha,PRO-CHI-07,26,Low,0,1,0,0,0,5,0
2025-08-11,Plumbing,Colombo,PRO-PLU-07,1,High,1,0,0,0,0,0,1
2025-08-11,Grass cutting,Gampaha,PRO-GRA-02,0,High,1,0,0,0,0,0,1
2025-08-11,Grass cutting,Gampaha,PRO-GRA-14,0,High,1,0,0,0,0,0,1
2025-08-11,Plumbing,Gampaha,PRO-PLU-02,1,High,1,0,0,0,0,0,1
2025-08-11,Plumbing,Colombo,PRO-PLU-06,2,High,1,0,0,0,0,0,1
2025-08-11,Plumbing,Colombo,PRO-PLU-08,2,High,1,0,0,0,0,0,1
2025-08-11,Child care,Gampaha,PRO-CHI-07,35,High,1,0,0,0,0,0,1
2025-08-11,Child care,Gampaha,PRO-CHI-08,37,High,1,0,0,0,0,0,1
2025-08-11,Plumbing,Gampaha,PRO-PLU-03,0,High,1,0,0,0,0,0,1
2025-08-11,Plumbing,Colombo,PRO-PLU-04,2,High,1,0,0,0,0,0,1
2025-08-11,Plumbing,Colombo,PRO-PLU-05,2,High,1,0,0,0,0,0,1
2025-08-11,Grass cutting,Colombo,PRO-GRA-09,0,High,1,0,0,0,0,0,1
2025-08-11,Child care,Gampaha,PRO-CHI-04,36,High,1,0,0,0,0,0,1
2025-08-11,Electrical repairs,Gampaha,PRO-ELE-06,11,High,1,0,0,0,0,0,1
2025-08-11,Grass cutting,Gampaha,PRO-GRA-17,0,High,1,0,0,0,0,0,1
2025-08-11,Grass cutting,Colombo,PRO-GRA-10,0,High,1,0,0,0,0,0,1
2025-08-11,Electrical repairs,Colombo,PRO-ELE-08,11,High,1,0,0,0,0,0,1
2025-08-11,Grass cutting,Gampaha,PRO-GRA-16,0,High,1,0,0,0,0,0,1
2025-08-11,Plumbing,Gampaha,PRO-PLU-01,2,High,1,0,0,0,0,0,1
2025-08-11,Electrical repairs,Gampaha,PRO-ELE-03,10,High,1,0,0,0,0,0,1
2025-08-11,Child care,Gampaha,PRO-CHI-02,35,High,1,0,0,0,0,0,1
2025-08-12,Electrical repairs,Colombo,PRO-ELE-06,11,High,1,0,0,0,0,0,2
2025-08-12,Grass cutting,Colombo,PRO-GRA-16,0,High,1,0,0,0,0,0,2
2025-08-12,Plumbing,Colombo,PRO-PLU-03,1,High,1,0,0,0,0,0,2
2025-08-12,Child care,Colombo,PRO-CHI-05,35,High,1,0,0,0,0,0,2
2025-08-12,Electrical repairs,Gampaha,PRO-ELE-02,10,High,1,0,0,0,0,0,2
2025-08-12,Plumbing,Gampaha,PRO-PLU-06,0,High,1,0,0,0,0,0,2
2025-08-12,Plumbing,Gampaha,PRO-PLU-02,1,High,1,0,0,0,0,0,2
2025-08-12,Child care,Colombo,PRO-CHI-01,35,High,1,0,0,0,0,0,2
2025-08-12,Grass cutting,Colombo,PRO-GRA-09,0,High,1,0,0,0,0,0,2
2025-08-12,Plumbing,Colombo,PRO-PLU-01,2,High,1,0,0,0,0,0,2
2025-08-12,Plumbing,Gampaha,PRO-PLU-05,1,High,1,0,0,0,0,0,2
2025-08-12,Electrical repairs,Colombo,PRO-ELE-01,12,High,1,0,0,0,0,0,2
2025-08-12,Plumbing,Gampaha,PRO-PLU-07,0,High,1,0,0,0,0,0,2
2025-08-12,Painting,Colombo,PRO-PAI-09,1,High,1,0,0,0,0,0,2
2025-08-12,Plumbing,Colombo,PRO-PLU-04,2,High,1,0,0,0,0,0,2
2025-08-13,Grass cutting,Gampaha,PRO-GRA-07,25,Low,0,1,0,0,0,1,0
2025-08-13,Child care,Colombo,PRO-CHI-04,35,Low,0,1,0,0,0,1,0
2025-08-13,Electrical repairs,Colombo,PRO-ELE-03,2,Low,0,1,0,0,0,1,0
2025-08-13,Electrical repairs,Gampaha,PRO-ELE-05,2,Low,0,1,0,0,0,1,0
2025-08-13,Grass cutting,Gampaha,PRO-GRA-05,26,Low,0,1,0,0,0,1,0
2025-08-13,Plumbing,Gampaha,PRO-PLU-02,25,Low,0,1,0,0,0,1,0
2025-08-13,Plumbing,Colombo,PRO-PLU-05,26,Low,0,1,0,0,0,1,0
2025-08-13,Grass cutting,Gampaha,PRO-GRA-15,26,Low,0,1,0,0,0,1,0
2025-08-13,Plumbing,Colombo,PRO-PLU-01,27,Low,0,1,0,0,0,1,0
2025-08-13,Plumbing,Colombo,PRO-PLU-03,27,Low,0,1,0,0,0,1,0
2025-08-13,Child care,Gampaha,PRO-CHI-01,35,Low,0,1,0,0,0,1,0
2025-08-13,Electrical repairs,Gampaha,PRO-ELE-08,2,Low,0,1,0,0,0,1,0
2025-08-13,Electrical repairs,Gampaha,PRO-ELE-02,1,Low,0,1,0,0,0,1,0
2025-08-13,Child care,Colombo,PRO-CHI-02,35,Low,0,1,0,0,0,1,0
2025-08-13,Plumbing,Gampaha,PRO-PLU-07,26,Low,0,1,0,0,0,1,0
2025-08-13,Plumbing,Gampaha,PRO-PLU-08,27,Low,0,1,0,0,0,1,0
2025-08-13,Plumbing,Colombo,PRO-PLU-04,25,Low,0,1,0,0,0,1,0
2025-08-13,Grass cutting,Gampaha,PRO-GRA-10,25,Low,0,1,0,0,0,1,0
2025-08-13,Electrical repairs,Gampaha,PRO-ELE-01,0,Low,0,1,0,0,0,1,0
2025-08-14,Grass cutting,Gampaha,PRO-GRA-05,0,High,1,0,0,0,0,0,1
2025-08-14,Grass cutting,Gampaha,PRO-GRA-08,0,High,1,0,0,0,0,0,1
2025-08-14,Grass cutting,Colombo,PRO-GRA-18,0,High,1,0,0,0,0,0,1
2025-08-14,Plumbing,Gampaha,PRO-PLU-08,26,High,1,0,0,0,0,0,1
2025-08-14,Plumbing,Colombo,PRO-PLU-01,26,High,1,0,0,0,0,0,1
2025-08-14,Plumbing,Gampaha,PRO-PLU-04,25,High,1,0,0,0,0,0,1
2025-08-14,Plumbing,Colombo,PRO-PLU-06,26,High,1,0,0,0,0,0,1
2025-08-14,Electrical repairs,Gampaha,PRO-ELE-06,11,High,1,0,0,0,0,0,1
2025-08-14,Plumbing,Gampaha,PRO-PLU-03,25,High,1,0,0,0,0,0,1
2025-08-14,Child care,Colombo,PRO-CHI-05,36,High,1,0,0,0,0,0,1
2025-08-14,Child care,Colombo,PRO-CHI-03,37,High,1,0,0,0,0,0,1
2025-08-14,Plumbing,Colombo,PRO-PLU-07,27,High,1,0,0,0,0,0,1
2025-08-14,Plumbing,Gampaha,PRO-PLU-05,27,High,1,0,0,0,0,0,1
2025-08-15,Plumbing,Colombo,PRO-PLU-02,2,Low,0,1,0,0,0,1,0
2025-08-15,Plumbing,Colombo,PRO-PLU-01,0,Low,0,1,0,0,0,1,0
2025-08-15,Child care,Colombo,PRO-CHI-05,35,Low,0,1,0,0,0,1,0
2025-08-15,Grass cutting,Gampaha,PRO-GRA-17,0,Low,0,1,0,0,0,1,0
2025-08-15,Child care,Gampaha,PRO-CHI-06,37,Low,0,1,0,0,0,1,0
2025-08-15,Plumbing,Colombo,PRO-PLU-06,2,Low,0,1,0,0,0,1,0
2025-08-15,Electrical repairs,Gampaha,PRO-ELE-04,0,Low,0,1,0,0,0,1,0
2025-08-15,Grass cutting,Gampaha,PRO-GRA-18,2,Low,0,1,0,0,0,1,0
2025-08-15,Electrical repairs,Colombo,PRO-ELE-06,1,Low,0,1,0,0,0,1,0
2025-08-15,Grass cutting,Gampaha,PRO-GRA-14,0,Low,0,1,0,0,0,1,0
2025-08-15,Grass cutting,Gampaha,PRO-GRA-07,0,Low,0,1,0,0,0,1,0
2025-08-15,Plumbing,Colombo,PRO-PLU-08,2,Low,0,1,0,0,0,1,0
2025-08-15,House cleaning,Gampaha,PRO-HOU-01,7,Low,0,1,0,0,0,1,0
2025-08-15,Grass cutting,Colombo,PRO-GRA-11,2,Low,0,1,0,0,0,1,0
2025-08-15,Grass cutting,Colombo,PRO-GRA-16,2,Low,0,1,0,0,0,1,0
2025-08-15,Electrical repairs,Colombo,PRO-ELE-01,0,Low,0,1,0,0,0,1,0
2025-08-15,Plumbing,Colombo,PRO-PLU-03,0,Low,0,1,0,0,0,1,0
2025-08-15,Plumbing,Colombo,PRO-PLU-04,0,Low,0,1,0,0,0,1,0
2025-08-15,Plumbing,Colombo,PRO-PLU-05,0,Low,0,1,0,0,0,1,0
2025-08-16,Plumbing,Gampaha,PRO-PLU-06,16,High,1,0,0,0,0,0,1
2025-08-16,Electrical repairs,Colombo,PRO-ELE-02,16,High,1,0,0,0,0,0,1
2025-08-16,Child care,Colombo,PRO-CHI-01,26,High,1,0,0,0,0,0,1
2025-08-16,Plumbing,Colombo,PRO-PLU-07,17,High,1,0,0,0,0,0,1
2025-08-16,Plumbing,Colombo,PRO-PLU-08,15,High,1,0,0,0,0,0,1
2025-08-16,Grass cutting,Colombo,PRO-GRA-11,0,High,1,0,0,0,0,0,1
2025-08-16,Plumbing,Gampaha,PRO-PLU-02,15,High,1,0,0,0,0,0,1
2025-08-16,Plumbing,Gampaha,PRO-PLU-04,16,High,1,0,0,0,0,0,1
2025-08-16,Plumbing,Gampaha,PRO-PLU-01,17,High,1,0,0,0,0,0,1
2025-08-16,Grass cutting,Gampaha,PRO-GRA-18,0,High,1,0,0,0,0,0,1
2025-08-16,Child care,Colombo,PRO-CHI-02,26,High,1,0,0,0,0,0,1
2025-08-16,Electrical repairs,Colombo,PRO-ELE-03,17,High,1,0,0,0,0,0,1
2025-08-16,Electrical repairs,Colombo,PRO-ELE-07,15,High,1,0,0,0,0,0,1
2025-08-16,Plumbing,Colombo,PRO-PLU-03,15,High,1,0,0,0,0,0,1
2025-08-16,Child care,Gampaha,PRO-CHI-07,27,High,1,0,0,0,0,0,1
2025-08-17,Grass cutting,Gampaha,PRO-GRA-15,0,High,1,0,0,0,0,0,2
2025-08-17,Plumbing,Gampaha,PRO-PLU-07,15,High,1,0,0,0,0,0,2
2025-08-17,Painting,Colombo,PRO-PAI-11,2,High,1,0,0,0,0,0,2
2025-08-17,Electrical repairs,Colombo,PRO-ELE-05,15,High,1,0,0,0,0,0,2
2025-08-17,Grass cutting,Colombo,PRO-GRA-08,0,High,1,0,0,0,0,0,2
2025-08-17,Child care,Gampaha,PRO-CHI-08,25,High,1,0,0,0,0,0,2
2025-08-17,Child care,Gampaha,PRO-CHI-05,25,High,1,0,0,0,0,0,2
2025-08-17,Child care,Colombo,PRO-CHI-01,25,High,1,0,0,0,0,0,2
2025-08-17,Plumbing,Gampaha,PRO-PLU-03,16,High,1,0,0,0,0,0,2
2025-08-17,Plumbing,Gampaha,PRO-PLU-06,15,High,1,0,0,0,0,0,2
2025-08-17,Child care,Gampaha,PRO-CHI-04,27,High,1,0,0,0,0,0,2
2025-08-17,Electrical repairs,Gampaha,PRO-ELE-06,17,High,1,0,0,0,0,0,2
2025-08-17,Grass cutting,Colombo,PRO-GRA-11,0,High,1,0,0,0,0,0,2
2025-08-17,Plumbing,Colombo,PRO-PLU-08,17,High,1,0,0,0,0,0,2
2025-08-17,Grass cutting,Gampaha,PRO-GRA-16,0,High,1,0,0,0,0,0,2
2025-08-17,Plumbing,Gampaha,PRO-PLU-04,16,High,1,0,0,0,0,0,2
2025-08-17,Electrical repairs,Colombo,PRO-ELE-02,17,High,1,0,0,0,0,0,2
2025-08-17,Plumbing,Gampaha,PRO-PLU-05,17,High,1,0,0,0,0,0,2
2025-08-17,Plumbing,Colombo,PRO-PLU-01,15,High,1,0,0,0,0,0,2
2025-08-17,Plumbing,Colombo,PRO-PLU-02,15,High,1,0,0,0,0,0,2
2025-08-18,Plumbing,Colombo,PRO-PLU-05,25,Low,0,1,0,0,0,1,0
2025-08-18,Grass cutting,Colombo,PRO-GRA-12,27,Low,0,1,0,0,0,1,0
2025-08-18,Grass cutting,Gampaha,PRO-GRA-09,26,Low,0,1,0,0,0,1,0
2025-08-18,Plumbing,Colombo,PRO-PLU-08,26,Low,0,1,0,0,0,1,0
2025-08-18,Child care,Colombo,PRO-CHI-05,35,Low,0,1,0,0,0,1,0
2025-08-18,Grass cutting,Colombo,PRO-GRA-17,27,Low,0,1,0,0,0,1,0
2025-08-18,Plumbing,Gampaha,PRO-PLU-02,27,Low,0,1,0,0,0,1,0
2025-08-18,Grass cutting,Gampaha,PRO-GRA-08,27,Low,0,1,0,0,0,1,0
2025-08-18,Plumbing,Gampaha,PRO-PLU-04,25,Low,0,1,0,0,0,1,0
2025-08-18,Child care,Gampaha,PRO-CHI-03,36,Low,0,1,0,0,0,1,0
2025-08-18,Grass cutting,Colombo,PRO-GRA-04,27,Low,0,1,0,0,0,1,0
2025-08-18,Electrical repairs,Colombo,PRO-ELE-06,1,Low,0,1,0,0,0,1,0
2025-08-18,Plumbing,Colombo,PRO-PLU-01,27,Low,0,1,0,0,0,1,0
2025-08-18,Plumbing,Colombo,PRO-PLU-06,25,Low,0,1,0,0,0,1,0
2025-08-18,Grass cutting,Gampaha,PRO-GRA-15,27,Low,0,1,0,0,0,1,0
2025-08-18,Plumbing,Gampaha,PRO-PLU-03,25,Low,0,1,0,0,0,1,0
2025-08-18,Electrical repairs,Gampaha,PRO-ELE-03,2,Low,0,1,0,0,0,1,0
2025-08-18,Child care,Colombo,PRO-CHI-08,36,Low,0,1,0,0,0,1,0
2025-08-19,Grass cutting,Colombo,PRO-GRA-01,0,Low,0,1,0,0,0,2,0
2025-08-19,Plumbing,Gampaha,PRO-PLU-03,2,Low,0,1,0,0,0,2,0
2025-08-19,Plumbing,Colombo,PRO-PLU-05,0,Low,0,1,0,0,0,2,0
2025-08-19,Grass cutting,Gampaha,PRO-GRA-17,0,Low,0,1,0,0,0,2,0
2025-08-19,Plumbing,Gampaha,PRO-PLU-02,0,Low,0,1,0,0,0,2,0
2025-08-19,Grass cutting,Gampaha,PRO-GRA-10,0,Low,0,1,0,0,0,2,0
2025-08-19,Grass cutting,Gampaha,PRO-GRA-14,1,Low,0,1,0,0,0,2,0
2025-08-19,Grass cutting,Colombo,PRO-GRA-11,1,Low,0,1,0,0,0,2,0
2025-08-19,Grass cutting,Gampaha,PRO-GRA-15,0,Low,0,1,0,0,0,2,0
2025-08-19,Plumbing,Gampaha,PRO-PLU-01,0,Low,0,1,0,0,0,2,0
2025-08-19,Electrical repairs,Colombo,PRO-ELE-06,0,Low,0,1,0,0,0,2,0
2025-08-19,Electrical repairs,Gampaha,PRO-ELE-08,0,Low,0,1,0,0,0,2,0
2025-08-19,Plumbing,Gampaha,PRO-PLU-08,0,Low,0,1,0,0,0,2,0
2025-08-19,Plumbing,Gampaha,PRO-PLU-06,1,Low,0,1,0,0,0,2,0
2025-08-19,Electrical repairs,Gampaha,PRO-ELE-04,2,Low,0,1,0,0,0,2,0
2025-08-19,Plumbing,Colombo,PRO-PLU-04,0,Low,0,1,0,0,0,2,0
2025-08-19,Electrical repairs,Colombo,PRO-ELE-05,1,Low,0,1,0,0,0,2,0
2025-08-19,Electrical repairs,Gampaha,PRO-ELE-02,0,Low,0,1,0,0,0,2,0
2025-08-19,Child care,Gampaha,PRO-CHI-04,37,Low,0,1,0,0,0,2,0
2025-08-19,Plumbing,Gampaha,PRO-PLU-07,2,Low,0,1,0,0,0,2,0
2025-08-19,Grass cutting,Colombo,PRO-GRA-06,0,Low,0,1,0,0,0,2,0
2025-08-19,Child care,Colombo,PRO-CHI-02,35,Low,0,1,0,0,0,2,0
2025-08-20,Grass cutting,Gampaha,PRO-GRA-05,0,Low,0,1,0,0,0,3,0
2025-08-20,Child care,Gampaha,PRO-CHI-05,37,Low,0,1,0,0,0,3,0
2025-08-20,Grass cutting,Colombo,PRO-GRA-08,2,Low,0,1,0,0,0,3,0
2025-08-20,Electrical repairs,Gampaha,PRO-ELE-06,0,Low,0,1,0,0,0,3,0
2025-08-20,Plumbing,Gampaha,PRO-PLU-07,0,Low,0,1,0,0,0,3,0
2025-08-20,Grass cutting,Gampaha,PRO-GRA-13,0,Low,0,1,0,0,0,3,0
2025-08-20,Plumbing,Gampaha,PRO-PLU-05,1,Low,0,1,0,0,0,3,0
2025-08-20,Plumbing,Gampaha,PRO-PLU-02,2,Low,0,1,0,0,0,3,0
2025-08-20,Electrical repairs,Colombo,PRO-ELE-02,0,Low,0,1,0,0,0,3,0
2025-08-20,Plumbing,Gampaha,PRO-PLU-03,0,Low,0,1,0,0,0,3,0
2025-08-20,Grass cutting,Gampaha,PRO-GRA-10,1,Low,0,1,0,0,0,3,0
2025-08-20,Plumbing,Gampaha,PRO-PLU-06,1,Low,0,1,0,0,0,3,0
2025-08-20,Plumbing,Colombo,PRO-PLU-08,0,Low,0,1,0,0,0,3,0
2025-08-20,Electrical repairs,Gampaha,PRO-ELE-04,2,Low,0,1,0,0,0,3,0
2025-08-20,Grass cutting,Gampaha,PRO-GRA-12,2,Low,0,1,0,0,0,3,0
2025-08-20,Child care,Gampaha,PRO-CHI-02,36,Low,0,1,0,0,0,3,0
2025-08-20,Plumbing,Gampaha,PRO-PLU-04,2,Low,0,1,0,0,0,3,0
2025-08-20,Child care,Gampaha,PRO-CHI-03,36,Low,0,1,0,0,0,3,0
2025-08-20,Grass cutting,Gampaha,PRO-GRA-03,0,Low,0,1,0,0,0,3,0
2025-08-21,Grass cutting,Colombo,PRO-GRA-18,0,Low,0,1,0,0,0,4,0
2025-08-21,Plumbing,Colombo,PRO-PLU-06,0,Low,0,1,0,0,0,4,0
2025-08-21,Plumbing,Colombo,PRO-PLU-03,0,Low,0,1,0,0,0,4,0
2025-08-21,Electrical repairs,Colombo,PRO-ELE-04,0,Low,0,1,0,0,0,4,0
2025-08-21,Grass cutting,Gampaha,PRO-GRA-10,1,Low,0,1,0,0,0,4,0
2025-08-21,Plumbing,Colombo,PRO-PLU-08,2,Low,0,1,0,0,0,4,0
2025-08-21,Plumbing,Colombo,PRO-PLU-07,0,Low,0,1,0,0,0,4,0
2025-08-21,Plumbing,Colombo,PRO-PLU-02,0,Low,0,1,0,0,0,4,0
2025-08-21,Grass cutting,Colombo,PRO-GRA-08,1,Low,0,1,0,0,0,4,0
2025-08-21,Electrical repairs,Gampaha,PRO-ELE-02,1,Low,0,1,0,0,0,4,0
2025-08-21,Grass cutting,Colombo,PRO-GRA-14,2,Low,0,1,0,0,0,4,0
2025-08-21,Plumbing,Colombo,PRO-PLU-01,0,Low,0,1,0,0,0,4,0
2025-08-21,Child care,Colombo,PRO-CHI-03,35,Low,0,1,0,0,0,4,0
2025-08-21,Grass cutting,Colombo,PRO-GRA-04,0,Low,0,1,0,0,0,4,0
2025-08-21,Grass cutting,Gampaha,PRO-GRA-15,0,Low,0,1,0,0,0,4,0
2025-08-21,Plumbing,Gampaha,PRO-PLU-05,1,Low,0,1,0,0,0,4,0
2025-08-21,Grass cutting,Colombo,PRO-GRA-07,0,Low,0,1,0,0,0,4,0
2025-08-21,Grass cutting,Gampaha,PRO-GRA-12,1,Low,0,1,0,0,0,4,0
2025-08-21,Plumbing,Gampaha,PRO-PLU-04,2,Low,0,1,0,0,0,4,0
2025-08-21,Grass cutting,Gampaha,PRO-GRA-06,2,Low,0,1,0,0,0,4,0
2025-08-21,Grass cutting,Gampaha,PRO-GRA-13,0,Low,0,1,0,0,0,4,0
2025-08-22,Grass cutting,Gampaha,PRO-GRA-05,15,Low,0,1,0,0,0,5,0
2025-08-22,Grass cutting,Gampaha,PRO-GRA-01,15,Low,0,1,0,0,0,5,0
2025-08-22,Grass cutting,Gampaha,PRO-GRA-11,15,Low,0,1,0,0,0,5,0
2025-08-22,Child care,Gampaha,PRO-CHI-08,35,Low,0,1,0,0,0,5,0
2025-08-22,Grass cutting,Colombo,PRO-GRA-08,17,Low,0,1,0,0,0,5,0
2025-08-22,Plumbing,Colombo,PRO-PLU-04,0,Low,0,1,0,0,0,5,0
2025-08-22,Grass cutting,Gampaha,PRO-GRA-16,17,Low,0,1,0,0,0,5,0
2025-08-22,Plumbing,Gampaha,PRO-PLU-02,0,Low,0,1,0,0,0,5,0
2025-08-22,Plumbing,Colombo,PRO-PLU-07,2,Low,0,1,0,0,0,5,0
2025-08-22,Grass cutting,Colombo,PRO-GRA-04,17,Low,0,1,0,0,0,5,0
2025-08-22,Plumbing,Gampaha,PRO-PLU-05,0,Low,0,1,0,0,0,5,0
2025-08-22,Plumbing,Colombo,PRO-PLU-08,0,Low,0,1,0,0,0,5,0
2025-08-22,Plumbing,Colombo,PRO-PLU-06,1,Low,0,1,0,0,0,5,0
2025-08-22,Plumbing,Gampaha,PRO-PLU-01,0,Low,0,1,0,0,0,5,0
2025-08-23,Plumbing,Gampaha,PRO-PLU-02,15,High,1,0,0,0,0,0,1
2025-08-23,Grass cutting,Gampaha,PRO-GRA-07,0,High,1,0,0,0,0,0,1
2025-08-23,Watering,Colombo,PRO-WAT-05,2,High,1,0,0,0,0,0,1
2025-08-23,Plumbing,Colombo,PRO-PLU-03,15,High,1,0,0,0,0,0,1
2025-08-23,Grass cutting,Gampaha,PRO-GRA-03,0,High,1,0,0,0,0,0,1
2025-08-23,Plumbing,Gampaha,PRO-PLU-05,16,High,1,0,0,0,0,0,1
2025-08-23,Grass cutting,Colombo,PRO-GRA-01,0,High,1,0,0,0,0,0,1
2025-08-23,Grass cutting,Gampaha,PRO-GRA-11,0,High,1,0,0,0,0,0,1
2025-08-23,Plumbing,Colombo,PRO-PLU-07,15,High,1,0,0,0,0,0,1
2025-08-23,Child care,Colombo,PRO-CHI-05,25,High,1,0,0,0,0,0,1
2025-08-23,Grass cutting,Gampaha,PRO-GRA-18,0,High,1,0,0,0,0,0,1
2025-08-23,Electrical repairs,Colombo,PRO-ELE-05,15,High,1,0,0,0,0,0,1
2025-08-23,Child care,Colombo,PRO-CHI-08,26,High,1,0,0,0,0,0,1
2025-08-23,Plumbing,Gampaha,PRO-PLU-04,17,High,1,0,0,0,0,0,1
2025-08-23,Plumbing,Gampaha,PRO-PLU-01,16,High,1,0,0,0,0,0,1
2025-08-23,Child care,Gampaha,PRO-CHI-03,26,High,1,0,0,0,0,0,1
2025-08-23,Grass cutting,Colombo,PRO-GRA-08,0,High,1,0,0,0,0,0,1
2025-08-23,Grass cutting,Gampaha,PRO-GRA-16,0,High,1,0,0,0,0,0,1
2025-08-23,Plumbing,Colombo,PRO-PLU-08,16,High,1,0,0,0,0,0,1
2025-08-23,Child care,Gampaha,PRO-CHI-07,26,High,1,0,0,0,0,0,1
2025-08-24,Grass cutting,Colombo,PRO-GRA-12,0,Low,0,1,0,0,0,1,0
2025-08-24,Plumbing,Gampaha,PRO-PLU-07,2,Low,0,1,0,0,0,1,0
2025-08-24,Grass cutting,Colombo,PRO-GRA-15,1,Low,0,1,0,0,0,1,0
2025-08-24,Grass cutting,Colombo,PRO-GRA-02,0,Low,0,1,0,0,0,1,0
2025-08-24,Plumbing,Gampaha,PRO-PLU-03,1,Low,0,1,0,0,0,1,0
2025-08-24,Grass cutting,Gampaha,PRO-GRA-03,0,Low,0,1,0,0,0,1,0
2025-08-24,Plumbing,Gampaha,PRO-PLU-05,2,Low,0,1,0,0,0,1,0
2025-08-24,Grass cutting,Gampaha,PRO-GRA-08,2,Low,0,1,0,0,0,1,0
2025-08-24,Child care,Colombo,PRO-CHI-07,27,Low,0,1,0,0,0,1,0
2025-08-24,Plumbing,Colombo,PRO-PLU-04,0,Low,0,1,0,0,0,1,0
2025-08-24,Grass cutting,Colombo,PRO-GRA-18,0,Low,0,1,0,0,0,1,0
2025-08-24,Child care,Gampaha,PRO-CHI-01,25,Low,0,1,0,0,0,1,0
2025-08-24,Electrical repairs,Colombo,PRO-ELE-02,7,Low,0,1,0,0,0,1,0
2025-08-24,Plumbing,Colombo,PRO-PLU-01,0,Low,0,1,0,0,0,1,0
2025-08-24,Grass cutting,Gampaha,PRO-GRA-10,2,Low,0,1,0,0,0,1,0
2025-08-24,Grass cutting,Colombo,PRO-GRA-13,1,Low,0,1,0,0,0,1,0
2025-08-24,Grass cutting,Gampaha,PRO-GRA-01,1,Low,0,1,0,0,0,1,0
2025-08-24,Electrical repairs,Gampaha,PRO-ELE-01,6,Low,0,1,0,0,0,1,0
2025-08-24,Electrical repairs,Colombo,PRO-ELE-03,6,Low,0,1,0,0,0,1,0
2025-08-24,Plumbing,Gampaha,PRO-PLU-08,0,Low,0,1,0,0,0,1,0
2025-08-24,Plumbing,Gampaha,PRO-PLU-06,2,Low,0,1,0,0,0,1,0
2025-08-24,Plumbing,Colombo,PRO-PLU-02,2,Low,0,1,0,0,0,1,0
2025-08-25,Grass cutting,Colombo,PRO-GRA-17,1,Low,0,1,0,0,0,2,0
2025-08-25,Plumbing,Colombo,PRO-PLU-06,0,Low,0,1,0,0,0,2,0
2025-08-25,Grass cutting,Colombo,PRO-GRA-05,0,Low,0,1,0,0,0,2,0
2025-08-25,Electrical repairs,Colombo,PRO-ELE-01,2,Low,0,1,0,0,0,2,0
2025-08-25,Plumbing,Colombo,PRO-PLU-03,0,Low,0,1,0,0,0,2,0
2025-08-25,Plumbing,Colombo,PRO-PLU-02,2,Low,0,1,0,0,0,2,0
2025-08-25,Grass cutting,Gampaha,PRO-GRA-10,2,Low,0,1,0,0,0,2,0
2025-08-25,Plumbing,Colombo,PRO-PLU-08,1,Low,0,1,0,0,0,2,0
2025-08-25,Grass cutting,Colombo,PRO-GRA-09,2,Low,0,1,0,0,0,2,0
2025-08-25,Plumbing,Gampaha,PRO-PLU-04,1,Low,0,1,0,0,0,2,0
2025-08-25,Plumbing,Colombo,PRO-PLU-07,0,Low,0,1,0,0,0,2,0
2025-08-25,Electrical repairs,Gampaha,PRO-ELE-04,2,Low,0,1,0,0,0,2,0
2025-08-25,Plumbing,Gampaha,PRO-PLU-01,2,Low,0,1,0,0,0,2,0
2025-08-25,Grass cutting,Gampaha,PRO-GRA-01,0,Low,0,1,0,0,0,2,0
2025-08-25,Child care,Colombo,PRO-CHI-02,37,Low,0,1,0,0,0,2,0
2025-08-25,Plumbing,Colombo,PRO-PLU-05,1,Low,0,1,0,0,0,2,0
2025-08-25,Grass cutting,Gampaha,PRO-GRA-08,1,Low,0,1,0,0,0,2,0
2025-08-26,Plumbing,Colombo,PRO-PLU-03,1,Low,0,1,0,0,0,3,0
2025-08-26,Grass cutting,Gampaha,PRO-GRA-18,0,Low,0,1,0,0,0,3,0
2025-08-26,Child care,Gampaha,PRO-CHI-01,35,Low,0,1,0,0,0,3,0
2025-08-26,Plumbing,Gampaha,PRO-PLU-02,0,Low,0,1,0,0,0,3,0
2025-08-26,Plumbing,Colombo,PRO-PLU-04,1,Low,0,1,0,0,0,3,0
2025-08-26,Plumbing,Gampaha,PRO-PLU-01,1,Low,0,1,0,0,0,3,0
2025-08-26,Child care,Gampaha,PRO-CHI-02,37,Low,0,1,0,0,0,3,0
2025-08-26,Plumbing,Colombo,PRO-PLU-07,2,Low,0,1,0,0,0,3,0
2025-08-26,Grass cutting,Colombo,PRO-GRA-09,0,Low,0,1,0,0,0,3,0
2025-08-26,Grass cutting,Colombo,PRO-GRA-03,1,Low,0,1,0,0,0,3,0
2025-08-26,Plumbing,Colombo,PRO-PLU-06,1,Low,0,1,0,0,0,3,0
2025-08-26,Grass cutting,Colombo,PRO-GRA-07,2,Low,0,1,0,0,0,3,0
2025-08-26,Plumbing,Colombo,PRO-PLU-05,0,Low,0,1,0,0,0,3,0
2025-08-26,Grass cutting,Gampaha,PRO-GRA-15,1,Low,0,1,0,0,0,3,0
2025-08-27,Plumbing,Colombo,PRO-PLU-05,0,Low,0,1,1,0,0,4,0
2025-08-27,Electrical repairs,Gampaha,PRO-ELE-05,0,Low,0,1,1,0,0,4,0
2025-08-27,Plumbing,Gampaha,PRO-PLU-02,2,Low,0,1,1,0,0,4,0
2025-08-27,Roofing,Gampaha,PRO-ROO-01,1,Low,0,1,1,0,0,4,0
2025-08-27,Plumbing,Gampaha,PRO-PLU-04,0,Low,0,1,1,0,0,4,0
2025-08-27,Electrical repairs,Gampaha,PRO-ELE-08,2,Low,0,1,1,0,0,4,0
2025-08-27,Child care,Colombo,PRO-CHI-05,27,Low,0,1,1,0,0,4,0
2025-08-27,Painting,Colombo,PRO-PAI-01,36,Low,0,1,1,0,0,4,0
2025-08-27,Plumbing,Gampaha,PRO-PLU-07,0,Low,0,1,1,0,0,4,0
2025-08-27,Child care,Colombo,PRO-CHI-08,26,Low,0,1,1,0,0,4,0
2025-08-27,Child care,Colombo,PRO-CHI-01,26,Low,0,1,1,0,0,4,0
2025-08-27,Grass cutting,Gampaha,PRO-GRA-09,2,Low,0,1,1,0,0,4,0
2025-08-27,Child care,Gampaha,PRO-CHI-03,26,Low,0,1,1,0,0,4,0
2025-08-27,Plumbing,Colombo,PRO-PLU-06,1,Low,0,1,1,0,0,4,0
2025-08-27,Electrical repairs,Colombo,PRO-ELE-03,0,Low,0,1,1,0,0,4,0
2025-08-27,Plumbing,Gampaha,PRO-PLU-03,1,Low,0,1,1,0,0,4,0
2025-08-27,Plumbing,Gampaha,PRO-PLU-01,2,Low,0,1,1,0,0,4,0
2025-08-27,Grass cutting,Colombo,PRO-GRA-01,0,Low,0,1,1,0,0,4,0
2025-08-27,Grass cutting,Gampaha,PRO-GRA-03,1,Low,0,1,1,0,0,4,0
2025-08-27,Grass cutting,Colombo,PRO-GRA-06,2,Low,0,1,1,0,0,4,0
2025-08-27,Electrical repairs,Gampaha,PRO-ELE-07,2,Low,0,1,1,0,0,4,0
2025-08-27,Plumbing,Gampaha,PRO-PLU-08,0,Low,0,1,1,0,0,4,0
2025-08-28,Grass cutting,Colombo,PRO-GRA-10,0,High,1,0,0,0,0,0,1
2025-08-28,Grass cutting,Colombo,PRO-GRA-01,0,High,1,0,0,0,0,0,1
2025-08-28,Electrical repairs,Gampaha,PRO-ELE-02,11,High,1,0,0,0,0,0,1
2025-08-28,Plumbing,Colombo,PRO-PLU-06,2,High,1,0,0,0,0,0,1
2025-08-28,Grass cutting,Gampaha,PRO-GRA-15,0,High,1,0,0,0,0,0,1
2025-08-28,Plumbing,Gampaha,PRO-PLU-07,0,High,1,0,0,0,0,0,1
2025-08-28,Plumbing,Colombo,PRO-PLU-08,2,High,1,0,0,0,0,0,1
2025-08-28,Plumbing,Colombo,PRO-PLU-05,1,High,1,0,0,0,0,0,1
2025-08-28,Grass cutting,Gampaha,PRO-GRA-06,0,High,1,0,0,0,0,0,1
2025-08-28,Grass cutting,Colombo,PRO-GRA-18,0,High,1,0,0,0,0,0,1
2025-08-28,Plumbing,Gampaha,PRO-PLU-02,2,High,1,0,0,0,0,0,1
2025-08-28,Child care,Colombo,PRO-CHI-07,35,High,1,0,0,0,0,0,1
2025-08-28,Grass cutting,Gampaha,PRO-GRA-13,0,High,1,0,0,0,0,0,1
2025-08-28,Grass cutting,Colombo,PRO-GRA-07,0,High,1,0,0,0,0,0,1
2025-08-28,Plumbing,Gampaha,PRO-PLU-04,0,High,1,0,0,0,0,0,1
2025-08-28,Grass cutting,Gampaha,PRO-GRA-03,0,High,1,0,0,0,0,0,1
2025-08-28,Plumbing,Colombo,PRO-PLU-03,1,High,1,0,0,0,0,0,1
2025-08-28,Grass cutting,Colombo,PRO-GRA-12,0,High,1,0,0,0,0,0,1
2025-08-29,Grass cutting,Gampaha,PRO-GRA-09,0,High,1,0,0,0,0,0,2
2025-08-29,Grass cutting,Colombo,PRO-GRA-05,0,High,1,0,0,0,0,0,2
2025-08-29,Grass cutting,Colombo,PRO-GRA-17,0,High,1,0,0,0,0,0,2
2025-08-29,Electrical repairs,Gampaha,PRO-ELE-03,10,High,1,0,0,0,0,0,2
2025-08-29,Child care,Colombo,PRO-CHI-03,35,High,1,0,0,0,0,0,2
2025-08-29,Plumbing,Colombo,PRO-PLU-06,0,High,1,0,0,0,0,0,2
2025-08-29,Plumbing,Gampaha,PRO-PLU-04,2,High,1,0,0,0,0,0,2
2025-08-29,Grass cutting,Gampaha,PRO-GRA-04,0,High,1,0,0,0,0,0,2
2025-08-29,Plumbing,Colombo,PRO-PLU-07,0,High,1,0,0,0,0,0,2
2025-08-29,Child care,Gampaha,PRO-CHI-04,37,High,1,0,0,0,0,0,2
2025-08-29,Painting,Gampaha,PRO-PAI-03,0,High,1,0,0,0,0,0,2
2025-08-29,Child care,Gampaha,PRO-CHI-07,36,High,1,0,0,0,0,0,2
2025-08-29,Grass cutting,Gampaha,PRO-GRA-03,0,High,1,0,0,0,0,0,2
2025-08-29,Plumbing,Gampaha,PRO-PLU-02,1,High,1,0,0,0,0,0,2
2025-08-29,Plumbing,Gampaha,PRO-PLU-08,1,High,1,0,0,0,0,0,2
2025-08-29,Grass cutting,Gampaha,PRO-GRA-01,0,High,1,0,0,0,0,0,2
2025-08-29,Electrical repairs,Gampaha,PRO-ELE-07,11,High,1,0,0,0,0,0,2
2025-08-29,Plumbing,Colombo,PRO-PLU-05,2,High,1,0,0,0,0,0,2
2025-08-29,Plumbing,Colombo,PRO-PLU-01,0,High,1,0,0,0,0,0,2
2025-08-29,Child care,Colombo,PRO-CHI-08,35,High,1,0,0,0,0,0,2
2025-08-29,Plumbing,Colombo,PRO-PLU-03,1,High,1,0,0,0,0,0,2
2025-08-29,Roofing,Colombo,PRO-ROO-07,31,High,1,0,0,0,0,0,2
2025-08-30,Plumbing,Colombo,PRO-PLU-06,17,High,1,0,0,0,0,0,3
2025-08-30,Grass cutting,Gampaha,PRO-GRA-15,0,High,1,0,0,0,0,0,3
2025-08-30,Child care,Colombo,PRO-CHI-04,26,High,1,0,0,0,0,0,3
2025-08-30,Grass cutting,Gampaha,PRO-GRA-14,0,High,1,0,0,0,0,0,3
2025-08-30,Child care,Gampaha,PRO-CHI-07,27,High,1,0,0,0,0,0,3
2025-08-30,Grass cutting,Colombo,PRO-GRA-18,0,High,1,0,0,0,0,0,3
2025-08-30,Grass cutting,Gampaha,PRO-GRA-16,0,High,1,0,0,0,0,0,3
2025-08-30,Electrical repairs,Gampaha,PRO-ELE-06,15,High,1,0,0,0,0,0,3
2025-08-30,Plumbing,Colombo,PRO-PLU-07,17,High,1,0,0,0,0,0,3
2025-08-30,Electrical repairs,Gampaha,PRO-ELE-02,16,High,1,0,0,0,0,0,3
2025-08-30,Plumbing,Colombo,PRO-PLU-02,15,High,1,0,0,0,0,0,3
2025-08-30,Plumbing,Colombo,PRO-PLU-05,17,High,1,0,0,0,0,0,3
2025-08-30,Plumbing,Gampaha,PRO-PLU-03,16,High,1,0,0,0,0,0,3
2025-08-30,Grass cutting,Colombo,PRO-GRA-03,0,High,1,0,0,0,0,0,3
2025-08-30,Child care,Gampaha,PRO-CHI-02,27,High,1,0,0,0,0,0,3
2025-08-30,Plumbing,Gampaha,PRO-PLU-04,15,High,1,0,0,0,0,0,3
2025-08-30,Grass cutting,Gampaha,PRO-GRA-05,0,High,1,0,0,0,0,0,3
2025-08-30,Plumbing,Gampaha,PRO-PLU-08,17,High,1,0,0,0,0,0,3
2025-08-30,Grass cutting,Gampaha,PRO-GRA-17,0,High,1,0,0,0,0,0,3
2025-08-31,Plumbing,Gampaha,PRO-PLU-07,16,High,1,0,0,0,0,0,4
2025-08-31,Plumbing,Gampaha,PRO-PLU-01,17,High,1,0,0,0,0,0,4
2025-08-31,Child care,Colombo,PRO-CHI-01,27,High,1,0,0,0,0,0,4
2025-08-31,Child care,Colombo,PRO-CHI-06,25,High,1,0,0,0,0,0,4
2025-08-31,Electrical repairs,Gampaha,PRO-ELE-01,15,High,1,0,0,0,0,0,4
2025-08-31,Grass cutting,Gampaha,PRO-GRA-01,0,High,1,0,0,0,0,0,4
2025-08-31,Plumbing,Gampaha,PRO-PLU-03,16,High,1,0,0,0,0,0,4
2025-08-31,Electrical repairs,Gampaha,PRO-ELE-02,15,High,1,0,0,0,0,0,4
2025-08-31,Grass cutting,Colombo,PRO-GRA-15,0,High,1,0,0,0,0,0,4
2025-08-31,Plumbing,Colombo,PRO-PLU-02,17,High,1,0,0,0,0,0,4
2025-08-31,Plumbing,Colombo,PRO-PLU-04,16,High,1,0,0,0,0,0,4
2025-08-31,Grass cutting,Gampaha,PRO-GRA-08,0,High,1,0,0,0,0,0,4
2025-08-31,Plumbing,Gampaha,PRO-PLU-06,16,High,1,0,0,0,0,0,4
2025-08-31,Plumbing,Gampaha,PRO-PLU-05,16,High,1,0,0,0,0,0,4
2025-09-01,Plumbing,Gampaha,PRO-PLU-07,0,High,1,0,0,0,0,0,5
2025-09-01,Plumbing,Gampaha,PRO-PLU-06,1,High,1,0,0,0,0,0,5
2025-09-01,Plumbing,Colombo,PRO-PLU-01,0,High,1,0,0,0,0,0,5
2025-09-01,Plumbing,Colombo,PRO-PLU-02,2,High,1,0,0,0,0,0,5
2025-09-01,Electrical repairs,Colombo,PRO-ELE-06,12,High,1,0,0,0,0,0,5
2025-09-01,Plumbing,Gampaha,PRO-PLU-03,0,High,1,0,0,0,0,0,5
2025-09-01,Grass cutting,Colombo,PRO-GRA-10,0,High,1,0,0,0,0,0,5
2025-09-01,Grass cutting,Colombo,PRO-GRA-13,0,High,1,0,0,0,0,0,5
2025-09-01,Grass cutting,Gampaha,PRO-GRA-18,0,High,1,0,0,0,0,0,5
2025-09-01,Grass cutting,Colombo,PRO-GRA-05,0,High,1,0,0,0,0,0,5
2025-09-01,Plumbing,Colombo,PRO-PLU-05,1,High,1,0,0,0,0,0,5
2025-09-01,Plumbing,Colombo,PRO-PLU-08,2,High,1,0,0,0,0,0,5
2025-09-01,Electrical repairs,Colombo,PRO-ELE-08,12,High,1,0,0,0,0,0,5
2025-09-01,Child care,Gampaha,PRO-CHI-06,12,High,1,0,0,0,0,0,5
2025-09-01,Electrical repairs,Gampaha,PRO-ELE-02,12,High,1,0,0,0,0,0,5
2025-09-01,Child care,Gampaha,PRO-CHI-01,10,High,1,0,0,0,0,0,5
2025-09-01,Plumbing,Colombo,PRO-PLU-04,1,High,1,0,0,0,0,0,5
2025-09-01,Electrical repairs,Colombo,PRO-ELE-03,10,High,1,0,0,0,0,0,5
2025-09-02,Grass cutting,Colombo,PRO-GRA-18,27,Low,0,1,0,0,0,1,0
2025-09-02,Grass cutting,Colombo,PRO-GRA-02,25,Low,0,1,0,0,0,1,0
2025-09-02,Grass cutting,Gampaha,PRO-GRA-09,26,Low,0,1,0,0,0,1,0
2025-09-02,Child care,Gampaha,PRO-CHI-05,11,Low,0,1,0,0,0,1,0
2025-09-02,Grass cutting,Colombo,PRO-GRA-07,26,Low,0,1,0,0,0,1,0
2025-09-02,Plumbing,Gampaha,PRO-PLU-01,26,Low,0,1,0,0,0,1,0
2025-09-02,Plumbing,Gampaha,PRO-PLU-03,25,Low,0,1,0,0,0,1,0
2025-09-02,Plumbing,Colombo,PRO-PLU-07,25,Low,0,1,0,0,0,1,0
2025-09-02,Plumbing,Gampaha,PRO-PLU-02,25,Low,0,1,0,0,0,1,0
2025-09-02,Plumbing,Colombo,PRO-PLU-05,25,Low,0,1,0,0,0,1,0
2025-09-02,Plumbing,Colombo,PRO-PLU-06,25,Low,0,1,0,0,0,1,0
2025-09-02,Electrical repairs,Gampaha,PRO-ELE-07,2,Low,0,1,0,0,0,1,0
2025-09-02,Grass cutting,Gampaha,PRO-GRA-03,25,Low,0,1,0,0,0,1,0
2025-09-02,Plumbing,Colombo,PRO-PLU-04,26,Low,0,1,0,0,0,1,0
2025-09-02,Plumbing,Gampaha,PRO-PLU-08,27,Low,0,1,0,0,0,1,0
2025-09-02,Grass cutting,Colombo,PRO-GRA-12,27,Low,0,1,0,0,0,1,0
2025-09-03,Electrical repairs,Colombo,PRO-ELE-07,11,High,1,0,0,0,0,0,1
2025-09-03,Plumbing,Gampaha,PRO-PLU-03,26,High,1,0,0,0,0,0,1
2025-09-03,Child care,Gampaha,PRO-CHI-01,10,High,1,0,0,0,0,0,1
2025-09-03,Grass cutting,Colombo,PRO-GRA-03,0,High,1,0,0,0,0,0,1
2025-09-03,Plumbing,Gampaha,PRO-PLU-06,26,High,1,0,0,0,0,0,1
2025-09-03,Child care,Gampaha,PRO-CHI-05,11,High,1,0,0,0,0,0,1
2025-09-03,Plumbing,Gampaha,PRO-PLU-01,26,High,1,0,0,0,0,0,1
2025-09-03,Grass cutting,Gampaha,PRO-GRA-17,0,High,1,0,0,0,0,0,1
2025-09-03,Plumbing,Gampaha,PRO-PLU-07,26,High,1,0,0,0,0,0,1
2025-09-03,Grass cutting,Colombo,PRO-GRA-05,0,High,1,0,0,0,0,0,1
2025-09-03,Plumbing,Colombo,PRO-PLU-02,26,High,1,0,0,0,0,0,1
2025-09-03,Plumbing,Colombo,PRO-PLU-05,26,High,1,0,0,0,0,0,1
2025-09-03,Electrical repairs,Gampaha,PRO-ELE-06,11,High,1,0,0,0,0,0,1
2025-09-03,Plumbing,Colombo,PRO-PLU-08,25,High,1,0,0,0,0,0,1
2025-09-04,Electrical repairs,Gampaha,PRO-ELE-06,2,Low,0,1,0,0,0,1,0
2025-09-04,Plumbing,Colombo,PRO-PLU-04,2,Low,0,1,0,0,0,1,0
2025-09-04,Plumbing,Gampaha,PRO-PLU-08,2,Low,0,1,0,0,0,1,0
2025-09-04,Plumbing,Gampaha,PRO-PLU-03,1,Low,0,1,0,0,0,1,0
2025-09-04,Child care,Gampaha,PRO-CHI-04,12,Low,0,1,0,0,0,1,0
2025-09-04,Grass cutting,Gampaha,PRO-GRA-04,0,Low,0,1,0,0,0,1,0
2025-09-04,Electrical repairs,Gampaha,PRO-ELE-05,0,Low,0,1,0,0,0,1,0
2025-09-04,Plumbing,Gampaha,PRO-PLU-01,2,Low,0,1,0,0,0,1,0
2025-09-04,Grass cutting,Colombo,PRO-GRA-09,0,Low,0,1,0,0,0,1,0
2025-09-04,Plumbing,Colombo,PRO-PLU-05,0,Low,0,1,0,0,0,1,0
2025-09-04,Plumbing,Gampaha,PRO-PLU-07,1,Low,0,1,0,0,0,1,0
2025-09-04,Grass cutting,Gampaha,PRO-GRA-01,1,Low,0,1,0,0,0,1,0
2025-09-04,Grass cutting,Colombo,PRO-GRA-16,2,Low,0,1,0,0,0,1,0
2025-09-04,Grass cutting,Colombo,PRO-GRA-11,0,Low,0,1,0,0,0,1,0
2025-09-04,Plumbing,Colombo,PRO-PLU-06,2,Low,0,1,0,0,0,1,0
2025-09-04,Grass cutting,Colombo,PRO-GRA-15,2,Low,0,1,0,0,0,1,0
2025-09-04,Electrical repairs,Colombo,PRO-ELE-03,0,Low,0,1,0,0,0,1,0
2025-09-04,Child care,Colombo,PRO-CHI-03,12,Low,0,1,0,0,0,1,0
2025-09-04,Grass cutting,Colombo,PRO-GRA-13,0,Low,0,1,0,0,0,1,0
2025-09-04,Child care,Gampaha,PRO-CHI-08,11,Low,0,1,0,0,0,1,0
2025-09-04,Grass cutting,Colombo,PRO-GRA-05,1,Low,0,1,0,0,0,1,0
2025-09-05,Watering,Gampaha,PRO-WAT-01,7,Low,0,1,1,1,0,2,0
2025-09-05,Grass cutting,Colombo,PRO-GRA-17,1,Low,0,1,1,1,0,2,0
2025-09-05,Electrical repairs,Gampaha,PRO-ELE-02,2,Low,0,1,1,1,0,2,0
2025-09-05,Child care,Colombo,PRO-CHI-07,1,Low,0,1,1,1,0,2,0
2025-09-05,Plumbing,Gampaha,PRO-PLU-08,0,Low,0,1,1,1,0,2,0
2025-09-05,Plumbing,Colombo,PRO-PLU-05,0,Low,0,1,1,1,0,2,0
2025-09-05,Plumbing,Colombo,PRO-PLU-01,1,Low,0,1,1,1,0,2,0
2025-09-05,Grass cutting,Gampaha,PRO-GRA-08,2,Low,0,1,1,1,0,2,0
2025-09-05,Plumbing,Gampaha,PRO-PLU-04,1,Low,0,1,1,1,0,2,0
2025-09-05,Electrical repairs,Colombo,PRO-ELE-03,1,Low,0,1,1,1,0,2,0
2025-09-05,Grass cutting,Gampaha,PRO-GRA-10,2,Low,0,1,1,1,0,2,0
2025-09-05,Child care,Gampaha,PRO-CHI-01,2,Low,0,1,1,1,0,2,0
2025-09-05,Painting,Gampaha,PRO-PAI-17,21,Low,0,1,1,1,0,2,0
2025-09-05,Plumbing,Colombo,PRO-PLU-03,0,Low,0,1,1,1,0,2,0
2025-09-05,Grass cutting,Gampaha,PRO-GRA-11,2,Low,0,1,1,1,0,2,0
2025-09-05,Grass cutting,Colombo,PRO-GRA-02,0,Low,0,1,1,1,0,2,0
2025-09-05,Electrical repairs,Colombo,PRO-ELE-01,0,Low,0,1,1,1,0,2,0
2025-09-05,Plumbing,Colombo,PRO-PLU-06,1,Low,0,1,1,1,0,2,0
2025-09-05,Plumbing,Colombo,PRO-PLU-07,0,Low,0,1,1,1,0,2,0
2025-09-05,Plumbing,Gampaha,PRO-PLU-02,2,Low,0,1,1,1,0,2,0
2025-09-06,Plumbing,Gampaha,PRO-PLU-03,2,Low,0,1,0,0,0,3,0
2025-09-06,Plumbing,Colombo,PRO-PLU-01,1,Low,0,1,0,0,0,3,0
2025-09-06,Grass cutting,Gampaha,PRO-GRA-12,0,Low,0,1,0,0,0,3,0
2025-09-06,Plumbing,Gampaha,PRO-PLU-05,1,Low,0,1,0,0,0,3,0
2025-09-06,Plumbing,Gampaha,PRO-PLU-07,1,Low,0,1,0,0,0,3,0
2025-09-06,Grass cutting,Gampaha,PRO-GRA-14,1,Low,0,1,0,0,0,3,0
2025-09-06,Grass cutting,Gampaha,PRO-GRA-01,2,Low,0,1,0,0,0,3,0
2025-09-06,Electrical repairs,Gampaha,PRO-ELE-04,6,Low,0,1,0,0,0,3,0
2025-09-06,Plumbing,Colombo,PRO-PLU-04,1,Low,0,1,0,0,0,3,0
2025-09-06,Plumbing,Colombo,PRO-PLU-02,1,Low,0,1,0,0,0,3,0
2025-09-06,Child care,Colombo,PRO-CHI-05,2,Low,0,1,0,0,0,3,0
2025-09-06,Plumbing,Colombo,PRO-PLU-06,2,Low,0,1,0,0,0,3,0
2025-09-06,Grass cutting,Colombo,PRO-GRA-10,2,Low,0,1,0,0,0,3,0
2025-09-06,Plumbing,Gampaha,PRO-PLU-08,0,Low,0,1,0,0,0,3,0
2025-09-07,Plumbing,Gampaha,PRO-PLU-06,1,Low,0,1,1,0,0,4,0
2025-09-07,Grass cutting,Colombo,PRO-GRA-04,0,Low,0,1,1,0,0,4,0
2025-09-07,Plumbing,Colombo,PRO-PLU-04,1,Low,0,1,1,0,0,4,0
2025-09-07,Plumbing,Gampaha,PRO-PLU-08,1,Low,0,1,1,0,0,4,0
2025-09-07,Grass cutting,Gampaha,PRO-GRA-10,2,Low,0,1,1,0,0,4,0
2025-09-07,Plumbing,Gampaha,PRO-PLU-01,1,Low,0,1,1,0,0,4,0
2025-09-07,Electrical repairs,Colombo,PRO-ELE-04,5,Low,0,1,1,0,0,4,0
2025-09-07,Plumbing,Gampaha,PRO-PLU-05,1,Low,0,1,1,0,0,4,0
2025-09-07,Child care,Gampaha,PRO-CHI-06,0,Low,0,1,1,0,0,4,0
2025-09-07,Child care,Colombo,PRO-CHI-05,0,Low,0,1,1,0,0,4,0
2025-09-07,Plumbing,Gampaha,PRO-PLU-03,0,Low,0,1,1,0,0,4,0
2025-09-07,Electrical repairs,Gampaha,PRO-ELE-02,7,Low,0,1,1,0,0,4,0
2025-09-07,Grass cutting,Gampaha,PRO-GRA-02,1,Low,0,1,1,0,0,4,0
2025-09-07,Grass cutting,Colombo,PRO-GRA-11,1,Low,0,1,1,0,0,4,0
2025-09-07,Plumbing,Colombo,PRO-PLU-07,0,Low,0,1,1,0,0,4,0
2025-09-07,Plumbing,Gampaha,PRO-PLU-02,2,Low,0,1,1,0,0,4,0
2025-09-07,Grass cutting,Colombo,PRO-GRA-08,0,Low,0,1,1,0,0,4,0
2025-09-07,Electrical repairs,Colombo,PRO-ELE-07,6,Low,0,1,1,0,0,4,0
2025-09-07,Roofing,Colombo,PRO-ROO-06,1,Low,0,1,1,0,0,4,0
2025-09-08,Electrical repairs,Colombo,PRO-ELE-04,1,Low,0,1,0,0,0,5,0
2025-09-08,Grass cutting,Colombo,PRO-GRA-16,17,Low,0,1,0,0,0,5,0
2025-09-08,Grass cutting,Colombo,PRO-GRA-05,16,Low,0,1,0,0,0,5,0
2025-09-08,Child care,Colombo,PRO-CHI-05,10,Low,0,1,0,0,0,5,0
2025-09-08,Plumbing,Gampaha,PRO-PLU-01,2,Low,0,1,0,0,0,5,0
2025-09-08,Grass cutting,Gampaha,PRO-GRA-15,15,Low,0,1,0,0,0,5,0
2025-09-08,Grass cutting,Colombo,PRO-GRA-01,16,Low,0,1,0,0,0,5,0
2025-09-08,Grass cutting,Gampaha,PRO-GRA-17,16,Low,0,1,0,0,0,5,0
2025-09-08,Plumbing,Colombo,PRO-PLU-08,0,Low,0,1,0,0,0,5,0
2025-09-08,Plumbing,Gampaha,PRO-PLU-04,2,Low,0,1,0,0,0,5,0
2025-09-08,Child care,Colombo,PRO-CHI-04,12,Low,0,1,0,0,0,5,0
2025-09-08,Electrical repairs,Gampaha,PRO-ELE-06,2,Low,0,1,0,0,0,5,0
2025-09-08,Grass cutting,Gampaha,PRO-GRA-07,16,Low,0,1,0,0,0,5,0
2025-09-08,Grass cutting,Colombo,PRO-GRA-18,15,Low,0,1,0,0,0,5,0
2025-09-08,Plumbing,Colombo,PRO-PLU-03,2,Low,0,1,0,0,0,5,0
2025-09-08,Plumbing,Colombo,PRO-PLU-05,2,Low,0,1,0,0,0,5,0
2025-09-08,Grass cutting,Colombo,PRO-GRA-11,15,Low,0,1,0,0,0,5,0
2025-09-08,Plumbing,Gampaha,PRO-PLU-07,2,Low,0,1,0,0,0,5,0
2025-09-08,Plumbing,Gampaha,PRO-PLU-06,0,Low,0,1,0,0,0,5,0
2025-09-09,Electrical repairs,Colombo,PRO-ELE-02,2,Low,0,1,0,0,0,6,0
2025-09-09,Grass cutting,Colombo,PRO-GRA-08,16,Low,0,1,0,0,0,6,0
2025-09-09,Grass cutting,Gampaha,PRO-GRA-11,17,Low,0,1,0,0,0,6,0
2025-09-09,Plumbing,Gampaha,PRO-PLU-02,1,Low,0,1,0,0,0,6,0
2025-09-09,Plumbing,Colombo,PRO-PLU-01,2,Low,0,1,0,0,0,6,0
2025-09-09,Plumbing,Colombo,PRO-PLU-08,1,Low,0,1,0,0,0,6,0
2025-09-09,Grass cutting,Gampaha,PRO-GRA-02,16,Low,0,1,0,0,0,6,0
2025-09-09,Grass cutting,Gampaha,PRO-GRA-14,15,Low,0,1,0,0,0,6,0
2025-09-09,Plumbing,Colombo,PRO-PLU-07,0,Low,0,1,0,0,0,6,0
2025-09-09,Plumbing,Colombo,PRO-PLU-04,0,Low,0,1,0,0,0,6,0
2025-09-09,Plumbing,Colombo,PRO-PLU-05,2,Low,0,1,0,0,0,6,0
2025-09-09,Electrical repairs,Gampaha,PRO-ELE-01,0,Low,0,1,0,0,0,6,0
2025-09-09,Plumbing,Colombo,PRO-PLU-06,2,Low,0,1,0,0,0,6,0
2025-09-09,Grass cutting,Colombo,PRO-GRA-05,17,Low,0,1,0,0,0,6,0
2025-09-09,Plumbing,Gampaha,PRO-PLU-03,1,Low,0,1,0,0,0,6,0
2025-09-09,Grass cutting,Colombo,PRO-GRA-16,17,Low,0,1,0,0,0,6,0
2025-09-09,Child care,Gampaha,PRO-CHI-08,11,Low,0,1,0,0,0,6,0
2025-09-09,Grass cutting,Colombo,PRO-GRA-12,16,Low,0,1,0,0,0,6,0
2025-09-10,Personal assistance,Colombo,PRO-PER-07,8,High,1,0,0,0,0,0,1
2025-09-10,Furniture repair,Colombo,PRO-FUR-07,1,High,1,0,0,0,0,0,1
2025-09-10,Child care,Colombo,PRO-CHI-03,11,High,1,0,0,0,0,0,1
2025-09-10,Grass cutting,Gampaha,PRO-GRA-08,0,High,1,0,0,0,0,0,1
2025-09-10,Pet care,Colombo,PRO-PET-07,2,High,1,0,0,0,0,0,1
2025-09-10,Plumbing,Gampaha,PRO-PLU-05,0,High,1,0,0,0,0,0,1
2025-09-10,Electrical repairs,Gampaha,PRO-ELE-05,10,High,1,0,0,0,0,0,1
2025-09-10,Plumbing,Gampaha,PRO-PLU-08,0,High,1,0,0,0,0,0,1
2025-09-10,Plumbing,Colombo,PRO-PLU-03,2,High,1,0,0,0,0,0,1
2025-09-10,Plumbing,Gampaha,PRO-PLU-04,0,High,1,0,0,0,0,0,1
2025-09-10,Grass cutting,Gampaha,PRO-GRA-09,0,High,1,0,0,0,0,0,1
2025-09-10,Plumbing,Gampaha,PRO-PLU-06,2,High,1,0,0,0,0,0,1
2025-09-10,"Sofa, carpet & curtain cleaning",Colombo,PRO-SOF-07,2,High,1,0,0,0,0,0,1
2025-09-10,Grass cutting,Colombo,PRO-GRA-18,0,High,1,0,0,0,0,0,1
2025-09-10,Plumbing,Gampaha,PRO-PLU-01,2,High,1,0,0,0,0,0,1
2025-09-10,Plumbing,Gampaha,PRO-PLU-02,2,High,1,0,0,0,0,0,1
2025-09-10,Grass cutting,Gampaha,PRO-GRA-12,0,High,1,0,0,0,0,0,1
2025-09-10,Grass cutting,Gampaha,PRO-GRA-16,0,High,1,0,0,0,0,0,1
2025-09-10,Plumbing,Gampaha,PRO-PLU-07,1,High,1,0,0,0,0,0,1
2025-09-11,Grass cutting,Gampaha,PRO-GRA-05,0,Low,0,1,0,0,0,1,0
2025-09-11,Electrical repairs,Gampaha,PRO-ELE-02,0,Low,0,1,0,0,0,1,0
2025-09-11,Grass cutting,Gampaha,PRO-GRA-06,2,Low,0,1,0,0,0,1,0
2025-09-11,Plumbing,Colombo,PRO-PLU-07,0,Low,0,1,0,0,0,1,0
2025-09-11,Grass cutting,Colombo,PRO-GRA-11,2,Low,0,1,0,0,0,1,0
2025-09-11,Electrical repairs,Gampaha,PRO-ELE-08,0,Low,0,1,0,0,0,1,0
2025-09-11,Plumbing,Colombo,PRO-PLU-03,1,Low,0,1,0,0,0,1,0
2025-09-11,Plumbing,Gampaha,PRO-PLU-08,2,Low,0,1,0,0,0,1,0
2025-09-11,Plumbing,Gampaha,PRO-PLU-05,0,Low,0,1,0,0,0,1,0
2025-09-11,Grass cutting,Colombo,PRO-GRA-09,2,Low,0,1,0,0,0,1,0
2025-09-11,Grass cutting,Gampaha,PRO-GRA-07,1,Low,0,1,0,0,0,1,0
2025-09-11,Grass cutting,Gampaha,PRO-GRA-03,1,Low,0,1,0,0,0,1,0
2025-09-11,Grass cutting,Gampaha,PRO-GRA-04,1,Low,0,1,0,0,0,1,0
2025-09-11,Grass cutting,Colombo,PRO-GRA-15,0,Low,0,1,0,0,0,1,0
2025-09-11,Plumbing,Gampaha,PRO-PLU-02,0,Low,0,1,0,0,0,1,0
2025-09-11,Plumbing,Gampaha,PRO-PLU-01,2,Low,0,1,0,0,0,1,0
2025-09-11,Grass cutting,Gampaha,PRO-GRA-14,0,Low,0,1,0,0,0,1,0
2025-09-12,Grass cutting,Colombo,PRO-GRA-17,0,Low,0,1,0,0,0,2,0
2025-09-12,Electrical repairs,Gampaha,PRO-ELE-06,1,Low,0,1,0,0,0,2,0
2025-09-12,Grass cutting,Colombo,PRO-GRA-12,2,Low,0,1,0,0,0,2,0
2025-09-12,Plumbing,Colombo,PRO-PLU-08,2,Low,0,1,0,0,0,2,0
2025-09-12,Grass cutting,Gampaha,PRO-GRA-07,1,Low,0,1,0,0,0,2,0
2025-09-12,Child care,Gampaha,PRO-CHI-07,11,Low,0,1,0,0,0,2,0
2025-09-12,Child care,Colombo,PRO-CHI-03,10,Low,0,1,0,0,0,2,0
2025-09-12,Electrical repairs,Colombo,PRO-ELE-05,2,Low,0,1,0,0,0,2,0
2025-09-12,Plumbing,Colombo,PRO-PLU-04,0,Low,0,1,0,0,0,2,0
2025-09-12,Plumbing,Colombo,PRO-PLU-07,0,Low,0,1,0,0,0,2,0
2025-09-12,Child care,Colombo,PRO-CHI-01,11,Low,0,1,0,0,0,2,0
2025-09-12,Plumbing,Colombo,PRO-PLU-03,2,Low,0,1,0,0,0,2,0
2025-09-12,Grass cutting,Gampaha,PRO-GRA-04,2,Low,0,1,0,0,0,2,0
2025-09-12,Plumbing,Gampaha,PRO-PLU-06,0,Low,0,1,0,0,0,2,0
2025-09-12,Plumbing,Colombo,PRO-PLU-02,1,Low,0,1,0,0,0,2,0
2025-09-12,Child care,Gampaha,PRO-CHI-04,12,Low,0,1,0,0,0,2,0
2025-09-12,Plumbing,Colombo,PRO-PLU-05,1,Low,0,1,0,0,0,2,0
2025-09-12,Grass cutting,Gampaha,PRO-GRA-05,2,Low,0,1,0,0,0,2,0
2025-09-12,Electrical repairs,Colombo,PRO-ELE-03,2,Low,0,1,0,0,0,2,0
2025-09-12,Grass cutting,Gampaha,PRO-GRA-01,2,Low,0,1,0,0,0,2,0
2025-09-12,Plumbing,Gampaha,PRO-PLU-01,0,Low,0,1,0,0,0,2,0
2025-09-12,Grass cutting,Colombo,PRO-GRA-14,0,Low,0,1,0,0,0,2,0
2025-09-13,Grass cutting,Colombo,PRO-GRA-02,2,Low,0,1,0,0,0,3,0
2025-09-13,Grass cutting,Colombo,PRO-GRA-18,2,Low,0,1,0,0,0,3,0
2025-09-13,Plumbing,Colombo,PRO-PLU-04,0,Low,0,1,0,0,0,3,0
2025-09-13,Electrical repairs,Gampaha,PRO-ELE-05,6,Low,0,1,0,0,0,3,0
2025-09-13,Grass cutting,Colombo,PRO-GRA-09,1,Low,0,1,0,0,0,3,0
2025-09-13,Grass cutting,Gampaha,PRO-GRA-13,2,Low,0,1,0,0,0,3,0
2025-09-13,Plumbing,Colombo,PRO-PLU-03,2,Low,0,1,0,0,0,3,0
2025-09-13,Grass cutting,Gampaha,PRO-GRA-11,1,Low,0,1,0,0,0,3,0
2025-09-13,Electrical repairs,Gampaha,PRO-ELE-01,7,Low,0,1,0,0,0,3,0
2025-09-13,Plumbing,Colombo,PRO-PLU-01,1,Low,0,1,0,0,0,3,0
2025-09-13,Plumbing,Colombo,PRO-PLU-07,2,Low,0,1,0,0,0,3,0
2025-09-13,Grass cutting,Colombo,PRO-GRA-07,2,Low,0,1,0,0,0,3,0
2025-09-13,Electrical repairs,Gampaha,PRO-ELE-08,5,Low,0,1,0,0,0,3,0
2025-09-13,Plumbing,Colombo,PRO-PLU-05,0,Low,0,1,0,0,0,3,0
2025-09-13,Plumbing,Colombo,PRO-PLU-08,0,Low,0,1,0,0,0,3,0
2025-09-13,Grass cutting,Colombo,PRO-GRA-04,1,Low,0,1,0,0,0,3,0
2025-09-13,Grass cutting,Colombo,PRO-GRA-10,0,Low,0,1,0,0,0,3,0
2025-09-13,Child care,Gampaha,PRO-CHI-01,2,Low,0,1,0,0,0,3,0
2025-09-13,Plumbing,Colombo,PRO-PLU-06,0,Low,0,1,0,0,0,3,0
2025-09-13,Plumbing,Gampaha,PRO-PLU-02,2,Low,0,1,0,0,0,3,0
2025-09-14,Electrical repairs,Gampaha,PRO-ELE-04,17,High,1,0,0,0,0,0,1
2025-09-14,Pet care,Colombo,PRO-PET-01,0,High,1,0,0,0,0,0,1
2025-09-14,Electrical repairs,Gampaha,PRO-ELE-07,17,High,1,0,0,0,0,0,1
2025-09-14,Grass cutting,Colombo,PRO-GRA-18,0,High,1,0,0,0,0,0,1
2025-09-14,Personal assistance,Gampaha,PRO-PER-01,0,High,1,0,0,0,0,0,1
2025-09-14,Plumbing,Colombo,PRO-PLU-02,17,High,1,0,0,0,0,0,1
2025-09-14,Plumbing,Gampaha,PRO-PLU-01,15,High,1,0,0,0,0,0,1
2025-09-14,Plumbing,Colombo,PRO-PLU-05,17,High,1,0,0,0,0,0,1
2025-09-14,Grass cutting,Colombo,PRO-GRA-02,0,High,1,0,0,0,0,0,1
2025-09-14,"Sofa, carpet & curtain cleaning",Colombo,PRO-SOF-01,2,High,1,0,0,0,0,0,1
2025-09-14,Plumbing,Gampaha,PRO-PLU-06,15,High,1,0,0,0,0,0,1
2025-09-14,Child care,Gampaha,PRO-CHI-05,0,High,1,0,0,0,0,0,1
2025-09-14,Child care,Colombo,PRO-CHI-08,2,High,1,0,0,0,0,0,1
2025-09-14,Electrical repairs,Gampaha,PRO-ELE-08,16,High,1,0,0,0,0,0,1
2025-09-14,Plumbing,Gampaha,PRO-PLU-08,17,High,1,0,0,0,0,0,1
2025-09-14,Plumbing,Gampaha,PRO-PLU-04,16,High,1,0,0,0,0,0,1
2025-09-14,Grass cutting,Gampaha,PRO-GRA-04,0,High,1,0,0,0,0,0,1
2025-09-14,Plumbing,Gampaha,PRO-PLU-03,16,High,1,0,0,0,0,0,1
2025-09-14,Grass cutting,Gampaha,PRO-GRA-05,0,High,1,0,0,0,0,0,1
2025-09-14,Child care,Gampaha,PRO-CHI-02,1,High,1,0,0,0,0,0,1
2025-09-14,Grass cutting,Colombo,PRO-GRA-08,0,High,1,0,0,0,0,0,1
2025-09-14,Child care,Gampaha,PRO-CHI-01,2,High,1,0,0,0,0,0,1
2025-09-14,Grass cutting,Gampaha,PRO-GRA-15,0,High,1,0,0,0,0,0,1
2025-09-14,Plumbing,Gampaha,PRO-PLU-07,17,High,1,0,0,0,0,0,1
2025-09-14,Electrical repairs,Gampaha,PRO-ELE-03,15,High,1,0,0,0,0,0,1
2025-09-14,Furniture repair,Colombo,PRO-FUR-01,6,High,1,0,0,0,0,0,1
2025-09-15,Child care,Gampaha,PRO-CHI-04,11,Low,0,1,0,0,0,1,0
2025-09-15,Child care,Colombo,PRO-CHI-01,10,Low,0,1,0,0,0,1,0
2025-09-15,Child care,Colombo,PRO-CHI-07,11,Low,0,1,0,0,0,1,0
2025-09-15,Grass cutting,Colombo,PRO-GRA-03,0,Low,0,1,0,0,0,1,0
2025-09-15,Plumbing,Colombo,PRO-PLU-06,1,Low,0,1,0,0,0,1,0
2025-09-15,Grass cutting,Colombo,PRO-GRA-11,1,Low,0,1,0,0,0,1,0
2025-09-15,Plumbing,Gampaha,PRO-PLU-04,1,Low,0,1,0,0,0,1,0
2025-09-15,Grass cutting,Gampaha,PRO-GRA-09,0,Low,0,1,0,0,0,1,0
2025-09-15,Plumbing,Colombo,PRO-PLU-07,1,Low,0,1,0,0,0,1,0
2025-09-15,Plumbing,Gampaha,PRO-PLU-02,2,Low,0,1,0,0,0,1,0
2025-09-15,Electrical repairs,Gampaha,PRO-ELE-06,1,Low,0,1,0,0,0,1,0
2025-09-15,Plumbing,Colombo,PRO-PLU-05,0,Low,0,1,0,0,0,1,0
2025-09-15,Plumbing,Colombo,PRO-PLU-08,2,Low,0,1,0,0,0,1,0
2025-09-15,Grass cutting,Colombo,PRO-GRA-13,1,Low,0,1,0,0,0,1,0
2025-09-15,Grass cutting,Gampaha,PRO-GRA-15,0,Low,0,1,0,0,0,1,0
2025-09-15,Grass cutting,Gampaha,PRO-GRA-17,1,Low,0,1,0,0,0,1,0
2025-09-15,Plumbing,Gampaha,PRO-PLU-03,2,Low,0,1,0,0,0,1,0
2025-09-15,Plumbing,Colombo,PRO-PLU-01,1,Low,0,1,0,0,0,1,0
2025-09-15,Electrical repairs,Gampaha,PRO-ELE-02,1,Low,0,1,0,0,0,1,0
2025-09-15,Electrical repairs,Gampaha,PRO-ELE-03,1,Low,0,1,0,0,0,1,0
2025-09-16,Plumbing,Colombo,PRO-PLU-03,2,High,1,0,0,0,0,0,1
2025-09-16,Electrical repairs,Colombo,PRO-ELE-05,11,High,1,0,0,0,0,0,1
2025-09-16,Grass cutting,Colombo,PRO-GRA-09,0,High,1,0,0,0,0,0,1
2025-09-16,Electrical repairs,Colombo,PRO-ELE-04,11,High,1,0,0,0,0,0,1
2025-09-16,Plumbing,Colombo,PRO-PLU-01,1,High,1,0,0,0,0,0,1
2025-09-16,Plumbing,Colombo,PRO-PLU-04,2,High,1,0,0,0,0,0,1
2025-09-16,Grass cutting,Colombo,PRO-GRA-11,0,High,1,0,0,0,0,0,1
2025-09-16,Plumbing,Gampaha,PRO-PLU-07,0,High,1,0,0,0,0,0,1
2025-09-16,Grass cutting,Colombo,PRO-GRA-06,0,High,1,0,0,0,0,0,1
2025-09-16,Child care,Gampaha,PRO-CHI-02,10,High,1,0,0,0,0,0,1
2025-09-16,Plumbing,Colombo,PRO-PLU-06,0,High,1,0,0,0,0,0,1
2025-09-16,Plumbing,Gampaha,PRO-PLU-02,1,High,1,0,0,0,0,0,1
2025-09-16,Plumbing,Colombo,PRO-PLU-08,1,High,1,0,0,0,0,0,1
2025-09-16,Plumbing,Colombo,PRO-PLU-05,1,High,1,0,0,0,0,0,1
2025-09-16,Child care,Colombo,PRO-CHI-07,11,High,1,0,0,0,0,0,1
2025-09-16,Child care,Gampaha,PRO-CHI-03,11,High,1,0,0,0,0,0,1
2025-09-17,Plumbing,Colombo,PRO-PLU-02,2,High,1,0,0,0,0,0,2
2025-09-17,Child care,Gampaha,PRO-CHI-07,10,High,1,0,0,0,0,0,2
2025-09-17,Grass cutting,Colombo,PRO-GRA-15,0,High,1,0,0,0,0,0,2
2025-09-17,Electrical repairs,Gampaha,PRO-ELE-01,10,High,1,0,0,0,0,0,2
2025-09-17,Plumbing,Gampaha,PRO-PLU-07,0,High,1,0,0,0,0,0,2
2025-09-17,Grass cutting,Colombo,PRO-GRA-14,0,High,1,0,0,0,0,0,2
2025-09-17,Plumbing,Colombo,PRO-PLU-08,2,High,1,0,0,0,0,0,2
2025-09-17,Child care,Gampaha,PRO-CHI-06,11,High,1,0,0,0,0,0,2
2025-09-17,Plumbing,Gampaha,PRO-PLU-01,2,High,1,0,0,0,0,0,2
2025-09-17,Electrical repairs,Colombo,PRO-ELE-05,11,High,1,0,0,0,0,0,2
2025-09-17,Plumbing,Colombo,PRO-PLU-03,0,High,1,0,0,0,0,0,2
2025-09-17,Child care,Colombo,PRO-CHI-05,10,High,1,0,0,0,0,0,2
2025-09-17,Plumbing,Colombo,PRO-PLU-04,2,High,1,0,0,0,0,0,2
2025-09-17,Grass cutting,Colombo,PRO-GRA-12,0,High,1,0,0,0,0,0,2
2025-09-17,Child care,Colombo,PRO-CHI-01,12,High,1,0,0,0,0,0,2
2025-09-17,Electrical repairs,Colombo,PRO-ELE-08,11,High,1,0,0,0,0,0,2
2025-09-17,Plumbing,Colombo,PRO-PLU-06,2,High,1,0,0,0,0,0,2
2025-09-17,Electrical repairs,Colombo,PRO-ELE-07,12,High,1,0,0,0,0,0,2
2025-09-17,Plumbing,Gampaha,PRO-PLU-05,1,High,1,0,0,0,0,0,2
2025-09-18,Electrical repairs,Gampaha,PRO-ELE-01,12,High,1,0,0,0,0,0,3
2025-09-18,Plumbing,Gampaha,PRO-PLU-02,1,High,1,0,0,0,0,0,3
2025-09-18,Plumbing,Colombo,PRO-PLU-08,1,High,1,0,0,0,0,0,3
2025-09-18,Plumbing,Colombo,PRO-PLU-03,0,High,1,0,0,0,0,0,3
2025-09-18,Grass cutting,Gampaha,PRO-GRA-02,0,High,1,0,0,0,0,0,3
2025-09-18,Grass cutting,Gampaha,PRO-GRA-10,0,High,1,0,0,0,0,0,3
2025-09-18,Grass cutting,Colombo,PRO-GRA-14,0,High,1,0,0,0,0,0,3
2025-09-18,Plumbing,Gampaha,PRO-PLU-01,2,High,1,0,0,0,0,0,3
2025-09-18,Child care,Colombo,PRO-CHI-02,12,High,1,0,0,0,0,0,3
2025-09-18,Child care,Gampaha,PRO-CHI-03,11,High,1,0,0,0,0,0,3
2025-09-18,Grass cutting,Gampaha,PRO-GRA-04,0,High,1,0,0,0,0,0,3
2025-09-18,Plumbing,Gampaha,PRO-PLU-07,0,High,1,0,0,0,0,0,3
2025-09-18,Plumbing,Colombo,PRO-PLU-06,2,High,1,0,0,0,0,0,3
2025-09-18,Grass cutting,Gampaha,PRO-GRA-13,0,High,1,0,0,0,0,0,3
2025-09-18,Grass cutting,Gampaha,PRO-GRA-11,0,High,1,0,0,0,0,0,3
2025-09-18,Plumbing,Colombo,PRO-PLU-04,1,High,1,0,0,0,0,0,3
2025-09-19,Roofing,Colombo,PRO-ROO-10,45,High,1,0,0,0,0,0,4
2025-09-19,Grass cutting,Colombo,PRO-GRA-07,0,High,1,0,0,0,0,0,4
2025-09-19,Plumbing,Colombo,PRO-PLU-04,0,High,1,0,0,0,0,0,4
2025-09-19,Plumbing,Colombo,PRO-PLU-08,0,High,1,0,0,0,0,0,4
2025-09-19,Grass cutting,Gampaha,PRO-GRA-02,0,High,1,0,0,0,0,0,4
2025-09-19,Plumbing,Gampaha,PRO-PLU-06,0,High,1,0,0,0,0,0,4
2025-09-19,Grass cutting,Colombo,PRO-GRA-01,0,High,1,0,0,0,0,0,4
2025-09-19,Plumbing,Gampaha,PRO-PLU-03,0,High,1,0,0,0,0,0,4
2025-09-19,Child care,Gampaha,PRO-CHI-07,10,High,1,0,0,0,0,0,4
2025-09-19,Child care,Gampaha,PRO-CHI-03,11,High,1,0,0,0,0,0,4
2025-09-19,Plumbing,Colombo,PRO-PLU-01,1,High,1,0,0,0,0,0,4
2025-09-19,Plumbing,Gampaha,PRO-PLU-05,0,High,1,0,0,0,0,0,4
2025-09-19,Plumbing,Gampaha,PRO-PLU-07,1,High,1,0,0,0,0,0,4
2025-09-19,Grass cutting,Gampaha,PRO-GRA-03,0,High,1,0,0,0,0,0,4
2025-09-20,Plumbing,Gampaha,PRO-PLU-07,16,High,1,0,0,1,0,0,5
2025-09-20,Plumbing,Gampaha,PRO-PLU-06,16,High,1,0,0,1,0,0,5
2025-09-20,Grass cutting,Colombo,PRO-GRA-07,0,High,1,0,0,1,0,0,5
2025-09-20,Grass cutting,Colombo,PRO-GRA-04,0,High,1,0,0,1,0,0,5
2025-09-20,Child care,Gampaha,PRO-CHI-07,1,High,1,0,0,1,0,0,5
2025-09-20,Plumbing,Gampaha,PRO-PLU-04,15,High,1,0,0,1,0,0,5
2025-09-20,Grass cutting,Gampaha,PRO-GRA-08,0,High,1,0,0,1,0,0,5
2025-09-20,Plumbing,Colombo,PRO-PLU-08,15,High,1,0,0,1,0,0,5
2025-09-20,Plumbing,Colombo,PRO-PLU-03,17,High,1,0,0,1,0,0,5
2025-09-20,Grass cutting,Colombo,PRO-GRA-06,0,High,1,0,0,1,0,0,5
2025-09-20,Electrical repairs,Gampaha,PRO-ELE-03,15,High,1,0,0,1,0,0,5
2025-09-20,Child care,Gampaha,PRO-CHI-04,2,High,1,0,0,1,0,0,5
2025-09-20,Plumbing,Gampaha,PRO-PLU-01,17,High,1,0,0,1,0,0,5
2025-09-20,Plumbing,Colombo,PRO-PLU-05,17,High,1,0,0,1,0,0,5
2025-09-21,Grass cutting,Colombo,PRO-GRA-13,0,High,1,0,0,0,0,0,6
2025-09-21,Plumbing,Colombo,PRO-PLU-02,16,High,1,0,0,0,0,0,6
2025-09-21,Electrical repairs,Gampaha,PRO-ELE-06,16,High,1,0,0,0,0,0,6
2025-09-21,Plumbing,Gampaha,PRO-PLU-07,15,High,1,0,0,0,0,0,6
2025-09-21,Electrical repairs,Gampaha,PRO-ELE-05,16,High,1,0,0,0,0,0,6
2025-09-21,Plumbing,Gampaha,PRO-PLU-08,16,High,1,0,0,0,0,0,6
2025-09-21,Electrical repairs,Colombo,PRO-ELE-03,16,High,1,0,0,0,0,0,6
2025-09-21,Electrical repairs,Colombo,PRO-ELE-04,15,High,1,0,0,0,0,0,6
2025-09-21,Child care,Colombo,PRO-CHI-03,2,High,1,0,0,0,0,0,6
2025-09-21,Plumbing,Gampaha,PRO-PLU-05,16,High,1,0,0,0,0,0,6
2025-09-21,Child care,Gampaha,PRO-CHI-04,2,High,1,0,0,0,0,0,6
2025-09-21,Grass cutting,Colombo,PRO-GRA-11,0,High,1,0,0,0,0,0,6
2025-09-21,Grass cutting,Colombo,PRO-GRA-01,0,High,1,0,0,0,0,0,6
2025-09-21,Plumbing,Colombo,PRO-PLU-01,16,High,1,0,0,0,0,0,6
2025-09-21,Plumbing,Colombo,PRO-PLU-06,16,High,1,0,0,0,0,0,6
2025-09-21,Plumbing,Gampaha,PRO-PLU-03,17,High,1,0,0,0,0,0,6
2025-09-21,Plumbing,Colombo,PRO-PLU-04,17,High,1,0,0,0,0,0,6
2025-09-21,Child care,Colombo,PRO-CHI-02,0,High,1,0,0,0,0,0,6
2025-09-22,Electrical repairs,Gampaha,PRO-ELE-06,11,High,1,0,1,0,0,0,7
2025-09-22,Plumbing,Colombo,PRO-PLU-01,1,High,1,0,1,0,0,0,7
2025-09-22,Electrical repairs,Gampaha,PRO-ELE-07,10,High,1,0,1,0,0,0,7
2025-09-22,Plumbing,Gampaha,PRO-PLU-04,0,High,1,0,1,0,0,0,7
2025-09-22,Grass cutting,Colombo,PRO-GRA-05,0,High,1,0,1,0,0,0,7
2025-09-22,Plumbing,Gampaha,PRO-PLU-02,2,High,1,0,1,0,0,0,7
2025-09-22,Child care,Colombo,PRO-CHI-07,2,High,1,0,1,0,0,0,7
2025-09-22,Grass cutting,Colombo,PRO-GRA-15,0,High,1,0,1,0,0,0,7
2025-09-22,Plumbing,Gampaha,PRO-PLU-06,2,High,1,0,1,0,0,0,7
2025-09-22,Plumbing,Gampaha,PRO-PLU-07,0,High,1,0,1,0,0,0,7
2025-09-22,Plumbing,Colombo,PRO-PLU-08,1,High,1,0,1,0,0,0,7
2025-09-22,Child care,Colombo,PRO-CHI-04,1,High,1,0,1,0,0,0,7
2025-09-22,Plumbing,Colombo,PRO-PLU-03,0,High,1,0,1,0,0,0,7
2025-09-22,Grass cutting,Colombo,PRO-GRA-14,0,High,1,0,1,0,0,0,7
2025-09-22,Child care,Colombo,PRO-CHI-08,1,High,1,0,1,0,0,0,7
2025-09-23,Child care,Colombo,PRO-CHI-06,10,High,1,0,0,0,0,0,8
2025-09-23,Plumbing,Gampaha,PRO-PLU-08,1,High,1,0,0,0,0,0,8
2025-09-23,Plumbing,Colombo,PRO-PLU-02,1,High,1,0,0,0,0,0,8
2025-09-23,Grass cutting,Gampaha,PRO-GRA-04,0,High,1,0,0,0,0,0,8
2025-09-23,Child care,Colombo,PRO-CHI-02,10,High,1,0,0,0,0,0,8
2025-09-23,Plumbing,Gampaha,PRO-PLU-07,0,High,1,0,0,0,0,0,8
2025-09-23,Electrical repairs,Colombo,PRO-ELE-02,12,High,1,0,0,0,0,0,8
2025-09-23,Plumbing,Gampaha,PRO-PLU-05,2,High,1,0,0,0,0,0,8
2025-09-23,Plumbing,Colombo,PRO-PLU-06,1,High,1,0,0,0,0,0,8
2025-09-23,Grass cutting,Colombo,PRO-GRA-03,0,High,1,0,0,0,0,0,8
2025-09-23,Grass cutting,Colombo,PRO-GRA-13,0,High,1,0,0,0,0,0,8
2025-09-23,Electrical repairs,Gampaha,PRO-ELE-08,12,High,1,0,0,0,0,0,8
2025-09-23,Grass cutting,Gampaha,PRO-GRA-02,0,High,1,0,0,0,0,0,8
2025-09-23,Plumbing,Colombo,PRO-PLU-01,1,High,1,0,0,0,0,0,8
2025-09-23,Grass cutting,Gampaha,PRO-GRA-10,0,High,1,0,0,0,0,0,8
2025-09-23,Plumbing,Colombo,PRO-PLU-03,1,High,1,0,0,0,0,0,8
2025-09-23,Grass cutting,Colombo,PRO-GRA-08,0,High,1,0,0,0,0,0,8
2025-09-24,Plumbing,Colombo,PRO-PLU-05,0,High,1,0,0,0,0,0,9
2025-09-24,Plumbing,Gampaha,PRO-PLU-04,1,High,1,0,0,0,0,0,9
2025-09-24,Plumbing,Gampaha,PRO-PLU-02,2,High,1,0,0,0,0,0,9
2025-09-24,Plumbing,Gampaha,PRO-PLU-08,2,High,1,0,0,0,0,0,9
2025-09-24,Grass cutting,Colombo,PRO-GRA-12,0,High,1,0,0,0,0,0,9
2025-09-24,Plumbing,Colombo,PRO-PLU-06,1,High,1,0,0,0,0,0,9
2025-09-24,Electrical repairs,Gampaha,PRO-ELE-08,12,High,1,0,0,0,0,0,9
2025-09-24,Child care,Colombo,PRO-CHI-03,11,High,1,0,0,0,0,0,9
2025-09-24,Child care,Colombo,PRO-CHI-06,10,High,1,0,0,0,0,0,9
2025-09-24,Plumbing,Colombo,PRO-PLU-07,0,High,1,0,0,0,0,0,9
2025-09-24,Plumbing,Gampaha,PRO-PLU-03,2,High,1,0,0,0,0,0,9
2025-09-24,Grass cutting,Gampaha,PRO-GRA-09,0,High,1,0,0,0,0,0,9
2025-09-25,Plumbing,Gampaha,PRO-PLU-03,1,High,1,0,0,0,0,0,10
2025-09-25,Plumbing,Colombo,PRO-PLU-04,1,High,1,0,0,0,0,0,10
2025-09-25,Plumbing,Colombo,PRO-PLU-07,0,High,1,0,0,0,0,0,10
2025-09-25,Plumbing,Gampaha,PRO-PLU-06,0,High,1,0,0,0,0,0,10
2025-09-25,Child care,Colombo,PRO-CHI-03,11,High,1,0,0,0,0,0,10
2025-09-25,Child care,Gampaha,PRO-CHI-04,12,High,1,0,0,0,0,0,10
2025-09-25,Plumbing,Gampaha,PRO-PLU-02,2,High,1,0,0,0,0,0,10
2025-09-25,Grass cutting,Colombo,PRO-GRA-11,0,High,1,0,0,0,0,0,10
2025-09-25,Grass cutting,Gampaha,PRO-GRA-06,0,High,1,0,0,0,0,0,10
2025-09-25,Grass cutting,Gampaha,PRO-GRA-17,0,High,1,0,0,0,0,0,10
2025-09-25,Grass cutting,Colombo,PRO-GRA-05,0,High,1,0,0,0,0,0,10
2025-09-25,Plumbing,Colombo,PRO-PLU-05,0,High,1,0,0,0,0,0,10
2025-09-25,Electrical repairs,Colombo,PRO-ELE-06,12,High,1,0,0,0,0,0,10
2025-09-25,Grass cutting,Colombo,PRO-GRA-12,0,High,1,0,0,0,0,0,10
2025-09-25,Electrical repairs,Gampaha,PRO-ELE-05,12,High,1,0,0,0,0,0,10
2025-09-26,Move-in / move-out cleaning,Gampaha,PRO-MOV-05,1,High,1,0,0,0,0,0,11
2025-09-26,Child care,Colombo,PRO-CHI-06,10,High,1,0,0,0,0,0,11
2025-09-26,Electrical repairs,Colombo,PRO-ELE-07,11,High,1,0,0,0,0,0,11
2025-09-26,Grass cutting,Colombo,PRO-GRA-01,0,High,1,0,0,0,0,0,11
2025-09-26,Planting,Gampaha,PRO-PLA-05,0,High,1,0,0,0,0,0,11
2025-09-26,Grass cutting,Colombo,PRO-GRA-04,0,High,1,0,0,0,0,0,11
2025-09-26,Child care,Gampaha,PRO-CHI-03,10,High,1,0,0,0,0,0,11
2025-09-26,Electrical repairs,Colombo,PRO-ELE-08,12,High,1,0,0,0,0,0,11
2025-09-26,Grass cutting,Colombo,PRO-GRA-10,0,High,1,0,0,0,0,0,11
2025-09-26,Grass cutting,Gampaha,PRO-GRA-11,0,High,1,0,0,0,0,0,11
2025-09-26,Plumbing,Gampaha,PRO-PLU-02,2,High,1,0,0,0,0,0,11
2025-09-26,Furniture repair,Colombo,PRO-FUR-03,1,High,1,0,0,0,0,0,11
2025-09-26,Plumbing,Colombo,PRO-PLU-01,2,High,1,0,0,0,0,0,11
2025-09-26,Plumbing,Gampaha,PRO-PLU-08,1,High,1,0,0,0,0,0,11
2025-09-26,Pet care,Colombo,PRO-PET-03,2,High,1,0,0,0,0,0,11
2025-09-26,Grass cutting,Colombo,PRO-GRA-09,0,High,1,0,0,0,0,0,11
2025-09-26,Grass cutting,Gampaha,PRO-GRA-14,0,High,1,0,0,0,0,0,11
2025-09-26,Personal assistance,Colombo,PRO-PER-03,8,High,1,0,0,0,0,0,11
2025-09-26,Plumbing,Colombo,PRO-PLU-03,1,High,1,0,0,0,0,0,11
2025-09-26,Grass cutting,Gampaha,PRO-GRA-15,0,High,1,0,0,0,0,0,11
2025-09-26,Plumbing,Gampaha,PRO-PLU-05,0,High,1,0,0,0,0,0,11
2025-09-26,Landscaping,Gampaha,PRO-LAN-05,0,High,1,0,0,0,0,0,11
2025-09-26,Plumbing,Colombo,PRO-PLU-07,1,High,1,0,0,0,0,0,11
2025-09-26,Plumbing,Colombo,PRO-PLU-04,2,High,1,0,0,0,0,0,11
2025-09-26,"Sofa, carpet & curtain cleaning",Gampaha,PRO-SOF-03,1,High,1,0,0,0,0,0,11
2025-09-26,Post-construction cleaning,Gampaha,PRO-POS-05,2,High,1,0,0,0,0,0,11
2025-09-26,Plumbing,Gampaha,PRO-PLU-06,1,High,1,0,0,0,0,0,11
2025-09-27,Child care,Gampaha,PRO-CHI-04,0,Low,0,1,0,0,0,1,0
2025-09-27,Plumbing,Colombo,PRO-PLU-04,25,Low,0,1,0,0,0,1,0
2025-09-27,Grass cutting,Colombo,PRO-GRA-17,25,Low,0,1,0,0,0,1,0
2025-09-27,Electrical repairs,Colombo,PRO-ELE-05,7,Low,0,1,0,0,0,1,0
2025-09-27,Grass cutting,Gampaha,PRO-GRA-16,25,Low,0,1,0,0,0,1,0
2025-09-27,Grass cutting,Gampaha,PRO-GRA-08,27,Low,0,1,0,0,0,1,0
2025-09-27,Grass cutting,Colombo,PRO-GRA-15,26,Low,0,1,0,0,0,1,0
2025-09-27,Plumbing,Colombo,PRO-PLU-06,27,Low,0,1,0,0,0,1,0
2025-09-27,Grass cutting,Colombo,PRO-GRA-03,26,Low,0,1,0,0,0,1,0
2025-09-27,Child care,Gampaha,PRO-CHI-01,1,Low,0,1,0,0,0,1,0
2025-09-27,Plumbing,Colombo,PRO-PLU-08,27,Low,0,1,0,0,0,1,0
2025-09-27,Child care,Colombo,PRO-CHI-06,2,Low,0,1,0,0,0,1,0
2025-09-27,Plumbing,Gampaha,PRO-PLU-03,27,Low,0,1,0,0,0,1,0
2025-09-27,Child care,Colombo,PRO-CHI-03,2,Low,0,1,0,0,0,1,0
2025-09-27,Plumbing,Colombo,PRO-PLU-01,27,Low,0,1,0,0,0,1,0
2025-09-27,Grass cutting,Gampaha,PRO-GRA-02,25,Low,0,1,0,0,0,1,0
2025-09-27,Plumbing,Gampaha,PRO-PLU-05,27,Low,0,1,0,0,0,1,0
2025-09-27,Plumbing,Gampaha,PRO-PLU-02,27,Low,0,1,0,0,0,1,0
2025-09-27,Electrical repairs,Colombo,PRO-ELE-06,6,Low,0,1,0,0,0,1,0
2025-09-27,Electrical repairs,Colombo,PRO-ELE-03,7,Low,0,1,0,0,0,1,0
2025-09-28,Plumbing,Colombo,PRO-PLU-01,42,High,1,0,0,0,0,0,1
2025-09-28,Electrical repairs,Colombo,PRO-ELE-04,17,High,1,0,0,0,0,0,1
2025-09-28,Plumbing,Gampaha,PRO-PLU-04,40,High,1,0,0,0,0,0,1
2025-09-28,Plumbing,Gampaha,PRO-PLU-03,41,High,1,0,0,0,0,0,1
2025-09-28,Grass cutting,Colombo,PRO-GRA-15,0,High,1,0,0,0,0,0,1
2025-09-28,Plumbing,Gampaha,PRO-PLU-05,41,High,1,0,0,0,0,0,1
2025-09-28,Child care,Colombo,PRO-CHI-02,2,High,1,0,0,0,0,0,1
2025-09-28,Child care,Colombo,PRO-CHI-07,0,High,1,0,0,0,0,0,1
2025-09-28,Electrical repairs,Gampaha,PRO-ELE-03,17,High,1,0,0,0,0,0,1
2025-09-28,Plumbing,Colombo,PRO-PLU-08,41,High,1,0,0,0,0,0,1
2025-09-28,Child care,Colombo,PRO-CHI-08,0,High,1,0,0,0,0,0,1
2025-09-28,Grass cutting,Gampaha,PRO-GRA-03,0,High,1,0,0,0,0,0,1
2025-09-28,Plumbing,Colombo,PRO-PLU-07,40,High,1,0,0,0,0,0,1
2025-09-28,Plumbing,Colombo,PRO-PLU-06,40,High,1,0,0,0,0,0,1
2025-09-28,Grass cutting,Colombo,PRO-GRA-10,0,High,1,0,0,0,0,0,1
2025-09-28,Grass cutting,Colombo,PRO-GRA-17,0,High,1,0,0,0,0,0,1
2025-09-28,Grass cutting,Colombo,PRO-GRA-16,0,High,1,0,0,0,0,0,1
2025-09-28,Plumbing,Colombo,PRO-PLU-02,41,High,1,0,0,0,0,0,1
2025-09-28,Grass cutting,Colombo,PRO-GRA-05,0,High,1,0,0,0,0,0,1
2025-09-28,Child care,Gampaha,PRO-CHI-01,2,High,1,0,0,0,0,0,1
2025-09-29,Plumbing,Gampaha,PRO-PLU-03,2,Low,0,1,0,0,0,1,0
2025-09-29,Child care,Colombo,PRO-CHI-08,11,Low,0,1,0,0,0,1,0
2025-09-29,Grass cutting,Gampaha,PRO-GRA-13,0,Low,0,1,0,0,0,1,0
2025-09-29,Grass cutting,Gampaha,PRO-GRA-03,0,Low,0,1,0,0,0,1,0
2025-09-29,Plumbing,Colombo,PRO-PLU-02,1,Low,0,1,0,0,0,1,0
2025-09-29,Grass cutting,Colombo,PRO-GRA-12,1,Low,0,1,0,0,0,1,0
2025-09-29,Electrical repairs,Colombo,PRO-ELE-05,0,Low,0,1,0,0,0,1,0
2025-09-29,Electrical repairs,Gampaha,PRO-ELE-07,1,Low,0,1,0,0,0,1,0
2025-09-29,Plumbing,Gampaha,PRO-PLU-04,2,Low,0,1,0,0,0,1,0
2025-09-29,Electrical repairs,Gampaha,PRO-ELE-01,1,Low,0,1,0,0,0,1,0
2025-09-29,Plumbing,Colombo,PRO-PLU-08,1,Low,0,1,0,0,0,1,0
2025-09-29,Plumbing,Colombo,PRO-PLU-07,0,Low,0,1,0,0,0,1,0
2025-09-29,Grass cutting,Colombo,PRO-GRA-16,0,Low,0,1,0,0,0,1,0
2025-09-29,Child care,Gampaha,PRO-CHI-05,11,Low,0,1,0,0,0,1,0
2025-09-29,Plumbing,Colombo,PRO-PLU-06,2,Low,0,1,0,0,0,1,0
2025-09-29,Grass cutting,Gampaha,PRO-GRA-09,2,Low,0,1,0,0,0,1,0
2025-09-29,Plumbing,Gampaha,PRO-PLU-01,1,Low,0,1,0,0,0,1,0
2025-09-29,Child care,Gampaha,PRO-CHI-07,10,Low,0,1,0,0,0,1,0
2025-09-29,Plumbing,Gampaha,PRO-PLU-05,2,Low,0,1,0,0,0,1,0
2025-09-30,Plumbing,Colombo,PRO-PLU-02,1,Low,0,1,0,0,0,2,0
2025-09-30,Grass cutting,Gampaha,PRO-GRA-13,1,Low,0,1,0,0,0,2,0
2025-09-30,Grass cutting,Colombo,PRO-GRA-03,0,Low,0,1,0,0,0,2,0
2025-09-30,Electrical repairs,Colombo,PRO-ELE-02,1,Low,0,1,0,0,0,2,0
2025-09-30,Plumbing,Gampaha,PRO-PLU-07,2,Low,0,1,0,0,0,2,0
2025-09-30,Plumbing,Colombo,PRO-PLU-05,0,Low,0,1,0,0,0,2,0
2025-09-30,Grass cutting,Gampaha,PRO-GRA-04,2,Low,0,1,0,0,0,2,0
2025-09-30,Plumbing,Gampaha,PRO-PLU-04,2,Low,0,1,0,0,0,2,0
2025-09-30,Child care,Colombo,PRO-CHI-05,12,Low,0,1,0,0,0,2,0
2025-09-30,Child care,Gampaha,PRO-CHI-04,11,Low,0,1,0,0,0,2,0
2025-09-30,Electrical repairs,Colombo,PRO-ELE-05,2,Low,0,1,0,0,0,2,0
2025-09-30,Grass cutting,Colombo,PRO-GRA-12,0,Low,0,1,0,0,0,2,0
2025-09-30,Grass cutting,Gampaha,PRO-GRA-16,1,Low,0,1,0,0,0,2,0
2025-09-30,Electrical repairs,Gampaha,PRO-ELE-07,0,Low,0,1,0,0,0,2,0
2025-09-30,Plumbing,Gampaha,PRO-PLU-08,0,Low,0,1,0,0,0,2,0
2025-09-30,Child care,Gampaha,PRO-CHI-08,11,Low,0,1,0,0,0,2,0
2025-09-30,Child care,Colombo,PRO-CHI-03,10,Low,0,1,0,0,0,2,0
2025-09-30,Plumbing,Colombo,PRO-PLU-03,2,Low,0,1,0,0,0,2,0
2025-10-01,Electrical repairs,Gampaha,PRO-ELE-04,0,Low,0,1,0,0,0,3,0
2025-10-01,Plumbing,Colombo,PRO-PLU-05,1,Low,0,1,0,0,0,3,0
2025-10-01,Plumbing,Gampaha,PRO-PLU-01,2,Low,0,1,0,0,0,3,0
2025-10-01,Plumbing,Gampaha,PRO-PLU-02,2,Low,0,1,0,0,0,3,0
2025-10-01,Electrical repairs,Colombo,PRO-ELE-06,1,Low,0,1,0,0,0,3,0
2025-10-01,Child care,Gampaha,PRO-CHI-01,12,Low,0,1,0,0,0,3,0
2025-10-01,Electrical repairs,Gampaha,PRO-ELE-02,0,Low,0,1,0,0,0,3,0
2025-10-01,Plumbing,Colombo,PRO-PLU-08,1,Low,0,1,0,0,0,3,0
2025-10-01,Plumbing,Gampaha,PRO-PLU-06,0,Low,0,1,0,0,0,3,0
2025-10-01,Plumbing,Colombo,PRO-PLU-03,2,Low,0,1,0,0,0,3,0
2025-10-01,Electrical repairs,Colombo,PRO-ELE-08,1,Low,0,1,0,0,0,3,0
2025-10-01,Electrical repairs,Colombo,PRO-ELE-03,1,Low,0,1,0,0,0,3,0
2025-10-01,House cleaning,Gampaha,PRO-HOU-10,20,Low,0,1,0,0,0,3,0
2025-10-01,Grass cutting,Colombo,PRO-GRA-04,0,Low,0,1,0,0,0,3,0
2025-10-01,Plumbing,Colombo,PRO-PLU-07,0,Low,0,1,0,0,0,3,0
2025-10-01,Grass cutting,Colombo,PRO-GRA-07,1,Low,0,1,0,0,0,3,0
2025-10-01,Electrical repairs,Colombo,PRO-ELE-07,0,Low,0,1,0,0,0,3,0
2025-10-01,Grass cutting,Gampaha,PRO-GRA-01,1,Low,0,1,0,0,0,3,0
2025-10-01,Plumbing,Colombo,PRO-PLU-04,2,Low,0,1,0,0,0,3,0
2025-10-01,Child care,Colombo,PRO-CHI-04,12,Low,0,1,0,0,0,3,0
2025-10-02,Electrical repairs,Gampaha,PRO-ELE-06,0,Low,0,1,1,0,0,4,0
2025-10-02,Plumbing,Gampaha,PRO-PLU-08,1,Low,0,1,1,0,0,4,0
2025-10-02,Plumbing,Gampaha,PRO-PLU-02,1,Low,0,1,1,0,0,4,0
2025-10-02,Plumbing,Gampaha,PRO-PLU-05,1,Low,0,1,1,0,0,4,0
2025-10-02,Electrical repairs,Gampaha,PRO-ELE-05,1,Low,0,1,1,0,0,4,0
2025-10-02,Child care,Gampaha,PRO-CHI-01,2,Low,0,1,1,0,0,4,0
2025-10-02,Child care,Colombo,PRO-CHI-02,1,Low,0,1,1,0,0,4,0
2025-10-02,Grass cutting,Colombo,PRO-GRA-04,2,Low,0,1,1,0,0,4,0
2025-10-02,Grass cutting,Colombo,PRO-GRA-08,1,Low,0,1,1,0,0,4,0
2025-10-02,Plumbing,Colombo,PRO-PLU-03,1,Low,0,1,1,0,0,4,0
2025-10-02,Plumbing,Gampaha,PRO-PLU-01,2,Low,0,1,1,0,0,4,0
2025-10-02,Plumbing,Gampaha,PRO-PLU-06,2,Low,0,1,1,0,0,4,0
2025-10-02,Child care,Gampaha,PRO-CHI-06,2,Low,0,1,1,0,0,4,0
2025-10-02,Grass cutting,Gampaha,PRO-GRA-15,0,Low,0,1,1,0,0,4,0
2025-10-02,Grass cutting,Gampaha,PRO-GRA-06,0,Low,0,1,1,0,0,4,0
2025-10-03,Plumbing,Colombo,PRO-PLU-04,1,Low,0,1,0,0,0,5,0
2025-10-03,Plumbing,Colombo,PRO-PLU-01,0,Low,0,1,0,0,0,5,0
2025-10-03,Plumbing,Colombo,PRO-PLU-02,0,Low,0,1,0,0,0,5,0
2025-10-03,Plumbing,Colombo,PRO-PLU-03,0,Low,0,1,0,0,0,5,0
2025-10-03,Grass cutting,Gampaha,PRO-GRA-12,16,Low,0,1,0,0,0,5,0
2025-10-03,Child care,Gampaha,PRO-CHI-01,12,Low,0,1,0,0,0,5,0
2025-10-03,Grass cutting,Gampaha,PRO-GRA-16,15,Low,0,1,0,0,0,5,0
2025-10-03,Electrical repairs,Colombo,PRO-ELE-02,1,Low,0,1,0,0,0,5,0
2025-10-03,Electrical repairs,Gampaha,PRO-ELE-03,0,Low,0,1,0,0,0,5,0
2025-10-03,Plumbing,Gampaha,PRO-PLU-08,1,Low,0,1,0,0,0,5,0
2025-10-03,Plumbing,Colombo,PRO-PLU-05,2,Low,0,1,0,0,0,5,0
2025-10-03,Electrical repairs,Colombo,PRO-ELE-01,2,Low,0,1,0,0,0,5,0
2025-10-03,Plumbing,Colombo,PRO-PLU-07,0,Low,0,1,0,0,0,5,0
2025-10-03,Plumbing,Gampaha,PRO-PLU-06,2,Low,0,1,0,0,0,5,0
2025-10-03,Grass cutting,Gampaha,PRO-GRA-05,15,Low,0,1,0,0,0,5,0
2025-10-03,Grass cutting,Gampaha,PRO-GRA-10,17,Low,0,1,0,0,0,5,0
2025-10-04,Grass cutting,Gampaha,PRO-GRA-16,0,High,1,0,0,1,0,0,1
2025-10-04,Plumbing,Gampaha,PRO-PLU-04,16,High,1,0,0,1,0,0,1
2025-10-04,Electrical repairs,Colombo,PRO-ELE-03,15,High,1,0,0,1,0,0,1
2025-10-04,Electrical repairs,Gampaha,PRO-ELE-04,15,High,1,0,0,1,0,0,1
2025-10-04,Electrical repairs,Gampaha,PRO-ELE-02,15,High,1,0,0,1,0,0,1
2025-10-04,Plumbing,Colombo,PRO-PLU-05,15,High,1,0,0,1,0,0,1
2025-10-04,Child care,Gampaha,PRO-CHI-07,0,High,1,0,0,1,0,0,1
2025-10-04,Plumbing,Colombo,PRO-PLU-06,16,High,1,0,0,1,0,0,1
2025-10-04,Plumbing,Colombo,PRO-PLU-08,16,High,1,0,0,1,0,0,1
2025-10-04,Plumbing,Gampaha,PRO-PLU-07,16,High,1,0,0,1,0,0,1
2025-10-04,Child care,Gampaha,PRO-CHI-04,0,High,1,0,0,1,0,0,1
2025-10-04,Grass cutting,Colombo,PRO-GRA-08,0,High,1,0,0,1,0,0,1
2025-10-04,Plumbing,Gampaha,PRO-PLU-02,17,High,1,0,0,1,0,0,1
2025-10-04,Plumbing,Colombo,PRO-PLU-03,16,High,1,0,0,1,0,0,1
2025-10-04,Grass cutting,Colombo,PRO-GRA-14,0,High,1,0,0,1,0,0,1
2025-10-04,Grass cutting,Gampaha,PRO-GRA-17,0,High,1,0,0,1,0,0,1
2025-10-04,Plumbing,Gampaha,PRO-PLU-01,16,High,1,0,0,1,0,0,1
2025-10-05,Grass cutting,Gampaha,PRO-GRA-18,2,Low,0,1,0,0,0,1,0
2025-10-05,Child care,Gampaha,PRO-CHI-05,1,Low,0,1,0,0,0,1,0
2025-10-05,Child care,Gampaha,PRO-CHI-06,1,Low,0,1,0,0,0,1,0
2025-10-05,Plumbing,Gampaha,PRO-PLU-05,1,Low,0,1,0,0,0,1,0
2025-10-05,Electrical repairs,Gampaha,PRO-ELE-05,7,Low,0,1,0,0,0,1,0
2025-10-05,Child care,Gampaha,PRO-CHI-07,2,Low,0,1,0,0,0,1,0
2025-10-05,Plumbing,Gampaha,PRO-PLU-06,0,Low,0,1,0,0,0,1,0
2025-10-05,Electrical repairs,Gampaha,PRO-ELE-07,6,Low,0,1,0,0,0,1,0
2025-10-05,Grass cutting,Gampaha,PRO-GRA-06,2,Low,0,1,0,0,0,1,0
2025-10-05,Plumbing,Colombo,PRO-PLU-02,2,Low,0,1,0,0,0,1,0
2025-10-05,Electrical repairs,Gampaha,PRO-ELE-01,5,Low,0,1,0,0,0,1,0
2025-10-05,Grass cutting,Gampaha,PRO-GRA-02,0,Low,0,1,0,0,0,1,0
2025-10-05,Electrical repairs,Colombo,PRO-ELE-08,6,Low,0,1,0,0,0,1,0
2025-10-05,Plumbing,Colombo,PRO-PLU-03,0,Low,0,1,0,0,0,1,0
2025-10-05,Child care,Colombo,PRO-CHI-04,2,Low,0,1,0,0,0,1,0
2025-10-05,Grass cutting,Gampaha,PRO-GRA-13,0,Low,0,1,0,0,0,1,0
2025-10-05,Child care,Colombo,PRO-CHI-03,0,Low,0,1,0,0,0,1,0
2025-10-05,Plumbing,Colombo,PRO-PLU-04,2,Low,0,1,0,0,0,1,0
2025-10-05,Plumbing,Gampaha,PRO-PLU-08,1,Low,0,1,0,0,0,1,0
2025-10-05,Electrical repairs,Colombo,PRO-ELE-06,6,Low,0,1,0,0,0,1,0
2025-10-05,Plumbing,Gampaha,PRO-PLU-07,2,Low,0,1,0,0,0,1,0
2025-10-05,Plumbing,Colombo,PRO-PLU-01,0,Low,0,1,0,0,0,1,0
2025-10-06,Plumbing,Colombo,PRO-PLU-05,0,Low,0,1,1,0,0,2,0
2025-10-06,Grass cutting,Gampaha,PRO-GRA-13,0,Low,0,1,1,0,0,2,0
2025-10-06,Electrical repairs,Colombo,PRO-ELE-01,1,Low,0,1,1,0,0,2,0
2025-10-06,Plumbing,Colombo,PRO-PLU-01,0,Low,0,1,1,0,0,2,0
2025-10-06,Plumbing,Colombo,PRO-PLU-08,2,Low,0,1,1,0,0,2,0
2025-10-06,Grass cutting,Colombo,PRO-GRA-02,2,Low,0,1,1,0,0,2,0
2025-10-06,Child care,Gampaha,PRO-CHI-05,0,Low,0,1,1,0,0,2,0
2025-10-06,Electrical repairs,Gampaha,PRO-ELE-07,0,Low,0,1,1,0,0,2,0
2025-10-06,Plumbing,Colombo,PRO-PLU-07,1,Low,0,1,1,0,0,2,0
2025-10-06,Personal assistance,Gampaha,PRO-PER-03,9,Low,0,1,1,0,0,2,0
2025-10-06,"Sofa, carpet & curtain cleaning",Gampaha,PRO-SOF-03,21,Low,0,1,1,0,0,2,0
2025-10-06,Furniture repair,Colombo,PRO-FUR-03,1,Low,0,1,1,0,0,2,0
2025-10-06,Plumbing,Gampaha,PRO-PLU-04,0,Low,0,1,1,0,0,2,0
2025-10-06,Plumbing,Gampaha,PRO-PLU-06,0,Low,0,1,1,0,0,2,0
2025-10-06,Pet care,Gampaha,PRO-PET-03,0,Low,0,1,1,0,0,2,0
2025-10-06,Grass cutting,Colombo,PRO-GRA-15,0,Low,0,1,1,0,0,2,0
2025-10-06,Child care,Colombo,PRO-CHI-02,2,Low,0,1,1,0,0,2,0
2025-10-06,Plumbing,Colombo,PRO-PLU-02,2,Low,0,1,1,0,0,2,0
2025-10-06,Electrical repairs,Colombo,PRO-ELE-04,0,Low,0,1,1,0,0,2,0
2025-10-07,Electrical repairs,Colombo,PRO-ELE-03,1,Low,0,1,0,0,0,3,0
2025-10-07,Grass cutting,Gampaha,PRO-GRA-12,0,Low,0,1,0,0,0,3,0
2025-10-07,Plumbing,Colombo,PRO-PLU-01,1,Low,0,1,0,0,0,3,0
2025-10-07,Electrical repairs,Colombo,PRO-ELE-04,1,Low,0,1,0,0,0,3,0
2025-10-07,Grass cutting,Gampaha,PRO-GRA-10,0,Low,0,1,0,0,0,3,0
2025-10-07,Plumbing,Gampaha,PRO-PLU-08,0,Low,0,1,0,0,0,3,0
2025-10-07,Plumbing,Colombo,PRO-PLU-04,1,Low,0,1,0,0,0,3,0
2025-10-07,Plumbing,Colombo,PRO-PLU-05,2,Low,0,1,0,0,0,3,0
2025-10-07,Child care,Colombo,PRO-CHI-02,10,Low,0,1,0,0,0,3,0
2025-10-07,Electrical repairs,Colombo,PRO-ELE-07,0,Low,0,1,0,0,0,3,0
2025-10-07,Child care,Colombo,PRO-CHI-01,10,Low,0,1,0,0,0,3,0
2025-10-07,Plumbing,Colombo,PRO-PLU-03,2,Low,0,1,0,0,0,3,0
2025-10-07,Grass cutting,Colombo,PRO-GRA-11,1,Low,0,1,0,0,0,3,0
2025-10-07,House cleaning,Colombo,PRO-HOU-03,22,Low,0,1,0,0,0,3,0
2025-10-07,Plumbing,Gampaha,PRO-PLU-06,0,Low,0,1,0,0,0,3,0
2025-10-07,Plumbing,Gampaha,PRO-PLU-02,2,Low,0,1,0,0,0,3,0
2025-10-07,Plumbing,Gampaha,PRO-PLU-07,2,Low,0,1,0,0,0,3,0
2025-10-07,Grass cutting,Gampaha,PRO-GRA-18,1,Low,0,1,0,0,0,3,0
2025-10-07,Grass cutting,Gampaha,PRO-GRA-08,1,Low,0,1,0,0,0,3,0
2025-10-07,Child care,Gampaha,PRO-CHI-05,12,Low,0,1,0,0,0,3,0
2025-10-07,Grass cutting,Gampaha,PRO-GRA-15,1,Low,0,1,0,0,0,3,0
2025-10-07,Grass cutting,Colombo,PRO-GRA-02,1,Low,0,1,0,0,0,3,0
2025-10-08,Plumbing,Colombo,PRO-PLU-07,2,Low,0,1,0,0,0,4,0
2025-10-08,Plumbing,Colombo,PRO-PLU-05,1,Low,0,1,0,0,0,4,0
2025-10-08,Grass cutting,Gampaha,PRO-GRA-13,0,Low,0,1,0,0,0,4,0
2025-10-08,Grass cutting,Gampaha,PRO-GRA-02,0,Low,0,1,0,0,0,4,0
2025-10-08,Plumbing,Colombo,PRO-PLU-01,0,Low,0,1,0,0,0,4,0
2025-10-08,Plumbing,Colombo,PRO-PLU-03,2,Low,0,1,0,0,0,4,0
2025-10-08,Grass cutting,Gampaha,PRO-GRA-08,2,Low,0,1,0,0,0,4,0
2025-10-08,Electrical repairs,Gampaha,PRO-ELE-06,1,Low,0,1,0,0,0,4,0
2025-10-08,Plumbing,Colombo,PRO-PLU-08,2,Low,0,1,0,0,0,4,0
2025-10-08,Plumbing,Colombo,PRO-PLU-04,1,Low,0,1,0,0,0,4,0
2025-10-08,Grass cutting,Colombo,PRO-GRA-12,0,Low,0,1,0,0,0,4,0
2025-10-08,Plumbing,Colombo,PRO-PLU-06,0,Low,0,1,0,0,0,4,0
2025-10-08,Plumbing,Colombo,PRO-PLU-02,1,Low,0,1,0,0,0,4,0
2025-10-09,Plumbing,Colombo,PRO-PLU-04,1,Low,0,1,0,0,0,5,0
2025-10-09,Plumbing,Colombo,PRO-PLU-08,0,Low,0,1,0,0,0,5,0
2025-10-09,Grass cutting,Gampaha,PRO-GRA-15,16,Low,0,1,0,0,0,5,0
2025-10-09,Plumbing,Colombo,PRO-PLU-07,1,Low,0,1,0,0,0,5,0
2025-10-09,Electrical repairs,Colombo,PRO-ELE-06,1,Low,0,1,0,0,0,5,0
2025-10-09,Grass cutting,Gampaha,PRO-GRA-11,17,Low,0,1,0,0,0,5,0
2025-10-09,Child care,Colombo,PRO-CHI-08,11,Low,0,1,0,0,0,5,0
2025-10-09,Plumbing,Gampaha,PRO-PLU-03,1,Low,0,1,0,0,0,5,0
2025-10-09,Child care,Colombo,PRO-CHI-04,11,Low,0,1,0,0,0,5,0
2025-10-09,Child care,Gampaha,PRO-CHI-07,11,Low,0,1,0,0,0,5,0
2025-10-09,Plumbing,Gampaha,PRO-PLU-02,1,Low,0,1,0,0,0,5,0
2025-10-09,Plumbing,Colombo,PRO-PLU-05,1,Low,0,1,0,0,0,5,0
2025-10-09,Plumbing,Gampaha,PRO-PLU-01,2,Low,0,1,0,0,0,5,0
2025-10-09,Plumbing,Colombo,PRO-PLU-06,1,Low,0,1,0,0,0,5,0
2025-10-09,Grass cutting,Colombo,PRO-GRA-03,17,Low,0,1,0,0,0,5,0
2025-10-10,Plumbing,Colombo,PRO-PLU-04,0,Low,0,1,0,0,0,6,0
2025-10-10,Plumbing,Gampaha,PRO-PLU-01,1,Low,0,1,0,0,0,6,0
2025-10-10,Electrical repairs,Gampaha,PRO-ELE-01,1,Low,0,1,0,0,0,6,0
2025-10-10,Electrical repairs,Colombo,PRO-ELE-06,0,Low,0,1,0,0,0,6,0
2025-10-10,Plumbing,Colombo,PRO-PLU-03,1,Low,0,1,0,0,0,6,0
2025-10-10,Grass cutting,Gampaha,PRO-GRA-16,15,Low,0,1,0,0,0,6,0
2025-10-10,Grass cutting,Colombo,PRO-GRA-06,15,Low,0,1,0,0,0,6,0
2025-10-10,Plumbing,Colombo,PRO-PLU-07,2,Low,0,1,0,0,0,6,0
2025-10-10,Child care,Gampaha,PRO-CHI-04,12,Low,0,1,0,0,0,6,0
2025-10-10,Child care,Colombo,PRO-CHI-06,12,Low,0,1,0,0,0,6,0
2025-10-10,Plumbing,Gampaha,PRO-PLU-08,2,Low,0,1,0,0,0,6,0
2025-10-10,Electrical repairs,Colombo,PRO-ELE-08,1,Low,0,1,0,0,0,6,0
2025-10-10,Plumbing,Colombo,PRO-PLU-05,1,Low,0,1,0,0,0,6,0
2025-10-10,Electrical repairs,Colombo,PRO-ELE-04,2,Low,0,1,0,0,0,6,0
2025-10-10,Roofing,Colombo,PRO-ROO-05,0,Low,0,1,0,0,0,6,0
2025-10-10,Grass cutting,Colombo,PRO-GRA-08,15,Low,0,1,0,0,0,6,0
2025-10-10,Child care,Gampaha,PRO-CHI-05,11,Low,0,1,0,0,0,6,0
2025-10-10,Plumbing,Colombo,PRO-PLU-06,1,Low,0,1,0,0,0,6,0
2025-10-10,Plumbing,Colombo,PRO-PLU-02,1,Low,0,1,0,0,0,6,0
2025-10-10,Electrical repairs,Gampaha,PRO-ELE-02,0,Low,0,1,0,0,0,6,0
2025-10-11,Child care,Gampaha,PRO-CHI-01,1,Low,0,1,0,0,0,7,0
2025-10-11,Plumbing,Gampaha,PRO-PLU-06,2,Low,0,1,0,0,0,7,0
2025-10-11,Child care,Gampaha,PRO-CHI-02,2,Low,0,1,0,0,0,7,0
2025-10-11,Grass cutting,Gampaha,PRO-GRA-16,17,Low,0,1,0,0,0,7,0
2025-10-11,Grass cutting,Gampaha,PRO-GRA-18,16,Low,0,1,0,0,0,7,0
2025-10-11,Grass cutting,Colombo,PRO-GRA-02,15,Low,0,1,0,0,0,7,0
2025-10-11,Plumbing,Gampaha,PRO-PLU-08,1,Low,0,1,0,0,0,7,0
2025-10-11,Plumbing,Gampaha,PRO-PLU-04,0,Low,0,1,0,0,0,7,0
2025-10-11,Grass cutting,Colombo,PRO-GRA-12,16,Low,0,1,0,0,0,7,0
2025-10-11,Plumbing,Gampaha,PRO-PLU-01,1,Low,0,1,0,0,0,7,0
2025-10-11,Grass cutting,Gampaha,PRO-GRA-08,15,Low,0,1,0,0,0,7,0
2025-10-11,Electrical repairs,Colombo,PRO-ELE-06,7,Low,0,1,0,0,0,7,0
2025-10-11,Painting,Colombo,PRO-PAI-08,21,Low,0,1,0,0,0,7,0
2025-10-11,Plumbing,Colombo,PRO-PLU-07,2,Low,0,1,0,0,0,7,0
2025-10-11,Plumbing,Colombo,PRO-PLU-02,1,Low,0,1,0,0,0,7,0
2025-10-11,Plumbing,Gampaha,PRO-PLU-05,2,Low,0,1,0,0,0,7,0
2025-10-12,Plumbing,Gampaha,PRO-PLU-05,0,Low,0,1,0,0,0,8,0
2025-10-12,Plumbing,Colombo,PRO-PLU-07,0,Low,0,1,0,0,0,8,0
2025-10-12,Child care,Colombo,PRO-CHI-02,0,Low,0,1,0,0,0,8,0
2025-10-12,Plumbing,Gampaha,PRO-PLU-06,0,Low,0,1,0,0,0,8,0
2025-10-12,Plumbing,Gampaha,PRO-PLU-03,0,Low,0,1,0,0,0,8,0
2025-10-12,Electrical repairs,Colombo,PRO-ELE-06,6,Low,0,1,0,0,0,8,0
2025-10-12,Grass cutting,Colombo,PRO-GRA-12,16,Low,0,1,0,0,0,8,0
2025-10-12,Child care,Gampaha,PRO-CHI-03,2,Low,0,1,0,0,0,8,0
2025-10-12,Plumbing,Gampaha,PRO-PLU-04,1,Low,0,1,0,0,0,8,0
2025-10-12,Plumbing,Colombo,PRO-PLU-01,1,Low,0,1,0,0,0,8,0
2025-10-12,Plumbing,Gampaha,PRO-PLU-08,2,Low,0,1,0,0,0,8,0
2025-10-12,Plumbing,Colombo,PRO-PLU-02,2,Low,0,1,0,0,0,8,0
2025-10-12,Grass cutting,Colombo,PRO-GRA-16,17,Low,0,1,0,0,0,8,0
2025-10-12,Electrical repairs,Gampaha,PRO-ELE-05,7,Low,0,1,0,0,0,8,0
2025-10-12,Grass cutting,Colombo,PRO-GRA-14,17,Low,0,1,0,0,0,8,0
2025-10-13,Grass cutting,Colombo,PRO-GRA-04,0,High,1,0,0,0,0,0,1
2025-10-13,Plumbing,Colombo,PRO-PLU-04,1,High,1,0,0,0,0,0,1
2025-10-13,Plumbing,Gampaha,PRO-PLU-03,0,High,1,0,0,0,0,0,1
2025-10-13,Plumbing,Colombo,PRO-PLU-01,2,High,1,0,0,0,0,0,1
2025-10-13,Plumbing,Colombo,PRO-PLU-06,1,High,1,0,0,0,0,0,1
2025-10-13,Child care,Colombo,PRO-CHI-08,11,High,1,0,0,0,0,0,1
2025-10-13,Plumbing,Colombo,PRO-PLU-02,0,High,1,0,0,0,0,0,1
2025-10-13,Plumbing,Colombo,PRO-PLU-07,0,High,1,0,0,0,0,0,1
2025-10-13,Child care,Colombo,PRO-CHI-01,12,High,1,0,0,0,0,0,1
2025-10-13,Plumbing,Colombo,PRO-PLU-08,0,High,1,0,0,0,0,0,1
2025-10-13,Grass cutting,Gampaha,PRO-GRA-12,0,High,1,0,0,0,0,0,1
2025-10-13,Electrical repairs,Gampaha,PRO-ELE-03,12,High,1,0,0,0,0,0,1
2025-10-13,Electrical repairs,Gampaha,PRO-ELE-05,11,High,1,0,0,0,0,0,1
2025-10-13,Plumbing,Gampaha,PRO-PLU-05,1,High,1,0,0,0,0,0,1
2025-10-13,Child care,Colombo,PRO-CHI-03,12,High,1,0,0,0,0,0,1
2025-10-13,Grass cutting,Colombo,PRO-GRA-06,0,High,1,0,0,0,0,0,1
2025-10-14,Plumbing,Gampaha,PRO-PLU-06,2,Low,0,1,0,0,0,1,0
2025-10-14,Plumbing,Gampaha,PRO-PLU-04,2,Low,0,1,0,0,0,1,0
2025-10-14,Plumbing,Colombo,PRO-PLU-08,0,Low,0,1,0,0,0,1,0
2025-10-14,Plumbing,Gampaha,PRO-PLU-07,0,Low,0,1,0,0,0,1,0
2025-10-14,Grass cutting,Gampaha,PRO-GRA-02,1,Low,0,1,0,0,0,1,0
2025-10-14,Plumbing,Colombo,PRO-PLU-01,1,Low,0,1,0,0,0,1,0
2025-10-14,Electrical repairs,Gampaha,PRO-ELE-06,2,Low,0,1,0,0,0,1,0
2025-10-14,Grass cutting,Gampaha,PRO-GRA-11,2,Low,0,1,0,0,0,1,0
2025-10-14,Grass cutting,Colombo,PRO-GRA-12,2,Low,0,1,0,0,0,1,0
2025-10-14,Plumbing,Colombo,PRO-PLU-03,2,Low,0,1,0,0,0,1,0
2025-10-14,Plumbing,Gampaha,PRO-PLU-05,1,Low,0,1,0,0,0,1,0
2025-10-14,Grass cutting,Gampaha,PRO-GRA-04,1,Low,0,1,0,0,0,1,0
2025-10-14,Grass cutting,Colombo,PRO-GRA-05,1,Low,0,1,0,0,0,1,0
2025-10-14,Child care,Colombo,PRO-CHI-07,10,Low,0,1,0,0,0,1,0
2025-10-14,Plumbing,Colombo,PRO-PLU-02,2,Low,0,1,0,0,0,1,0
2025-10-15,Plumbing,Gampaha,PRO-PLU-03,0,High,1,0,0,0,0,0,1
2025-10-15,Electrical repairs,Colombo,PRO-ELE-03,11,High,1,0,0,0,0,0,1
2025-10-15,Electrical repairs,Colombo,PRO-ELE-06,12,High,1,0,0,0,0,0,1
2025-10-15,Plumbing,Colombo,PRO-PLU-02,0,High,1,0,0,0,0,0,1
2025-10-15,Child care,Gampaha,PRO-CHI-03,10,High,1,0,0,0,0,0,1
2025-10-15,Grass cutting,Colombo,PRO-GRA-02,0,High,1,0,0,0,0,0,1
2025-10-15,Grass cutting,Gampaha,PRO-GRA-17,0,High,1,0,0,0,0,0,1
2025-10-15,Plumbing,Colombo,PRO-PLU-04,0,High,1,0,0,0,0,0,1
2025-10-15,Grass cutting,Gampaha,PRO-GRA-10,0,High,1,0,0,0,0,0,1
2025-10-15,Plumbing,Colombo,PRO-PLU-07,2,High,1,0,0,0,0,0,1
2025-10-15,Child care,Colombo,PRO-CHI-04,11,High,1,0,0,0,0,0,1
2025-10-15,Grass cutting,Gampaha,PRO-GRA-14,0,High,1,0,0,0,0,0,1
2025-10-15,Grass cutting,Gampaha,PRO-GRA-16,0,High,1,0,0,0,0,0,1
2025-10-15,Plumbing,Gampaha,PRO-PLU-05,2,High,1,0,0,0,0,0,1
2025-10-15,Electrical repairs,Colombo,PRO-ELE-05,12,High,1,0,0,0,0,0,1
2025-10-15,Grass cutting,Gampaha,PRO-GRA-12,0,High,1,0,0,0,0,0,1
2025-10-15,Plumbing,Colombo,PRO-PLU-01,2,High,1,0,0,0,0,0,1
2025-10-15,Plumbing,Gampaha,PRO-PLU-08,1,High,1,0,0,0,0,0,1
2025-10-15,Plumbing,Gampaha,PRO-PLU-06,1,High,1,0,0,0,0,0,1
2025-10-16,Plumbing,Colombo,PRO-PLU-02,1,High,1,0,0,0,0,0,2
2025-10-16,Plumbing,Colombo,PRO-PLU-07,2,High,1,0,0,0,0,0,2
2025-10-16,"Sofa, carpet & curtain cleaning",Colombo,PRO-SOF-03,2,High,1,0,0,0,0,0,2
2025-10-16,Plumbing,Colombo,PRO-PLU-05,1,High,1,0,0,0,0,0,2
2025-10-16,Grass cutting,Gampaha,PRO-GRA-08,0,High,1,0,0,0,0,0,2
2025-10-16,Furniture repair,Gampaha,PRO-FUR-03,1,High,1,0,0,0,0,0,2
2025-10-16,Child care,Gampaha,PRO-CHI-06,10,High,1,0,0,0,0,0,2
2025-10-16,Electrical repairs,Colombo,PRO-ELE-03,10,High,1,0,0,0,0,0,2
2025-10-16,House cleaning,Gampaha,PRO-HOU-06,0,High,1,0,0,0,0,0,2
2025-10-16,Plumbing,Gampaha,PRO-PLU-04,1,High,1,0,0,0,0,0,2
2025-10-16,Grass cutting,Gampaha,PRO-GRA-12,0,High,1,0,0,0,0,0,2
2025-10-16,Plumbing,Gampaha,PRO-PLU-01,2,High,1,0,0,0,0,0,2
2025-10-16,Child care,Colombo,PRO-CHI-05,10,High,1,0,0,0,0,0,2
2025-10-16,Child care,Gampaha,PRO-CHI-01,11,High,1,0,0,0,0,0,2
2025-10-16,Electrical repairs,Gampaha,PRO-ELE-05,11,High,1,0,0,0,0,0,2
2025-10-16,Plumbing,Gampaha,PRO-PLU-06,1,High,1,0,0,0,0,0,2
2025-10-16,Pet care,Colombo,PRO-PET-03,0,High,1,0,0,0,0,0,2
2025-10-16,Child care,Gampaha,PRO-CHI-07,12,High,1,0,0,0,0,0,2
2025-10-16,Grass cutting,Gampaha,PRO-GRA-07,0,High,1,0,0,0,0,0,2
2025-10-16,Plumbing,Gampaha,PRO-PLU-03,1,High,1,0,0,0,0,0,2
2025-10-16,Child care,Colombo,PRO-CHI-03,11,High,1,0,0,0,0,0,2
2025-10-16,Grass cutting,Gampaha,PRO-GRA-04,0,High,1,0,0,0,0,0,2
2025-10-16,Plumbing,Gampaha,PRO-PLU-08,1,High,1,0,0,0,0,0,2
2025-10-16,Grass cutting,Gampaha,PRO-GRA-05,0,High,1,0,0,0,0,0,2
2025-10-16,Electrical repairs,Gampaha,PRO-ELE-07,10,High,1,0,0,0,0,0,2
2025-10-16,Grass cutting,Colombo,PRO-GRA-17,0,High,1,0,0,0,0,0,2
2025-10-16,Personal assistance,Gampaha,PRO-PER-03,10,High,1,0,0,0,0,0,2
2025-10-17,Plumbing,Gampaha,PRO-PLU-07,1,High,1,0,0,0,0,0,3
2025-10-17,Child care,Colombo,PRO-CHI-06,12,High,1,0,0,0,0,0,3
2025-10-17,Plumbing,Colombo,PRO-PLU-01,0,High,1,0,0,0,0,0,3
2025-10-17,Electrical repairs,Gampaha,PRO-ELE-01,12,High,1,0,0,0,0,0,3
2025-10-17,Grass cutting,Gampaha,PRO-GRA-18,0,High,1,0,0,0,0,0,3
2025-10-17,Plumbing,Gampaha,PRO-PLU-04,1,High,1,0,0,0,0,0,3
2025-10-17,Electrical repairs,Colombo,PRO-ELE-05,12,High,1,0,0,0,0,0,3
2025-10-17,Child care,Gampaha,PRO-CHI-01,11,High,1,0,0,0,0,0,3
2025-10-17,Plumbing,Colombo,PRO-PLU-08,0,High,1,0,0,0,0,0,3
2025-10-17,Grass cutting,Colombo,PRO-GRA-09,0,High,1,0,0,0,0,0,3
2025-10-17,Electrical repairs,Gampaha,PRO-ELE-08,10,High,1,0,0,0,0,0,3
2025-10-17,Watering,Gampaha,PRO-WAT-01,0,High,1,0,0,0,0,0,3
2025-10-17,Plumbing,Colombo,PRO-PLU-03,2,High,1,0,0,0,0,0,3
2025-10-17,Plumbing,Colombo,PRO-PLU-05,1,High,1,0,0,0,0,0,3
2025-10-17,Plumbing,Gampaha,PRO-PLU-06,1,High,1,0,0,0,0,0,3
2025-10-17,Electrical repairs,Gampaha,PRO-ELE-03,11,High,1,0,0,0,0,0,3
2025-10-18,Plumbing,Gampaha,PRO-PLU-02,16,High,1,0,0,1,0,0,4
2025-10-18,Plumbing,Gampaha,PRO-PLU-03,16,High,1,0,0,1,0,0,4
2025-10-18,Electrical repairs,Colombo,PRO-ELE-04,16,High,1,0,0,1,0,0,4
2025-10-18,Plumbing,Colombo,PRO-PLU-08,16,High,1,0,0,1,0,0,4
2025-10-18,Grass cutting,Colombo,PRO-GRA-17,0,High,1,0,0,1,0,0,4
2025-10-18,Grass cutting,Gampaha,PRO-GRA-08,0,High,1,0,0,1,0,0,4
2025-10-18,Grass cutting,Gampaha,PRO-GRA-10,0,High,1,0,0,1,0,0,4
2025-10-18,Grass cutting,Colombo,PRO-GRA-02,0,High,1,0,0,1,0,0,4
2025-10-18,Plumbing,Gampaha,PRO-PLU-04,15,High,1,0,0,1,0,0,4
2025-10-18,Child care,Colombo,PRO-CHI-02,0,High,1,0,0,1,0,0,4
2025-10-18,Plumbing,Gampaha,PRO-PLU-06,15,High,1,0,0,1,0,0,4
2025-10-18,Plumbing,Gampaha,PRO-PLU-05,15,High,1,0,0,1,0,0,4
2025-10-19,Grass cutting,Colombo,PRO-GRA-15,0,High,1,0,0,0,0,0,5
2025-10-19,Plumbing,Gampaha,PRO-PLU-03,16,High,1,0,0,0,0,0,5
2025-10-19,Plumbing,Gampaha,PRO-PLU-04,17,High,1,0,0,0,0,0,5
2025-10-19,Plumbing,Gampaha,PRO-PLU-06,16,High,1,0,0,0,0,0,5
2025-10-19,Personal assistance,Gampaha,PRO-PER-04,0,High,1,0,0,0,0,0,5
2025-10-19,Grass cutting,Colombo,PRO-GRA-13,0,High,1,0,0,0,0,0,5
2025-10-19,Plumbing,Gampaha,PRO-PLU-07,17,High,1,0,0,0,0,0,5
2025-10-19,Grass cutting,Colombo,PRO-GRA-09,0,High,1,0,0,0,0,0,5
2025-10-19,"Sofa, carpet & curtain cleaning",Colombo,PRO-SOF-04,1,High,1,0,0,0,0,0,5
2025-10-19,Electrical repairs,Gampaha,PRO-ELE-07,17,High,1,0,0,0,0,0,5
2025-10-19,Plumbing,Colombo,PRO-PLU-08,17,High,1,0,0,0,0,0,5
2025-10-19,Plumbing,Colombo,PRO-PLU-02,15,High,1,0,0,0,0,0,5
2025-10-19,Child care,Colombo,PRO-CHI-07,2,High,1,0,0,0,0,0,5
2025-10-19,Furniture repair,Colombo,PRO-FUR-04,6,High,1,0,0,0,0,0,5
2025-10-19,Grass cutting,Colombo,PRO-GRA-18,0,High,1,0,0,0,0,0,5
2025-10-19,Grass cutting,Colombo,PRO-GRA-06,0,High,1,0,0,0,0,0,5
2025-10-19,Electrical repairs,Gampaha,PRO-ELE-04,15,High,1,0,0,0,0,0,5
2025-10-19,Grass cutting,Gampaha,PRO-GRA-03,0,High,1,0,0,0,0,0,5
2025-10-19,Pet care,Gampaha,PRO-PET-04,1,High,1,0,0,0,0,0,5
2025-10-19,Plumbing,Gampaha,PRO-PLU-05,15,High,1,0,0,0,0,0,5
2025-10-19,Grass cutting,Colombo,PRO-GRA-02,0,High,1,0,0,0,0,0,5
2025-10-20,Grass cutting,Gampaha,PRO-GRA-07,0,High,1,0,1,0,0,0,6
2025-10-20,Plumbing,Gampaha,PRO-PLU-08,2,High,1,0,1,0,0,0,6
2025-10-20,Grass cutting,Colombo,PRO-GRA-02,0,High,1,0,1,0,0,0,6
2025-10-20,Grass cutting,Colombo,PRO-GRA-17,0,High,1,0,1,0,0,0,6
2025-10-20,Grass cutting,Gampaha,PRO-GRA-01,0,High,1,0,1,0,0,0,6
2025-10-20,Plumbing,Gampaha,PRO-PLU-02,1,High,1,0,1,0,0,0,6
2025-10-20,Grass cutting,Gampaha,PRO-GRA-09,0,High,1,0,1,0,0,0,6
2025-10-20,Plumbing,Gampaha,PRO-PLU-06,2,High,1,0,1,0,0,0,6
2025-10-20,Plumbing,Gampaha,PRO-PLU-04,2,High,1,0,1,0,0,0,6
2025-10-20,Electrical repairs,Gampaha,PRO-ELE-04,11,High,1,0,1,0,0,0,6
2025-10-20,Child care,Gampaha,PRO-CHI-04,1,High,1,0,1,0,0,0,6
2025-10-20,Electrical repairs,Gampaha,PRO-ELE-06,10,High,1,0,1,0,0,0,6
2025-10-20,Electrical repairs,Colombo,PRO-ELE-05,10,High,1,0,1,0,0,0,6
2025-10-20,Grass cutting,Colombo,PRO-GRA-15,0,High,1,0,1,0,0,0,6
2025-10-20,Plumbing,Colombo,PRO-PLU-07,0,High,1,0,1,0,0,0,6
2025-10-20,Grass cutting,Colombo,PRO-GRA-18,0,High,1,0,1,0,0,0,6
2025-10-20,Grass cutting,Colombo,PRO-GRA-03,0,High,1,0,1,0,0,0,6
2025-10-20,Plumbing,Colombo,PRO-PLU-05,0,High,1,0,1,0,0,0,6
2025-10-21,Plumbing,Gampaha,PRO-PLU-07,2,High,1,0,0,0,0,0,7
2025-10-21,Child care,Colombo,PRO-CHI-04,12,High,1,0,0,0,0,0,7
2025-10-21,Plumbing,Gampaha,PRO-PLU-04,2,High,1,0,0,0,0,0,7
2025-10-21,Plumbing,Colombo,PRO-PLU-08,1,High,1,0,0,0,0,0,7
2025-10-21,Plumbing,Gampaha,PRO-PLU-03,0,High,1,0,0,0,0,0,7
2025-10-21,Child care,Gampaha,PRO-CHI-02,11,High,1,0,0,0,0,0,7
2025-10-21,Plumbing,Gampaha,PRO-PLU-01,2,High,1,0,0,0,0,0,7
2025-10-21,Child care,Gampaha,PRO-CHI-06,10,High,1,0,0,0,0,0,7
2025-10-21,Plumbing,Gampaha,PRO-PLU-05,1,High,1,0,0,0,0,0,7
2025-10-21,Plumbing,Gampaha,PRO-PLU-06,1,High,1,0,0,0,0,0,7
2025-10-21,Child care,Colombo,PRO-CHI-07,10,High,1,0,0,0,0,0,7
2025-10-21,Electrical repairs,Colombo,PRO-ELE-06,12,High,1,0,0,0,0,0,7
2025-10-21,Plumbing,Colombo,PRO-PLU-02,2,High,1,0,0,0,0,0,7
2025-10-22,Electrical repairs,Gampaha,PRO-ELE-06,12,High,1,0,0,0,0,0,8
2025-10-22,Plumbing,Colombo,PRO-PLU-02,2,High,1,0,0,0,0,0,8
2025-10-22,Electrical repairs,Gampaha,PRO-ELE-04,12,High,1,0,0,0,0,0,8
2025-10-22,Plumbing,Gampaha,PRO-PLU-01,2,High,1,0,0,0,0,0,8
2025-10-22,Plumbing,Gampaha,PRO-PLU-06,1,High,1,0,0,0,0,0,8
2025-10-22,Child care,Colombo,PRO-CHI-02,12,High,1,0,0,0,0,0,8
2025-10-22,Plumbing,Colombo,PRO-PLU-03,0,High,1,0,0,0,0,0,8
2025-10-22,Electrical repairs,Gampaha,PRO-ELE-01,11,High,1,0,0,0,0,0,8
2025-10-22,Plumbing,Colombo,PRO-PLU-04,0,High,1,0,0,0,0,0,8
2025-10-22,Child care,Gampaha,PRO-CHI-04,10,High,1,0,0,0,0,0,8
2025-10-22,Plumbing,Gampaha,PRO-PLU-07,2,High,1,0,0,0,0,0,8
2025-10-22,Plumbing,Colombo,PRO-PLU-05,0,High,1,0,0,0,0,0,8
2025-10-22,Plumbing,Colombo,PRO-PLU-08,2,High,1,0,0,0,0,0,8
2025-10-22,Grass cutting,Gampaha,PRO-GRA-15,0,High,1,0,0,0,0,0,8
2025-10-23,Plumbing,Colombo,PRO-PLU-04,1,High,1,0,0,0,0,0,9
2025-10-23,Child care,Colombo,PRO-CHI-08,10,High,1,0,0,0,0,0,9
2025-10-23,Plumbing,Gampaha,PRO-PLU-06,2,High,1,0,0,0,0,0,9
2025-10-23,Grass cutting,Colombo,PRO-GRA-09,0,High,1,0,0,0,0,0,9
2025-10-23,Grass cutting,Gampaha,PRO-GRA-17,0,High,1,0,0,0,0,0,9
2025-10-23,Plumbing,Colombo,PRO-PLU-05,0,High,1,0,0,0,0,0,9
2025-10-23,Plumbing,Gampaha,PRO-PLU-01,2,High,1,0,0,0,0,0,9
2025-10-23,Electrical repairs,Gampaha,PRO-ELE-08,12,High,1,0,0,0,0,0,9
2025-10-23,Grass cutting,Gampaha,PRO-GRA-10,0,High,1,0,0,0,0,0,9
2025-10-23,Child care,Gampaha,PRO-CHI-06,12,High,1,0,0,0,0,0,9
2025-10-23,Plumbing,Colombo,PRO-PLU-08,1,High,1,0,0,0,0,0,9
2025-10-23,Plumbing,Gampaha,PRO-PLU-03,1,High,1,0,0,0,0,0,9
2025-10-23,Plumbing,Gampaha,PRO-PLU-02,2,High,1,0,0,0,0,0,9
2025-10-24,Grass cutting,Colombo,PRO-GRA-06,0,High,1,0,0,0,0,0,10
2025-10-24,Grass cutting,Colombo,PRO-GRA-12,0,High,1,0,0,0,0,0,10
2025-10-24,Plumbing,Colombo,PRO-PLU-05,2,High,1,0,0,0,0,0,10
2025-10-24,Plumbing,Colombo,PRO-PLU-04,2,High,1,0,0,0,0,0,10
2025-10-24,Plumbing,Colombo,PRO-PLU-02,2,High,1,0,0,0,0,0,10
2025-10-24,Electrical repairs,Colombo,PRO-ELE-04,10,High,1,0,0,0,0,0,10
2025-10-24,Electrical repairs,Colombo,PRO-ELE-02,12,High,1,0,0,0,0,0,10
2025-10-24,Child care,Gampaha,PRO-CHI-02,12,High,1,0,0,0,0,0,10
2025-10-24,Grass cutting,Colombo,PRO-GRA-08,0,High,1,0,0,0,0,0,10
2025-10-24,Grass cutting,Colombo,PRO-GRA-18,0,High,1,0,0,0,0,0,10
2025-10-24,Electrical repairs,Colombo,PRO-ELE-03,10,High,1,0,0,0,0,0,10
2025-10-24,Plumbing,Gampaha,PRO-PLU-06,2,High,1,0,0,0,0,0,10
2025-10-24,Plumbing,Gampaha,PRO-PLU-03,0,High,1,0,0,0,0,0,10
2025-10-24,Electrical repairs,Gampaha,PRO-ELE-08,12,High,1,0,0,0,0,0,10
2025-10-24,Plumbing,Colombo,PRO-PLU-07,2,High,1,0,0,0,0,0,10
2025-10-24,Child care,Gampaha,PRO-CHI-06,11,High,1,0,0,0,0,0,10
2025-10-24,Plumbing,Gampaha,PRO-PLU-08,0,High,1,0,0,0,0,0,10
2025-10-24,Plumbing,Colombo,PRO-PLU-01,2,High,1,0,0,0,0,0,10
2025-10-24,Child care,Gampaha,PRO-CHI-01,11,High,1,0,0,0,0,0,10
2025-10-24,Grass cutting,Gampaha,PRO-GRA-15,0,High,1,0,0,0,0,0,10
2025-10-24,Grass cutting,Gampaha,PRO-GRA-14,0,High,1,0,0,0,0,0,10
2025-10-25,Plumbing,Gampaha,PRO-PLU-06,15,High,1,0,0,0,0,0,11
2025-10-25,Plumbing,Gampaha,PRO-PLU-03,15,High,1,0,0,0,0,0,11
2025-10-25,Plumbing,Colombo,PRO-PLU-04,15,High,1,0,0,0,0,0,11
2025-10-25,Electrical repairs,Gampaha,PRO-ELE-04,17,High,1,0,0,0,0,0,11
2025-10-25,Grass cutting,Colombo,PRO-GRA-10,0,High,1,0,0,0,0,0,11
2025-10-25,Child care,Gampaha,PRO-CHI-07,0,High,1,0,0,0,0,0,11
2025-10-25,Plumbing,Gampaha,PRO-PLU-08,17,High,1,0,0,0,0,0,11
2025-10-25,Electrical repairs,Gampaha,PRO-ELE-07,17,High,1,0,0,0,0,0,11
2025-10-25,Child care,Colombo,PRO-CHI-05,0,High,1,0,0,0,0,0,11
2025-10-25,Plumbing,Gampaha,PRO-PLU-05,15,High,1,0,0,0,0,0,11
2025-10-25,Grass cutting,Gampaha,PRO-GRA-03,0,High,1,0,0,0,0,0,11
2025-10-25,Plumbing,Gampaha,PRO-PLU-02,17,High,1,0,0,0,0,0,11
2025-10-25,Plumbing,Colombo,PRO-PLU-07,17,High,1,0,0,0,0,0,11
2025-10-25,Grass cutting,Colombo,PRO-GRA-17,0,High,1,0,0,0,0,0,11
2025-10-25,Electrical repairs,Gampaha,PRO-ELE-05,17,High,1,0,0,0,0,0,11
2025-10-25,Child care,Colombo,PRO-CHI-02,0,High,1,0,0,0,0,0,11
2025-10-25,Plumbing,Gampaha,PRO-PLU-01,16,High,1,0,0,0,0,0,11
2025-10-26,Plumbing,Colombo,PRO-PLU-05,26,Low,0,1,0,0,0,1,0
2025-10-26,Plumbing,Gampaha,PRO-PLU-07,25,Low,0,1,0,0,0,1,0
2025-10-26,Plumbing,Colombo,PRO-PLU-03,26,Low,0,1,0,0,0,1,0
2025-10-26,Grass cutting,Gampaha,PRO-GRA-03,25,Low,0,1,0,0,0,1,0
2025-10-26,Grass cutting,Gampaha,PRO-GRA-14,26,Low,0,1,0,0,0,1,0
2025-10-26,Plumbing,Colombo,PRO-PLU-02,25,Low,0,1,0,0,0,1,0
2025-10-26,Plumbing,Colombo,PRO-PLU-01,27,Low,0,1,0,0,0,1,0
2025-10-26,Child care,Gampaha,PRO-CHI-06,2,Low,0,1,0,0,0,1,0
2025-10-26,Plumbing,Colombo,PRO-PLU-06,27,Low,0,1,0,0,0,1,0
2025-10-26,Electrical repairs,Gampaha,PRO-ELE-08,7,Low,0,1,0,0,0,1,0
2025-10-26,Child care,Gampaha,PRO-CHI-08,1,Low,0,1,0,0,0,1,0
2025-10-26,Plumbing,Colombo,PRO-PLU-04,26,Low,0,1,0,0,0,1,0
2025-10-26,Grass cutting,Gampaha,PRO-GRA-07,26,Low,0,1,0,0,0,1,0
2025-10-26,Grass cutting,Colombo,PRO-GRA-10,27,Low,0,1,0,0,0,1,0
2025-10-26,Plumbing,Gampaha,PRO-PLU-08,26,Low,0,1,0,0,0,1,0
2025-10-27,Grass cutting,Gampaha,PRO-GRA-05,1,Low,0,1,0,0,0,2,0
2025-10-27,Plumbing,Gampaha,PRO-PLU-03,0,Low,0,1,0,0,0,2,0
2025-10-27,Electrical repairs,Gampaha,PRO-ELE-03,0,Low,0,1,0,0,0,2,0
2025-10-27,Electrical repairs,Colombo,PRO-ELE-08,0,Low,0,1,0,0,0,2,0
2025-10-27,Plumbing,Gampaha,PRO-PLU-01,1,Low,0,1,0,0,0,2,0
2025-10-27,Electrical repairs,Gampaha,PRO-ELE-06,2,Low,0,1,0,0,0,2,0
2025-10-27,Plumbing,Colombo,PRO-PLU-02,1,Low,0,1,0,0,0,2,0
2025-10-27,Child care,Colombo,PRO-CHI-03,12,Low,0,1,0,0,0,2,0
2025-10-27,Grass cutting,Colombo,PRO-GRA-08,0,Low,0,1,0,0,0,2,0
2025-10-27,Grass cutting,Gampaha,PRO-GRA-13,2,Low,0,1,0,0,0,2,0
2025-10-27,Plumbing,Colombo,PRO-PLU-05,0,Low,0,1,0,0,0,2,0
2025-10-27,Grass cutting,Colombo,PRO-GRA-04,0,Low,0,1,0,0,0,2,0
2025-10-27,Plumbing,Gampaha,PRO-PLU-04,2,Low,0,1,0,0,0,2,0
2025-10-27,Grass cutting,Colombo,PRO-GRA-16,2,Low,0,1,0,0,0,2,0
2025-10-27,Grass cutting,Gampaha,PRO-GRA-14,0,Low,0,1,0,0,0,2,0
2025-10-27,Grass cutting,Gampaha,PRO-GRA-02,2,Low,0,1,0,0,0,2,0
2025-10-27,Plumbing,Gampaha,PRO-PLU-06,0,Low,0,1,0,0,0,2,0
2025-10-27,Plumbing,Colombo,PRO-PLU-08,0,Low,0,1,0,0,0,2,0
2025-10-27,Grass cutting,Gampaha,PRO-GRA-15,1,Low,0,1,0,0,0,2,0
2025-10-27,Plumbing,Gampaha,PRO-PLU-07,2,Low,0,1,0,0,0,2,0
2025-10-27,Child care,Colombo,PRO-CHI-04,10,Low,0,1,0,0,0,2,0
2025-10-27,Electrical repairs,Gampaha,PRO-ELE-04,0,Low,0,1,0,0,0,2,0
2025-10-27,Child care,Colombo,PRO-CHI-01,11,Low,0,1,0,0,0,2,0
2025-10-27,Electrical repairs,Colombo,PRO-ELE-05,2,Low,0,1,0,0,0,2,0
2025-10-28,Plumbing,Colombo,PRO-PLU-03,2,Low,0,1,0,0,0,3,0
2025-10-28,"Sofa, carpet & curtain cleaning",Colombo,PRO-SOF-05,21,Low,0,1,0,0,0,3,0
2025-10-28,Plumbing,Colombo,PRO-PLU-04,1,Low,0,1,0,0,0,3,0
2025-10-28,Plumbing,Gampaha,PRO-PLU-07,0,Low,0,1,0,0,0,3,0
2025-10-28,Plumbing,Gampaha,PRO-PLU-01,2,Low,0,1,0,0,0,3,0
2025-10-28,Furniture repair,Gampaha,PRO-FUR-05,1,Low,0,1,0,0,0,3,0
2025-10-28,Plumbing,Colombo,PRO-PLU-06,1,Low,0,1,0,0,0,3,0
2025-10-28,Pet care,Colombo,PRO-PET-05,2,Low,0,1,0,0,0,3,0
2025-10-28,Plumbing,Colombo,PRO-PLU-02,0,Low,0,1,0,0,0,3,0
2025-10-28,Watering,Colombo,PRO-WAT-03,7,Low,0,1,0,0,0,3,0
2025-10-28,Plumbing,Gampaha,PRO-PLU-08,1,Low,0,1,0,0,0,3,0
2025-10-28,Personal assistance,Gampaha,PRO-PER-05,9,Low,0,1,0,0,0,3,0
2025-10-28,Grass cutting,Colombo,PRO-GRA-17,2,Low,0,1,0,0,0,3,0
2025-10-28,Electrical repairs,Colombo,PRO-ELE-03,0,Low,0,1,0,0,0,3,0
2025-10-28,Grass cutting,Gampaha,PRO-GRA-15,2,Low,0,1,0,0,0,3,0
2025-10-28,Grass cutting,Colombo,PRO-GRA-04,1,Low,0,1,0,0,0,3,0
2025-10-28,Grass cutting,Colombo,PRO-GRA-16,0,Low,0,1,0,0,0,3,0
2025-10-28,Grass cutting,Gampaha,PRO-GRA-01,1,Low,0,1,0,0,0,3,0
2025-10-29,Plumbing,Colombo,PRO-PLU-06,2,Low,0,1,0,0,0,4,0
2025-10-29,Plumbing,Gampaha,PRO-PLU-04,1,Low,0,1,0,0,0,4,0
2025-10-29,Grass cutting,Colombo,PRO-GRA-15,2,Low,0,1,0,0,0,4,0
2025-10-29,Electrical repairs,Colombo,PRO-ELE-03,0,Low,0,1,0,0,0,4,0
2025-10-29,Child care,Gampaha,PRO-CHI-06,12,Low,0,1,0,0,0,4,0
2025-10-29,Plumbing,Gampaha,PRO-PLU-08,0,Low,0,1,0,0,0,4,0
2025-10-29,Child care,Gampaha,PRO-CHI-01,10,Low,0,1,0,0,0,4,0
2025-10-29,Grass cutting,Gampaha,PRO-GRA-13,2,Low,0,1,0,0,0,4,0
2025-10-29,Plumbing,Gampaha,PRO-PLU-05,0,Low,0,1,0,0,0,4,0
2025-10-29,Plumbing,Colombo,PRO-PLU-03,1,Low,0,1,0,0,0,4,0
2025-10-29,Grass cutting,Colombo,PRO-GRA-08,0,Low,0,1,0,0,0,4,0
2025-10-29,Plumbing,Colombo,PRO-PLU-01,2,Low,0,1,0,0,0,4,0
2025-10-29,Electrical repairs,Colombo,PRO-ELE-04,2,Low,0,1,0,0,0,4,0
2025-10-29,Electrical repairs,Colombo,PRO-ELE-08,0,Low,0,1,0,0,0,4,0
2025-10-29,Grass cutting,Colombo,PRO-GRA-07,2,Low,0,1,0,0,0,4,0
2025-10-29,Plumbing,Colombo,PRO-PLU-07,0,Low,0,1,0,0,0,4,0
2025-10-29,Grass cutting,Colombo,PRO-GRA-18,2,Low,0,1,0,0,0,4,0
2025-10-30,Plumbing,Gampaha,PRO-PLU-03,0,Low,0,1,0,0,0,5,0
2025-10-30,Electrical repairs,Colombo,PRO-ELE-05,1,Low,0,1,0,0,0,5,0
2025-10-30,Plumbing,Colombo,PRO-PLU-07,0,Low,0,1,0,0,0,5,0
2025-10-30,Plumbing,Gampaha,PRO-PLU-02,0,Low,0,1,0,0,0,5,0
2025-10-30,Child care,Gampaha,PRO-CHI-02,12,Low,0,1,0,0,0,5,0
2025-10-30,Grass cutting,Colombo,PRO-GRA-08,15,Low,0,1,0,0,0,5,0
2025-10-30,Grass cutting,Colombo,PRO-GRA-05,16,Low,0,1,0,0,0,5,0
2025-10-30,Child care,Colombo,PRO-CHI-08,11,Low,0,1,0,0,0,5,0
2025-10-30,Plumbing,Colombo,PRO-PLU-06,0,Low,0,1,0,0,0,5,0
2025-10-30,Grass cutting,Gampaha,PRO-GRA-16,15,Low,0,1,0,0,0,5,0
2025-10-30,Electrical repairs,Gampaha,PRO-ELE-04,0,Low,0,1,0,0,0,5,0
2025-10-30,Plumbing,Gampaha,PRO-PLU-01,2,Low,0,1,0,0,0,5,0
2025-10-30,Plumbing,Colombo,PRO-PLU-05,1,Low,0,1,0,0,0,5,0
2025-10-30,Plumbing,Colombo,PRO-PLU-08,0,Low,0,1,0,0,0,5,0
2025-10-30,Grass cutting,Gampaha,PRO-GRA-12,15,Low,0,1,0,0,0,5,0
2025-10-30,Plumbing,Gampaha,PRO-PLU-04,2,Low,0,1,0,0,0,5,0
2025-10-31,Plumbing,Colombo,PRO-PLU-05,2,Low,0,1,0,0,0,6,0
2025-10-31,Child care,Colombo,PRO-CHI-02,12,Low,0,1,0,0,0,6,0
2025-10-31,Plumbing,Colombo,PRO-PLU-07,2,Low,0,1,0,0,0,6,0
2025-10-31,Plumbing,Colombo,PRO-PLU-01,2,Low,0,1,0,0,0,6,0
2025-10-31,Plumbing,Gampaha,PRO-PLU-08,0,Low,0,1,0,0,0,6,0
2025-10-31,Plumbing,Colombo,PRO-PLU-06,0,Low,0,1,0,0,0,6,0
2025-10-31,Grass cutting,Gampaha,PRO-GRA-01,16,Low,0,1,0,0,0,6,0
2025-10-31,Electrical repairs,Gampaha,PRO-ELE-02,2,Low,0,1,0,0,0,6,0
2025-10-31,Child care,Gampaha,PRO-CHI-04,10,Low,0,1,0,0,0,6,0
2025-10-31,Plumbing,Colombo,PRO-PLU-04,0,Low,0,1,0,0,0,6,0
2025-10-31,Grass cutting,Colombo,PRO-GRA-16,15,Low,0,1,0,0,0,6,0
2025-10-31,Plumbing,Colombo,PRO-PLU-02,2,Low,0,1,0,0,0,6,0
2025-10-31,Plumbing,Gampaha,PRO-PLU-03,1,Low,0,1,0,0,0,6,0
2025-10-31,Grass cutting,Gampaha,PRO-GRA-13,15,Low,0,1,0,0,0,6,0
2025-10-31,Child care,Colombo,PRO-CHI-08,10,Low,0,1,0,0,0,6,0
2025-10-31,Grass cutting,Gampaha,PRO-GRA-12,15,Low,0,1,0,0,0,6,0
2025-10-31,Electrical repairs,Gampaha,PRO-ELE-06,0,Low,0,1,0,0,0,6,0
2025-10-31,Child care,Gampaha,PRO-CHI-07,11,Low,0,1,0,0,0,6,0
2025-11-01,Grass cutting,Colombo,PRO-GRA-18,17,Low,0,1,0,0,0,7,0
2025-11-01,Plumbing,Colombo,PRO-PLU-06,1,Low,0,1,0,0,0,7,0
2025-11-01,Plumbing,Gampaha,PRO-PLU-02,2,Low,0,1,0,0,0,7,0
2025-11-01,Child care,Colombo,PRO-CHI-07,1,Low,0,1,0,0,0,7,0
2025-11-01,Grass cutting,Gampaha,PRO-GRA-09,16,Low,0,1,0,0,0,7,0
2025-11-01,Grass cutting,Colombo,PRO-GRA-08,15,Low,0,1,0,0,0,7,0
2025-11-01,Child care,Colombo,PRO-CHI-05,1,Low,0,1,0,0,0,7,0
2025-11-01,Grass cutting,Gampaha,PRO-GRA-05,16,Low,0,1,0,0,0,7,0
2025-11-01,Plumbing,Gampaha,PRO-PLU-07,2,Low,0,1,0,0,0,7,0
2025-11-01,Plumbing,Colombo,PRO-PLU-08,1,Low,0,1,0,0,0,7,0
2025-11-01,Child care,Colombo,PRO-CHI-03,2,Low,0,1,0,0,0,7,0
2025-11-01,Roofing,Gampaha,PRO-ROO-15,0,Low,0,1,0,0,0,7,0
2025-11-01,Electrical repairs,Gampaha,PRO-ELE-05,5,Low,0,1,0,0,0,7,0
2025-11-01,Plumbing,Gampaha,PRO-PLU-04,0,Low,0,1,0,0,0,7,0
2025-11-01,Electrical repairs,Gampaha,PRO-ELE-07,6,Low,0,1,0,0,0,7,0
2025-11-01,Electrical repairs,Gampaha,PRO-ELE-04,6,Low,0,1,0,0,0,7,0
2025-11-01,Grass cutting,Colombo,PRO-GRA-02,16,Low,0,1,0,0,0,7,0
2025-11-01,Plumbing,Gampaha,PRO-PLU-01,1,Low,0,1,0,0,0,7,0
2025-11-01,Child care,Gampaha,PRO-CHI-02,2,Low,0,1,0,0,0,7,0
2025-11-01,Electrical repairs,Colombo,PRO-ELE-03,6,Low,0,1,0,0,0,7,0
2025-11-01,Electrical repairs,Colombo,PRO-ELE-02,5,Low,0,1,0,0,0,7,0
2025-11-01,Plumbing,Gampaha,PRO-PLU-03,1,Low,0,1,0,0,0,7,0
2025-11-01,Plumbing,Colombo,PRO-PLU-05,2,Low,0,1,0,0,0,7,0
2025-11-02,Grass cutting,Gampaha,PRO-GRA-14,15,Low,0,1,0,0,0,8,0
2025-11-02,Electrical repairs,Gampaha,PRO-ELE-01,7,Low,0,1,0,0,0,8,0
2025-11-02,Grass cutting,Colombo,PRO-GRA-11,15,Low,0,1,0,0,0,8,0
2025-11-02,Child care,Gampaha,PRO-CHI-01,2,Low,0,1,0,0,0,8,0
2025-11-02,Grass cutting,Gampaha,PRO-GRA-09,17,Low,0,1,0,0,0,8,0
2025-11-02,Electrical repairs,Colombo,PRO-ELE-03,5,Low,0,1,0,0,0,8,0
2025-11-02,Grass cutting,Gampaha,PRO-GRA-17,16,Low,0,1,0,0,0,8,0
2025-11-02,Grass cutting,Gampaha,PRO-GRA-01,17,Low,0,1,0,0,0,8,0
2025-11-02,Plumbing,Colombo,PRO-PLU-06,1,Low,0,1,0,0,0,8,0
2025-11-02,Plumbing,Colombo,PRO-PLU-01,2,Low,0,1,0,0,0,8,0
2025-11-02,Plumbing,Colombo,PRO-PLU-03,1,Low,0,1,0,0,0,8,0
2025-11-02,Child care,Colombo,PRO-CHI-06,0,Low,0,1,0,0,0,8,0
2025-11-02,Electrical repairs,Colombo,PRO-ELE-08,5,Low,0,1,0,0,0,8,0
2025-11-02,Plumbing,Colombo,PRO-PLU-08,2,Low,0,1,0,0,0,8,0
2025-11-02,Plumbing,Colombo,PRO-PLU-07,2,Low,0,1,0,0,0,8,0
2025-11-02,Plumbing,Gampaha,PRO-PLU-05,2,Low,0,1,0,0,0,8,0
2025-11-03,Plumbing,Gampaha,PRO-PLU-06,1,Low,0,1,0,0,0,9,0
2025-11-03,Plumbing,Gampaha,PRO-PLU-02,1,Low,0,1,0,0,0,9,0
2025-11-03,Grass cutting,Gampaha,PRO-GRA-08,17,Low,0,1,0,0,0,9,0
2025-11-03,Plumbing,Gampaha,PRO-PLU-03,1,Low,0,1,0,0,0,9,0
2025-11-03,Plumbing,Colombo,PRO-PLU-08,1,Low,0,1,0,0,0,9,0
2025-11-03,Child care,Gampaha,PRO-CHI-01,10,Low,0,1,0,0,0,9,0
2025-11-03,Plumbing,Colombo,PRO-PLU-05,2,Low,0,1,0,0,0,9,0
2025-11-03,Child care,Gampaha,PRO-CHI-04,12,Low,0,1,0,0,0,9,0
2025-11-03,Plumbing,Colombo,PRO-PLU-01,0,Low,0,1,0,0,0,9,0
2025-11-03,Watering,Colombo,PRO-WAT-02,27,Low,0,1,0,0,0,9,0
2025-11-03,Plumbing,Colombo,PRO-PLU-04,1,Low,0,1,0,0,0,9,0
2025-11-03,Grass cutting,Gampaha,PRO-GRA-10,17,Low,0,1,0,0,0,9,0
2025-11-03,Electrical repairs,Gampaha,PRO-ELE-06,0,Low,0,1,0,0,0,9,0
2025-11-03,Child care,Gampaha,PRO-CHI-08,12,Low,0,1,0,0,0,9,0
2025-11-03,Electrical repairs,Gampaha,PRO-ELE-03,1,Low,0,1,0,0,0,9,0
2025-11-04,Child care,Colombo,PRO-CHI-06,10,Low,0,1,0,0,0,10,0
2025-11-04,Plumbing,Gampaha,PRO-PLU-03,2,Low,0,1,0,0,0,10,0
2025-11-04,Grass cutting,Gampaha,PRO-GRA-04,16,Low,0,1,0,0,0,10,0
2025-11-04,Plumbing,Gampaha,PRO-PLU-02,2,Low,0,1,0,0,0,10,0
2025-11-04,Grass cutting,Colombo,PRO-GRA-17,15,Low,0,1,0,0,0,10,0
2025-11-04,Plumbing,Gampaha,PRO-PLU-05,0,Low,0,1,0,0,0,10,0
2025-11-04,Electrical repairs,Gampaha,PRO-ELE-01,2,Low,0,1,0,0,0,10,0
2025-11-04,Plumbing,Gampaha,PRO-PLU-06,1,Low,0,1,0,0,0,10,0
2025-11-04,Plumbing,Gampaha,PRO-PLU-01,2,Low,0,1,0,0,0,10,0
2025-11-04,Electrical repairs,Colombo,PRO-ELE-07,0,Low,0,1,0,0,0,10,0
2025-11-04,Electrical repairs,Colombo,PRO-ELE-02,2,Low,0,1,0,0,0,10,0
2025-11-04,Plumbing,Colombo,PRO-PLU-08,2,Low,0,1,0,0,0,10,0
2025-11-04,Grass cutting,Gampaha,PRO-GRA-01,16,Low,0,1,0,0,0,10,0
2025-11-04,Grass cutting,Gampaha,PRO-GRA-10,16,Low,0,1,0,0,0,10,0
2025-11-04,Grass cutting,Gampaha,PRO-GRA-16,17,Low,0,1,0,0,0,10,0
2025-11-04,Electrical repairs,Colombo,PRO-ELE-08,2,Low,0,1,0,0,0,10,0
2025-11-04,Grass cutting,Colombo,PRO-GRA-06,15,Low,0,1,0,0,0,10,0
2025-11-04,Plumbing,Gampaha,PRO-PLU-04,0,Low,0,1,0,0,0,10,0
2025-11-04,Grass cutting,Colombo,PRO-GRA-08,16,Low,0,1,0,0,0,10,0
2025-11-04,Plumbing,Colombo,PRO-PLU-07,2,Low,0,1,0,0,0,10,0
2025-11-04,Grass cutting,Colombo,PRO-GRA-07,15,Low,0,1,0,0,0,10,0
2025-11-05,Grass cutting,Gampaha,PRO-GRA-18,16,Low,0,1,1,0,0,11,0
2025-11-05,Plumbing,Colombo,PRO-PLU-02,2,Low,0,1,1,0,0,11,0
2025-11-05,Grass cutting,Colombo,PRO-GRA-14,15,Low,0,1,1,0,0,11,0
2025-11-05,Grass cutting,Colombo,PRO-GRA-17,16,Low,0,1,1,0,0,11,0
2025-11-05,Grass cutting,Colombo,PRO-GRA-07,17,Low,0,1,1,0,0,11,0
2025-11-05,Grass cutting,Gampaha,PRO-GRA-09,17,Low,0,1,1,0,0,11,0
2025-11-05,Electrical repairs,Gampaha,PRO-ELE-04,1,Low,0,1,1,0,0,11,0
2025-11-05,Electrical repairs,Colombo,PRO-ELE-08,1,Low,0,1,1,0,0,11,0
2025-11-05,Plumbing,Gampaha,PRO-PLU-07,0,Low,0,1,1,0,0,11,0
2025-11-05,Plumbing,Gampaha,PRO-PLU-03,0,Low,0,1,1,0,0,11,0
2025-11-05,Child care,Gampaha,PRO-CHI-01,2,Low,0,1,1,0,0,11,0
2025-11-05,Plumbing,Gampaha,PRO-PLU-08,0,Low,0,1,1,0,0,11,0
2025-11-05,Grass cutting,Gampaha,PRO-GRA-03,15,Low,0,1,1,0,0,11,0
2025-11-05,Child care,Gampaha,PRO-CHI-02,1,Low,0,1,1,0,0,11,0
2025-11-05,Grass cutting,Gampaha,PRO-GRA-08,17,Low,0,1,1,0,0,11,0
2025-11-05,Plumbing,Colombo,PRO-PLU-01,2,Low,0,1,1,0,0,11,0
2025-11-05,Plumbing,Colombo,PRO-PLU-04,2,Low,0,1,1,0,0,11,0
2025-11-06,Plumbing,Colombo,PRO-PLU-03,1,High,1,0,0,0,0,0,1
2025-11-06,Plumbing,Gampaha,PRO-PLU-02,2,High,1,0,0,0,0,0,1
2025-11-06,Grass cutting,Gampaha,PRO-GRA-02,0,High,1,0,0,0,0,0,1
2025-11-06,Electrical repairs,Gampaha,PRO-ELE-03,12,High,1,0,0,0,0,0,1
2025-11-06,Plumbing,Gampaha,PRO-PLU-07,1,High,1,0,0,0,0,0,1
2025-11-06,Electrical repairs,Colombo,PRO-ELE-08,11,High,1,0,0,0,0,0,1
2025-11-06,Grass cutting,Gampaha,PRO-GRA-13,0,High,1,0,0,0,0,0,1
2025-11-06,Child care,Gampaha,PRO-CHI-01,10,High,1,0,0,0,0,0,1
2025-11-06,Grass cutting,Colombo,PRO-GRA-15,0,High,1,0,0,0,0,0,1
2025-11-06,Plumbing,Colombo,PRO-PLU-05,2,High,1,0,0,0,0,0,1
2025-11-06,Plumbing,Gampaha,PRO-PLU-06,0,High,1,0,0,0,0,0,1
2025-11-06,Grass cutting,Colombo,PRO-GRA-17,0,High,1,0,0,0,0,0,1
2025-11-06,Electrical repairs,Colombo,PRO-ELE-01,10,High,1,0,0,0,0,0,1
2025-11-06,Plumbing,Gampaha,PRO-PLU-04,2,High,1,0,0,0,0,0,1
2025-11-06,Grass cutting,Colombo,PRO-GRA-05,0,High,1,0,0,0,0,0,1
2025-11-06,Grass cutting,Gampaha,PRO-GRA-06,0,High,1,0,0,0,0,0,1
2025-11-06,Plumbing,Gampaha,PRO-PLU-08,2,High,1,0,0,0,0,0,1
2025-11-06,Child care,Colombo,PRO-CHI-06,12,High,1,0,0,0,0,0,1
2025-11-06,Grass cutting,Colombo,PRO-GRA-12,0,High,1,0,0,0,0,0,1
2025-11-06,Plumbing,Gampaha,PRO-PLU-01,0,High,1,0,0,0,0,0,1
2025-11-07,Child care,Colombo,PRO-CHI-08,12,High,1,0,0,0,0,0,2
2025-11-07,Electrical repairs,Colombo,PRO-ELE-05,12,High,1,0,0,0,0,0,2
2025-11-07,Electrical repairs,Gampaha,PRO-ELE-08,10,High,1,0,0,0,0,0,2
2025-11-07,Pet care,Gampaha,PRO-PET-03,0,High,1,0,0,0,0,0,2
2025-11-07,Personal assistance,Colombo,PRO-PER-03,8,High,1,0,0,0,0,0,2
2025-11-07,"Sofa, carpet & curtain cleaning",Colombo,PRO-SOF-07,2,High,1,0,0,0,0,0,2
2025-11-07,"Sofa, carpet & curtain cleaning",Gampaha,PRO-SOF-03,2,High,1,0,0,0,0,0,2
2025-11-07,Grass cutting,Gampaha,PRO-GRA-15,0,High,1,0,0,0,0,0,2
2025-11-07,Plumbing,Gampaha,PRO-PLU-07,0,High,1,0,0,0,0,0,2
2025-11-07,Personal assistance,Gampaha,PRO-PER-07,10,High,1,0,0,0,0,0,2
2025-11-07,Plumbing,Gampaha,PRO-PLU-01,0,High,1,0,0,0,0,0,2
2025-11-07,Grass cutting,Gampaha,PRO-GRA-06,0,High,1,0,0,0,0,0,2
2025-11-07,Grass cutting,Colombo,PRO-GRA-10,0,High,1,0,0,0,0,0,2
2025-11-07,Plumbing,Gampaha,PRO-PLU-08,0,High,1,0,0,0,0,0,2
2025-11-07,Electrical repairs,Gampaha,PRO-ELE-07,10,High,1,0,0,0,0,0,2
2025-11-07,Furniture repair,Gampaha,PRO-FUR-03,1,High,1,0,0,0,0,0,2
2025-11-07,Grass cutting,Colombo,PRO-GRA-12,0,High,1,0,0,0,0,0,2
2025-11-07,Plumbing,Gampaha,PRO-PLU-05,1,High,1,0,0,0,0,0,2
2025-11-07,Furniture repair,Gampaha,PRO-FUR-07,2,High,1,0,0,0,0,0,2
2025-11-07,Grass cutting,Colombo,PRO-GRA-01,0,High,1,0,0,0,0,0,2
2025-11-07,Child care,Gampaha,PRO-CHI-05,12,High,1,0,0,0,0,0,2
2025-11-07,Pet care,Gampaha,PRO-PET-07,0,High,1,0,0,0,0,0,2
2025-11-08,Plumbing,Colombo,PRO-PLU-04,17,High,1,0,0,0,0,0,3
2025-11-08,Child care,Colombo,PRO-CHI-08,0,High,1,0,0,0,0,0,3
2025-11-08,Grass cutting,Gampaha,PRO-GRA-02,0,High,1,0,0,0,0,0,3
2025-11-08,Plumbing,Colombo,PRO-PLU-01,16,High,1,0,0,0,0,0,3
2025-11-08,Electrical repairs,Colombo,PRO-ELE-02,17,High,1,0,0,0,0,0,3
2025-11-08,Plumbing,Gampaha,PRO-PLU-08,16,High,1,0,0,0,0,0,3
2025-11-08,Grass cutting,Gampaha,PRO-GRA-08,0,High,1,0,0,0,0,0,3
2025-11-08,Grass cutting,Gampaha,PRO-GRA-09,0,High,1,0,0,0,0,0,3
2025-11-08,Plumbing,Gampaha,PRO-PLU-05,16,High,1,0,0,0,0,0,3
2025-11-08,Plumbing,Colombo,PRO-PLU-02,15,High,1,0,0,0,0,0,3
2025-11-08,Electrical repairs,Gampaha,PRO-ELE-08,16,High,1,0,0,0,0,0,3
2025-11-08,Plumbing,Gampaha,PRO-PLU-06,16,High,1,0,0,0,0,0,3
2025-11-08,Plumbing,Colombo,PRO-PLU-03,15,High,1,0,0,0,0,0,3
2025-11-08,Plumbing,Gampaha,PRO-PLU-07,17,High,1,0,0,0,0,0,3
2025-11-08,Electrical repairs,Gampaha,PRO-ELE-06,17,High,1,0,0,0,0,0,3
2025-11-08,Grass cutting,Gampaha,PRO-GRA-10,0,High,1,0,0,0,0,0,3
2025-11-09,Move-in / move-out cleaning,Colombo,PRO-MOV-04,5,Low,0,1,0,0,0,1,0
2025-11-09,Grass cutting,Colombo,PRO-GRA-12,25,Low,0,1,0,0,0,1,0
2025-11-09,Post-construction cleaning,Colombo,PRO-POS-04,6,Low,0,1,0,0,0,1,0
2025-11-09,Plumbing,Colombo,PRO-PLU-04,27,Low,0,1,0,0,0,1,0
2025-11-09,Plumbing,Colombo,PRO-PLU-08,25,Low,0,1,0,0,0,1,0
2025-11-09,Child care,Gampaha,PRO-CHI-01,1,Low,0,1,0,0,0,1,0
2025-11-09,Plumbing,Colombo,PRO-PLU-06,26,Low,0,1,0,0,0,1,0
2025-11-09,Electrical repairs,Gampaha,PRO-ELE-02,5,Low,0,1,0,0,0,1,0
2025-11-09,Child care,Colombo,PRO-CHI-05,1,Low,0,1,0,0,0,1,0
2025-11-09,Grass cutting,Gampaha,PRO-GRA-09,27,Low,0,1,0,0,0,1,0
2025-11-09,Grass cutting,Gampaha,PRO-GRA-16,26,Low,0,1,0,0,0,1,0
2025-11-09,Grass cutting,Gampaha,PRO-GRA-10,25,Low,0,1,0,0,0,1,0
2025-11-09,Plumbing,Gampaha,PRO-PLU-05,26,Low,0,1,0,0,0,1,0
2025-11-09,Grass cutting,Colombo,PRO-GRA-13,27,Low,0,1,0,0,0,1,0
2025-11-09,Plumbing,Colombo,PRO-PLU-02,27,Low,0,1,0,0,0,1,0
2025-11-09,Grass cutting,Colombo,PRO-GRA-07,26,Low,0,1,0,0,0,1,0
2025-11-09,Grass cutting,Colombo,PRO-GRA-17,27,Low,0,1,0,0,0,1,0
2025-11-09,Plumbing,Gampaha,PRO-PLU-01,27,Low,0,1,0,0,0,1,0
2025-11-09,Landscaping,Gampaha,PRO-LAN-04,10,Low,0,1,0,0,0,1,0
2025-11-09,Child care,Gampaha,PRO-CHI-08,0,Low,0,1,0,0,0,1,0
2025-11-09,Grass cutting,Colombo,PRO-GRA-03,25,Low,0,1,0,0,0,1,0
2025-11-09,Planting,Gampaha,PRO-PLA-04,17,Low,0,1,0,0,0,1,0
2025-11-09,Plumbing,Colombo,PRO-PLU-03,25,Low,0,1,0,0,0,1,0
2025-11-10,House cleaning,Colombo,PRO-HOU-01,0,High,1,0,0,0,0,0,1
2025-11-10,Plumbing,Gampaha,PRO-PLU-08,26,High,1,0,0,0,0,0,1
2025-11-10,Plumbing,Colombo,PRO-PLU-01,25,High,1,0,0,0,0,0,1
2025-11-10,Plumbing,Gampaha,PRO-PLU-07,25,High,1,0,0,0,0,0,1
2025-11-10,Child care,Colombo,PRO-CHI-05,10,High,1,0,0,0,0,0,1
2025-11-10,Grass cutting,Gampaha,PRO-GRA-02,0,High,1,0,0,0,0,0,1
2025-11-10,Grass cutting,Gampaha,PRO-GRA-09,0,High,1,0,0,0,0,0,1
2025-11-10,Electrical repairs,Colombo,PRO-ELE-02,10,High,1,0,0,0,0,0,1
2025-11-10,Grass cutting,Colombo,PRO-GRA-11,0,High,1,0,0,0,0,0,1
2025-11-10,Plumbing,Colombo,PRO-PLU-05,25,High,1,0,0,0,0,0,1
2025-11-10,Plumbing,Colombo,PRO-PLU-03,27,High,1,0,0,0,0,0,1
2025-11-10,Grass cutting,Gampaha,PRO-GRA-06,0,High,1,0,0,0,0,0,1
2025-11-10,Plumbing,Gampaha,PRO-PLU-04,27,High,1,0,0,0,0,0,1
2025-11-10,Grass cutting,Gampaha,PRO-GRA-12,0,High,1,0,0,0,0,0,1
2025-11-10,Plumbing,Gampaha,PRO-PLU-02,26,High,1,0,0,0,0,0,1
2025-11-10,Grass cutting,Gampaha,PRO-GRA-10,0,High,1,0,0,0,0,0,1
2025-11-11,Plumbing,Colombo,PRO-PLU-05,27,High,1,0,0,0,0,0,2
2025-11-11,Plumbing,Colombo,PRO-PLU-02,27,High,1,0,0,0,0,0,2
2025-11-11,Electrical repairs,Colombo,PRO-ELE-04,11,High,1,0,0,0,0,0,2
2025-11-11,Grass cutting,Gampaha,PRO-GRA-08,0,High,1,0,0,0,0,0,2
2025-11-11,Plumbing,Gampaha,PRO-PLU-01,27,High,1,0,0,0,0,0,2
2025-11-11,Electrical repairs,Gampaha,PRO-ELE-08,11,High,1,0,0,0,0,0,2
2025-11-11,Child care,Colombo,PRO-CHI-02,11,High,1,0,0,0,0,0,2
2025-11-11,Plumbing,Colombo,PRO-PLU-03,27,High,1,0,0,0,0,0,2
2025-11-11,Plumbing,Colombo,PRO-PLU-07,27,High,1,0,0,0,0,0,2
2025-11-11,Child care,Colombo,PRO-CHI-01,10,High,1,0,0,0,0,0,2
2025-11-11,Grass cutting,Gampaha,PRO-GRA-04,0,High,1,0,0,0,0,0,2
2025-11-11,Child care,Colombo,PRO-CHI-07,10,High,1,0,0,0,0,0,2
2025-11-11,Plumbing,Colombo,PRO-PLU-08,25,High,1,0,0,0,0,0,2
2025-11-11,Plumbing,Colombo,PRO-PLU-04,26,High,1,0,0,0,0,0,2
2025-11-11,Child care,Gampaha,PRO-CHI-06,12,High,1,0,0,0,0,0,2
2025-11-11,Grass cutting,Colombo,PRO-GRA-17,0,High,1,0,0,0,0,0,2
2025-11-11,Grass cutting,Gampaha,PRO-GRA-12,0,High,1,0,0,0,0,0,2
2025-11-11,Plumbing,Gampaha,PRO-PLU-06,27,High,1,0,0,0,0,0,2
2025-11-12,Child care,Colombo,PRO-CHI-05,12,High,1,0,0,0,0,0,3
2025-11-12,Child care,Gampaha,PRO-CHI-08,10,High,1,0,0,0,0,0,3
2025-11-12,Grass cutting,Gampaha,PRO-GRA-09,0,High,1,0,0,0,0,0,3
2025-11-12,Plumbing,Colombo,PRO-PLU-02,25,High,1,0,0,0,0,0,3
2025-11-12,Plumbing,Gampaha,PRO-PLU-06,27,High,1,0,0,0,0,0,3
2025-11-12,Grass cutting,Gampaha,PRO-GRA-07,0,High,1,0,0,0,0,0,3
2025-11-12,Electrical repairs,Colombo,PRO-ELE-01,12,High,1,0,0,0,0,0,3
2025-11-12,Grass cutting,Gampaha,PRO-GRA-15,0,High,1,0,0,0,0,0,3
2025-11-12,Plumbing,Gampaha,PRO-PLU-07,25,High,1,0,0,0,0,0,3
2025-11-12,Plumbing,Colombo,PRO-PLU-01,27,High,1,0,0,0,0,0,3
2025-11-12,Plumbing,Gampaha,PRO-PLU-03,25,High,1,0,0,0,0,0,3
2025-11-12,Grass cutting,Gampaha,PRO-GRA-17,0,High,1,0,0,0,0,0,3
2025-11-12,Child care,Gampaha,PRO-CHI-03,12,High,1,0,0,0,0,0,3
2025-11-12,Electrical repairs,Colombo,PRO-ELE-07,10,High,1,0,0,0,0,0,3
2025-11-12,Plumbing,Colombo,PRO-PLU-05,25,High,1,0,0,0,0,0,3
2025-11-12,Plumbing,Colombo,PRO-PLU-08,26,High,1,0,0,0,0,0,3
2025-11-12,Electrical repairs,Gampaha,PRO-ELE-05,10,High,1,0,0,0,0,0,3
2025-11-13,Grass cutting,Colombo,PRO-GRA-14,25,Low,0,1,0,0,1,1,0
2025-11-13,Grass cutting,Colombo,PRO-GRA-04,26,Low,0,1,0,0,1,1,0
2025-11-13,Electrical repairs,Colombo,PRO-ELE-08,1,Low,0,1,0,0,1,1,0
2025-11-13,Plumbing,Colombo,PRO-PLU-05,26,Low,0,1,0,0,1,1,0
2025-11-13,Plumbing,Gampaha,PRO-PLU-06,27,Low,0,1,0,0,1,1,0
2025-11-13,Electrical repairs,Colombo,PRO-ELE-02,1,Low,0,1,0,0,1,1,0
2025-11-13,Grass cutting,Colombo,PRO-GRA-07,27,Low,0,1,0,0,1,1,0
2025-11-13,Plumbing,Colombo,PRO-PLU-02,27,Low,0,1,0,0,1,1,0
2025-11-13,Child care,Gampaha,PRO-CHI-06,11,Low,0,1,0,0,1,1,0
2025-11-13,Child care,Gampaha,PRO-CHI-02,10,Low,0,1,0,0,1,1,0
2025-11-13,Plumbing,Gampaha,PRO-PLU-08,27,Low,0,1,0,0,1,1,0
2025-11-13,Plumbing,Gampaha,PRO-PLU-03,25,Low,0,1,0,0,1,1,0
2025-11-13,Grass cutting,Colombo,PRO-GRA-05,25,Low,0,1,0,0,1,1,0
2025-11-13,Plumbing,Colombo,PRO-PLU-07,25,Low,0,1,0,0,1,1,0
2025-11-13,Plumbing,Colombo,PRO-PLU-01,27,Low,0,1,0,0,1,1,0
2025-11-14,Child care,Colombo,PRO-CHI-01,10,High,1,0,0,0,1,0,1
2025-11-14,Plumbing,Gampaha,PRO-PLU-06,26,High,1,0,0,0,1,0,1
2025-11-14,Plumbing,Gampaha,PRO-PLU-02,25,High,1,0,0,0,1,0,1
2025-11-14,Grass cutting,Colombo,PRO-GRA-17,0,High,1,0,0,0,1,0,1
2025-11-14,Post-construction cleaning,Colombo,PRO-POS-02,1,High,1,0,0,0,1,0,1
2025-11-14,Plumbing,Gampaha,PRO-PLU-07,25,High,1,0,0,0,1,0,1
2025-11-14,Grass cutting,Colombo,PRO-GRA-03,0,High,1,0,0,0,1,0,1
2025-11-14,Child care,Gampaha,PRO-CHI-07,11,High,1,0,0,0,1,0,1
2025-11-14,Electrical repairs,Colombo,PRO-ELE-03,10,High,1,0,0,0,1,0,1
2025-11-14,Electrical repairs,Colombo,PRO-ELE-06,12,High,1,0,0,0,1,0,1
2025-11-14,Grass cutting,Colombo,PRO-GRA-10,0,High,1,0,0,0,1,0,1
2025-11-14,Planting,Gampaha,PRO-PLA-02,0,High,1,0,0,0,1,0,1
2025-11-14,Plumbing,Gampaha,PRO-PLU-08,25,High,1,0,0,0,1,0,1
2025-11-14,Grass cutting,Colombo,PRO-GRA-06,0,High,1,0,0,0,1,0,1
2025-11-14,Grass cutting,Colombo,PRO-GRA-09,0,High,1,0,0,0,1,0,1
2025-11-14,Plumbing,Gampaha,PRO-PLU-03,26,High,1,0,0,0,1,0,1
2025-11-14,Plumbing,Colombo,PRO-PLU-04,26,High,1,0,0,0,1,0,1
2025-11-14,Grass cutting,Gampaha,PRO-GRA-13,0,High,1,0,0,0,1,0,1
2025-11-14,Grass cutting,Gampaha,PRO-GRA-04,0,High,1,0,0,0,1,0,1
2025-11-14,Move-in / move-out cleaning,Gampaha,PRO-MOV-02,2,High,1,0,0,0,1,0,1
2025-11-14,Grass cutting,Colombo,PRO-GRA-07,0,High,1,0,0,0,1,0,1
2025-11-14,Plumbing,Gampaha,PRO-PLU-05,26,High,1,0,0,0,1,0,1
2025-11-14,Plumbing,Colombo,PRO-PLU-01,27,High,1,0,0,0,1,0,1
2025-11-14,Landscaping,Gampaha,PRO-LAN-02,0,High,1,0,0,0,1,0,1
2025-11-14,Grass cutting,Gampaha,PRO-GRA-05,0,High,1,0,0,0,1,0,1
2025-11-14,Electrical repairs,Gampaha,PRO-ELE-01,11,High,1,0,0,0,1,0,1
2025-11-15,Electrical repairs,Gampaha,PRO-ELE-04,5,Low,0,1,0,0,1,1,0
2025-11-15,Electrical repairs,Gampaha,PRO-ELE-08,5,Low,0,1,0,0,1,1,0
2025-11-15,Grass cutting,Gampaha,PRO-GRA-02,1,Low,0,1,0,0,1,1,0
2025-11-15,Grass cutting,Colombo,PRO-GRA-04,2,Low,0,1,0,0,1,1,0
2025-11-15,Grass cutting,Colombo,PRO-GRA-05,1,Low,0,1,0,0,1,1,0
2025-11-15,Plumbing,Colombo,PRO-PLU-01,1,Low,0,1,0,0,1,1,0
2025-11-15,Furniture repair,Gampaha,PRO-FUR-07,25,Low,0,1,0,0,1,1,0
2025-11-15,Grass cutting,Colombo,PRO-GRA-15,1,Low,0,1,0,0,1,1,0
2025-11-15,"Sofa, carpet & curtain cleaning",Colombo,PRO-SOF-07,15,Low,0,1,0,0,1,1,0
2025-11-15,Electrical repairs,Colombo,PRO-ELE-01,6,Low,0,1,0,0,1,1,0
2025-11-15,Plumbing,Colombo,PRO-PLU-04,0,Low,0,1,0,0,1,1,0
2025-11-15,Plumbing,Gampaha,PRO-PLU-02,0,Low,0,1,0,0,1,1,0
2025-11-15,Grass cutting,Gampaha,PRO-GRA-03,2,Low,0,1,0,0,1,1,0
2025-11-15,Pet care,Gampaha,PRO-PET-07,2,Low,0,1,0,0,1,1,0
2025-11-15,Child care,Colombo,PRO-CHI-06,2,Low,0,1,0,0,1,1,0
2025-11-15,Plumbing,Gampaha,PRO-PLU-07,1,Low,0,1,0,0,1,1,0
2025-11-15,Child care,Colombo,PRO-CHI-03,2,Low,0,1,0,0,1,1,0
2025-11-15,Child care,Colombo,PRO-CHI-07,2,Low,0,1,0,0,1,1,0
2025-11-15,Plumbing,Colombo,PRO-PLU-03,2,Low,0,1,0,0,1,1,0
2025-11-15,Grass cutting,Gampaha,PRO-GRA-16,0,Low,0,1,0,0,1,1,0
2025-11-15,Electrical repairs,Colombo,PRO-ELE-05,5,Low,0,1,0,0,1,1,0
2025-11-15,Plumbing,Colombo,PRO-PLU-06,2,Low,0,1,0,0,1,1,0
2025-11-15,Child care,Colombo,PRO-CHI-02,0,Low,0,1,0,0,1,1,0
2025-11-15,Plumbing,Colombo,PRO-PLU-08,2,Low,0,1,0,0,1,1,0
2025-11-15,Personal assistance,Colombo,PRO-PER-07,2,Low,0,1,0,0,1,1,0
2025-11-15,Grass cutting,Gampaha,PRO-GRA-17,0,Low,0,1,0,0,1,1,0
2025-11-15,Plumbing,Colombo,PRO-PLU-05,2,Low,0,1,0,0,1,1,0
2025-11-15,Electrical repairs,Gampaha,PRO-ELE-06,6,Low,0,1,0,0,1,1,0
2025-11-15,Child care,Colombo,PRO-CHI-04,0,Low,0,1,0,0,1,1,0
2025-11-16,Plumbing,Colombo,PRO-PLU-02,2,Low,0,1,0,0,1,2,0
2025-11-16,Grass cutting,Colombo,PRO-GRA-12,2,Low,0,1,0,0,1,2,0
2025-11-16,Child care,Colombo,PRO-CHI-08,2,Low,0,1,0,0,1,2,0
2025-11-16,Plumbing,Gampaha,PRO-PLU-01,2,Low,0,1,0,0,1,2,0
2025-11-16,Electrical repairs,Colombo,PRO-ELE-08,7,Low,0,1,0,0,1,2,0
2025-11-16,Grass cutting,Colombo,PRO-GRA-07,2,Low,0,1,0,0,1,2,0
2025-11-16,Electrical repairs,Gampaha,PRO-ELE-04,6,Low,0,1,0,0,1,2,0
2025-11-16,Child care,Colombo,PRO-CHI-02,0,Low,0,1,0,0,1,2,0
2025-11-16,Grass cutting,Colombo,PRO-GRA-10,2,Low,0,1,0,0,1,2,0
2025-11-16,Grass cutting,Gampaha,PRO-GRA-03,1,Low,0,1,0,0,1,2,0
2025-11-16,Grass cutting,Colombo,PRO-GRA-17,2,Low,0,1,0,0,1,2,0
2025-11-16,Child care,Gampaha,PRO-CHI-07,0,Low,0,1,0,0,1,2,0
2025-11-16,Grass cutting,Gampaha,PRO-GRA-15,2,Low,0,1,0,0,1,2,0
2025-11-16,Grass cutting,Gampaha,PRO-GRA-09,1,Low,0,1,0,0,1,2,0
2025-11-16,Plumbing,Gampaha,PRO-PLU-08,2,Low,0,1,0,0,1,2,0
2025-11-16,Grass cutting,Colombo,PRO-GRA-16,2,Low,0,1,0,0,1,2,0
2025-11-16,Electrical repairs,Colombo,PRO-ELE-07,7,Low,0,1,0,0,1,2,0
2025-11-16,Plumbing,Gampaha,PRO-PLU-07,1,Low,0,1,0,0,1,2,0
2025-11-16,Plumbing,Colombo,PRO-PLU-05,2,Low,0,1,0,0,1,2,0
2025-11-16,Child care,Gampaha,PRO-CHI-05,1,Low,0,1,0,0,1,2,0
2025-11-16,Plumbing,Colombo,PRO-PLU-04,0,Low,0,1,0,0,1,2,0
2025-11-16,House cleaning,Gampaha,PRO-HOU-06,17,Low,0,1,0,0,1,2,0
2025-11-16,Plumbing,Gampaha,PRO-PLU-03,2,Low,0,1,0,0,1,2,0
2025-11-17,Plumbing,Gampaha,PRO-PLU-01,2,High,1,0,0,0,1,0,1
2025-11-17,Plumbing,Colombo,PRO-PLU-08,0,High,1,0,0,0,1,0,1
2025-11-17,Child care,Gampaha,PRO-CHI-05,11,High,1,0,0,0,1,0,1
2025-11-17,Plumbing,Colombo,PRO-PLU-07,1,High,1,0,0,0,1,0,1
2025-11-17,Plumbing,Colombo,PRO-PLU-05,1,High,1,0,0,0,1,0,1
2025-11-17,Plumbing,Colombo,PRO-PLU-06,0,High,1,0,0,0,1,0,1
2025-11-17,Grass cutting,Gampaha,PRO-GRA-18,0,High,1,0,0,0,1,0,1
2025-11-17,Electrical repairs,Colombo,PRO-ELE-07,10,High,1,0,0,0,1,0,1
2025-11-17,Plumbing,Gampaha,PRO-PLU-04,1,High,1,0,0,0,1,0,1
2025-11-17,Electrical repairs,Gampaha,PRO-ELE-02,12,High,1,0,0,0,1,0,1
2025-11-17,Grass cutting,Gampaha,PRO-GRA-02,0,High,1,0,0,0,1,0,1
2025-11-17,Electrical repairs,Colombo,PRO-ELE-01,10,High,1,0,0,0,1,0,1
2025-11-17,Plumbing,Colombo,PRO-PLU-02,0,High,1,0,0,0,1,0,1
2025-11-17,Grass cutting,Gampaha,PRO-GRA-07,0,High,1,0,0,0,1,0,1
2025-11-17,Plumbing,Gampaha,PRO-PLU-03,1,High,1,0,0,0,1,0,1
2025-11-17,Grass cutting,Colombo,PRO-GRA-13,0,High,1,0,0,0,1,0,1
2025-11-17,Child care,Gampaha,PRO-CHI-07,11,High,1,0,0,0,1,0,1
2025-11-17,Roofing,Gampaha,PRO-ROO-07,17,High,1,0,0,0,1,0,1
2025-11-18,Plumbing,Colombo,PRO-PLU-05,2,High,1,0,0,0,1,0,2
2025-11-18,Grass cutting,Gampaha,PRO-GRA-10,0,High,1,0,0,0,1,0,2
2025-11-18,Plumbing,Gampaha,PRO-PLU-06,1,High,1,0,0,0,1,0,2
2025-11-18,Grass cutting,Gampaha,PRO-GRA-18,0,High,1,0,0,0,1,0,2
2025-11-18,Child care,Colombo,PRO-CHI-06,12,High,1,0,0,0,1,0,2
2025-11-18,Grass cutting,Colombo,PRO-GRA-06,0,High,1,0,0,0,1,0,2
2025-11-18,Electrical repairs,Colombo,PRO-ELE-08,12,High,1,0,0,0,1,0,2
2025-11-18,Child care,Colombo,PRO-CHI-08,12,High,1,0,0,0,1,0,2
2025-11-18,Plumbing,Gampaha,PRO-PLU-01,2,High,1,0,0,0,1,0,2
2025-11-18,Grass cutting,Gampaha,PRO-GRA-03,0,High,1,0,0,0,1,0,2
2025-11-18,Plumbing,Colombo,PRO-PLU-07,0,High,1,0,0,0,1,0,2
2025-11-18,Plumbing,Colombo,PRO-PLU-08,2,High,1,0,0,0,1,0,2
2025-11-18,Plumbing,Colombo,PRO-PLU-02,1,High,1,0,0,0,1,0,2
2025-11-18,Plumbing,Colombo,PRO-PLU-03,0,High,1,0,0,0,1,0,2
2025-11-18,Grass cutting,Gampaha,PRO-GRA-12,0,High,1,0,0,0,1,0,2
2025-11-18,Grass cutting,Colombo,PRO-GRA-07,0,High,1,0,0,0,1,0,2
2025-11-18,Grass cutting,Colombo,PRO-GRA-08,0,High,1,0,0,0,1,0,2
2025-11-18,Grass cutting,Colombo,PRO-GRA-17,0,High,1,0,0,0,1,0,2
2025-11-18,Grass cutting,Gampaha,PRO-GRA-11,0,High,1,0,0,0,1,0,2
2025-11-19,Roofing,Colombo,PRO-ROO-07,22,Low,0,1,0,0,1,1,0
2025-11-19,Electrical repairs,Colombo,PRO-ELE-02,0,Low,0,1,0,0,1,1,0
2025-11-19,Plumbing,Gampaha,PRO-PLU-03,27,Low,0,1,0,0,1,1,0
2025-11-19,Plumbing,Colombo,PRO-PLU-02,25,Low,0,1,0,0,1,1,0
2025-11-19,Plumbing,Gampaha,PRO-PLU-01,26,Low,0,1,0,0,1,1,0
2025-11-19,Plumbing,Colombo,PRO-PLU-07,27,Low,0,1,0,0,1,1,0
2025-11-19,Plumbing,Colombo,PRO-PLU-06,26,Low,0,1,0,0,1,1,0
2025-11-19,Grass cutting,Colombo,PRO-GRA-17,25,Low,0,1,0,0,1,1,0
2025-11-19,Grass cutting,Gampaha,PRO-GRA-12,27,Low,0,1,0,0,1,1,0
2025-11-19,Plumbing,Gampaha,PRO-PLU-04,27,Low,0,1,0,0,1,1,0
2025-11-19,Child care,Gampaha,PRO-CHI-08,10,Low,0,1,0,0,1,1,0
2025-11-19,Plumbing,Colombo,PRO-PLU-08,27,Low,0,1,0,0,1,1,0
2025-11-19,Child care,Gampaha,PRO-CHI-02,11,Low,0,1,0,0,1,1,0
2025-11-20,Electrical repairs,Colombo,PRO-ELE-03,12,High,1,0,0,0,1,0,1
2025-11-20,Plumbing,Colombo,PRO-PLU-03,25,High,1,0,0,0,1,0,1
2025-11-20,Electrical repairs,Gampaha,PRO-ELE-07,10,High,1,0,0,0,1,0,1
2025-11-20,Grass cutting,Colombo,PRO-GRA-11,0,High,1,0,0,0,1,0,1
2025-11-20,Grass cutting,Colombo,PRO-GRA-03,0,High,1,0,0,0,1,0,1
2025-11-20,Plumbing,Gampaha,PRO-PLU-05,25,High,1,0,0,0,1,0,1
2025-11-20,Plumbing,Colombo,PRO-PLU-01,26,High,1,0,0,0,1,0,1
2025-11-20,Plumbing,Gampaha,PRO-PLU-07,25,High,1,0,0,0,1,0,1
2025-11-20,Child care,Gampaha,PRO-CHI-05,12,High,1,0,0,0,1,0,1
2025-11-20,Grass cutting,Gampaha,PRO-GRA-04,0,High,1,0,0,0,1,0,1
2025-11-20,Child care,Colombo,PRO-CHI-03,11,High,1,0,0,0,1,0,1
2025-11-20,Grass cutting,Gampaha,PRO-GRA-16,0,High,1,0,0,0,1,0,1
2025-11-20,Child care,Colombo,PRO-CHI-01,11,High,1,0,0,0,1,0,1
2025-11-20,Electrical repairs,Colombo,PRO-ELE-06,10,High,1,0,0,0,1,0,1
2025-11-20,Electrical repairs,Colombo,PRO-ELE-05,10,High,1,0,0,0,1,0,1
2025-11-20,Plumbing,Gampaha,PRO-PLU-06,26,High,1,0,0,0,1,0,1
2025-11-20,Child care,Gampaha,PRO-CHI-08,10,High,1,0,0,0,1,0,1
2025-11-20,Plumbing,Gampaha,PRO-PLU-08,25,High,1,0,0,0,1,0,1
2025-11-20,Grass cutting,Colombo,PRO-GRA-06,0,High,1,0,0,0,1,0,1
2025-11-20,Plumbing,Colombo,PRO-PLU-04,27,High,1,0,0,0,1,0,1
2025-11-21,Child care,Gampaha,PRO-CHI-07,10,High,1,0,0,0,1,0,2
2025-11-21,Plumbing,Colombo,PRO-PLU-07,26,High,1,0,0,0,1,0,2
2025-11-21,Plumbing,Colombo,PRO-PLU-02,27,High,1,0,0,0,1,0,2
2025-11-21,Electrical repairs,Colombo,PRO-ELE-05,10,High,1,0,0,0,1,0,2
2025-11-21,Plumbing,Gampaha,PRO-PLU-08,26,High,1,0,0,0,1,0,2
2025-11-21,Electrical repairs,Gampaha,PRO-ELE-08,10,High,1,0,0,0,1,0,2
2025-11-21,Plumbing,Gampaha,PRO-PLU-04,25,High,1,0,0,0,1,0,2
2025-11-21,Child care,Gampaha,PRO-CHI-05,10,High,1,0,0,0,1,0,2
2025-11-21,Child care,Gampaha,PRO-CHI-03,11,High,1,0,0,0,1,0,2
2025-11-21,Plumbing,Colombo,PRO-PLU-05,25,High,1,0,0,0,1,0,2
2025-11-21,Child care,Colombo,PRO-CHI-02,12,High,1,0,0,0,1,0,2
2025-11-21,Child care,Gampaha,PRO-CHI-06,12,High,1,0,0,0,1,0,2
2025-11-21,Plumbing,Colombo,PRO-PLU-03,25,High,1,0,0,0,1,0,2
2025-11-21,Grass cutting,Gampaha,PRO-GRA-17,0,High,1,0,0,0,1,0,2
2025-11-21,Plumbing,Colombo,PRO-PLU-06,27,High,1,0,0,0,1,0,2
2025-11-21,Electrical repairs,Gampaha,PRO-ELE-04,10,High,1,0,0,0,1,0,2
2025-11-21,Watering,Colombo,PRO-WAT-04,0,High,1,0,0,0,1,0,2
2025-11-21,Electrical repairs,Colombo,PRO-ELE-02,10,High,1,0,0,0,1,0,2
2025-11-21,Plumbing,Colombo,PRO-PLU-01,27,High,1,0,0,0,1,0,2
2025-11-22,Child care,Gampaha,PRO-CHI-05,1,High,1,0,0,0,1,0,3
2025-11-22,Grass cutting,Gampaha,PRO-GRA-02,0,High,1,0,0,0,1,0,3
2025-11-22,Plumbing,Gampaha,PRO-PLU-05,42,High,1,0,0,0,1,0,3
2025-11-22,Plumbing,Colombo,PRO-PLU-08,42,High,1,0,0,0,1,0,3
2025-11-22,Electrical repairs,Gampaha,PRO-ELE-04,17,High,1,0,0,0,1,0,3
2025-11-22,Child care,Gampaha,PRO-CHI-03,1,High,1,0,0,0,1,0,3
2025-11-22,Plumbing,Colombo,PRO-PLU-03,40,High,1,0,0,0,1,0,3
2025-11-22,Plumbing,Colombo,PRO-PLU-07,42,High,1,0,0,0,1,0,3
2025-11-22,Electrical repairs,Gampaha,PRO-ELE-01,15,High,1,0,0,0,1,0,3
2025-11-22,Plumbing,Gampaha,PRO-PLU-01,41,High,1,0,0,0,1,0,3
2025-11-22,Grass cutting,Colombo,PRO-GRA-15,0,High,1,0,0,0,1,0,3
2025-11-22,Child care,Colombo,PRO-CHI-02,0,High,1,0,0,0,1,0,3
2025-11-22,Grass cutting,Gampaha,PRO-GRA-11,0,High,1,0,0,0,1,0,3
2025-11-22,Grass cutting,Colombo,PRO-GRA-12,0,High,1,0,0,0,1,0,3
2025-11-22,Electrical repairs,Gampaha,PRO-ELE-05,17,High,1,0,0,0,1,0,3
2025-11-22,Child care,Gampaha,PRO-CHI-04,0,High,1,0,0,0,1,0,3
2025-11-22,Plumbing,Colombo,PRO-PLU-02,42,High,1,0,0,0,1,0,3
2025-11-22,Grass cutting,Colombo,PRO-GRA-01,0,High,1,0,0,0,1,0,3
2025-11-22,Grass cutting,Colombo,PRO-GRA-13,0,High,1,0,0,0,1,0,3
2025-11-22,Plumbing,Colombo,PRO-PLU-04,42,High,1,0,0,0,1,0,3
2025-11-23,Grass cutting,Gampaha,PRO-GRA-11,0,High,1,0,0,0,1,0,4
2025-11-23,Grass cutting,Gampaha,PRO-GRA-17,0,High,1,0,0,0,1,0,4
2025-11-23,Plumbing,Colombo,PRO-PLU-06,41,High,1,0,0,0,1,0,4
2025-11-23,Grass cutting,Gampaha,PRO-GRA-12,0,High,1,0,0,0,1,0,4
2025-11-23,Painting,Gampaha,PRO-PAI-01,21,High,1,0,0,0,1,0,4
2025-11-23,Electrical repairs,Colombo,PRO-ELE-08,15,High,1,0,0,0,1,0,4
2025-11-23,Plumbing,Colombo,PRO-PLU-02,40,High,1,0,0,0,1,0,4
2025-11-23,Plumbing,Gampaha,PRO-PLU-01,41,High,1,0,0,0,1,0,4
2025-11-23,Grass cutting,Colombo,PRO-GRA-01,0,High,1,0,0,0,1,0,4
2025-11-23,Child care,Colombo,PRO-CHI-06,2,High,1,0,0,0,1,0,4
2025-11-23,Grass cutting,Colombo,PRO-GRA-09,0,High,1,0,0,0,1,0,4
2025-11-23,Plumbing,Colombo,PRO-PLU-08,42,High,1,0,0,0,1,0,4
2025-11-23,Plumbing,Gampaha,PRO-PLU-07,40,High,1,0,0,0,1,0,4
2025-11-23,Plumbing,Colombo,PRO-PLU-04,41,High,1,0,0,0,1,0,4
2025-11-23,Electrical repairs,Colombo,PRO-ELE-01,16,High,1,0,0,0,1,0,4
2025-11-23,Plumbing,Gampaha,PRO-PLU-03,40,High,1,0,0,0,1,0,4
2025-11-23,Plumbing,Colombo,PRO-PLU-05,42,High,1,0,0,0,1,0,4
2025-11-23,Grass cutting,Colombo,PRO-GRA-05,0,High,1,0,0,0,1,0,4
2025-11-23,Grass cutting,Gampaha,PRO-GRA-03,0,High,1,0,0,0,1,0,4
2025-11-24,Child care,Colombo,PRO-CHI-05,12,High,1,0,0,0,1,0,5
2025-11-24,Plumbing,Gampaha,PRO-PLU-04,26,High,1,0,0,0,1,0,5
2025-11-24,Plumbing,Colombo,PRO-PLU-06,25,High,1,0,0,0,1,0,5
2025-11-24,Grass cutting,Gampaha,PRO-GRA-09,0,High,1,0,0,0,1,0,5
2025-11-24,Plumbing,Gampaha,PRO-PLU-02,25,High,1,0,0,0,1,0,5
2025-11-24,Grass cutting,Colombo,PRO-GRA-14,0,High,1,0,0,0,1,0,5
2025-11-24,Plumbing,Colombo,PRO-PLU-05,27,High,1,0,0,0,1,0,5
2025-11-24,Grass cutting,Colombo,PRO-GRA-13,0,High,1,0,0,0,1,0,5
2025-11-24,Plumbing,Gampaha,PRO-PLU-01,27,High,1,0,0,0,1,0,5
2025-11-24,Plumbing,Gampaha,PRO-PLU-07,25,High,1,0,0,0,1,0,5
2025-11-24,Grass cutting,Colombo,PRO-GRA-18,0,High,1,0,0,0,1,0,5
2025-11-24,Grass cutting,Gampaha,PRO-GRA-03,0,High,1,0,0,0,1,0,5
2025-11-24,Electrical repairs,Gampaha,PRO-ELE-07,10,High,1,0,0,0,1,0,5
2025-11-24,Plumbing,Gampaha,PRO-PLU-03,26,High,1,0,0,0,1,0,5
2025-11-24,Grass cutting,Colombo,PRO-GRA-17,0,High,1,0,0,0,1,0,5
2025-11-24,Grass cutting,Colombo,PRO-GRA-04,0,High,1,0,0,0,1,0,5
2025-11-24,Plumbing,Gampaha,PRO-PLU-08,27,High,1,0,0,0,1,0,5
2025-11-25,Plumbing,Gampaha,PRO-PLU-03,25,High,1,0,0,0,1,0,6
2025-11-25,Plumbing,Gampaha,PRO-PLU-04,26,High,1,0,0,0,1,0,6
2025-11-25,Child care,Colombo,PRO-CHI-03,12,High,1,0,0,0,1,0,6
2025-11-25,Plumbing,Colombo,PRO-PLU-06,25,High,1,0,0,0,1,0,6
2025-11-25,Grass cutting,Gampaha,PRO-GRA-05,0,High,1,0,0,0,1,0,6
2025-11-25,Grass cutting,Gampaha,PRO-GRA-06,0,High,1,0,0,0,1,0,6
2025-11-25,Grass cutting,Colombo,PRO-GRA-02,0,High,1,0,0,0,1,0,6
2025-11-25,Plumbing,Gampaha,PRO-PLU-02,27,High,1,0,0,0,1,0,6
2025-11-25,Grass cutting,Colombo,PRO-GRA-17,0,High,1,0,0,0,1,0,6
2025-11-25,Child care,Gampaha,PRO-CHI-07,10,High,1,0,0,0,1,0,6
2025-11-25,Plumbing,Gampaha,PRO-PLU-01,27,High,1,0,0,0,1,0,6
2025-11-25,Plumbing,Colombo,PRO-PLU-05,27,High,1,0,0,0,1,0,6
2025-11-25,Plumbing,Colombo,PRO-PLU-07,25,High,1,0,0,0,1,0,6
2025-11-25,Plumbing,Gampaha,PRO-PLU-08,25,High,1,0,0,0,1,0,6
2025-11-25,Grass cutting,Gampaha,PRO-GRA-01,0,High,1,0,0,0,1,0,6
2025-11-25,Child care,Gampaha,PRO-CHI-01,10,High,1,0,0,0,1,0,6
2025-11-25,Grass cutting,Gampaha,PRO-GRA-12,0,High,1,0,0,0,1,0,6
2025-11-26,Electrical repairs,Colombo,PRO-ELE-01,11,High,1,0,0,0,1,0,7
2025-11-26,Grass cutting,Colombo,PRO-GRA-06,0,High,1,0,0,0,1,0,7
2025-11-26,Plumbing,Colombo,PRO-PLU-02,26,High,1,0,0,0,1,0,7
2025-11-26,Plumbing,Colombo,PRO-PLU-05,25,High,1,0,0,0,1,0,7
2025-11-26,Plumbing,Colombo,PRO-PLU-08,26,High,1,0,0,0,1,0,7
2025-11-26,Electrical repairs,Gampaha,PRO-ELE-04,10,High,1,0,0,0,1,0,7
2025-11-26,Grass cutting,Gampaha,PRO-GRA-01,0,High,1,0,0,0,1,0,7
2025-11-26,Plumbing,Gampaha,PRO-PLU-04,27,High,1,0,0,0,1,0,7
2025-11-26,Grass cutting,Colombo,PRO-GRA-04,0,High,1,0,0,0,1,0,7
2025-11-26,Plumbing,Colombo,PRO-PLU-01,25,High,1,0,0,0,1,0,7
2025-11-26,Plumbing,Gampaha,PRO-PLU-07,27,High,1,0,0,0,1,0,7
2025-11-26,Grass cutting,Gampaha,PRO-GRA-10,0,High,1,0,0,0,1,0,7
2025-11-26,Plumbing,Colombo,PRO-PLU-03,25,High,1,0,0,0,1,0,7
2025-11-26,Child care,Gampaha,PRO-CHI-02,10,High,1,0,0,0,1,0,7
2025-11-26,Grass cutting,Gampaha,PRO-GRA-09,0,High,1,0,0,0,1,0,7
2025-11-26,Plumbing,Gampaha,PRO-PLU-06,25,High,1,0,0,0,1,0,7
2025-11-27,Grass cutting,Gampaha,PRO-GRA-04,0,High,1,0,0,0,1,0,8
2025-11-27,Plumbing,Gampaha,PRO-PLU-01,25,High,1,0,0,0,1,0,8
2025-11-27,Plumbing,Colombo,PRO-PLU-08,27,High,1,0,0,0,1,0,8
2025-11-27,Plumbing,Gampaha,PRO-PLU-06,26,High,1,0,0,0,1,0,8
2025-11-27,Grass cutting,Colombo,PRO-GRA-05,0,High,1,0,0,0,1,0,8
2025-11-27,Plumbing,Gampaha,PRO-PLU-02,26,High,1,0,0,0,1,0,8
2025-11-27,Plumbing,Gampaha,PRO-PLU-04,25,High,1,0,0,0,1,0,8
2025-11-27,Child care,Colombo,PRO-CHI-08,12,High,1,0,0,0,1,0,8
2025-11-27,Grass cutting,Gampaha,PRO-GRA-07,0,High,1,0,0,0,1,0,8
2025-11-27,Grass cutting,Colombo,PRO-GRA-15,0,High,1,0,0,0,1,0,8
2025-11-27,Electrical repairs,Colombo,PRO-ELE-06,12,High,1,0,0,0,1,0,8
2025-11-27,Plumbing,Colombo,PRO-PLU-05,27,High,1,0,0,0,1,0,8
2025-11-27,Grass cutting,Colombo,PRO-GRA-18,0,High,1,0,0,0,1,0,8
2025-11-27,Plumbing,Gampaha,PRO-PLU-07,26,High,1,0,0,0,1,0,8
2025-11-27,Grass cutting,Gampaha,PRO-GRA-12,0,High,1,0,0,0,1,0,8
2025-11-27,Child care,Colombo,PRO-CHI-04,11,High,1,0,0,0,1,0,8
2025-11-27,Plumbing,Gampaha,PRO-PLU-03,25,High,1,0,0,0,1,0,8
2025-11-27,Grass cutting,Gampaha,PRO-GRA-11,0,High,1,0,0,0,1,0,8
2025-11-28,Grass cutting,Colombo,PRO-GRA-18,0,High,1,0,1,1,1,0,9
2025-11-28,Child care,Gampaha,PRO-CHI-06,2,High,1,0,1,1,1,0,9
2025-11-28,Grass cutting,Gampaha,PRO-GRA-13,0,High,1,0,1,1,1,0,9
2025-11-28,Electrical repairs,Colombo,PRO-ELE-06,11,High,1,0,1,1,1,0,9
2025-11-28,Electrical repairs,Colombo,PRO-ELE-08,11,High,1,0,1,1,1,0,9
2025-11-28,Plumbing,Colombo,PRO-PLU-05,27,High,1,0,1,1,1,0,9
2025-11-28,Plumbing,Gampaha,PRO-PLU-08,25,High,1,0,1,1,1,0,9
2025-11-28,Grass cutting,Gampaha,PRO-GRA-16,0,High,1,0,1,1,1,0,9
2025-11-28,Painting,Gampaha,PRO-PAI-18,52,High,1,0,1,1,1,0,9
2025-11-28,Grass cutting,Colombo,PRO-GRA-10,0,High,1,0,1,1,1,0,9
2025-11-28,Plumbing,Colombo,PRO-PLU-01,25,High,1,0,1,1,1,0,9
2025-11-28,Grass cutting,Gampaha,PRO-GRA-17,0,High,1,0,1,1,1,0,9
2025-11-28,Plumbing,Colombo,PRO-PLU-07,25,High,1,0,1,1,1,0,9
2025-11-28,Plumbing,Gampaha,PRO-PLU-06,26,High,1,0,1,1,1,0,9
2025-11-28,Electrical repairs,Gampaha,PRO-ELE-03,10,High,1,0,1,1,1,0,9
2025-11-28,Plumbing,Gampaha,PRO-PLU-03,26,High,1,0,1,1,1,0,9
2025-11-28,Child care,Colombo,PRO-CHI-01,2,High,1,0,1,1,1,0,9
2025-11-29,Grass cutting,Colombo,PRO-GRA-05,26,Low,0,1,0,0,1,1,0
2025-11-29,Electrical repairs,Colombo,PRO-ELE-03,7,Low,0,1,0,0,1,1,0
2025-11-29,Child care,Gampaha,PRO-CHI-04,2,Low,0,1,0,0,1,1,0
2025-11-29,Plumbing,Colombo,PRO-PLU-05,25,Low,0,1,0,0,1,1,0
2025-11-29,Electrical repairs,Colombo,PRO-ELE-05,5,Low,0,1,0,0,1,1,0
2025-11-29,Grass cutting,Gampaha,PRO-GRA-08,26,Low,0,1,0,0,1,1,0
2025-11-29,Grass cutting,Gampaha,PRO-GRA-07,26,Low,0,1,0,0,1,1,0
2025-11-29,Plumbing,Gampaha,PRO-PLU-03,25,Low,0,1,0,0,1,1,0
2025-11-29,Grass cutting,Gampaha,PRO-GRA-01,27,Low,0,1,0,0,1,1,0
2025-11-29,Plumbing,Colombo,PRO-PLU-02,26,Low,0,1,0,0,1,1,0
2025-11-29,Plumbing,Colombo,PRO-PLU-04,25,Low,0,1,0,0,1,1,0
2025-11-29,Plumbing,Colombo,PRO-PLU-08,27,Low,0,1,0,0,1,1,0
2025-11-29,Grass cutting,Gampaha,PRO-GRA-09,26,Low,0,1,0,0,1,1,0
2025-11-29,Grass cutting,Gampaha,PRO-GRA-15,26,Low,0,1,0,0,1,1,0
2025-11-29,Plumbing,Colombo,PRO-PLU-06,27,Low,0,1,0,0,1,1,0
2025-11-30,Plumbing,Colombo,PRO-PLU-04,1,Low,0,1,0,0,1,2,0
2025-11-30,Electrical repairs,Colombo,PRO-ELE-02,6,Low,0,1,0,0,1,2,0
2025-11-30,Grass cutting,Gampaha,PRO-GRA-13,2,Low,0,1,0,0,1,2,0
2025-11-30,Plumbing,Colombo,PRO-PLU-08,2,Low,0,1,0,0,1,2,0
2025-11-30,Electrical repairs,Colombo,PRO-ELE-01,6,Low,0,1,0,0,1,2,0
2025-11-30,Plumbing,Colombo,PRO-PLU-01,0,Low,0,1,0,0,1,2,0
2025-11-30,Plumbing,Gampaha,PRO-PLU-05,1,Low,0,1,0,0,1,2,0
2025-11-30,Child care,Colombo,PRO-CHI-03,2,Low,0,1,0,0,1,2,0
2025-11-30,Plumbing,Colombo,PRO-PLU-02,0,Low,0,1,0,0,1,2,0
2025-11-30,Grass cutting,Colombo,PRO-GRA-01,2,Low,0,1,0,0,1,2,0
2025-11-30,Grass cutting,Colombo,PRO-GRA-12,2,Low,0,1,0,0,1,2,0
2025-11-30,Plumbing,Gampaha,PRO-PLU-03,2,Low,0,1,0,0,1,2,0
2025-11-30,Electrical repairs,Colombo,PRO-ELE-05,5,Low,0,1,0,0,1,2,0
2025-11-30,Grass cutting,Gampaha,PRO-GRA-11,1,Low,0,1,0,0,1,2,0
2025-12-01,Plumbing,Gampaha,PRO-PLU-07,2,Low,0,1,0,0,1,3,0
2025-12-01,Plumbing,Colombo,PRO-PLU-03,2,Low,0,1,0,0,1,3,0
2025-12-01,Grass cutting,Colombo,PRO-GRA-15,2,Low,0,1,0,0,1,3,0
2025-12-01,Plumbing,Colombo,PRO-PLU-02,2,Low,0,1,0,0,1,3,0
2025-12-01,Electrical repairs,Gampaha,PRO-ELE-03,2,Low,0,1,0,0,1,3,0
2025-12-01,Child care,Gampaha,PRO-CHI-03,37,Low,0,1,0,0,1,3,0
2025-12-01,Plumbing,Gampaha,PRO-PLU-05,0,Low,0,1,0,0,1,3,0
2025-12-01,Electrical repairs,Gampaha,PRO-ELE-08,1,Low,0,1,0,0,1,3,0
2025-12-01,Child care,Colombo,PRO-CHI-06,37,Low,0,1,0,0,1,3,0
2025-12-01,Child care,Colombo,PRO-CHI-07,36,Low,0,1,0,0,1,3,0
2025-12-01,Plumbing,Gampaha,PRO-PLU-06,2,Low,0,1,0,0,1,3,0
2025-12-01,Plumbing,Colombo,PRO-PLU-04,0,Low,0,1,0,0,1,3,0
2025-12-01,Plumbing,Gampaha,PRO-PLU-01,0,Low,0,1,0,0,1,3,0
2025-12-01,Plumbing,Gampaha,PRO-PLU-08,2,Low,0,1,0,0,1,3,0
2025-12-01,Grass cutting,Colombo,PRO-GRA-06,1,Low,0,1,0,0,1,3,0
2025-12-01,Child care,Gampaha,PRO-CHI-01,35,Low,0,1,0,0,1,3,0
2025-12-02,Plumbing,Colombo,PRO-PLU-05,2,Low,0,1,0,0,1,4,0
2025-12-02,Electrical repairs,Gampaha,PRO-ELE-01,2,Low,0,1,0,0,1,4,0
2025-12-02,Electrical repairs,Gampaha,PRO-ELE-06,2,Low,0,1,0,0,1,4,0
2025-12-02,Electrical repairs,Gampaha,PRO-ELE-08,1,Low,0,1,0,0,1,4,0
2025-12-02,Electrical repairs,Gampaha,PRO-ELE-05,1,Low,0,1,0,0,1,4,0
2025-12-02,Grass cutting,Gampaha,PRO-GRA-09,2,Low,0,1,0,0,1,4,0
2025-12-02,Electrical repairs,Gampaha,PRO-ELE-04,2,Low,0,1,0,0,1,4,0
2025-12-02,Grass cutting,Colombo,PRO-GRA-07,2,Low,0,1,0,0,1,4,0
2025-12-02,Grass cutting,Gampaha,PRO-GRA-02,1,Low,0,1,0,0,1,4,0
2025-12-02,Grass cutting,Gampaha,PRO-GRA-13,2,Low,0,1,0,0,1,4,0
2025-12-02,Grass cutting,Colombo,PRO-GRA-05,1,Low,0,1,0,0,1,4,0
2025-12-02,Child care,Gampaha,PRO-CHI-06,36,Low,0,1,0,0,1,4,0
2025-12-02,Child care,Gampaha,PRO-CHI-02,37,Low,0,1,0,0,1,4,0
2025-12-02,Grass cutting,Colombo,PRO-GRA-16,2,Low,0,1,0,0,1,4,0
2025-12-02,Plumbing,Gampaha,PRO-PLU-01,1,Low,0,1,0,0,1,4,0
2025-12-02,Child care,Colombo,PRO-CHI-03,35,Low,0,1,0,0,1,4,0
2025-12-02,Plumbing,Gampaha,PRO-PLU-02,2,Low,0,1,0,0,1,4,0
2025-12-02,Plumbing,Colombo,PRO-PLU-08,0,Low,0,1,0,0,1,4,0
2025-12-02,Grass cutting,Gampaha,PRO-GRA-14,2,Low,0,1,0,0,1,4,0
2025-12-02,Plumbing,Colombo,PRO-PLU-04,0,Low,0,1,0,0,1,4,0
2025-12-02,Plumbing,Colombo,PRO-PLU-06,0,Low,0,1,0,0,1,4,0
2025-12-02,Child care,Colombo,PRO-CHI-04,36,Low,0,1,0,0,1,4,0
2025-12-02,Plumbing,Colombo,PRO-PLU-03,0,Low,0,1,0,0,1,4,0
2025-12-02,Plumbing,Colombo,PRO-PLU-07,2,Low,0,1,0,0,1,4,0
2025-12-02,Grass cutting,Colombo,PRO-GRA-18,2,Low,0,1,0,0,1,4,0
2025-12-03,Plumbing,Gampaha,PRO-PLU-08,0,Low,0,1,0,0,1,5,0
2025-12-03,Grass cutting,Colombo,PRO-GRA-08,16,Low,0,1,0,0,1,5,0
2025-12-03,Electrical repairs,Gampaha,PRO-ELE-07,2,Low,0,1,0,0,1,5,0
2025-12-03,Plumbing,Colombo,PRO-PLU-03,2,Low,0,1,0,0,1,5,0
2025-12-03,Plumbing,Gampaha,PRO-PLU-04,1,Low,0,1,0,0,1,5,0
2025-12-03,Plumbing,Colombo,PRO-PLU-02,2,Low,0,1,0,0,1,5,0
2025-12-03,Plumbing,Gampaha,PRO-PLU-07,1,Low,0,1,0,0,1,5,0
2025-12-03,Painting,Colombo,PRO-PAI-05,55,Low,0,1,0,0,1,5,0
2025-12-03,Grass cutting,Gampaha,PRO-GRA-05,16,Low,0,1,0,0,1,5,0
2025-12-03,Electrical repairs,Gampaha,PRO-ELE-04,2,Low,0,1,0,0,1,5,0
2025-12-03,Plumbing,Gampaha,PRO-PLU-05,2,Low,0,1,0,0,1,5,0
2025-12-03,Child care,Colombo,PRO-CHI-05,37,Low,0,1,0,0,1,5,0
2025-12-03,Plumbing,Colombo,PRO-PLU-01,1,Low,0,1,0,0,1,5,0
2025-12-03,Electrical repairs,Gampaha,PRO-ELE-06,1,Low,0,1,0,0,1,5,0
2025-12-03,Plumbing,Gampaha,PRO-PLU-06,2,Low,0,1,0,0,1,5,0
2025-12-03,Child care,Colombo,PRO-CHI-04,35,Low,0,1,0,0,1,5,0
2025-12-03,Grass cutting,Colombo,PRO-GRA-15,15,Low,0,1,0,0,1,5,0
2025-12-03,Electrical repairs,Gampaha,PRO-ELE-05,1,Low,0,1,0,0,1,5,0
2025-12-04,Grass cutting,Colombo,PRO-GRA-18,15,Low,0,1,1,0,1,6,0
2025-12-04,Plumbing,Colombo,PRO-PLU-05,2,Low,0,1,1,0,1,6,0
2025-12-04,Plumbing,Colombo,PRO-PLU-04,1,Low,0,1,1,0,1,6,0
2025-12-04,Plumbing,Gampaha,PRO-PLU-03,2,Low,0,1,1,0,1,6,0
2025-12-04,Plumbing,Gampaha,PRO-PLU-06,0,Low,0,1,1,0,1,6,0
2025-12-04,Plumbing,Gampaha,PRO-PLU-08,1,Low,0,1,1,0,1,6,0
2025-12-04,Plumbing,Colombo,PRO-PLU-02,2,Low,0,1,1,0,1,6,0
2025-12-04,Plumbing,Colombo,PRO-PLU-01,0,Low,0,1,1,0,1,6,0
2025-12-04,Plumbing,Gampaha,PRO-PLU-07,0,Low,0,1,1,0,1,6,0
2025-12-04,Grass cutting,Gampaha,PRO-GRA-17,16,Low,0,1,1,0,1,6,0
2025-12-04,Electrical repairs,Gampaha,PRO-ELE-03,1,Low,0,1,1,0,1,6,0
2025-12-04,Grass cutting,Gampaha,PRO-GRA-12,15,Low,0,1,1,0,1,6,0
2025-12-05,Child care,Gampaha,PRO-CHI-06,36,High,1,0,0,0,1,0,1
2025-12-05,Plumbing,Gampaha,PRO-PLU-01,0,High,1,0,0,0,1,0,1
2025-12-05,Electrical repairs,Colombo,PRO-ELE-05,10,High,1,0,0,0,1,0,1
2025-12-05,Plumbing,Colombo,PRO-PLU-07,2,High,1,0,0,0,1,0,1
2025-12-05,Grass cutting,Colombo,PRO-GRA-01,0,High,1,0,0,0,1,0,1
2025-12-05,Plumbing,Gampaha,PRO-PLU-04,0,High,1,0,0,0,1,0,1
2025-12-05,Electrical repairs,Colombo,PRO-ELE-06,12,High,1,0,0,0,1,0,1
2025-12-05,Child care,Gampaha,PRO-CHI-08,36,High,1,0,0,0,1,0,1
2025-12-05,Grass cutting,Colombo,PRO-GRA-17,0,High,1,0,0,0,1,0,1
2025-12-05,Plumbing,Colombo,PRO-PLU-08,2,High,1,0,0,0,1,0,1
2025-12-05,Plumbing,Colombo,PRO-PLU-02,0,High,1,0,0,0,1,0,1
2025-12-05,Child care,Gampaha,PRO-CHI-02,37,High,1,0,0,0,1,0,1
2025-12-05,Plumbing,Gampaha,PRO-PLU-06,1,High,1,0,0,0,1,0,1
2025-12-05,Grass cutting,Gampaha,PRO-GRA-15,0,High,1,0,0,0,1,0,1
2025-12-05,Electrical repairs,Colombo,PRO-ELE-08,11,High,1,0,0,0,1,0,1
2025-12-05,Plumbing,Colombo,PRO-PLU-05,2,High,1,0,0,0,1,0,1
2025-12-05,Grass cutting,Gampaha,PRO-GRA-08,0,High,1,0,0,0,1,0,1
2025-12-05,Grass cutting,Colombo,PRO-GRA-02,0,High,1,0,0,0,1,0,1
2025-12-05,Grass cutting,Gampaha,PRO-GRA-16,0,High,1,0,0,0,1,0,1
2025-12-05,Child care,Colombo,PRO-CHI-03,37,High,1,0,0,0,1,0,1
2025-12-05,Grass cutting,Colombo,PRO-GRA-06,0,High,1,0,0,0,1,0,1
2025-12-05,Child care,Colombo,PRO-CHI-04,35,High,1,0,0,0,1,0,1
2025-12-06,Plumbing,Gampaha,PRO-PLU-03,16,High,1,0,0,0,1,0,2
2025-12-06,Child care,Gampaha,PRO-CHI-03,25,High,1,0,0,0,1,0,2
2025-12-06,Electrical repairs,Gampaha,PRO-ELE-04,15,High,1,0,0,0,1,0,2
2025-12-06,Plumbing,Gampaha,PRO-PLU-07,17,High,1,0,0,0,1,0,2
2025-12-06,Plumbing,Gampaha,PRO-PLU-02,16,High,1,0,0,0,1,0,2
2025-12-06,Grass cutting,Colombo,PRO-GRA-15,0,High,1,0,0,0,1,0,2
2025-12-06,Grass cutting,Gampaha,PRO-GRA-16,0,High,1,0,0,0,1,0,2
2025-12-06,Plumbing,Colombo,PRO-PLU-08,16,High,1,0,0,0,1,0,2
2025-12-06,Electrical repairs,Gampaha,PRO-ELE-01,16,High,1,0,0,0,1,0,2
2025-12-06,Grass cutting,Colombo,PRO-GRA-12,0,High,1,0,0,0,1,0,2
2025-12-06,Plumbing,Gampaha,PRO-PLU-05,15,High,1,0,0,0,1,0,2
2025-12-06,Electrical repairs,Colombo,PRO-ELE-05,17,High,1,0,0,0,1,0,2
2025-12-06,Plumbing,Colombo,PRO-PLU-06,17,High,1,0,0,0,1,0,2
2025-12-06,Plumbing,Colombo,PRO-PLU-04,16,High,1,0,0,0,1,0,2
2025-12-06,Plumbing,Gampaha,PRO-PLU-01,15,High,1,0,0,0,1,0,2
2025-12-06,Electrical repairs,Colombo,PRO-ELE-02,15,High,1,0,0,0,1,0,2
2025-12-06,Child care,Colombo,PRO-CHI-07,27,High,1,0,0,0,1,0,2
2025-12-06,Child care,Colombo,PRO-CHI-01,25,High,1,0,0,0,1,0,2
2025-12-07,Child care,Gampaha,PRO-CHI-03,26,High,1,0,0,0,1,0,3
2025-12-07,Electrical repairs,Colombo,PRO-ELE-01,16,High,1,0,0,0,1,0,3
2025-12-07,Electrical repairs,Gampaha,PRO-ELE-08,17,High,1,0,0,0,1,0,3
2025-12-07,Grass cutting,Gampaha,PRO-GRA-13,0,High,1,0,0,0,1,0,3
2025-12-07,Plumbing,Colombo,PRO-PLU-04,15,High,1,0,0,0,1,0,3
2025-12-07,Plumbing,Gampaha,PRO-PLU-02,15,High,1,0,0,0,1,0,3
2025-12-07,Plumbing,Gampaha,PRO-PLU-06,15,High,1,0,0,0,1,0,3
2025-12-07,Electrical repairs,Colombo,PRO-ELE-04,16,High,1,0,0,0,1,0,3
2025-12-07,Plumbing,Gampaha,PRO-PLU-03,16,High,1,0,0,0,1,0,3
2025-12-07,Electrical repairs,Colombo,PRO-ELE-05,16,High,1,0,0,0,1,0,3
2025-12-07,Plumbing,Gampaha,PRO-PLU-07,17,High,1,0,0,0,1,0,3
2025-12-07,Plumbing,Gampaha,PRO-PLU-01,16,High,1,0,0,0,1,0,3
2025-12-07,Grass cutting,Colombo,PRO-GRA-02,0,High,1,0,0,0,1,0,3
2025-12-07,Plumbing,Colombo,PRO-PLU-08,17,High,1,0,0,0,1,0,3
2025-12-07,Electrical repairs,Gampaha,PRO-ELE-06,16,High,1,0,0,0,1,0,3
2025-12-07,Child care,Colombo,PRO-CHI-02,27,High,1,0,0,0,1,0,3
2025-12-07,Plumbing,Gampaha,PRO-PLU-05,17,High,1,0,0,0,1,0,3
2025-12-08,Plumbing,Gampaha,PRO-PLU-01,26,Low,0,1,0,0,1,1,0
2025-12-08,Electrical repairs,Colombo,PRO-ELE-02,0,Low,0,1,0,0,1,1,0
2025-12-08,House cleaning,Colombo,PRO-HOU-08,27,Low,0,1,0,0,1,1,0
2025-12-08,Plumbing,Gampaha,PRO-PLU-04,26,Low,0,1,0,0,1,1,0
2025-12-08,Grass cutting,Gampaha,PRO-GRA-03,25,Low,0,1,0,0,1,1,0
2025-12-08,Electrical repairs,Colombo,PRO-ELE-05,2,Low,0,1,0,0,1,1,0
2025-12-08,Child care,Colombo,PRO-CHI-03,37,Low,0,1,0,0,1,1,0
2025-12-08,Grass cutting,Gampaha,PRO-GRA-17,26,Low,0,1,0,0,1,1,0
2025-12-08,Plumbing,Colombo,PRO-PLU-08,27,Low,0,1,0,0,1,1,0
2025-12-08,Grass cutting,Colombo,PRO-GRA-07,27,Low,0,1,0,0,1,1,0
2025-12-08,Plumbing,Gampaha,PRO-PLU-02,27,Low,0,1,0,0,1,1,0
2025-12-08,Plumbing,Colombo,PRO-PLU-06,26,Low,0,1,0,0,1,1,0
2025-12-08,Child care,Gampaha,PRO-CHI-04,36,Low,0,1,0,0,1,1,0
2025-12-08,Electrical repairs,Colombo,PRO-ELE-07,2,Low,0,1,0,0,1,1,0
2025-12-08,Grass cutting,Colombo,PRO-GRA-12,27,Low,0,1,0,0,1,1,0
2025-12-08,Grass cutting,Gampaha,PRO-GRA-10,26,Low,0,1,0,0,1,1,0
2025-12-08,Child care,Colombo,PRO-CHI-05,37,Low,0,1,0,0,1,1,0
2025-12-08,Plumbing,Colombo,PRO-PLU-03,25,Low,0,1,0,0,1,1,0
2025-12-08,Plumbing,Colombo,PRO-PLU-07,26,Low,0,1,0,0,1,1,0
2025-12-08,Electrical repairs,Colombo,PRO-ELE-06,0,Low,0,1,0,0,1,1,0
2025-12-08,Plumbing,Gampaha,PRO-PLU-05,26,Low,0,1,0,0,1,1,0
2025-12-09,Electrical repairs,Colombo,PRO-ELE-02,10,High,1,0,0,0,1,0,1
2025-12-09,Child care,Gampaha,PRO-CHI-08,37,High,1,0,0,0,1,0,1
2025-12-09,Plumbing,Colombo,PRO-PLU-02,25,High,1,0,0,0,1,0,1
2025-12-09,Child care,Colombo,PRO-CHI-01,37,High,1,0,0,0,1,0,1
2025-12-09,Electrical repairs,Gampaha,PRO-ELE-07,10,High,1,0,0,0,1,0,1
2025-12-09,Planting,Gampaha,PRO-PLA-06,2,High,1,0,0,0,1,0,1
2025-12-09,Move-in / move-out cleaning,Gampaha,PRO-MOV-06,0,High,1,0,0,0,1,0,1
2025-12-09,Grass cutting,Gampaha,PRO-GRA-11,0,High,1,0,0,0,1,0,1
2025-12-09,Plumbing,Gampaha,PRO-PLU-01,27,High,1,0,0,0,1,0,1
2025-12-09,Plumbing,Colombo,PRO-PLU-07,25,High,1,0,0,0,1,0,1
2025-12-09,Plumbing,Colombo,PRO-PLU-06,26,High,1,0,0,0,1,0,1
2025-12-09,Electrical repairs,Colombo,PRO-ELE-03,11,High,1,0,0,0,1,0,1
2025-12-09,Grass cutting,Colombo,PRO-GRA-15,0,High,1,0,0,0,1,0,1
2025-12-09,Grass cutting,Colombo,PRO-GRA-02,0,High,1,0,0,0,1,0,1
2025-12-09,Child care,Colombo,PRO-CHI-07,37,High,1,0,0,0,1,0,1
2025-12-09,Plumbing,Gampaha,PRO-PLU-04,26,High,1,0,0,0,1,0,1
2025-12-09,Grass cutting,Gampaha,PRO-GRA-10,0,High,1,0,0,0,1,0,1
2025-12-09,Plumbing,Gampaha,PRO-PLU-05,26,High,1,0,0,0,1,0,1
2025-12-09,Grass cutting,Colombo,PRO-GRA-03,0,High,1,0,0,0,1,0,1
2025-12-09,Painting,Gampaha,PRO-PAI-02,21,High,1,0,0,0,1,0,1
2025-12-09,Plumbing,Gampaha,PRO-PLU-08,26,High,1,0,0,0,1,0,1
2025-12-09,Child care,Gampaha,PRO-CHI-04,35,High,1,0,0,0,1,0,1
2025-12-09,Landscaping,Colombo,PRO-LAN-06,2,High,1,0,0,0,1,0,1
2025-12-09,Plumbing,Colombo,PRO-PLU-03,25,High,1,0,0,0,1,0,1
2025-12-09,Post-construction cleaning,Gampaha,PRO-POS-06,2,High,1,0,0,0,1,0,1
2025-12-10,Roofing,Gampaha,PRO-ROO-10,1,Low,0,1,0,0,1,1,0
2025-12-10,Grass cutting,Colombo,PRO-GRA-16,0,Low,0,1,0,0,1,1,0
2025-12-10,Grass cutting,Gampaha,PRO-GRA-18,1,Low,0,1,0,0,1,1,0
2025-12-10,Electrical repairs,Colombo,PRO-ELE-02,0,Low,0,1,0,0,1,1,0
2025-12-10,Plumbing,Gampaha,PRO-PLU-03,0,Low,0,1,0,0,1,1,0
2025-12-10,Plumbing,Gampaha,PRO-PLU-05,2,Low,0,1,0,0,1,1,0
2025-12-10,Grass cutting,Colombo,PRO-GRA-09,2,Low,0,1,0,0,1,1,0
2025-12-10,Plumbing,Gampaha,PRO-PLU-07,1,Low,0,1,0,0,1,1,0
2025-12-10,Grass cutting,Gampaha,PRO-GRA-14,0,Low,0,1,0,0,1,1,0
2025-12-10,Grass cutting,Colombo,PRO-GRA-05,2,Low,0,1,0,0,1,1,0
2025-12-10,Grass cutting,Gampaha,PRO-GRA-13,1,Low,0,1,0,0,1,1,0
2025-12-10,Plumbing,Colombo,PRO-PLU-04,2,Low,0,1,0,0,1,1,0
2025-12-10,Plumbing,Gampaha,PRO-PLU-08,1,Low,0,1,0,0,1,1,0
2025-12-10,Child care,Colombo,PRO-CHI-03,35,Low,0,1,0,0,1,1,0
2025-12-10,Electrical repairs,Colombo,PRO-ELE-05,1,Low,0,1,0,0,1,1,0
2025-12-10,Plumbing,Gampaha,PRO-PLU-01,1,Low,0,1,0,0,1,1,0
2025-12-10,Plumbing,Gampaha,PRO-PLU-06,2,Low,0,1,0,0,1,1,0
2025-12-10,Electrical repairs,Gampaha,PRO-ELE-01,1,Low,0,1,0,0,1,1,0
2025-12-11,Plumbing,Gampaha,PRO-PLU-06,1,High,1,0,0,0,1,0,1
2025-12-11,Child care,Gampaha,PRO-CHI-01,36,High,1,0,0,0,1,0,1
2025-12-11,Grass cutting,Gampaha,PRO-GRA-10,0,High,1,0,0,0,1,0,1
2025-12-11,Plumbing,Colombo,PRO-PLU-07,0,High,1,0,0,0,1,0,1
2025-12-11,Child care,Gampaha,PRO-CHI-04,35,High,1,0,0,0,1,0,1
2025-12-11,Grass cutting,Colombo,PRO-GRA-03,0,High,1,0,0,0,1,0,1
2025-12-11,Plumbing,Colombo,PRO-PLU-03,0,High,1,0,0,0,1,0,1
2025-12-11,Plumbing,Colombo,PRO-PLU-05,1,High,1,0,0,0,1,0,1
2025-12-11,Plumbing,Colombo,PRO-PLU-02,0,High,1,0,0,0,1,0,1
2025-12-11,Electrical repairs,Gampaha,PRO-ELE-04,10,High,1,0,0,0,1,0,1
2025-12-11,Grass cutting,Colombo,PRO-GRA-01,0,High,1,0,0,0,1,0,1
2025-12-11,Child care,Colombo,PRO-CHI-06,37,High,1,0,0,0,1,0,1
2025-12-11,Electrical repairs,Gampaha,PRO-ELE-06,10,High,1,0,0,0,1,0,1
2025-12-11,Grass cutting,Colombo,PRO-GRA-15,0,High,1,0,0,0,1,0,1
2025-12-11,Grass cutting,Gampaha,PRO-GRA-12,0,High,1,0,0,0,1,0,1
2025-12-11,Plumbing,Gampaha,PRO-PLU-01,1,High,1,0,0,0,1,0,1
2025-12-11,Plumbing,Gampaha,PRO-PLU-04,2,High,1,0,0,0,1,0,1
2025-12-11,Child care,Gampaha,PRO-CHI-02,37,High,1,0,0,0,1,0,1
2025-12-11,Grass cutting,Colombo,PRO-GRA-04,0,High,1,0,0,0,1,0,1
2025-12-12,Child care,Colombo,PRO-CHI-05,37,High,1,0,0,0,1,0,2
2025-12-12,Plumbing,Colombo,PRO-PLU-08,0,High,1,0,0,0,1,0,2
2025-12-12,Electrical repairs,Colombo,PRO-ELE-02,12,High,1,0,0,0,1,0,2
2025-12-12,Grass cutting,Colombo,PRO-GRA-03,0,High,1,0,0,0,1,0,2
2025-12-12,Plumbing,Colombo,PRO-PLU-02,1,High,1,0,0,0,1,0,2
2025-12-12,Grass cutting,Gampaha,PRO-GRA-10,0,High,1,0,0,0,1,0,2
2025-12-12,Plumbing,Gampaha,PRO-PLU-07,0,High,1,0,0,0,1,0,2
2025-12-12,Grass cutting,Gampaha,PRO-GRA-02,0,High,1,0,0,0,1,0,2
2025-12-12,Plumbing,Colombo,PRO-PLU-01,2,High,1,0,0,0,1,0,2
2025-12-12,Plumbing,Colombo,PRO-PLU-05,2,High,1,0,0,0,1,0,2
2025-12-12,Plumbing,Gampaha,PRO-PLU-03,0,High,1,0,0,0,1,0,2
2025-12-12,Plumbing,Colombo,PRO-PLU-06,0,High,1,0,0,0,1,0,2
2025-12-12,Grass cutting,Gampaha,PRO-GRA-18,0,High,1,0,0,0,1,0,2
2025-12-12,Grass cutting,Gampaha,PRO-GRA-15,0,High,1,0,0,0,1,0,2
2025-12-12,Plumbing,Gampaha,PRO-PLU-04,1,High,1,0,0,0,1,0,2
2025-12-12,Grass cutting,Gampaha,PRO-GRA-16,0,High,1,0,0,0,1,0,2
2025-12-12,Grass cutting,Colombo,PRO-GRA-01,0,High,1,0,0,0,1,0,2
2025-12-12,Electrical repairs,Gampaha,PRO-ELE-07,11,High,1,0,0,0,1,0,2
2025-12-13,Plumbing,Gampaha,PRO-PLU-02,16,High,1,0,0,0,1,0,3
2025-12-13,Grass cutting,Colombo,PRO-GRA-08,0,High,1,0,0,0,1,0,3
2025-12-13,Plumbing,Gampaha,PRO-PLU-07,16,High,1,0,0,0,1,0,3
2025-12-13,Child care,Gampaha,PRO-CHI-01,25,High,1,0,0,0,1,0,3
2025-12-13,Grass cutting,Colombo,PRO-GRA-03,0,High,1,0,0,0,1,0,3
2025-12-13,Grass cutting,Gampaha,PRO-GRA-17,0,High,1,0,0,0,1,0,3
2025-12-13,Electrical repairs,Colombo,PRO-ELE-07,15,High,1,0,0,0,1,0,3
2025-12-13,Grass cutting,Colombo,PRO-GRA-09,0,High,1,0,0,0,1,0,3
2025-12-13,Electrical repairs,Gampaha,PRO-ELE-08,16,High,1,0,0,0,1,0,3
2025-12-13,Child care,Gampaha,PRO-CHI-05,27,High,1,0,0,0,1,0,3
2025-12-13,Grass cutting,Colombo,PRO-GRA-01,0,High,1,0,0,0,1,0,3
2025-12-13,Child care,Gampaha,PRO-CHI-07,25,High,1,0,0,0,1,0,3
2025-12-13,Plumbing,Gampaha,PRO-PLU-01,17,High,1,0,0,0,1,0,3
2025-12-13,Grass cutting,Gampaha,PRO-GRA-18,0,High,1,0,0,0,1,0,3
2025-12-13,Plumbing,Gampaha,PRO-PLU-03,17,High,1,0,0,0,1,0,3
2025-12-13,Child care,Colombo,PRO-CHI-04,26,High,1,0,0,0,1,0,3
2025-12-13,Plumbing,Gampaha,PRO-PLU-05,15,High,1,0,0,0,1,0,3
2025-12-13,Plumbing,Gampaha,PRO-PLU-08,15,High,1,0,0,0,1,0,3
2025-12-13,Electrical repairs,Colombo,PRO-ELE-06,15,High,1,0,0,0,1,0,3
2025-12-13,Grass cutting,Colombo,PRO-GRA-11,0,High,1,0,0,0,1,0,3
2025-12-13,Plumbing,Gampaha,PRO-PLU-04,16,High,1,0,0,0,1,0,3
2025-12-13,Grass cutting,Gampaha,PRO-GRA-04,0,High,1,0,0,0,1,0,3
2025-12-13,Plumbing,Colombo,PRO-PLU-06,17,High,1,0,0,0,1,0,3
2025-12-14,Grass cutting,Colombo,PRO-GRA-05,26,Low,0,1,0,0,1,1,0
2025-12-14,Plumbing,Gampaha,PRO-PLU-07,25,Low,0,1,0,0,1,1,0
2025-12-14,Plumbing,Gampaha,PRO-PLU-06,25,Low,0,1,0,0,1,1,0
2025-12-14,Child care,Colombo,PRO-CHI-07,26,Low,0,1,0,0,1,1,0
2025-12-14,Electrical repairs,Gampaha,PRO-ELE-06,5,Low,0,1,0,0,1,1,0
2025-12-14,Plumbing,Gampaha,PRO-PLU-08,27,Low,0,1,0,0,1,1,0
2025-12-14,Grass cutting,Gampaha,PRO-GRA-07,25,Low,0,1,0,0,1,1,0
2025-12-14,Grass cutting,Colombo,PRO-GRA-09,27,Low,0,1,0,0,1,1,0
2025-12-14,Grass cutting,Colombo,PRO-GRA-08,27,Low,0,1,0,0,1,1,0
2025-12-14,Electrical repairs,Colombo,PRO-ELE-01,6,Low,0,1,0,0,1,1,0
2025-12-14,Plumbing,Gampaha,PRO-PLU-01,27,Low,0,1,0,0,1,1,0
2025-12-14,Grass cutting,Colombo,PRO-GRA-11,26,Low,0,1,0,0,1,1,0
2025-12-14,Plumbing,Gampaha,PRO-PLU-03,26,Low,0,1,0,0,1,1,0
2025-12-14,Child care,Colombo,PRO-CHI-08,25,Low,0,1,0,0,1,1,0
2025-12-14,Grass cutting,Gampaha,PRO-GRA-06,26,Low,0,1,0,0,1,1,0
2025-12-14,Grass cutting,Gampaha,PRO-GRA-17,25,Low,0,1,0,0,1,1,0
2025-12-14,Plumbing,Gampaha,PRO-PLU-05,27,Low,0,1,0,0,1,1,0
2025-12-14,Plumbing,Gampaha,PRO-PLU-04,27,Low,0,1,0,0,1,1,0
2025-12-14,Child care,Colombo,PRO-CHI-04,25,Low,0,1,0,0,1,1,0
2025-12-14,Electrical repairs,Colombo,PRO-ELE-04,5,Low,0,1,0,0,1,1,0
2025-12-15,"Sofa, carpet & curtain cleaning",Colombo,PRO-SOF-01,40,Low,0,1,0,0,1,2,0
2025-12-15,Grass cutting,Gampaha,PRO-GRA-17,2,Low,0,1,0,0,1,2,0
2025-12-15,Pet care,Colombo,PRO-PET-01,1,Low,0,1,0,0,1,2,0
2025-12-15,Child care,Gampaha,PRO-CHI-08,36,Low,0,1,0,0,1,2,0
2025-12-15,Electrical repairs,Colombo,PRO-ELE-05,2,Low,0,1,0,0,1,2,0
2025-12-15,Child care,Colombo,PRO-CHI-03,37,Low,0,1,0,0,1,2,0
2025-12-15,Electrical repairs,Gampaha,PRO-ELE-02,0,Low,0,1,0,0,1,2,0
2025-12-15,Electrical repairs,Colombo,PRO-ELE-03,1,Low,0,1,0,0,1,2,0
2025-12-15,Plumbing,Colombo,PRO-PLU-08,2,Low,0,1,0,0,1,2,0
2025-12-15,Electrical repairs,Gampaha,PRO-ELE-01,1,Low,0,1,0,0,1,2,0
2025-12-15,Electrical repairs,Gampaha,PRO-ELE-04,0,Low,0,1,0,0,1,2,0
2025-12-15,Child care,Colombo,PRO-CHI-02,36,Low,0,1,0,0,1,2,0
2025-12-15,Plumbing,Colombo,PRO-PLU-04,1,Low,0,1,0,0,1,2,0
2025-12-15,Plumbing,Colombo,PRO-PLU-06,1,Low,0,1,0,0,1,2,0
2025-12-15,Furniture repair,Gampaha,PRO-FUR-01,22,Low,0,1,0,0,1,2,0
2025-12-15,Grass cutting,Colombo,PRO-GRA-05,1,Low,0,1,0,0,1,2,0
2025-12-15,Grass cutting,Colombo,PRO-GRA-04,1,Low,0,1,0,0,1,2,0
2025-12-15,Plumbing,Colombo,PRO-PLU-03,1,Low,0,1,0,0,1,2,0
2025-12-15,Grass cutting,Colombo,PRO-GRA-07,1,Low,0,1,0,0,1,2,0
2025-12-15,Plumbing,Gampaha,PRO-PLU-02,2,Low,0,1,0,0,1,2,0
2025-12-15,Electrical repairs,Gampaha,PRO-ELE-08,2,Low,0,1,0,0,1,2,0
2025-12-15,Plumbing,Colombo,PRO-PLU-01,0,Low,0,1,0,0,1,2,0
2025-12-15,Plumbing,Colombo,PRO-PLU-07,2,Low,0,1,0,0,1,2,0
2025-12-15,Personal assistance,Colombo,PRO-PER-01,9,Low,0,1,0,0,1,2,0
2025-12-16,Grass cutting,Colombo,PRO-GRA-15,0,Low,0,1,0,0,1,3,0
2025-12-16,Child care,Colombo,PRO-CHI-02,35,Low,0,1,0,0,1,3,0
2025-12-16,Grass cutting,Gampaha,PRO-GRA-04,2,Low,0,1,0,0,1,3,0
2025-12-16,Grass cutting,Gampaha,PRO-GRA-07,0,Low,0,1,0,0,1,3,0
2025-12-16,Plumbing,Colombo,PRO-PLU-08,0,Low,0,1,0,0,1,3,0
2025-12-16,Plumbing,Gampaha,PRO-PLU-02,0,Low,0,1,0,0,1,3,0
2025-12-16,Electrical repairs,Gampaha,PRO-ELE-04,2,Low,0,1,0,0,1,3,0
2025-12-16,Plumbing,Colombo,PRO-PLU-03,2,Low,0,1,0,0,1,3,0
2025-12-16,Plumbing,Colombo,PRO-PLU-01,1,Low,0,1,0,0,1,3,0
2025-12-16,Electrical repairs,Colombo,PRO-ELE-02,1,Low,0,1,0,0,1,3,0
2025-12-16,Electrical repairs,Gampaha,PRO-ELE-07,2,Low,0,1,0,0,1,3,0
2025-12-16,Child care,Gampaha,PRO-CHI-08,36,Low,0,1,0,0,1,3,0
2025-12-16,Grass cutting,Colombo,PRO-GRA-01,0,Low,0,1,0,0,1,3,0
2025-12-16,Plumbing,Colombo,PRO-PLU-07,0,Low,0,1,0,0,1,3,0
2025-12-16,Plumbing,Gampaha,PRO-PLU-04,2,Low,0,1,0,0,1,3,0
2025-12-16,House cleaning,Colombo,PRO-HOU-08,57,Low,0,1,0,0,1,3,0
2025-12-17,Plumbing,Colombo,PRO-PLU-06,1,High,1,0,0,0,1,0,1
2025-12-17,Electrical repairs,Colombo,PRO-ELE-08,10,High,1,0,0,0,1,0,1
2025-12-17,Grass cutting,Gampaha,PRO-GRA-01,0,High,1,0,0,0,1,0,1
2025-12-17,Electrical repairs,Colombo,PRO-ELE-02,10,High,1,0,0,0,1,0,1
2025-12-17,Plumbing,Colombo,PRO-PLU-03,2,High,1,0,0,0,1,0,1
2025-12-17,Grass cutting,Colombo,PRO-GRA-17,0,High,1,0,0,0,1,0,1
2025-12-17,Roofing,Gampaha,PRO-ROO-06,16,High,1,0,0,0,1,0,1
2025-12-17,Plumbing,Colombo,PRO-PLU-05,2,High,1,0,0,0,1,0,1
2025-12-17,Plumbing,Gampaha,PRO-PLU-04,0,High,1,0,0,0,1,0,1
2025-12-17,Grass cutting,Colombo,PRO-GRA-07,0,High,1,0,0,0,1,0,1
2025-12-17,Grass cutting,Colombo,PRO-GRA-11,0,High,1,0,0,0,1,0,1
2025-12-17,Grass cutting,Gampaha,PRO-GRA-08,0,High,1,0,0,0,1,0,1
2025-12-17,Child care,Gampaha,PRO-CHI-08,37,High,1,0,0,0,1,0,1
2025-12-17,Plumbing,Colombo,PRO-PLU-08,1,High,1,0,0,0,1,0,1
2025-12-17,Plumbing,Colombo,PRO-PLU-07,1,High,1,0,0,0,1,0,1
2025-12-17,Grass cutting,Gampaha,PRO-GRA-04,0,High,1,0,0,0,1,0,1
2025-12-17,Child care,Gampaha,PRO-CHI-06,37,High,1,0,0,0,1,0,1
2025-12-17,Grass cutting,Colombo,PRO-GRA-05,0,High,1,0,0,0,1,0,1
2025-12-17,Plumbing,Gampaha,PRO-PLU-02,1,High,1,0,0,0,1,0,1
2025-12-18,Plumbing,Colombo,PRO-PLU-08,2,High,1,0,0,0,1,0,2
2025-12-18,Child care,Colombo,PRO-CHI-05,36,High,1,0,0,0,1,0,2
2025-12-18,Child care,Colombo,PRO-CHI-04,37,High,1,0,0,0,1,0,2
2025-12-18,Plumbing,Colombo,PRO-PLU-07,0,High,1,0,0,0,1,0,2
2025-12-18,Grass cutting,Gampaha,PRO-GRA-13,0,High,1,0,0,0,1,0,2
2025-12-18,Plumbing,Gampaha,PRO-PLU-03,1,High,1,0,0,0,1,0,2
2025-12-18,Plumbing,Gampaha,PRO-PLU-01,1,High,1,0,0,0,1,0,2
2025-12-18,Grass cutting,Gampaha,PRO-GRA-06,0,High,1,0,0,0,1,0,2
2025-12-18,Plumbing,Colombo,PRO-PLU-02,2,High,1,0,0,0,1,0,2
2025-12-18,Plumbing,Colombo,PRO-PLU-06,0,High,1,0,0,0,1,0,2
2025-12-18,Plumbing,Gampaha,PRO-PLU-04,1,High,1,0,0,0,1,0,2
2025-12-18,Electrical repairs,Colombo,PRO-ELE-06,10,High,1,0,0,0,1,0,2
2025-12-18,Grass cutting,Colombo,PRO-GRA-03,0,High,1,0,0,0,1,0,2
2025-12-18,Plumbing,Colombo,PRO-PLU-05,2,High,1,0,0,0,1,0,2
2025-12-18,Roofing,Gampaha,PRO-ROO-04,31,High,1,0,0,0,1,0,2
2025-12-19,Child care,Gampaha,PRO-CHI-02,35,Low,0,1,0,0,1,1,0
2025-12-19,Electrical repairs,Colombo,PRO-ELE-04,1,Low,0,1,0,0,1,1,0
2025-12-19,Plumbing,Colombo,PRO-PLU-08,26,Low,0,1,0,0,1,1,0
2025-12-19,Electrical repairs,Gampaha,PRO-ELE-07,0,Low,0,1,0,0,1,1,0
2025-12-19,Grass cutting,Gampaha,PRO-GRA-14,26,Low,0,1,0,0,1,1,0
2025-12-19,Grass cutting,Colombo,PRO-GRA-08,27,Low,0,1,0,0,1,1,0
2025-12-19,Grass cutting,Gampaha,PRO-GRA-03,25,Low,0,1,0,0,1,1,0
2025-12-19,Plumbing,Gampaha,PRO-PLU-01,25,Low,0,1,0,0,1,1,0
2025-12-19,Grass cutting,Gampaha,PRO-GRA-07,26,Low,0,1,0,0,1,1,0
2025-12-19,Plumbing,Gampaha,PRO-PLU-02,25,Low,0,1,0,0,1,1,0
2025-12-19,Plumbing,Gampaha,PRO-PLU-03,25,Low,0,1,0,0,1,1,0
2025-12-19,Electrical repairs,Gampaha,PRO-ELE-01,2,Low,0,1,0,0,1,1,0
2025-12-19,Plumbing,Gampaha,PRO-PLU-04,27,Low,0,1,0,0,1,1,0
2025-12-19,Child care,Colombo,PRO-CHI-05,37,Low,0,1,0,0,1,1,0
2025-12-19,Plumbing,Gampaha,PRO-PLU-06,25,Low,0,1,0,0,1,1,0
2025-12-20,Grass cutting,Gampaha,PRO-GRA-15,0,Low,0,1,0,0,1,2,0
2025-12-20,Grass cutting,Colombo,PRO-GRA-05,1,Low,0,1,0,0,1,2,0
2025-12-20,Plumbing,Gampaha,PRO-PLU-03,2,Low,0,1,0,0,1,2,0
2025-12-20,Grass cutting,Gampaha,PRO-GRA-12,0,Low,0,1,0,0,1,2,0
2025-12-20,Plumbing,Colombo,PRO-PLU-05,0,Low,0,1,0,0,1,2,0
2025-12-20,Plumbing,Colombo,PRO-PLU-04,1,Low,0,1,0,0,1,2,0
2025-12-20,Plumbing,Colombo,PRO-PLU-07,1,Low,0,1,0,0,1,2,0
2025-12-20,Grass cutting,Gampaha,PRO-GRA-08,0,Low,0,1,0,0,1,2,0
2025-12-20,Plumbing,Colombo,PRO-PLU-06,0,Low,0,1,0,0,1,2,0
2025-12-20,Plumbing,Gampaha,PRO-PLU-02,0,Low,0,1,0,0,1,2,0
2025-12-20,Child care,Gampaha,PRO-CHI-05,25,Low,0,1,0,0,1,2,0
2025-12-20,Plumbing,Gampaha,PRO-PLU-08,1,Low,0,1,0,0,1,2,0
2025-12-20,Plumbing,Colombo,PRO-PLU-01,1,Low,0,1,0,0,1,2,0
2025-12-21,Plumbing,Colombo,PRO-PLU-03,0,Low,0,1,1,0,1,3,0
2025-12-21,Plumbing,Colombo,PRO-PLU-07,1,Low,0,1,1,0,1,3,0
2025-12-21,Plumbing,Gampaha,PRO-PLU-02,1,Low,0,1,1,0,1,3,0
2025-12-21,Grass cutting,Colombo,PRO-GRA-07,1,Low,0,1,1,0,1,3,0
2025-12-21,Grass cutting,Colombo,PRO-GRA-12,1,Low,0,1,1,0,1,3,0
2025-12-21,Electrical repairs,Colombo,PRO-ELE-06,6,Low,0,1,1,0,1,3,0
2025-12-21,Plumbing,Colombo,PRO-PLU-05,2,Low,0,1,1,0,1,3,0
2025-12-21,Child care,Gampaha,PRO-CHI-07,27,Low,0,1,1,0,1,3,0
2025-12-21,Plumbing,Gampaha,PRO-PLU-08,0,Low,0,1,1,0,1,3,0
2025-12-21,Grass cutting,Colombo,PRO-GRA-05,0,Low,0,1,1,0,1,3,0
2025-12-21,Plumbing,Colombo,PRO-PLU-04,0,Low,0,1,1,0,1,3,0
2025-12-21,Child care,Colombo,PRO-CHI-04,27,Low,0,1,1,0,1,3,0
2025-12-21,Grass cutting,Colombo,PRO-GRA-01,1,Low,0,1,1,0,1,3,0
2025-12-21,Plumbing,Colombo,PRO-PLU-06,0,Low,0,1,1,0,1,3,0
2025-12-22,Plumbing,Colombo,PRO-PLU-02,2,Low,0,1,0,0,1,4,0
2025-12-22,Plumbing,Colombo,PRO-PLU-04,2,Low,0,1,0,0,1,4,0
2025-12-22,Child care,Colombo,PRO-CHI-02,35,Low,0,1,0,0,1,4,0
2025-12-22,Plumbing,Gampaha,PRO-PLU-06,0,Low,0,1,0,0,1,4,0
2025-12-22,Plumbing,Gampaha,PRO-PLU-01,2,Low,0,1,0,0,1,4,0
2025-12-22,Grass cutting,Gampaha,PRO-GRA-07,0,Low,0,1,0,0,1,4,0
2025-12-22,Plumbing,Gampaha,PRO-PLU-05,1,Low,0,1,0,0,1,4,0
2025-12-22,Plumbing,Gampaha,PRO-PLU-08,0,Low,0,1,0,0,1,4,0
2025-12-22,Plumbing,Colombo,PRO-PLU-03,2,Low,0,1,0,0,1,4,0
2025-12-22,Grass cutting,Gampaha,PRO-GRA-13,1,Low,0,1,0,0,1,4,0
2025-12-22,Plumbing,Colombo,PRO-PLU-07,1,Low,0,1,0,0,1,4,0
2025-12-23,Plumbing,Gampaha,PRO-PLU-01,1,Low,0,1,0,0,1,5,0
2025-12-23,Grass cutting,Gampaha,PRO-GRA-08,17,Low,0,1,0,0,1,5,0
2025-12-23,Child care,Colombo,PRO-CHI-04,37,Low,0,1,0,0,1,5,0
2025-12-23,Grass cutting,Colombo,PRO-GRA-09,17,Low,0,1,0,0,1,5,0
2025-12-23,Child care,Gampaha,PRO-CHI-07,37,Low,0,1,0,0,1,5,0
2025-12-23,Plumbing,Colombo,PRO-PLU-05,1,Low,0,1,0,0,1,5,0
2025-12-23,Grass cutting,Colombo,PRO-GRA-01,17,Low,0,1,0,0,1,5,0
2025-12-23,Grass cutting,Gampaha,PRO-GRA-16,17,Low,0,1,0,0,1,5,0
2025-12-23,Grass cutting,Gampaha,PRO-GRA-17,15,Low,0,1,0,0,1,5,0
2025-12-23,Plumbing,Gampaha,PRO-PLU-03,1,Low,0,1,0,0,1,5,0
2025-12-23,Child care,Colombo,PRO-CHI-05,35,Low,0,1,0,0,1,5,0
2025-12-23,Electrical repairs,Colombo,PRO-ELE-07,1,Low,0,1,0,0,1,5,0
2025-12-23,Grass cutting,Gampaha,PRO-GRA-14,15,Low,0,1,0,0,1,5,0
2025-12-23,Plumbing,Gampaha,PRO-PLU-07,0,Low,0,1,0,0,1,5,0
2025-12-23,Electrical repairs,Gampaha,PRO-ELE-01,1,Low,0,1,0,0,1,5,0
2025-12-23,Grass cutting,Colombo,PRO-GRA-15,15,Low,0,1,0,0,1,5,0
2025-12-23,Plumbing,Colombo,PRO-PLU-04,0,Low,0,1,0,0,1,5,0
2025-12-23,Electrical repairs,Colombo,PRO-ELE-02,2,Low,0,1,0,0,1,5,0
2025-12-23,Plumbing,Gampaha,PRO-PLU-08,0,Low,0,1,0,0,1,5,0
2025-12-23,Electrical repairs,Gampaha,PRO-ELE-06,0,Low,0,1,0,0,1,5,0
2025-12-23,Plumbing,Gampaha,PRO-PLU-02,0,Low,0,1,0,0,1,5,0
2025-12-23,Plumbing,Colombo,PRO-PLU-06,2,Low,0,1,0,0,1,5,0
2025-12-24,Plumbing,Gampaha,PRO-PLU-04,0,Low,0,1,1,0,1,6,0
2025-12-24,Electrical repairs,Gampaha,PRO-ELE-01,1,Low,0,1,1,0,1,6,0
2025-12-24,Grass cutting,Colombo,PRO-GRA-15,15,Low,0,1,1,0,1,6,0
2025-12-24,Plumbing,Colombo,PRO-PLU-08,1,Low,0,1,1,0,1,6,0
2025-12-24,Child care,Colombo,PRO-CHI-07,25,Low,0,1,1,0,1,6,0
2025-12-24,Grass cutting,Colombo,PRO-GRA-16,15,Low,0,1,1,0,1,6,0
2025-12-24,Plumbing,Colombo,PRO-PLU-01,0,Low,0,1,1,0,1,6,0
2025-12-24,Grass cutting,Colombo,PRO-GRA-12,17,Low,0,1,1,0,1,6,0
2025-12-24,Roofing,Gampaha,PRO-ROO-13,0,Low,0,1,1,0,1,6,0
2025-12-24,Plumbing,Colombo,PRO-PLU-06,0,Low,0,1,1,0,1,6,0
2025-12-24,Plumbing,Colombo,PRO-PLU-07,1,Low,0,1,1,0,1,6,0
2025-12-24,Electrical repairs,Colombo,PRO-ELE-06,2,Low,0,1,1,0,1,6,0
2025-12-24,Plumbing,Gampaha,PRO-PLU-02,1,Low,0,1,1,0,1,6,0
2025-12-24,Child care,Colombo,PRO-CHI-04,27,Low,0,1,1,0,1,6,0
2025-12-24,Grass cutting,Colombo,PRO-GRA-18,16,Low,0,1,1,0,1,6,0
2025-12-24,Plumbing,Colombo,PRO-PLU-05,2,Low,0,1,1,0,1,6,0
2025-12-25,Grass cutting,Gampaha,PRO-GRA-10,16,Low,0,1,1,0,1,7,0
2025-12-25,Electrical repairs,Colombo,PRO-ELE-08,2,Low,0,1,1,0,1,7,0
2025-12-25,Grass cutting,Gampaha,PRO-GRA-11,16,Low,0,1,1,0,1,7,0
2025-12-25,Child care,Colombo,PRO-CHI-06,26,Low,0,1,1,0,1,7,0
2025-12-25,Grass cutting,Colombo,PRO-GRA-03,17,Low,0,1,1,0,1,7,0
2025-12-25,Grass cutting,Colombo,PRO-GRA-06,15,Low,0,1,1,0,1,7,0
2025-12-25,Plumbing,Colombo,PRO-PLU-02,2,Low,0,1,1,0,1,7,0
2025-12-25,Plumbing,Colombo,PRO-PLU-06,0,Low,0,1,1,0,1,7,0
2025-12-25,Electrical repairs,Colombo,PRO-ELE-01,0,Low,0,1,1,0,1,7,0
2025-12-25,Plumbing,Gampaha,PRO-PLU-07,0,Low,0,1,1,0,1,7,0
2025-12-25,Plumbing,Gampaha,PRO-PLU-08,1,Low,0,1,1,0,1,7,0
2025-12-25,Plumbing,Gampaha,PRO-PLU-03,0,Low,0,1,1,0,1,7,0
2025-12-25,Plumbing,Colombo,PRO-PLU-05,1,Low,0,1,1,0,1,7,0
2025-12-25,Grass cutting,Gampaha,PRO-GRA-12,15,Low,0,1,1,0,1,7,0
2025-12-25,Child care,Colombo,PRO-CHI-02,25,Low,0,1,1,0,1,7,0
2025-12-25,Grass cutting,Gampaha,PRO-GRA-15,15,Low,0,1,1,0,1,7,0
2025-12-25,Child care,Gampaha,PRO-CHI-05,25,Low,0,1,1,0,1,7,0
2025-12-25,Electrical repairs,Colombo,PRO-ELE-07,1,Low,0,1,1,0,1,7,0
2025-12-25,Child care,Gampaha,PRO-CHI-01,25,Low,0,1,1,0,1,7,0
2025-12-25,Electrical repairs,Colombo,PRO-ELE-03,1,Low,0,1,1,0,1,7,0
2025-12-25,Grass cutting,Gampaha,PRO-GRA-07,15,Low,0,1,1,0,1,7,0
2025-12-25,Grass cutting,Colombo,PRO-GRA-13,17,Low,0,1,1,0,1,7,0
2025-12-25,Roofing,Gampaha,PRO-ROO-15,0,Low,0,1,1,0,1,7,0
2025-12-25,Grass cutting,Gampaha,PRO-GRA-01,15,Low,0,1,1,0,1,7,0
2025-12-25,Plumbing,Colombo,PRO-PLU-04,1,Low,0,1,1,0,1,7,0
2025-12-25,Plumbing,Gampaha,PRO-PLU-01,1,Low,0,1,1,0,1,7,0
2025-12-26,Grass cutting,Gampaha,PRO-GRA-15,16,Low,0,1,0,0,0,8,0
2025-12-26,Electrical repairs,Gampaha,PRO-ELE-05,0,Low,0,1,0,0,0,8,0
2025-12-26,Electrical repairs,Colombo,PRO-ELE-04,0,Low,0,1,0,0,0,8,0
2025-12-26,Grass cutting,Gampaha,PRO-GRA-03,17,Low,0,1,0,0,0,8,0
2025-12-26,Plumbing,Colombo,PRO-PLU-02,2,Low,0,1,0,0,0,8,0
2025-12-26,Plumbing,Colombo,PRO-PLU-07,2,Low,0,1,0,0,0,8,0
2025-12-26,Grass cutting,Gampaha,PRO-GRA-18,16,Low,0,1,0,0,0,8,0
2025-12-26,Plumbing,Colombo,PRO-PLU-06,2,Low,0,1,0,0,0,8,0
2025-12-26,Grass cutting,Gampaha,PRO-GRA-12,17,Low,0,1,0,0,0,8,0
2025-12-26,Grass cutting,Colombo,PRO-GRA-06,17,Low,0,1,0,0,0,8,0
2025-12-26,Plumbing,Colombo,PRO-PLU-01,2,Low,0,1,0,0,0,8,0
2025-12-26,Plumbing,Colombo,PRO-PLU-05,1,Low,0,1,0,0,0,8,0
2025-12-26,Plumbing,Gampaha,PRO-PLU-08,0,Low,0,1,0,0,0,8,0
2025-12-26,Child care,Colombo,PRO-CHI-02,35,Low,0,1,0,0,0,8,0
2025-12-26,Plumbing,Colombo,PRO-PLU-03,0,Low,0,1,0,0,0,8,0
2025-12-26,Plumbing,Gampaha,PRO-PLU-04,0,Low,0,1,0,0,0,8,0
2025-12-26,Grass cutting,Gampaha,PRO-GRA-13,16,Low,0,1,0,0,0,8,0
2025-12-26,Grass cutting,Gampaha,PRO-GRA-11,17,Low,0,1,0,0,0,8,0
2025-12-26,Grass cutting,Gampaha,PRO-GRA-01,17,Low,0,1,0,0,0,8,0
2025-12-27,Plumbing,Gampaha,PRO-PLU-08,2,Low,0,1,0,0,0,9,0
2025-12-27,Grass cutting,Colombo,PRO-GRA-14,17,Low,0,1,0,0,0,9,0
2025-12-27,Plumbing,Gampaha,PRO-PLU-06,1,Low,0,1,0,0,0,9,0
2025-12-27,Grass cutting,Gampaha,PRO-GRA-18,17,Low,0,1,0,0,0,9,0
2025-12-27,Grass cutting,Gampaha,PRO-GRA-10,15,Low,0,1,0,0,0,9,0
2025-12-27,Child care,Gampaha,PRO-CHI-07,25,Low,0,1,0,0,0,9,0
2025-12-27,Child care,Gampaha,PRO-CHI-02,25,Low,0,1,0,0,0,9,0
2025-12-27,Plumbing,Colombo,PRO-PLU-01,1,Low,0,1,0,0,0,9,0
2025-12-27,Plumbing,Gampaha,PRO-PLU-04,2,Low,0,1,0,0,0,9,0
2025-12-27,Grass cutting,Gampaha,PRO-GRA-01,15,Low,0,1,0,0,0,9,0
2025-12-27,Grass cutting,Gampaha,PRO-GRA-16,17,Low,0,1,0,0,0,9,0
2025-12-27,Grass cutting,Gampaha,PRO-GRA-15,15,Low,0,1,0,0,0,9,0
2025-12-27,Plumbing,Colombo,PRO-PLU-07,0,Low,0,1,0,0,0,9,0
2025-12-27,Grass cutting,Colombo,PRO-GRA-06,15,Low,0,1,0,0,0,9,0
2025-12-27,Grass cutting,Gampaha,PRO-GRA-07,17,Low,0,1,0,0,0,9,0
2025-12-27,Electrical repairs,Colombo,PRO-ELE-01,5,Low,0,1,0,0,0,9,0
2025-12-27,Child care,Colombo,PRO-CHI-03,25,Low,0,1,0,0,0,9,0
2025-12-27,Grass cutting,Colombo,PRO-GRA-12,15,Low,0,1,0,0,0,9,0
2025-12-27,Plumbing,Gampaha,PRO-PLU-02,0,Low,0,1,0,0,0,9,0
2025-12-27,Electrical repairs,Gampaha,PRO-ELE-05,7,Low,0,1,0,0,0,9,0
2025-12-27,Plumbing,Gampaha,PRO-PLU-03,2,Low,0,1,0,0,0,9,0
2025-12-28,Grass cutting,Colombo,PRO-GRA-05,17,Low,0,1,0,0,0,10,0
2025-12-28,Grass cutting,Colombo,PRO-GRA-15,16,Low,0,1,0,0,0,10,0
2025-12-28,Grass cutting,Colombo,PRO-GRA-04,16,Low,0,1,0,0,0,10,0
2025-12-28,Plumbing,Colombo,PRO-PLU-06,2,Low,0,1,0,0,0,10,0
2025-12-28,Plumbing,Colombo,PRO-PLU-01,2,Low,0,1,0,0,0,10,0
2025-12-28,Grass cutting,Colombo,PRO-GRA-13,16,Low,0,1,0,0,0,10,0
2025-12-28,Grass cutting,Gampaha,PRO-GRA-08,16,Low,0,1,0,0,0,10,0
2025-12-28,Grass cutting,Gampaha,PRO-GRA-14,16,Low,0,1,0,0,0,10,0
2025-12-28,Plumbing,Gampaha,PRO-PLU-03,0,Low,0,1,0,0,0,10,0
2025-12-28,Grass cutting,Colombo,PRO-GRA-10,15,Low,0,1,0,0,0,10,0
2025-12-28,Plumbing,Gampaha,PRO-PLU-05,2,Low,0,1,0,0,0,10,0
2025-12-28,Plumbing,Colombo,PRO-PLU-08,0,Low,0,1,0,0,0,10,0
2025-12-28,Grass cutting,Colombo,PRO-GRA-09,17,Low,0,1,0,0,0,10,0
2025-12-28,Child care,Gampaha,PRO-CHI-08,27,Low,0,1,0,0,0,10,0
2025-12-28,Plumbing,Gampaha,PRO-PLU-07,2,Low,0,1,0,0,0,10,0
2025-12-28,Plumbing,Colombo,PRO-PLU-02,1,Low,0,1,0,0,0,10,0
2025-12-29,Child care,Gampaha,PRO-CHI-04,36,Low,0,1,0,0,0,11,0
2025-12-29,Plumbing,Gampaha,PRO-PLU-04,0,Low,0,1,0,0,0,11,0
2025-12-29,Plumbing,Gampaha,PRO-PLU-05,2,Low,0,1,0,0,0,11,0
2025-12-29,Grass cutting,Gampaha,PRO-GRA-01,17,Low,0,1,0,0,0,11,0
2025-12-29,Plumbing,Gampaha,PRO-PLU-07,1,Low,0,1,0,0,0,11,0
2025-12-29,Plumbing,Colombo,PRO-PLU-03,0,Low,0,1,0,0,0,11,0
2025-12-29,Plumbing,Colombo,PRO-PLU-08,1,Low,0,1,0,0,0,11,0
2025-12-29,Plumbing,Gampaha,PRO-PLU-02,0,Low,0,1,0,0,0,11,0
2025-12-29,Plumbing,Gampaha,PRO-PLU-01,0,Low,0,1,0,0,0,11,0
2025-12-29,Electrical repairs,Gampaha,PRO-ELE-02,0,Low,0,1,0,0,0,11,0
2025-12-29,Plumbing,Gampaha,PRO-PLU-06,2,Low,0,1,0,0,0,11,0
2025-12-29,Grass cutting,Colombo,PRO-GRA-15,17,Low,0,1,0,0,0,11,0
2025-12-29,Grass cutting,Gampaha,PRO-GRA-17,17,Low,0,1,0,0,0,11,0
2025-12-29,Child care,Gampaha,PRO-CHI-06,37,Low,0,1,0,0,0,11,0
2025-12-29,Grass cutting,Colombo,PRO-GRA-03,15,Low,0,1,0,0,0,11,0
2025-12-29,Electrical repairs,Colombo,PRO-ELE-06,2,Low,0,1,0,0,0,11,0
2025-12-30,Electrical repairs,Colombo,PRO-ELE-06,0,Low,0,1,0,0,0,12,0
2025-12-30,Grass cutting,Gampaha,PRO-GRA-03,17,Low,0,1,0,0,0,12,0
2025-12-30,Grass cutting,Colombo,PRO-GRA-12,17,Low,0,1,0,0,0,12,0
2025-12-30,Plumbing,Gampaha,PRO-PLU-04,1,Low,0,1,0,0,0,12,0
2025-12-30,Personal assistance,Colombo,PRO-PER-04,8,Low,0,1,0,0,0,12,0
2025-12-30,Plumbing,Colombo,PRO-PLU-05,2,Low,0,1,0,0,0,12,0
2025-12-30,Plumbing,Colombo,PRO-PLU-06,2,Low,0,1,0,0,0,12,0
2025-12-30,Plumbing,Colombo,PRO-PLU-08,1,Low,0,1,0,0,0,12,0
2025-12-30,Plumbing,Gampaha,PRO-PLU-01,2,Low,0,1,0,0,0,12,0
2025-12-30,Furniture repair,Gampaha,PRO-FUR-04,1,Low,0,1,0,0,0,12,0
2025-12-30,Child care,Gampaha,PRO-CHI-08,35,Low,0,1,0,0,0,12,0
2025-12-30,Grass cutting,Gampaha,PRO-GRA-16,17,Low,0,1,0,0,0,12,0
2025-12-30,Child care,Gampaha,PRO-CHI-07,37,Low,0,1,0,0,0,12,0
2025-12-30,Plumbing,Gampaha,PRO-PLU-07,0,Low,0,1,0,0,0,12,0
2025-12-30,Pet care,Gampaha,PRO-PET-04,1,Low,0,1,0,0,0,12,0
2025-12-30,Grass cutting,Colombo,PRO-GRA-15,17,Low,0,1,0,0,0,12,0
2025-12-30,Plumbing,Gampaha,PRO-PLU-03,1,Low,0,1,0,0,0,12,0
2025-12-30,Child care,Gampaha,PRO-CHI-04,35,Low,0,1,0,0,0,12,0
2025-12-30,"Sofa, carpet & curtain cleaning",Colombo,PRO-SOF-04,21,Low,0,1,0,0,0,12,0
2025-12-30,Grass cutting,Gampaha,PRO-GRA-04,17,Low,0,1,0,0,0,12,0
2025-12-30,Grass cutting,Colombo,PRO-GRA-01,17,Low,0,1,0,0,0,12,0
2025-12-30,Plumbing,Gampaha,PRO-PLU-02,2,Low,0,1,0,0,0,12,0
2025-12-31,Child care,Gampaha,PRO-CHI-08,37,Low,0,1,0,0,0,13,0
2025-12-31,Child care,Colombo,PRO-CHI-01,36,Low,0,1,0,0,0,13,0
2025-12-31,Grass cutting,Gampaha,PRO-GRA-12,16,Low,0,1,0,0,0,13,0
2025-12-31,Plumbing,Colombo,PRO-PLU-01,0,Low,0,1,0,0,0,13,0
2025-12-31,Plumbing,Gampaha,PRO-PLU-05,1,Low,0,1,0,0,0,13,0
2025-12-31,Electrical repairs,Gampaha,PRO-ELE-08,0,Low,0,1,0,0,0,13,0
2025-12-31,Plumbing,Gampaha,PRO-PLU-02,1,Low,0,1,0,0,0,13,0
2025-12-31,Plumbing,Colombo,PRO-PLU-06,1,Low,0,1,0,0,0,13,0
2025-12-31,Child care,Colombo,PRO-CHI-06,37,Low,0,1,0,0,0,13,0
2025-12-31,Plumbing,Gampaha,PRO-PLU-07,1,Low,0,1,0,0,0,13,0
2025-12-31,Electrical repairs,Colombo,PRO-ELE-01,1,Low,0,1,0,0,0,13,0
2025-12-31,Grass cutting,Colombo,PRO-GRA-17,16,Low,0,1,0,0,0,13,0
2025-12-31,Electrical repairs,Colombo,PRO-ELE-05,1,Low,0,1,0,0,0,13,0
2025-12-31,Grass cutting,Gampaha,PRO-GRA-08,15,Low,0,1,0,0,0,13,0
2025-12-31,Electrical repairs,Colombo,PRO-ELE-02,0,Low,0,1,0,0,0,13,0
2025-12-31,Child care,Colombo,PRO-CHI-03,35,Low,0,1,0,0,0,13,0
2025-12-31,Plumbing,Gampaha,PRO-PLU-08,2,Low,0,1,0,0,0,13,0
2025-12-31,Plumbing,Colombo,PRO-PLU-03,0,Low,0,1,0,0,0,13,0
2025-12-31,Plumbing,Colombo,PRO-PLU-04,1,Low,0,1,0,0,0,13,0
2025-12-31,Child care,Gampaha,PRO-CHI-02,37,Low,0,1,0,0,0,13,0
2026-05-05,Plumbing,Colombo,,1,,0,1,0,0,0,1,0
2026-06-19,Plumbing,Gampaha,,1,,1,0,0,0,0,0,1
2026-06-20,Plumbing,Colombo,,1,,1,0,0,0,0,0,0
2026-07-18,Plumbing,Colombo,,1,,1,0,0,0,0,0,1
2026-08-20,Plumbing,Colombo,,1,,1,0,0,0,0,0,0
2026-08-22,Plumbing,Colombo,,1,,1,0,0,0,0,0,1
2026-08-22,Plumbing,Colombo,,1,,1,0,0,0,0,0,1
2026-08-29,Plumbing,Colombo,,1,,1,0,0,0,0,0,1
2026-08-29,Plumbing,Colombo,,1,,1,0,0,0,0,0,1
2026-08-29,Plumbing,Colombo,,1,,1,0,0,0,0,0,1
2026-08-29,Plumbing,Colombo,,1,,1,0,0,0,0,0,1
2026-08-29,Plumbing,Colombo,,1,,1,0,0,0,0,0,1
2026-08-29,Plumbing,Colombo,,1,,1,0,0,0,0,0,1
2026-08-30,Electrical repairs,Gampaha,,1,,1,0,0,0,0,0,1
2026-08-31,Plumbing,Colombo,,1,,1,0,0,0,0,0,1
