Timestamp,Q1. Research Participant Code (provider_id),Q2. Service Category,Q3. Service Type,Task Name,Q4. Have you personally performed this task before?,Q5. Typical Monthly Frequency (task_frequency_per_month),Q6. Typical Team Size (typical_team_size),Q7. Typical Duration in Mins (typical_mins),Q8. Minimum Duration in Mins (min_mins),Q9. Maximum Duration in Mins (max_mins),Q10. How Duration is Determined (duration_type),Q11. Factors Affecting Duration,Q12. Other Factors,Q13. Estimate Confidence,Q14. Submit Another Task?
2026-09-05 08:11:20,P001,Gardening,Garden Cleaning,General Garden Cleaning,Yes,5,2,110,90,135,TASK_COMPLETION_BASED,"Size or amount of work, Condition of the item/property/site, Complexity of the problem",,5,No
2026-09-05 08:54:33,P001,Gardening,Garden Maintenance,Water Plants,Yes,21,2,35,30,40,TASK_COMPLETION_BASED,"Size or amount of work, Condition of the item/property/site, Complexity of the problem",,5,No
2026-09-05 09:38:09,P001,Gardening,Garden Maintenance,Trim Tree Branches,Yes,6,2,120,80,145,TASK_COMPLETION_BASED,"Size or amount of work, Condition of the item/property/site, Complexity of the problem",,5,No
2026-09-05 09:57:49,P001,Gardening,Garden Maintenance,General Garden Maintenance,Yes,6,2,145,120,180,TASK_COMPLETION_BASED,"Size or amount of work, Condition of the item/property/site, Complexity of the problem",,5,No
2026-09-05 10:01:09,P002,Cleaning,Kitchen Cleaning,General Kitchen Cleaning,Yes,7,1,65,55,75,TASK_COMPLETION_BASED,"Size or amount of work, Condition of the item/property/site, Complexity of the problem",,5,No
2026-09-05 10:24:42,P002,Cleaning,Kitchen Cleaning,Deep Clean Kitchen,Yes,3,1,115,90,145,TASK_COMPLETION_BASED,"Size or amount of work, Condition of the item/property/site, Complexity of the problem",,5,No
2026-09-05 10:49:55,P002,Cleaning,Kitchen Cleaning,Degrease Cooking Area,Yes,5,1,65,55,80,TASK_COMPLETION_BASED,"Size or amount of work, Condition of the item/property/site, Complexity of the problem",,5,No
2026-09-05 10:54:11,P002,Cleaning,Kitchen Cleaning,Clean Kitchen Floor,Yes,11,1,25,20,30,TASK_COMPLETION_BASED,"Size or amount of work, Condition of the item/property/site, Complexity of the problem",,5,No
2026-09-05 11:16:17,P002,Cleaning,Move In/Out Cleaning,Move-In Cleaning,Yes,5,1,185,155,220,TASK_COMPLETION_BASED,"Size or amount of work, Condition of the item/property/site, Complexity of the problem",,5,No
2026-09-05 11:32:01,P002,Cleaning,Move In/Out Cleaning,Move-Out Cleaning,Yes,6,1,190,160,240,TASK_COMPLETION_BASED,"Size or amount of work, Condition of the item/property/site, Complexity of the problem",,5,No
2026-09-05 11:39:16,P002,Cleaning,Move In/Out Cleaning,Empty Property Deep Cleaning,Yes,2,1,310,240,385,TASK_COMPLETION_BASED,"Size or amount of work, Condition of the item/property/site, Complexity of the problem",,5,No
2026-09-05 11:54:47,P003,Gardening,Garden Maintenance,Water Plants,Yes,14,1,40,35,45,TASK_COMPLETION_BASED,"Size or amount of work, Condition of the item/property/site, Complexity of the problem",,5,No
2026-09-05 12:31:28,P003,Gardening,Garden Maintenance,Mow Lawn,Yes,6,1,80,70,100,TASK_COMPLETION_BASED,"Size or amount of work, Condition of the item/property/site, Complexity of the problem",,5,No
2026-09-05 13:24:48,P003,Gardening,Garden Maintenance,Remove Weeds,Yes,4,1,90,65,110,TASK_COMPLETION_BASED,"Size or amount of work, Condition of the item/property/site, Complexity of the problem",,5,No
2026-09-05 13:51:14,P003,Gardening,Garden Maintenance,General Garden Maintenance,Yes,5,1,150,120,185,TASK_COMPLETION_BASED,"Size or amount of work, Condition of the item/property/site, Complexity of the problem",,5,No
2026-09-05 14:00:25,P003,Gardening,Garden Maintenance,Prune Plants,Yes,8,1,65,50,80,TASK_COMPLETION_BASED,"Size or amount of work, Condition of the item/property/site, Complexity of the problem",,5,No
2026-09-05 14:02:09,P004,Gardening,Planting Services,Plant Flowers,Yes,5,1,65,55,75,TASK_COMPLETION_BASED,"Size or amount of work, Condition of the item/property/site, Complexity of the problem",,5,No
2026-09-05 14:13:53,P004,Gardening,Planting Services,Plant Small Tree,Yes,5,1,45,40,50,TASK_COMPLETION_BASED,"Size or amount of work, Condition of the item/property/site, Complexity of the problem",,5,No
2026-09-05 14:19:20,P004,Gardening,Planting Services,Prepare Planting Area,Yes,5,1,120,95,150,TASK_COMPLETION_BASED,"Size or amount of work, Condition of the item/property/site, Complexity of the problem",,5,No
2026-09-05 14:29:37,P005,Cleaning,Kitchen Cleaning,Clean Kitchen Cabinets,Yes,3,1,80,65,100,TASK_COMPLETION_BASED,"Size or amount of work, Condition of the item/property/site, Complexity of the problem",,5,No
2026-09-05 14:55:44,P005,Cleaning,Kitchen Cleaning,Clean Kitchen Floor,Yes,9,1,30,25,35,TASK_COMPLETION_BASED,"Size or amount of work, Condition of the item/property/site, Complexity of the problem",,5,No
2026-09-05 15:13:11,P005,Cleaning,Move In/Out Cleaning,Move-In Cleaning,Yes,3,1,245,205,300,TASK_COMPLETION_BASED,"Size or amount of work, Condition of the item/property/site, Complexity of the problem",,5,No
2026-09-05 15:42:14,P005,Cleaning,Move In/Out Cleaning,Move-Out Cleaning,Yes,4,1,230,180,300,TASK_COMPLETION_BASED,"Size or amount of work, Condition of the item/property/site, Complexity of the problem",,5,No
2026-09-05 17:20:23,P006,Gardening,Garden Cleaning,General Garden Cleaning,Yes,5,1,125,105,150,TASK_COMPLETION_BASED,"Size or amount of work, Condition of the item/property/site, Complexity of the problem",,5,No
2026-09-05 17:20:50,P006,Gardening,Garden Maintenance,Mow Lawn,Yes,14,1,75,65,95,TASK_COMPLETION_BASED,"Size or amount of work, Condition of the item/property/site, Complexity of the problem",,5,No
2026-09-05 17:24:26,P006,Gardening,Garden Maintenance,Remove Weeds,Yes,9,1,80,60,95,TASK_COMPLETION_BASED,"Size or amount of work, Condition of the item/property/site, Complexity of the problem",,5,No
2026-09-05 17:34:24,P006,Gardening,Garden Maintenance,Prune Plants,Yes,9,1,65,50,80,TASK_COMPLETION_BASED,"Size or amount of work, Condition of the item/property/site, Complexity of the problem",,5,No
2026-09-05 17:40:00,P007,Care Support,Child Care,Babysitting,Yes,6,1,260,235,300,FIXED_DURATION,"Size or amount of work, Condition of the item/property/site, Complexity of the problem",,5,No
2026-09-05 17:41:28,P007,Care Support,Child Care,Baby Care Session,Yes,8,1,155,140,180,FIXED_DURATION,"Size or amount of work, Condition of the item/property/site, Complexity of the problem",,5,No
2026-09-05 18:06:53,P007,Care Support,Child Care,Child Supervision,Yes,13,1,220,195,245,FIXED_DURATION,"Size or amount of work, Condition of the item/property/site, Complexity of the problem",,5,No
2026-09-05 18:09:36,P008,Care Support,Elderly Care,Elderly Assistance Session,Yes,13,3,125,115,150,FIXED_DURATION,"Size or amount of work, Condition of the item/property/site, Complexity of the problem",,5,No
2026-09-05 18:25:29,P008,Care Support,Elderly Care,Home Nursing Visit,Yes,16,3,75,70,85,FIXED_DURATION,"Size or amount of work, Condition of the item/property/site, Complexity of the problem",,5,No
2026-09-05 18:40:05,P008,Care Support,Elderly Care,Medication Assistance,Yes,16,3,25,20,30,TASK_COMPLETION_BASED,"Size or amount of work, Condition of the item/property/site, Complexity of the problem",,5,No
2026-09-05 18:45:09,P008,Care Support,Elderly Care,Mobility Assistance,Yes,6,3,95,85,110,FIXED_DURATION,"Size or amount of work, Condition of the item/property/site, Complexity of the problem",,5,No
2026-09-05 18:59:39,P009,Repairing,Plumbing Repair,Repair Tap,Yes,5,3,35,30,40,TASK_COMPLETION_BASED,"Size or amount of work, Condition of the item/property/site, Complexity of the problem",,5,No
2026-09-05 19:16:12,P009,Repairing,Plumbing Repair,Clean Water Tank,Yes,2,3,155,135,180,TASK_COMPLETION_BASED,"Size or amount of work, Condition of the item/property/site, Complexity of the problem",,5,No
2026-09-05 19:28:36,P009,Repairing,Plumbing Repair,Repair Water Tank Connection,Yes,3,3,65,55,80,TASK_COMPLETION_BASED,"Size or amount of work, Condition of the item/property/site, Complexity of the problem",,5,No
2026-09-05 19:34:40,P009,Repairing,Plumbing Repair,Install Sink Plumbing,Yes,3,3,95,85,110,TASK_COMPLETION_BASED,"Size or amount of work, Condition of the item/property/site, Complexity of the problem",,5,No
2026-09-05 20:49:29,P009,Repairing,Plumbing Repair,Install Bathroom Pipe,Yes,2,3,150,125,190,TASK_COMPLETION_BASED,"Size or amount of work, Condition of the item/property/site, Complexity of the problem",,5,No
2026-09-05 21:17:09,P010,Gardening,Planting Services,Plant Flowers,Yes,4,2,60,50,70,TASK_COMPLETION_BASED,"Size or amount of work, Condition of the item/property/site, Complexity of the problem",,5,No
2026-09-05 21:43:57,P010,Gardening,Planting Services,Plant Vegetables,Yes,4,2,100,80,125,TASK_COMPLETION_BASED,"Size or amount of work, Condition of the item/property/site, Complexity of the problem",,5,No
2026-09-06 08:18:45,P010,Gardening,Planting Services,Plant Small Tree,Yes,7,2,40,35,45,TASK_COMPLETION_BASED,"Size or amount of work, Condition of the item/property/site, Complexity of the problem",,5,No
2026-09-06 09:00:30,P010,Gardening,Planting Services,Plant Large Tree,Yes,2,2,105,80,135,TASK_COMPLETION_BASED,"Size or amount of work, Condition of the item/property/site, Complexity of the problem",,5,No
2026-09-06 09:42:40,P010,Gardening,Planting Services,Plant Garden Plants,Yes,4,2,80,65,100,TASK_COMPLETION_BASED,"Size or amount of work, Condition of the item/property/site, Complexity of the problem",,5,No
2026-09-06 09:45:13,P010,Gardening,Planting Services,Prepare Planting Area,Yes,3,2,90,70,115,TASK_COMPLETION_BASED,"Size or amount of work, Condition of the item/property/site, Complexity of the problem",,5,No
2026-09-06 09:58:01,P011,Repairing,Plumbing Repair,Install Water Pipe,Yes,3,1,115,90,145,TASK_COMPLETION_BASED,"Size or amount of work, Condition of the item/property/site, Complexity of the problem",,5,No
2026-09-06 10:17:39,P011,Repairing,Plumbing Repair,Repair Water Tank Connection,Yes,4,1,60,50,75,TASK_COMPLETION_BASED,"Size or amount of work, Condition of the item/property/site, Complexity of the problem",,5,No
2026-09-06 10:22:29,P011,Repairing,Plumbing Repair,Repair Sink Plumbing,Yes,8,1,50,45,65,TASK_COMPLETION_BASED,"Size or amount of work, Condition of the item/property/site, Complexity of the problem",,5,No
2026-09-06 10:50:11,P011,Repairing,Plumbing Repair,Install Sink Plumbing,Yes,3,1,80,70,95,TASK_COMPLETION_BASED,"Size or amount of work, Condition of the item/property/site, Complexity of the problem",,5,No
2026-09-06 11:06:12,P011,Repairing,Plumbing Repair,Repair Toilet Plumbing,Yes,4,1,70,55,90,TASK_COMPLETION_BASED,"Size or amount of work, Condition of the item/property/site, Complexity of the problem",,5,No
2026-09-06 11:08:28,P011,Repairing,Plumbing Repair,Replace Toilet Pipe,Yes,2,1,80,65,100,TASK_COMPLETION_BASED,"Size or amount of work, Condition of the item/property/site, Complexity of the problem",,5,No
2026-09-06 11:24:25,P012,Cleaning,House Cleaning,Deep Clean House,Yes,4,2,250,205,325,TASK_COMPLETION_BASED,"Size or amount of work, Condition of the item/property/site, Complexity of the problem",,5,No
2026-09-06 11:48:09,P012,Cleaning,House Cleaning,Clean Single Room,Yes,9,2,55,50,65,TASK_COMPLETION_BASED,"Size or amount of work, Condition of the item/property/site, Complexity of the problem",,5,No
2026-09-06 11:56:51,P012,Cleaning,House Cleaning,Mop and Clean Floors,Yes,9,2,65,55,75,TASK_COMPLETION_BASED,"Size or amount of work, Condition of the item/property/site, Complexity of the problem",,5,No
2026-09-06 12:02:47,P012,Cleaning,House Cleaning,Dust and Surface Cleaning,Yes,6,2,60,55,70,TASK_COMPLETION_BASED,"Size or amount of work, Condition of the item/property/site, Complexity of the problem",,5,No
2026-09-06 12:07:29,P013,Repairing,Electrical Repair,Repair Ceiling Fan,Yes,6,2,55,45,65,TASK_COMPLETION_BASED,"Size or amount of work, Condition of the item/property/site, Complexity of the problem",,5,No
2026-09-06 12:14:42,P013,Repairing,Electrical Repair,Install Light Fitting,Yes,3,2,40,35,45,TASK_COMPLETION_BASED,"Size or amount of work, Condition of the item/property/site, Complexity of the problem",,5,No
2026-09-06 12:26:58,P013,Repairing,Electrical Repair,Repair Power Socket,Yes,6,2,35,30,40,TASK_COMPLETION_BASED,"Size or amount of work, Condition of the item/property/site, Complexity of the problem",,5,No
2026-09-06 13:06:15,P013,Repairing,Electrical Repair,Replace Damaged Wiring,Yes,1,2,150,115,215,TASK_COMPLETION_BASED,"Size or amount of work, Condition of the item/property/site, Complexity of the problem",,5,No
2026-09-06 13:20:33,P013,Repairing,Electrical Repair,Repair Washing Machine,Yes,2,2,95,65,125,TASK_COMPLETION_BASED,"Size or amount of work, Condition of the item/property/site, Complexity of the problem",,5,No
2026-09-06 13:35:27,P014,Cleaning,Sofa/Carpet/Curtain Cleaning,Clean Carpet,Yes,3,1,75,65,90,TASK_COMPLETION_BASED,"Size or amount of work, Condition of the item/property/site, Complexity of the problem",,5,No
2026-09-06 13:40:56,P014,Cleaning,Sofa/Carpet/Curtain Cleaning,Clean Curtains,Yes,5,1,75,70,85,TASK_COMPLETION_BASED,"Size or amount of work, Condition of the item/property/site, Complexity of the problem",,5,No
2026-09-06 13:43:03,P014,Cleaning,Sofa/Carpet/Curtain Cleaning,Steam Clean Curtains,Yes,4,1,95,85,110,TASK_COMPLETION_BASED,"Size or amount of work, Condition of the item/property/site, Complexity of the problem",,5,No
2026-09-06 13:46:32,P014,Cleaning,Sofa/Carpet/Curtain Cleaning,Deep Clean Mattress,Yes,5,1,95,80,110,TASK_COMPLETION_BASED,"Size or amount of work, Condition of the item/property/site, Complexity of the problem",,5,No
2026-09-06 13:54:41,P015,Cleaning,House Cleaning,Deep Clean House,Yes,4,2,240,200,310,TASK_COMPLETION_BASED,"Size or amount of work, Condition of the item/property/site, Complexity of the problem",,5,No
2026-09-06 13:57:27,P015,Cleaning,House Cleaning,Clean Single Room,Yes,14,2,50,45,60,TASK_COMPLETION_BASED,"Size or amount of work, Condition of the item/property/site, Complexity of the problem",,5,No
2026-09-06 14:03:13,P015,Cleaning,Kitchen Cleaning,General Kitchen Cleaning,Yes,6,2,65,55,75,TASK_COMPLETION_BASED,"Size or amount of work, Condition of the item/property/site, Complexity of the problem",,5,No
2026-09-06 14:05:53,P016,Cleaning,House Cleaning,General House Cleaning,Yes,12,4,145,120,175,TASK_COMPLETION_BASED,"Size or amount of work, Condition of the item/property/site, Complexity of the problem",,5,No
2026-09-06 14:31:41,P016,Cleaning,House Cleaning,Deep Clean House,Yes,6,4,175,140,230,TASK_COMPLETION_BASED,"Size or amount of work, Condition of the item/property/site, Complexity of the problem",,5,No
2026-09-06 14:44:32,P016,Cleaning,House Cleaning,Clean Single Room,Yes,8,4,50,45,60,TASK_COMPLETION_BASED,"Size or amount of work, Condition of the item/property/site, Complexity of the problem",,5,No
2026-09-06 14:55:50,P016,Cleaning,House Cleaning,Mop and Clean Floors,Yes,13,4,60,50,70,TASK_COMPLETION_BASED,"Size or amount of work, Condition of the item/property/site, Complexity of the problem",,5,No
2026-09-06 15:46:51,P016,Cleaning,House Cleaning,Dust and Surface Cleaning,Yes,11,4,45,40,55,TASK_COMPLETION_BASED,"Size or amount of work, Condition of the item/property/site, Complexity of the problem",,5,No
2026-09-06 15:52:45,P016,Cleaning,House Cleaning,Full Home Cleaning,Yes,7,4,215,170,265,TASK_COMPLETION_BASED,"Size or amount of work, Condition of the item/property/site, Complexity of the problem",,5,No
2026-09-06 15:58:14,P017,Repairing,Electrical Repair,Replace Ceiling Fan,Yes,3,2,70,60,80,TASK_COMPLETION_BASED,"Size or amount of work, Condition of the item/property/site, Complexity of the problem",,5,No
2026-09-06 15:59:43,P017,Repairing,Electrical Repair,Repair Light Circuit,Yes,4,2,45,40,60,TASK_COMPLETION_BASED,"Size or amount of work, Condition of the item/property/site, Complexity of the problem",,5,No
2026-09-06 16:08:40,P017,Repairing,Electrical Repair,Repair Switch,Yes,3,2,30,25,35,TASK_COMPLETION_BASED,"Size or amount of work, Condition of the item/property/site, Complexity of the problem",,5,No
2026-09-06 16:09:00,P017,Repairing,Electrical Repair,Replace Power Socket,Yes,5,2,30,25,35,TASK_COMPLETION_BASED,"Size or amount of work, Condition of the item/property/site, Complexity of the problem",,5,No
2026-09-06 16:12:46,P017,Repairing,Electrical Repair,Repair Washing Machine,Yes,1,2,105,75,130,TASK_COMPLETION_BASED,"Size or amount of work, Condition of the item/property/site, Complexity of the problem",,5,No
2026-09-06 16:20:13,P018,Repairing,Plumbing Repair,Install Water Pipe,Yes,1,1,125,100,160,TASK_COMPLETION_BASED,"Size or amount of work, Condition of the item/property/site, Complexity of the problem",,5,No
2026-09-06 16:21:56,P018,Repairing,Plumbing Repair,Replace Water Pipe,Yes,2,1,120,90,155,TASK_COMPLETION_BASED,"Size or amount of work, Condition of the item/property/site, Complexity of the problem",,5,No
2026-09-06 16:54:42,P018,Repairing,Plumbing Repair,Replace Tap,Yes,8,1,30,25,35,TASK_COMPLETION_BASED,"Size or amount of work, Condition of the item/property/site, Complexity of the problem",,5,No
2026-09-06 17:37:55,P018,Repairing,Plumbing Repair,Repair Tap,Yes,6,1,30,25,35,TASK_COMPLETION_BASED,"Size or amount of work, Condition of the item/property/site, Complexity of the problem",,5,No
2026-09-06 17:39:35,P018,Repairing,Plumbing Repair,Repair Bathroom Pipe,Yes,5,1,75,60,100,TASK_COMPLETION_BASED,"Size or amount of work, Condition of the item/property/site, Complexity of the problem",,5,No
2026-09-06 18:05:20,P019,Care Support,Elderly Care,Elderly Home Care,Yes,7,1,270,240,300,SHIFT_BASED,"Size or amount of work, Condition of the item/property/site, Complexity of the problem",,5,No
2026-09-06 18:07:15,P019,Care Support,Elderly Care,Elderly Assistance Session,Yes,15,1,135,120,160,FIXED_DURATION,"Size or amount of work, Condition of the item/property/site, Complexity of the problem",,5,No
2026-09-06 18:25:44,P019,Care Support,Elderly Care,Home Nursing Visit,Yes,5,1,75,70,85,FIXED_DURATION,"Size or amount of work, Condition of the item/property/site, Complexity of the problem",,5,No
2026-09-06 18:28:33,P019,Care Support,Elderly Care,Mobility Assistance,Yes,16,1,90,80,105,FIXED_DURATION,"Size or amount of work, Condition of the item/property/site, Complexity of the problem",,5,No
2026-09-06 18:28:46,P020,Gardening,Planting Services,Plant Small Tree,Yes,4,2,40,35,45,TASK_COMPLETION_BASED,"Size or amount of work, Condition of the item/property/site, Complexity of the problem",,5,No
2026-09-06 19:02:28,P020,Gardening,Planting Services,Plant Garden Plants,Yes,5,2,65,50,80,TASK_COMPLETION_BASED,"Size or amount of work, Condition of the item/property/site, Complexity of the problem",,5,No
2026-09-06 19:16:23,P020,Gardening,Planting Services,Prepare Planting Area,Yes,3,2,85,65,110,TASK_COMPLETION_BASED,"Size or amount of work, Condition of the item/property/site, Complexity of the problem",,5,No
2026-09-06 19:30:48,P021,Gardening,Garden Maintenance,Water Plants,Yes,20,4,35,30,40,TASK_COMPLETION_BASED,"Size or amount of work, Condition of the item/property/site, Complexity of the problem",,5,No
2026-09-06 20:07:44,P021,Gardening,Garden Maintenance,Trim Shrubs,Yes,9,4,70,60,90,TASK_COMPLETION_BASED,"Size or amount of work, Condition of the item/property/site, Complexity of the problem",,5,No
2026-09-06 20:20:09,P021,Gardening,Garden Maintenance,Cut Grass,Yes,10,4,90,80,105,TASK_COMPLETION_BASED,"Size or amount of work, Condition of the item/property/site, Complexity of the problem",,5,No
2026-09-06 20:23:22,P021,Gardening,Garden Maintenance,Trim Tree Branches,Yes,2,4,130,95,150,TASK_COMPLETION_BASED,"Size or amount of work, Condition of the item/property/site, Complexity of the problem",,5,No
2026-09-06 20:34:40,P021,Gardening,Garden Maintenance,General Garden Maintenance,Yes,8,4,135,110,165,TASK_COMPLETION_BASED,"Size or amount of work, Condition of the item/property/site, Complexity of the problem",,5,No
2026-09-07 08:21:47,P022,Care Support,Personal Assistance,Personal Assistance,Yes,6,1,345,305,390,SHIFT_BASED,"Size or amount of work, Condition of the item/property/site, Complexity of the problem",,5,No
2026-09-07 08:49:22,P022,Care Support,Personal Assistance,Daily Household Assistance,Yes,6,1,165,140,195,TASK_COMPLETION_BASED,"Size or amount of work, Condition of the item/property/site, Complexity of the problem",,5,No
2026-09-07 09:07:59,P022,Care Support,Pet Care,Feed Pet,Yes,12,1,25,20,30,TASK_COMPLETION_BASED,"Size or amount of work, Condition of the item/property/site, Complexity of the problem",,5,No
2026-09-07 09:10:13,P022,Care Support,Pet Care,Dog Walking,Yes,14,1,45,40,55,FIXED_DURATION,"Size or amount of work, Condition of the item/property/site, Complexity of the problem",,5,No
2026-09-07 09:42:19,P022,Care Support,Pet Care,Bathe Pet,Yes,13,1,55,40,75,TASK_COMPLETION_BASED,"Size or amount of work, Condition of the item/property/site, Complexity of the problem",,5,No
2026-09-07 10:43:14,P022,Care Support,Pet Care,Pet Cleaning,Yes,3,1,55,50,65,TASK_COMPLETION_BASED,"Size or amount of work, Condition of the item/property/site, Complexity of the problem",,5,No
2026-09-07 10:51:18,P022,Care Support,Pet Care,Pet Sitting,Yes,9,1,370,320,435,FIXED_DURATION,"Size or amount of work, Condition of the item/property/site, Complexity of the problem",,5,No
2026-09-07 11:01:00,P023,Gardening,Garden Cleaning,General Garden Cleaning,Yes,3,2,125,105,150,TASK_COMPLETION_BASED,"Size or amount of work, Condition of the item/property/site, Complexity of the problem",,5,No
2026-09-07 11:53:47,P023,Gardening,Garden Cleaning,Remove Garden Waste,Yes,3,2,85,65,110,TASK_COMPLETION_BASED,"Size or amount of work, Condition of the item/property/site, Complexity of the problem",,5,No
2026-09-07 12:32:02,P023,Gardening,Garden Cleaning,Clear Overgrown Garden,Yes,1,2,240,160,315,TASK_COMPLETION_BASED,"Size or amount of work, Condition of the item/property/site, Complexity of the problem",,5,No
2026-09-07 13:08:24,P024,Repairing,Plumbing Repair,Repair Water Leak,Yes,5,2,65,45,85,TASK_COMPLETION_BASED,"Size or amount of work, Condition of the item/property/site, Complexity of the problem",,5,No
2026-09-07 13:22:17,P024,Repairing,Plumbing Repair,Install Tap,Yes,5,2,35,30,40,TASK_COMPLETION_BASED,"Size or amount of work, Condition of the item/property/site, Complexity of the problem",,5,No
2026-09-07 13:25:03,P024,Repairing,Plumbing Repair,Replace Tap,Yes,9,2,30,25,35,TASK_COMPLETION_BASED,"Size or amount of work, Condition of the item/property/site, Complexity of the problem",,5,No
2026-09-07 13:36:55,P024,Repairing,Plumbing Repair,Repair Tap,Yes,8,2,30,25,35,TASK_COMPLETION_BASED,"Size or amount of work, Condition of the item/property/site, Complexity of the problem",,5,No
2026-09-07 13:43:04,P024,Repairing,Plumbing Repair,Install Water Tank,Yes,2,2,165,125,210,TASK_COMPLETION_BASED,"Size or amount of work, Condition of the item/property/site, Complexity of the problem",,5,No
2026-09-07 13:49:14,P024,Repairing,Plumbing Repair,Clean Water Tank,Yes,3,2,120,105,140,TASK_COMPLETION_BASED,"Size or amount of work, Condition of the item/property/site, Complexity of the problem",,5,No
2026-09-07 14:25:55,P024,Repairing,Plumbing Repair,Repair Sink Plumbing,Yes,4,2,60,50,75,TASK_COMPLETION_BASED,"Size or amount of work, Condition of the item/property/site, Complexity of the problem",,5,No
2026-09-07 14:29:20,P025,Cleaning,Office Cleaning,Clean Small Office,Yes,7,1,115,100,130,TASK_COMPLETION_BASED,"Size or amount of work, Condition of the item/property/site, Complexity of the problem",,5,No
2026-09-07 14:29:43,P025,Cleaning,Office Cleaning,Deep Clean Office,Yes,2,1,355,295,450,TASK_COMPLETION_BASED,"Size or amount of work, Condition of the item/property/site, Complexity of the problem",,5,No
2026-09-07 14:41:27,P025,Cleaning,Post-Construction Cleaning,Remove Construction Dust,Yes,4,1,175,130,215,TASK_COMPLETION_BASED,"Size or amount of work, Condition of the item/property/site, Complexity of the problem",,5,No
2026-09-07 15:08:02,P026,Cleaning,House Cleaning,General House Cleaning,Yes,13,3,125,105,150,TASK_COMPLETION_BASED,"Size or amount of work, Condition of the item/property/site, Complexity of the problem",,5,No
2026-09-07 15:46:30,P026,Cleaning,House Cleaning,Deep Clean House,Yes,6,3,225,180,285,TASK_COMPLETION_BASED,"Size or amount of work, Condition of the item/property/site, Complexity of the problem",,5,No
2026-09-07 15:46:37,P026,Cleaning,House Cleaning,Clean Single Room,Yes,13,3,50,45,60,TASK_COMPLETION_BASED,"Size or amount of work, Condition of the item/property/site, Complexity of the problem",,5,No
2026-09-07 16:08:56,P026,Cleaning,House Cleaning,Mop and Clean Floors,Yes,20,3,60,50,70,TASK_COMPLETION_BASED,"Size or amount of work, Condition of the item/property/site, Complexity of the problem",,5,No
2026-09-07 16:11:32,P026,Cleaning,House Cleaning,Dust and Surface Cleaning,Yes,10,3,50,45,55,TASK_COMPLETION_BASED,"Size or amount of work, Condition of the item/property/site, Complexity of the problem",,5,No
2026-09-07 16:12:15,P026,Cleaning,House Cleaning,Full Home Cleaning,Yes,8,3,180,140,220,TASK_COMPLETION_BASED,"Size or amount of work, Condition of the item/property/site, Complexity of the problem",,5,No
2026-09-07 16:20:09,P027,Cleaning,House Cleaning,Deep Clean House,Yes,4,3,245,205,315,TASK_COMPLETION_BASED,"Size or amount of work, Condition of the item/property/site, Complexity of the problem",,5,No
2026-09-07 16:23:26,P027,Cleaning,House Cleaning,Full Home Cleaning,Yes,5,3,230,175,280,TASK_COMPLETION_BASED,"Size or amount of work, Condition of the item/property/site, Complexity of the problem",,5,No
2026-09-07 16:28:03,P027,Cleaning,Sofa/Carpet/Curtain Cleaning,Clean Sofa,Yes,2,3,90,75,100,TASK_COMPLETION_BASED,"Size or amount of work, Condition of the item/property/site, Complexity of the problem",,5,No
2026-09-07 16:35:49,P027,Cleaning,Sofa/Carpet/Curtain Cleaning,Clean Curtains,Yes,3,3,70,65,80,TASK_COMPLETION_BASED,"Size or amount of work, Condition of the item/property/site, Complexity of the problem",,5,No
2026-09-07 16:50:45,P027,Cleaning,Sofa/Carpet/Curtain Cleaning,Deep Clean Mattress,Yes,2,3,100,85,115,TASK_COMPLETION_BASED,"Size or amount of work, Condition of the item/property/site, Complexity of the problem",,5,No
2026-09-07 17:19:44,P028,Repairing,Electrical Repair,Replace Ceiling Fan,Yes,3,1,75,65,85,TASK_COMPLETION_BASED,"Size or amount of work, Condition of the item/property/site, Complexity of the problem",,5,No
2026-09-07 17:33:16,P028,Repairing,Electrical Repair,Install Light Fitting,Yes,6,1,45,40,50,TASK_COMPLETION_BASED,"Size or amount of work, Condition of the item/property/site, Complexity of the problem",,5,No
2026-09-07 17:43:30,P028,Repairing,Electrical Repair,Install Power Socket,Yes,5,1,40,35,45,TASK_COMPLETION_BASED,"Size or amount of work, Condition of the item/property/site, Complexity of the problem",,5,No
2026-09-07 18:03:08,P028,Repairing,Electrical Repair,Replace Power Socket,Yes,7,1,30,25,35,TASK_COMPLETION_BASED,"Size or amount of work, Condition of the item/property/site, Complexity of the problem",,5,No
2026-09-07 18:06:52,P028,Repairing,Electrical Repair,Repair Distribution Board,Yes,1,1,140,95,190,TASK_COMPLETION_BASED,"Size or amount of work, Condition of the item/property/site, Complexity of the problem",,5,No
2026-09-07 18:21:46,P029,Cleaning,Bathroom Cleaning,Deep Clean Bathroom,Yes,6,1,75,65,95,TASK_COMPLETION_BASED,"Size or amount of work, Condition of the item/property/site, Complexity of the problem",,5,No
2026-09-07 19:52:07,P029,Cleaning,Bathroom Cleaning,Clean Toilet,Yes,4,1,20,15,25,TASK_COMPLETION_BASED,"Size or amount of work, Condition of the item/property/site, Complexity of the problem",,5,No
2026-09-07 19:54:09,P029,Cleaning,Bathroom Cleaning,Remove Bathroom Stains,Yes,6,1,55,45,75,TASK_COMPLETION_BASED,"Size or amount of work, Condition of the item/property/site, Complexity of the problem",,5,No
2026-09-07 20:05:16,P029,Cleaning,House Cleaning,General House Cleaning,Yes,12,1,130,110,160,TASK_COMPLETION_BASED,"Size or amount of work, Condition of the item/property/site, Complexity of the problem",,5,No
2026-09-07 20:31:35,P029,Cleaning,House Cleaning,Clean Single Room,Yes,19,1,45,40,55,TASK_COMPLETION_BASED,"Size or amount of work, Condition of the item/property/site, Complexity of the problem",,5,No
2026-09-07 20:58:01,P029,Cleaning,House Cleaning,Dust and Surface Cleaning,Yes,16,1,45,40,55,TASK_COMPLETION_BASED,"Size or amount of work, Condition of the item/property/site, Complexity of the problem",,5,No
2026-09-07 21:31:35,P029,Cleaning,House Cleaning,Full Home Cleaning,Yes,10,1,195,160,235,TASK_COMPLETION_BASED,"Size or amount of work, Condition of the item/property/site, Complexity of the problem",,5,No
2026-09-07 21:35:33,P030,Repairing,Plumbing Repair,Replace Water Pipe,Yes,3,2,130,105,165,TASK_COMPLETION_BASED,"Size or amount of work, Condition of the item/property/site, Complexity of the problem",,5,No
2026-09-07 21:43:50,P030,Repairing,Plumbing Repair,Repair Leaking Pipe,Yes,10,2,60,50,75,TASK_COMPLETION_BASED,"Size or amount of work, Condition of the item/property/site, Complexity of the problem",,5,No
2026-09-07 21:58:10,P030,Repairing,Plumbing Repair,Install Tap,Yes,6,2,35,30,40,TASK_COMPLETION_BASED,"Size or amount of work, Condition of the item/property/site, Complexity of the problem",,5,No
2026-09-08 08:09:47,P030,Repairing,Plumbing Repair,Clean Water Tank,Yes,3,2,140,120,165,TASK_COMPLETION_BASED,"Size or amount of work, Condition of the item/property/site, Complexity of the problem",,5,No
2026-09-08 08:20:00,P030,Repairing,Plumbing Repair,Repair Bathroom Pipe,Yes,3,2,75,60,100,TASK_COMPLETION_BASED,"Size or amount of work, Condition of the item/property/site, Complexity of the problem",,5,No
2026-09-08 08:30:55,P031,Cleaning,House Cleaning,General House Cleaning,Yes,8,3,130,105,160,TASK_COMPLETION_BASED,"Size or amount of work, Condition of the item/property/site, Complexity of the problem",,5,No
2026-09-08 09:14:53,P031,Cleaning,House Cleaning,Dust and Surface Cleaning,Yes,11,3,55,50,65,TASK_COMPLETION_BASED,"Size or amount of work, Condition of the item/property/site, Complexity of the problem",,5,No
2026-09-08 09:35:22,P031,Cleaning,House Cleaning,Full Home Cleaning,Yes,9,3,215,175,255,TASK_COMPLETION_BASED,"Size or amount of work, Condition of the item/property/site, Complexity of the problem",,5,No
2026-09-08 09:42:22,P031,Cleaning,Sofa/Carpet/Curtain Cleaning,Deep Clean Sofa,Yes,3,3,115,95,140,TASK_COMPLETION_BASED,"Size or amount of work, Condition of the item/property/site, Complexity of the problem",,5,No
2026-09-08 10:08:17,P031,Cleaning,Sofa/Carpet/Curtain Cleaning,Clean Carpet,Yes,4,3,65,55,75,TASK_COMPLETION_BASED,"Size or amount of work, Condition of the item/property/site, Complexity of the problem",,5,No
2026-09-08 10:13:44,P031,Cleaning,Sofa/Carpet/Curtain Cleaning,Deep Clean Carpet,Yes,5,3,120,95,150,TASK_COMPLETION_BASED,"Size or amount of work, Condition of the item/property/site, Complexity of the problem",,5,No
2026-09-08 11:15:39,P031,Cleaning,Sofa/Carpet/Curtain Cleaning,Steam Clean Curtains,Yes,5,3,90,80,105,TASK_COMPLETION_BASED,"Size or amount of work, Condition of the item/property/site, Complexity of the problem",,5,No
2026-09-08 11:29:01,P032,Repairing,Plumbing Repair,Replace Tap,Yes,6,2,30,25,35,TASK_COMPLETION_BASED,"Size or amount of work, Condition of the item/property/site, Complexity of the problem",,5,No
2026-09-08 11:32:43,P032,Repairing,Plumbing Repair,Clear Blocked Drain,Yes,9,2,80,55,110,TASK_COMPLETION_BASED,"Size or amount of work, Condition of the item/property/site, Complexity of the problem",,5,No
2026-09-08 11:36:22,P032,Repairing,Plumbing Repair,Repair Sink Plumbing,Yes,5,2,65,55,80,TASK_COMPLETION_BASED,"Size or amount of work, Condition of the item/property/site, Complexity of the problem",,5,No
2026-09-08 11:36:31,P032,Repairing,Plumbing Repair,Install Bathroom Pipe,Yes,2,2,120,100,160,TASK_COMPLETION_BASED,"Size or amount of work, Condition of the item/property/site, Complexity of the problem",,5,No
2026-09-08 11:59:36,P033,Gardening,Landscaping & Design,Design Medium Garden,Yes,2,2,250,195,330,TASK_COMPLETION_BASED,"Size or amount of work, Condition of the item/property/site, Complexity of the problem",,5,No
2026-09-08 12:08:44,P033,Gardening,Landscaping & Design,Basic Landscaping,Yes,2,2,280,205,360,TASK_COMPLETION_BASED,"Size or amount of work, Condition of the item/property/site, Complexity of the problem",,5,No
2026-09-08 12:19:52,P033,Gardening,Planting Services,Plant Flowers,Yes,2,2,60,50,70,TASK_COMPLETION_BASED,"Size or amount of work, Condition of the item/property/site, Complexity of the problem",,5,No
2026-09-08 12:32:26,P034,Repairing,Furniture Repair,Repair Wooden Door,Yes,4,1,100,70,125,TASK_COMPLETION_BASED,"Size or amount of work, Condition of the item/property/site, Complexity of the problem",,5,No
2026-09-08 12:35:23,P034,Repairing,Furniture Repair,Replace Door Hinges,Yes,12,1,30,25,35,TASK_COMPLETION_BASED,"Size or amount of work, Condition of the item/property/site, Complexity of the problem",,5,No
2026-09-08 12:41:13,P034,Repairing,Furniture Repair,Replace Furniture Hardware,Yes,5,1,25,20,30,TASK_COMPLETION_BASED,"Size or amount of work, Condition of the item/property/site, Complexity of the problem",,5,No
2026-09-08 13:11:31,P034,Repairing,Furniture Repair,Assemble Furniture,Yes,7,1,90,70,115,TASK_COMPLETION_BASED,"Size or amount of work, Condition of the item/property/site, Complexity of the problem",,5,No
2026-09-08 13:33:11,P034,Repairing,Painting & Renovation,Paint Room,Yes,3,1,220,185,280,TASK_COMPLETION_BASED,"Size or amount of work, Condition of the item/property/site, Complexity of the problem",,5,No
2026-09-08 13:38:51,P035,Care Support,Pet Care,Feed Pet,Yes,8,2,25,20,30,TASK_COMPLETION_BASED,"Size or amount of work, Condition of the item/property/site, Complexity of the problem",,5,No
2026-09-08 13:51:23,P035,Care Support,Pet Care,Dog Walking,Yes,11,2,45,40,55,FIXED_DURATION,"Size or amount of work, Condition of the item/property/site, Complexity of the problem",,5,No
2026-09-08 14:26:39,P035,Care Support,Pet Care,Pet Grooming,Yes,5,2,80,70,95,TASK_COMPLETION_BASED,"Size or amount of work, Condition of the item/property/site, Complexity of the problem",,5,No
2026-09-08 14:37:32,P035,Care Support,Pet Care,Bathe Pet,Yes,5,2,55,45,75,TASK_COMPLETION_BASED,"Size or amount of work, Condition of the item/property/site, Complexity of the problem",,5,No
2026-09-08 14:44:24,P035,Care Support,Pet Care,Pet Sitting,Yes,6,2,390,340,465,SHIFT_BASED,"Size or amount of work, Condition of the item/property/site, Complexity of the problem",,5,No
2026-09-08 15:05:00,P036,Care Support,Child Care,Baby Care Session,Yes,6,1,170,150,190,FIXED_DURATION,"Size or amount of work, Condition of the item/property/site, Complexity of the problem",,5,No
2026-09-08 15:07:55,P036,Care Support,Child Care,Child Supervision,Yes,4,1,220,195,245,FIXED_DURATION,"Size or amount of work, Condition of the item/property/site, Complexity of the problem",,5,No
2026-09-08 15:10:51,P036,Care Support,Child Care,After-School Child Care,Yes,10,1,190,170,215,FIXED_DURATION,"Size or amount of work, Condition of the item/property/site, Complexity of the problem",,5,No
2026-09-08 15:16:07,P036,Care Support,Personal Assistance,Personal Assistance,Yes,6,1,345,305,385,FIXED_DURATION,"Size or amount of work, Condition of the item/property/site, Complexity of the problem",,5,No
2026-09-08 15:25:32,P036,Care Support,Personal Assistance,Daily Household Assistance,Yes,6,1,160,125,190,TASK_COMPLETION_BASED,"Size or amount of work, Condition of the item/property/site, Complexity of the problem",,5,No
2026-09-08 15:28:30,P037,Cleaning,House Cleaning,General House Cleaning,Yes,6,2,145,125,180,TASK_COMPLETION_BASED,"Size or amount of work, Condition of the item/property/site, Complexity of the problem",,5,No
2026-09-08 15:33:48,P037,Cleaning,House Cleaning,Deep Clean House,Yes,4,2,210,175,270,TASK_COMPLETION_BASED,"Size or amount of work, Condition of the item/property/site, Complexity of the problem",,5,No
2026-09-08 16:11:56,P037,Cleaning,House Cleaning,Clean Single Room,Yes,14,2,55,50,65,TASK_COMPLETION_BASED,"Size or amount of work, Condition of the item/property/site, Complexity of the problem",,5,No
2026-09-08 16:32:02,P037,Cleaning,House Cleaning,Mop and Clean Floors,Yes,6,2,60,50,70,TASK_COMPLETION_BASED,"Size or amount of work, Condition of the item/property/site, Complexity of the problem",,5,No
2026-09-08 16:48:25,P037,Cleaning,House Cleaning,Dust and Surface Cleaning,Yes,10,2,50,45,60,TASK_COMPLETION_BASED,"Size or amount of work, Condition of the item/property/site, Complexity of the problem",,5,No
2026-09-08 16:55:30,P037,Cleaning,House Cleaning,Full Home Cleaning,Yes,5,2,200,165,240,TASK_COMPLETION_BASED,"Size or amount of work, Condition of the item/property/site, Complexity of the problem",,5,No
2026-09-08 17:10:02,P038,Gardening,Garden Cleaning,General Garden Cleaning,Yes,2,2,100,85,120,TASK_COMPLETION_BASED,"Size or amount of work, Condition of the item/property/site, Complexity of the problem",,5,No
2026-09-08 17:35:40,P038,Gardening,Garden Cleaning,Remove Garden Waste,Yes,3,2,85,70,115,TASK_COMPLETION_BASED,"Size or amount of work, Condition of the item/property/site, Complexity of the problem",,5,No
2026-09-08 17:47:16,P038,Gardening,Garden Cleaning,Clear Overgrown Garden,Yes,3,2,210,145,280,TASK_COMPLETION_BASED,"Size or amount of work, Condition of the item/property/site, Complexity of the problem",,5,No
2026-09-08 17:52:28,P039,Care Support,Child Care,Babysitting,Yes,9,1,250,230,295,FIXED_DURATION,"Size or amount of work, Condition of the item/property/site, Complexity of the problem",,5,No
2026-09-08 18:29:15,P039,Care Support,Child Care,Baby Care Session,Yes,10,1,165,150,185,FIXED_DURATION,"Size or amount of work, Condition of the item/property/site, Complexity of the problem",,5,No
2026-09-08 19:24:35,P039,Care Support,Child Care,Child Supervision,Yes,9,1,225,205,255,SHIFT_BASED,"Size or amount of work, Condition of the item/property/site, Complexity of the problem",,5,No
2026-09-08 19:34:49,P039,Care Support,Child Care,After-School Child Care,Yes,15,1,185,160,210,FIXED_DURATION,"Size or amount of work, Condition of the item/property/site, Complexity of the problem",,5,No
2026-09-08 19:58:31,P039,Care Support,Personal Assistance,Home Helper Session,Yes,9,1,280,250,315,FIXED_DURATION,"Size or amount of work, Condition of the item/property/site, Complexity of the problem",,5,No
2026-09-08 19:59:31,P039,Care Support,Personal Assistance,Errand Assistance,Yes,9,1,90,65,115,TASK_COMPLETION_BASED,"Size or amount of work, Condition of the item/property/site, Complexity of the problem",,5,No
2026-09-08 20:09:24,P039,Care Support,Personal Assistance,Daily Task Support,Yes,10,1,120,105,140,FIXED_DURATION,"Size or amount of work, Condition of the item/property/site, Complexity of the problem",,5,No
2026-09-08 20:26:21,P040,Repairing,Electrical Repair,Repair Ceiling Fan,Yes,4,1,60,50,70,TASK_COMPLETION_BASED,"Size or amount of work, Condition of the item/property/site, Complexity of the problem",,5,No
2026-09-08 20:56:11,P040,Repairing,Electrical Repair,Repair Switch,Yes,8,1,25,20,30,TASK_COMPLETION_BASED,"Size or amount of work, Condition of the item/property/site, Complexity of the problem",,5,No
2026-09-08 21:09:35,P040,Repairing,Electrical Repair,Replace Damaged Wiring,Yes,2,1,130,100,175,TASK_COMPLETION_BASED,"Size or amount of work, Condition of the item/property/site, Complexity of the problem",,5,No
2026-09-08 21:13:27,P040,Repairing,Electrical Repair,Diagnose Refrigerator Fault,Yes,2,1,55,35,75,TASK_COMPLETION_BASED,"Size or amount of work, Condition of the item/property/site, Complexity of the problem",,5,No
2026-09-08 21:26:07,P040,Repairing,Electrical Repair,Repair Rice Cooker,Yes,2,1,50,40,65,TASK_COMPLETION_BASED,"Size or amount of work, Condition of the item/property/site, Complexity of the problem",,5,No
2026-09-08 21:41:38,P040,Repairing,Electrical Repair,Repair Air Conditioner,Yes,4,1,100,70,125,TASK_COMPLETION_BASED,"Size or amount of work, Condition of the item/property/site, Complexity of the problem",,5,No
2026-09-09 08:14:42,P040,Repairing,Electrical Repair,Service Air Conditioner,Yes,9,1,60,50,70,TASK_COMPLETION_BASED,"Size or amount of work, Condition of the item/property/site, Complexity of the problem",,5,No
2026-09-09 08:18:08,P041,Gardening,Landscaping & Design,Design Small Garden,Yes,3,3,185,140,235,TASK_COMPLETION_BASED,"Size or amount of work, Condition of the item/property/site, Complexity of the problem",,5,No
2026-09-09 08:27:17,P041,Gardening,Landscaping & Design,Design Medium Garden,Yes,3,3,280,210,350,TASK_COMPLETION_BASED,"Size or amount of work, Condition of the item/property/site, Complexity of the problem",,5,No
2026-09-09 10:55:03,P041,Gardening,Landscaping & Design,Set Up New Garden,Yes,3,3,280,215,375,TASK_COMPLETION_BASED,"Size or amount of work, Condition of the item/property/site, Complexity of the problem",,5,No
2026-09-09 11:06:30,P041,Gardening,Landscaping & Design,Basic Landscaping,Yes,2,3,255,195,335,TASK_COMPLETION_BASED,"Size or amount of work, Condition of the item/property/site, Complexity of the problem",,5,No
2026-09-09 11:07:34,P041,Gardening,Landscaping & Design,Landscape Existing Garden,Yes,4,3,415,325,555,TASK_COMPLETION_BASED,"Size or amount of work, Condition of the item/property/site, Complexity of the problem",,5,No
2026-09-09 11:19:04,P042,Repairing,Electrical Repair,Install Ceiling Fan,Yes,4,1,75,65,85,TASK_COMPLETION_BASED,"Size or amount of work, Condition of the item/property/site, Complexity of the problem",,5,No
2026-09-09 11:44:27,P042,Repairing,Electrical Repair,Repair Light Circuit,Yes,5,1,50,40,65,TASK_COMPLETION_BASED,"Size or amount of work, Condition of the item/property/site, Complexity of the problem",,5,No
2026-09-09 11:48:06,P042,Repairing,Electrical Repair,Install Switch,Yes,8,1,30,25,35,TASK_COMPLETION_BASED,"Size or amount of work, Condition of the item/property/site, Complexity of the problem",,5,No
2026-09-09 12:34:59,P042,Repairing,Electrical Repair,Replace Distribution Board Component,Yes,2,1,80,65,105,TASK_COMPLETION_BASED,"Size or amount of work, Condition of the item/property/site, Complexity of the problem",,5,No
2026-09-09 12:47:46,P043,Cleaning,Office Cleaning,Clean Small Office,Yes,5,4,110,95,130,TASK_COMPLETION_BASED,"Size or amount of work, Condition of the item/property/site, Complexity of the problem",,5,No
2026-09-09 13:24:19,P043,Cleaning,Office Cleaning,Clean Retail Shop,Yes,9,4,125,100,150,TASK_COMPLETION_BASED,"Size or amount of work, Condition of the item/property/site, Complexity of the problem",,5,No
2026-09-09 13:49:21,P043,Cleaning,Office Cleaning,Deep Clean Office,Yes,5,4,280,225,350,TASK_COMPLETION_BASED,"Size or amount of work, Condition of the item/property/site, Complexity of the problem",,5,No
2026-09-09 13:54:19,P043,Cleaning,Office Cleaning,Clean Office Floors,Yes,11,4,70,60,85,TASK_COMPLETION_BASED,"Size or amount of work, Condition of the item/property/site, Complexity of the problem",,5,No
2026-09-09 14:16:41,P043,Cleaning,Post-Construction Cleaning,Post-Construction House Cleaning,Yes,3,4,270,195,355,TASK_COMPLETION_BASED,"Size or amount of work, Condition of the item/property/site, Complexity of the problem",,5,No
2026-09-09 14:17:05,P043,Cleaning,Post-Construction Cleaning,Remove Construction Dust,Yes,3,4,180,135,235,TASK_COMPLETION_BASED,"Size or amount of work, Condition of the item/property/site, Complexity of the problem",,5,No
2026-09-09 14:18:56,P043,Cleaning,Post-Construction Cleaning,Clean Post-Renovation Area,Yes,4,4,165,125,210,TASK_COMPLETION_BASED,"Size or amount of work, Condition of the item/property/site, Complexity of the problem",,5,No
2026-09-09 14:19:02,P044,Cleaning,Bathroom Cleaning,Deep Clean Bathroom,Yes,6,1,95,85,125,TASK_COMPLETION_BASED,"Size or amount of work, Condition of the item/property/site, Complexity of the problem",,5,No
2026-09-09 14:21:58,P044,Cleaning,Kitchen Cleaning,General Kitchen Cleaning,Yes,4,1,80,70,95,TASK_COMPLETION_BASED,"Size or amount of work, Condition of the item/property/site, Complexity of the problem",,5,No
2026-09-09 14:24:51,P044,Cleaning,Kitchen Cleaning,Clean Kitchen Cabinets,Yes,7,1,75,60,95,TASK_COMPLETION_BASED,"Size or amount of work, Condition of the item/property/site, Complexity of the problem",,5,No
2026-09-09 14:48:47,P044,Cleaning,Kitchen Cleaning,Degrease Cooking Area,Yes,8,1,65,55,80,TASK_COMPLETION_BASED,"Size or amount of work, Condition of the item/property/site, Complexity of the problem",,5,No
2026-09-09 15:33:53,P044,Cleaning,Kitchen Cleaning,Clean Kitchen Floor,Yes,5,1,30,25,35,TASK_COMPLETION_BASED,"Size or amount of work, Condition of the item/property/site, Complexity of the problem",,5,No
2026-09-09 15:40:06,P045,Repairing,Plumbing Repair,Install Tap,Yes,3,2,35,30,40,TASK_COMPLETION_BASED,"Size or amount of work, Condition of the item/property/site, Complexity of the problem",,5,No
2026-09-09 15:44:42,P045,Repairing,Plumbing Repair,Replace Tap,Yes,7,2,30,25,35,TASK_COMPLETION_BASED,"Size or amount of work, Condition of the item/property/site, Complexity of the problem",,5,No
2026-09-09 15:46:30,P045,Repairing,Plumbing Repair,Clean Water Tank,Yes,2,2,135,110,160,TASK_COMPLETION_BASED,"Size or amount of work, Condition of the item/property/site, Complexity of the problem",,5,No
2026-09-09 15:52:07,P045,Repairing,Plumbing Repair,Install Bathroom Pipe,Yes,2,2,140,115,180,TASK_COMPLETION_BASED,"Size or amount of work, Condition of the item/property/site, Complexity of the problem",,5,No
2026-09-09 16:02:07,P046,Cleaning,Bathroom Cleaning,General Bathroom Cleaning,Yes,8,2,60,55,70,TASK_COMPLETION_BASED,"Size or amount of work, Condition of the item/property/site, Complexity of the problem",,5,No
2026-09-09 16:06:05,P046,Cleaning,Bathroom Cleaning,Clean Toilet,Yes,4,2,25,20,30,TASK_COMPLETION_BASED,"Size or amount of work, Condition of the item/property/site, Complexity of the problem",,5,No
2026-09-09 16:35:30,P046,Cleaning,Bathroom Cleaning,Clean Washroom,Yes,8,2,40,35,45,TASK_COMPLETION_BASED,"Size or amount of work, Condition of the item/property/site, Complexity of the problem",,5,No
2026-09-09 16:38:55,P046,Cleaning,Bathroom Cleaning,Remove Bathroom Stains,Yes,4,2,55,40,75,TASK_COMPLETION_BASED,"Size or amount of work, Condition of the item/property/site, Complexity of the problem",,5,No
2026-09-09 17:06:48,P046,Cleaning,Kitchen Cleaning,Clean Kitchen Floor,Yes,7,2,30,25,35,TASK_COMPLETION_BASED,"Size or amount of work, Condition of the item/property/site, Complexity of the problem",,5,No
2026-09-09 17:09:54,P047,Gardening,Garden Maintenance,Mow Lawn,Yes,8,1,80,70,100,TASK_COMPLETION_BASED,"Size or amount of work, Condition of the item/property/site, Complexity of the problem",,5,No
2026-09-09 17:17:47,P047,Gardening,Garden Maintenance,Remove Weeds,Yes,6,1,95,70,110,TASK_COMPLETION_BASED,"Size or amount of work, Condition of the item/property/site, Complexity of the problem",,5,No
2026-09-09 17:37:11,P047,Gardening,Garden Maintenance,Trim Tree Branches,Yes,4,1,130,90,160,TASK_COMPLETION_BASED,"Size or amount of work, Condition of the item/property/site, Complexity of the problem",,5,No
2026-09-09 17:39:42,P048,Repairing,Painting & Renovation,Paint Interior Wall,Yes,2,2,125,100,150,TASK_COMPLETION_BASED,"Size or amount of work, Condition of the item/property/site, Complexity of the problem",,5,No
2026-09-09 17:57:22,P048,Repairing,Painting & Renovation,Paint Exterior Wall,Yes,2,2,220,165,280,TASK_COMPLETION_BASED,"Size or amount of work, Condition of the item/property/site, Complexity of the problem",,5,No
2026-09-09 18:13:08,P048,Repairing,Painting & Renovation,Paint Ceiling,Yes,2,2,110,90,135,TASK_COMPLETION_BASED,"Size or amount of work, Condition of the item/property/site, Complexity of the problem",,5,No
2026-09-09 18:16:44,P048,Repairing,Painting & Renovation,Repair Wall Crack,Yes,5,2,70,45,90,TASK_COMPLETION_BASED,"Size or amount of work, Condition of the item/property/site, Complexity of the problem",,5,No
2026-09-09 19:04:24,P048,Repairing,Painting & Renovation,Minor Renovation Work,Yes,2,2,250,165,340,TASK_COMPLETION_BASED,"Size or amount of work, Condition of the item/property/site, Complexity of the problem",,5,No
2026-09-09 19:15:05,P049,Care Support,Disability Support,Mobility Support,Yes,6,3,95,75,105,FIXED_DURATION,"Size or amount of work, Condition of the item/property/site, Complexity of the problem",,5,No
2026-09-09 19:50:04,P049,Care Support,Disability Support,Daily Living Assistance,Yes,6,3,375,335,425,SHIFT_BASED,"Size or amount of work, Condition of the item/property/site, Complexity of the problem",,5,No
2026-09-09 20:05:53,P049,Care Support,Elderly Care,Elderly Home Care,Yes,8,3,290,260,320,FIXED_DURATION,"Size or amount of work, Condition of the item/property/site, Complexity of the problem",,5,No
2026-09-09 20:10:33,P049,Care Support,Elderly Care,Elderly Assistance Session,Yes,15,3,135,120,155,FIXED_DURATION,"Size or amount of work, Condition of the item/property/site, Complexity of the problem",,5,No
2026-09-09 20:43:53,P049,Care Support,Elderly Care,Mobility Assistance,Yes,14,3,90,80,105,FIXED_DURATION,"Size or amount of work, Condition of the item/property/site, Complexity of the problem",,5,No
2026-09-09 21:05:18,P050,Repairing,Furniture Repair,Repair Wooden Chair,Yes,4,3,50,45,60,TASK_COMPLETION_BASED,"Size or amount of work, Condition of the item/property/site, Complexity of the problem",,5,No
2026-09-09 21:19:28,P050,Repairing,Furniture Repair,Repair Dining Table,Yes,3,3,80,65,90,TASK_COMPLETION_BASED,"Size or amount of work, Condition of the item/property/site, Complexity of the problem",,5,No
2026-09-09 21:38:34,P050,Repairing,Furniture Repair,Repair Cabinet,Yes,6,3,90,75,120,TASK_COMPLETION_BASED,"Size or amount of work, Condition of the item/property/site, Complexity of the problem",,5,No
2026-09-09 21:43:49,P051,Repairing,Painting & Renovation,Paint Ceiling,Yes,2,4,115,95,140,TASK_COMPLETION_BASED,"Size or amount of work, Condition of the item/property/site, Complexity of the problem",,5,No
2026-09-10 08:15:29,P051,Repairing,Painting & Renovation,Repair Ceiling,Yes,3,4,135,100,180,TASK_COMPLETION_BASED,"Size or amount of work, Condition of the item/property/site, Complexity of the problem",,5,No
2026-09-10 08:44:19,P051,Repairing,Painting & Renovation,Repair Floor Tile,Yes,4,4,120,95,165,TASK_COMPLETION_BASED,"Size or amount of work, Condition of the item/property/site, Complexity of the problem",,5,No
2026-09-10 09:08:08,P052,Gardening,Garden Maintenance,Water Plants,Yes,14,1,35,30,40,TASK_COMPLETION_BASED,"Size or amount of work, Condition of the item/property/site, Complexity of the problem",,5,No
2026-09-10 09:19:17,P052,Gardening,Garden Maintenance,Cut Grass,Yes,8,1,90,75,105,TASK_COMPLETION_BASED,"Size or amount of work, Condition of the item/property/site, Complexity of the problem",,5,No
2026-09-10 09:30:33,P052,Gardening,Garden Maintenance,Prune Plants,Yes,7,1,70,55,85,TASK_COMPLETION_BASED,"Size or amount of work, Condition of the item/property/site, Complexity of the problem",,5,No
2026-09-10 09:49:48,P053,Repairing,Electrical Repair,Replace Switch,Yes,15,1,20,15,25,TASK_COMPLETION_BASED,"Size or amount of work, Condition of the item/property/site, Complexity of the problem",,5,No
2026-09-10 09:51:41,P053,Repairing,Electrical Repair,Repair Power Socket,Yes,7,1,35,30,40,TASK_COMPLETION_BASED,"Size or amount of work, Condition of the item/property/site, Complexity of the problem",,5,No
2026-09-10 10:06:50,P053,Repairing,Electrical Repair,Replace Damaged Wiring,Yes,3,1,125,90,175,TASK_COMPLETION_BASED,"Size or amount of work, Condition of the item/property/site, Complexity of the problem",,5,No
2026-09-10 10:13:23,P053,Repairing,Electrical Repair,Repair Distribution Board,Yes,3,1,125,90,165,TASK_COMPLETION_BASED,"Size or amount of work, Condition of the item/property/site, Complexity of the problem",,5,No
2026-09-10 10:18:53,P053,Repairing,Electrical Repair,Repair Microwave Oven,Yes,2,1,60,50,75,TASK_COMPLETION_BASED,"Size or amount of work, Condition of the item/property/site, Complexity of the problem",,5,No
2026-09-10 10:32:48,P053,Repairing,Electrical Repair,Repair Air Conditioner,Yes,4,1,85,60,105,TASK_COMPLETION_BASED,"Size or amount of work, Condition of the item/property/site, Complexity of the problem",,5,No
2026-09-10 10:53:32,P054,Care Support,Disability Support,Mobility Support,Yes,9,1,90,75,100,FIXED_DURATION,"Size or amount of work, Condition of the item/property/site, Complexity of the problem",,5,No
2026-09-10 10:59:11,P054,Care Support,Elderly Care,Medication Assistance,Yes,12,1,20,15,25,TASK_COMPLETION_BASED,"Size or amount of work, Condition of the item/property/site, Complexity of the problem",,5,No
2026-09-10 11:01:53,P054,Care Support,Personal Assistance,Daily Household Assistance,Yes,6,1,180,145,210,TASK_COMPLETION_BASED,"Size or amount of work, Condition of the item/property/site, Complexity of the problem",,5,No
2026-09-10 11:05:08,P054,Care Support,Personal Assistance,Daily Task Support,Yes,7,1,125,110,145,FIXED_DURATION,"Size or amount of work, Condition of the item/property/site, Complexity of the problem",,5,No
2026-09-10 11:09:50,P055,Repairing,Furniture Repair,Repair Wooden Chair,Yes,6,1,50,45,60,TASK_COMPLETION_BASED,"Size or amount of work, Condition of the item/property/site, Complexity of the problem",,5,No
2026-09-10 11:13:10,P055,Repairing,Furniture Repair,Repair Dining Table,Yes,6,1,85,65,100,TASK_COMPLETION_BASED,"Size or amount of work, Condition of the item/property/site, Complexity of the problem",,5,No
2026-09-10 11:47:32,P055,Repairing,Furniture Repair,Repair Sofa Frame,Yes,1,1,115,95,165,TASK_COMPLETION_BASED,"Size or amount of work, Condition of the item/property/site, Complexity of the problem",,5,No
2026-09-10 11:51:57,P055,Repairing,Furniture Repair,Repair Bed Frame,Yes,3,1,120,100,155,TASK_COMPLETION_BASED,"Size or amount of work, Condition of the item/property/site, Complexity of the problem",,5,No
2026-09-10 12:02:42,P055,Repairing,Furniture Repair,Repair Cabinet,Yes,5,1,85,70,110,TASK_COMPLETION_BASED,"Size or amount of work, Condition of the item/property/site, Complexity of the problem",,5,No
2026-09-10 12:36:29,P055,Repairing,Furniture Repair,Replace Furniture Hardware,Yes,5,1,25,20,30,TASK_COMPLETION_BASED,"Size or amount of work, Condition of the item/property/site, Complexity of the problem",,5,No
2026-09-10 12:42:44,P055,Repairing,Furniture Repair,Assemble Furniture,Yes,4,1,90,70,110,TASK_COMPLETION_BASED,"Size or amount of work, Condition of the item/property/site, Complexity of the problem",,5,No
2026-09-10 13:02:36,P056,Care Support,Disability Support,Personal Disability Assistance,Yes,5,1,195,170,220,FIXED_DURATION,"Size or amount of work, Condition of the item/property/site, Complexity of the problem",,5,No
2026-09-10 13:07:32,P056,Care Support,Disability Support,Mobility Support,Yes,6,1,90,75,100,FIXED_DURATION,"Size or amount of work, Condition of the item/property/site, Complexity of the problem",,5,No
2026-09-10 13:17:51,P056,Care Support,Disability Support,Daily Living Assistance,Yes,9,1,345,310,390,SHIFT_BASED,"Size or amount of work, Condition of the item/property/site, Complexity of the problem",,5,No
2026-09-10 13:28:30,P056,Care Support,Disability Support,Special Needs Support Session,Yes,4,1,120,105,135,FIXED_DURATION,"Size or amount of work, Condition of the item/property/site, Complexity of the problem",,5,No
2026-09-10 14:46:10,P057,Cleaning,Bathroom Cleaning,General Bathroom Cleaning,Yes,15,2,55,50,65,TASK_COMPLETION_BASED,"Size or amount of work, Condition of the item/property/site, Complexity of the problem",,5,No
2026-09-10 14:47:52,P057,Cleaning,Bathroom Cleaning,Deep Clean Bathroom,Yes,6,2,95,85,120,TASK_COMPLETION_BASED,"Size or amount of work, Condition of the item/property/site, Complexity of the problem",,5,No
2026-09-10 15:50:47,P057,Cleaning,Bathroom Cleaning,Clean Toilet,Yes,6,2,30,25,35,TASK_COMPLETION_BASED,"Size or amount of work, Condition of the item/property/site, Complexity of the problem",,5,No
2026-09-10 15:53:19,P057,Cleaning,Bathroom Cleaning,Clean Washroom,Yes,7,2,45,40,50,TASK_COMPLETION_BASED,"Size or amount of work, Condition of the item/property/site, Complexity of the problem",,5,No
2026-09-10 16:08:24,P057,Cleaning,Bathroom Cleaning,Remove Bathroom Stains,Yes,3,2,60,45,85,TASK_COMPLETION_BASED,"Size or amount of work, Condition of the item/property/site, Complexity of the problem",,5,No
2026-09-10 16:21:30,P058,Gardening,Garden Cleaning,General Garden Cleaning,Yes,2,2,120,95,145,TASK_COMPLETION_BASED,"Size or amount of work, Condition of the item/property/site, Complexity of the problem",,5,No
2026-09-10 16:27:11,P058,Gardening,Garden Cleaning,Remove Garden Waste,Yes,3,2,90,70,115,TASK_COMPLETION_BASED,"Size or amount of work, Condition of the item/property/site, Complexity of the problem",,5,No
2026-09-10 16:28:47,P058,Gardening,Planting Services,Plant Vegetables,Yes,5,2,90,70,115,TASK_COMPLETION_BASED,"Size or amount of work, Condition of the item/property/site, Complexity of the problem",,5,No
2026-09-10 16:33:36,P058,Gardening,Planting Services,Plant Small Tree,Yes,8,2,50,40,60,TASK_COMPLETION_BASED,"Size or amount of work, Condition of the item/property/site, Complexity of the problem",,5,No
2026-09-10 16:52:01,P058,Gardening,Planting Services,Plant Large Tree,Yes,2,2,115,85,160,TASK_COMPLETION_BASED,"Size or amount of work, Condition of the item/property/site, Complexity of the problem",,5,No
2026-09-10 17:00:30,P058,Gardening,Planting Services,Plant Garden Plants,Yes,4,2,95,75,115,TASK_COMPLETION_BASED,"Size or amount of work, Condition of the item/property/site, Complexity of the problem",,5,No
2026-09-10 17:04:58,P058,Gardening,Planting Services,Prepare Planting Area,Yes,3,2,105,80,130,TASK_COMPLETION_BASED,"Size or amount of work, Condition of the item/property/site, Complexity of the problem",,5,No
2026-09-10 17:38:36,P059,Cleaning,House Cleaning,General House Cleaning,Yes,12,3,110,90,135,TASK_COMPLETION_BASED,"Size or amount of work, Condition of the item/property/site, Complexity of the problem",,5,No
2026-09-10 18:07:48,P059,Cleaning,House Cleaning,Deep Clean House,Yes,7,3,195,160,255,TASK_COMPLETION_BASED,"Size or amount of work, Condition of the item/property/site, Complexity of the problem",,5,No
2026-09-10 18:18:45,P059,Cleaning,House Cleaning,Mop and Clean Floors,Yes,13,3,55,45,65,TASK_COMPLETION_BASED,"Size or amount of work, Condition of the item/property/site, Complexity of the problem",,5,No
2026-09-10 18:40:29,P059,Cleaning,House Cleaning,Dust and Surface Cleaning,Yes,14,3,50,45,60,TASK_COMPLETION_BASED,"Size or amount of work, Condition of the item/property/site, Complexity of the problem",,5,No
2026-09-10 18:56:50,P059,Cleaning,House Cleaning,Full Home Cleaning,Yes,6,3,185,140,220,TASK_COMPLETION_BASED,"Size or amount of work, Condition of the item/property/site, Complexity of the problem",,5,No
2026-09-10 19:08:43,P059,Cleaning,Kitchen Cleaning,General Kitchen Cleaning,Yes,5,3,65,55,75,TASK_COMPLETION_BASED,"Size or amount of work, Condition of the item/property/site, Complexity of the problem",,5,No
2026-09-10 19:28:48,P059,Cleaning,Kitchen Cleaning,Clean Kitchen Cabinets,Yes,3,3,65,55,85,TASK_COMPLETION_BASED,"Size or amount of work, Condition of the item/property/site, Complexity of the problem",,5,No
2026-09-10 19:48:53,P059,Cleaning,Kitchen Cleaning,Degrease Cooking Area,Yes,4,3,65,55,80,TASK_COMPLETION_BASED,"Size or amount of work, Condition of the item/property/site, Complexity of the problem",,5,No
2026-09-10 19:53:58,P060,Gardening,Landscaping & Design,Basic Landscaping,Yes,1,4,270,200,345,TASK_COMPLETION_BASED,"Size or amount of work, Condition of the item/property/site, Complexity of the problem",,5,No
2026-09-10 20:17:25,P060,Gardening,Landscaping & Design,Landscape Existing Garden,Yes,2,4,360,260,495,TASK_COMPLETION_BASED,"Size or amount of work, Condition of the item/property/site, Complexity of the problem",,5,No
2026-09-10 20:25:57,P060,Gardening,Planting Services,Plant Flowers,Yes,7,4,60,50,70,TASK_COMPLETION_BASED,"Size or amount of work, Condition of the item/property/site, Complexity of the problem",,5,No
2026-09-10 20:54:33,P060,Gardening,Planting Services,Plant Vegetables,Yes,6,4,75,60,100,TASK_COMPLETION_BASED,"Size or amount of work, Condition of the item/property/site, Complexity of the problem",,5,No
2026-09-10 20:58:58,P060,Gardening,Planting Services,Plant Garden Plants,Yes,5,4,70,55,85,TASK_COMPLETION_BASED,"Size or amount of work, Condition of the item/property/site, Complexity of the problem",,5,No
2026-09-10 21:01:33,P061,Care Support,Elderly Care,Elderly Home Care,Yes,8,1,285,260,315,SHIFT_BASED,"Size or amount of work, Condition of the item/property/site, Complexity of the problem",,5,No
2026-09-10 21:04:28,P061,Care Support,Elderly Care,Elderly Assistance Session,Yes,7,1,135,120,160,FIXED_DURATION,"Size or amount of work, Condition of the item/property/site, Complexity of the problem",,5,No
2026-09-10 21:06:35,P061,Care Support,Elderly Care,Mobility Assistance,Yes,8,1,90,80,105,FIXED_DURATION,"Size or amount of work, Condition of the item/property/site, Complexity of the problem",,5,No
2026-09-10 21:27:36,P061,Care Support,Personal Assistance,Home Helper Session,Yes,9,1,275,245,315,FIXED_DURATION,"Size or amount of work, Condition of the item/property/site, Complexity of the problem",,5,No
2026-09-10 21:33:16,P061,Care Support,Personal Assistance,Personal Assistance,Yes,5,1,330,295,360,SHIFT_BASED,"Size or amount of work, Condition of the item/property/site, Complexity of the problem",,5,No
2026-09-11 08:01:22,P061,Care Support,Personal Assistance,Daily Household Assistance,Yes,7,1,175,140,205,TASK_COMPLETION_BASED,"Size or amount of work, Condition of the item/property/site, Complexity of the problem",,5,No
2026-09-11 08:31:15,P061,Care Support,Personal Assistance,Daily Task Support,Yes,11,1,115,100,135,FIXED_DURATION,"Size or amount of work, Condition of the item/property/site, Complexity of the problem",,5,No
2026-09-11 09:00:42,P062,Cleaning,Office Cleaning,Clean Small Office,Yes,8,2,105,90,125,TASK_COMPLETION_BASED,"Size or amount of work, Condition of the item/property/site, Complexity of the problem",,5,No
2026-09-11 09:22:36,P062,Cleaning,Office Cleaning,Clean Medium Office,Yes,5,2,160,125,200,TASK_COMPLETION_BASED,"Size or amount of work, Condition of the item/property/site, Complexity of the problem",,5,No
2026-09-11 10:04:06,P062,Cleaning,Office Cleaning,Clean Retail Shop,Yes,5,2,130,110,155,TASK_COMPLETION_BASED,"Size or amount of work, Condition of the item/property/site, Complexity of the problem",,5,No
2026-09-11 10:23:25,P062,Cleaning,Office Cleaning,Deep Clean Office,Yes,3,2,245,195,310,TASK_COMPLETION_BASED,"Size or amount of work, Condition of the item/property/site, Complexity of the problem",,5,No
2026-09-11 10:31:05,P062,Cleaning,Office Cleaning,Clean Office Floors,Yes,7,2,85,75,100,TASK_COMPLETION_BASED,"Size or amount of work, Condition of the item/property/site, Complexity of the problem",,5,No
2026-09-11 10:35:42,P062,Cleaning,Post-Construction Cleaning,Post-Construction House Cleaning,Yes,2,2,345,255,475,TASK_COMPLETION_BASED,"Size or amount of work, Condition of the item/property/site, Complexity of the problem",,5,No
2026-09-11 11:04:47,P062,Cleaning,Post-Construction Cleaning,Remove Construction Dust,Yes,2,2,185,135,240,TASK_COMPLETION_BASED,"Size or amount of work, Condition of the item/property/site, Complexity of the problem",,5,No
2026-09-11 11:27:46,P062,Cleaning,Post-Construction Cleaning,Clean Post-Renovation Area,Yes,3,2,155,120,210,TASK_COMPLETION_BASED,"Size or amount of work, Condition of the item/property/site, Complexity of the problem",,5,No
2026-09-11 11:39:06,P063,Repairing,Electrical Repair,Repair Light Circuit,Yes,3,2,50,45,65,TASK_COMPLETION_BASED,"Size or amount of work, Condition of the item/property/site, Complexity of the problem",,5,No
2026-09-11 11:51:09,P063,Repairing,Electrical Repair,Replace Switch,Yes,6,2,20,15,25,TASK_COMPLETION_BASED,"Size or amount of work, Condition of the item/property/site, Complexity of the problem",,5,No
2026-09-11 12:23:30,P063,Repairing,Electrical Repair,Replace Damaged Wiring,Yes,2,2,125,95,175,TASK_COMPLETION_BASED,"Size or amount of work, Condition of the item/property/site, Complexity of the problem",,5,No
2026-09-11 12:26:36,P063,Repairing,Electrical Repair,Repair Television,Yes,3,2,110,85,145,TASK_COMPLETION_BASED,"Size or amount of work, Condition of the item/property/site, Complexity of the problem",,5,No
2026-09-11 12:42:03,P063,Repairing,Electrical Repair,Repair Air Conditioner,Yes,4,2,105,75,130,TASK_COMPLETION_BASED,"Size or amount of work, Condition of the item/property/site, Complexity of the problem",,5,No
2026-09-11 13:38:33,P063,Repairing,Electrical Repair,Service Air Conditioner,Yes,6,2,65,55,75,TASK_COMPLETION_BASED,"Size or amount of work, Condition of the item/property/site, Complexity of the problem",,5,No
2026-09-11 13:56:26,P064,Gardening,Garden Maintenance,Water Plants,Yes,15,5,35,30,40,TASK_COMPLETION_BASED,"Size or amount of work, Condition of the item/property/site, Complexity of the problem",,5,No
2026-09-11 14:57:49,P064,Gardening,Garden Maintenance,Mow Lawn,Yes,8,5,70,65,85,TASK_COMPLETION_BASED,"Size or amount of work, Condition of the item/property/site, Complexity of the problem",,5,No
2026-09-11 15:00:15,P064,Gardening,Garden Maintenance,Remove Weeds,Yes,9,5,70,50,85,TASK_COMPLETION_BASED,"Size or amount of work, Condition of the item/property/site, Complexity of the problem",,5,No
2026-09-11 15:00:35,P064,Gardening,Landscaping & Design,Design Small Garden,Yes,2,5,225,175,280,TASK_COMPLETION_BASED,"Size or amount of work, Condition of the item/property/site, Complexity of the problem",,5,No
2026-09-11 15:15:13,P064,Gardening,Landscaping & Design,Landscape Existing Garden,Yes,2,5,390,285,550,TASK_COMPLETION_BASED,"Size or amount of work, Condition of the item/property/site, Complexity of the problem",,5,No
2026-09-11 15:15:32,P064,Gardening,Planting Services,Plant Vegetables,Yes,5,5,80,65,100,TASK_COMPLETION_BASED,"Size or amount of work, Condition of the item/property/site, Complexity of the problem",,5,No
2026-09-11 15:28:55,P064,Gardening,Planting Services,Prepare Planting Area,Yes,3,5,85,65,105,TASK_COMPLETION_BASED,"Size or amount of work, Condition of the item/property/site, Complexity of the problem",,5,No
2026-09-11 15:50:30,P065,Care Support,Pet Care,Feed Pet,Yes,12,1,25,20,30,TASK_COMPLETION_BASED,"Size or amount of work, Condition of the item/property/site, Complexity of the problem",,5,No
2026-09-11 15:59:13,P065,Care Support,Pet Care,Pet Grooming,Yes,7,1,85,75,100,TASK_COMPLETION_BASED,"Size or amount of work, Condition of the item/property/site, Complexity of the problem",,5,No
2026-09-11 16:11:44,P065,Care Support,Pet Care,Pet Cleaning,Yes,8,1,60,55,70,TASK_COMPLETION_BASED,"Size or amount of work, Condition of the item/property/site, Complexity of the problem",,5,No
2026-09-11 16:58:18,P066,Gardening,Planting Services,Plant Vegetables,Yes,3,3,75,60,95,TASK_COMPLETION_BASED,"Size or amount of work, Condition of the item/property/site, Complexity of the problem",,5,No
2026-09-11 17:16:36,P066,Gardening,Planting Services,Plant Small Tree,Yes,3,3,50,45,60,TASK_COMPLETION_BASED,"Size or amount of work, Condition of the item/property/site, Complexity of the problem",,5,No
2026-09-11 17:33:15,P066,Gardening,Planting Services,Plant Large Tree,Yes,4,3,90,65,120,TASK_COMPLETION_BASED,"Size or amount of work, Condition of the item/property/site, Complexity of the problem",,5,No
2026-09-11 17:38:36,P067,Care Support,Disability Support,Special Needs Support Session,Yes,7,1,120,105,140,FIXED_DURATION,"Size or amount of work, Condition of the item/property/site, Complexity of the problem",,5,No
2026-09-11 17:44:22,P067,Care Support,Elderly Care,Elderly Assistance Session,Yes,9,1,140,125,165,FIXED_DURATION,"Size or amount of work, Condition of the item/property/site, Complexity of the problem",,5,No
2026-09-11 17:47:20,P067,Care Support,Elderly Care,Home Nursing Visit,Yes,8,1,80,70,90,FIXED_DURATION,"Size or amount of work, Condition of the item/property/site, Complexity of the problem",,5,No
2026-09-11 18:34:38,P067,Care Support,Elderly Care,Medication Assistance,Yes,23,1,20,15,25,TASK_COMPLETION_BASED,"Size or amount of work, Condition of the item/property/site, Complexity of the problem",,5,No
2026-09-11 18:47:50,P067,Care Support,Elderly Care,Mobility Assistance,Yes,10,1,95,85,110,FIXED_DURATION,"Size or amount of work, Condition of the item/property/site, Complexity of the problem",,5,No
2026-09-11 19:59:08,P067,Care Support,Personal Assistance,Home Helper Session,Yes,9,1,270,245,305,SHIFT_BASED,"Size or amount of work, Condition of the item/property/site, Complexity of the problem",,5,No
2026-09-11 20:18:19,P068,Repairing,Painting & Renovation,Paint Interior Wall,Yes,1,5,120,100,145,TASK_COMPLETION_BASED,"Size or amount of work, Condition of the item/property/site, Complexity of the problem",,5,No
2026-09-11 20:19:27,P068,Repairing,Painting & Renovation,Paint Exterior Wall,Yes,5,5,225,180,295,TASK_COMPLETION_BASED,"Size or amount of work, Condition of the item/property/site, Complexity of the problem",,5,No
2026-09-11 20:23:09,P068,Repairing,Painting & Renovation,Paint Whole House,Yes,2,5,470,320,660,TASK_COMPLETION_BASED,"Size or amount of work, Condition of the item/property/site, Complexity of the problem",,5,No
2026-09-11 20:27:44,P068,Repairing,Painting & Renovation,Replace Damaged Tile,Yes,1,5,75,60,95,TASK_COMPLETION_BASED,"Size or amount of work, Condition of the item/property/site, Complexity of the problem",,5,No
2026-09-11 20:48:12,P069,Cleaning,House Cleaning,Clean Single Room,Yes,9,5,50,45,60,TASK_COMPLETION_BASED,"Size or amount of work, Condition of the item/property/site, Complexity of the problem",,5,No
2026-09-11 20:56:59,P069,Cleaning,House Cleaning,Dust and Surface Cleaning,Yes,10,5,55,50,65,TASK_COMPLETION_BASED,"Size or amount of work, Condition of the item/property/site, Complexity of the problem",,5,No
2026-09-12 08:18:09,P069,Cleaning,House Cleaning,Full Home Cleaning,Yes,8,5,200,160,240,TASK_COMPLETION_BASED,"Size or amount of work, Condition of the item/property/site, Complexity of the problem",,5,No
2026-09-12 08:21:56,P070,Repairing,Electrical Repair,Replace Ceiling Fan,Yes,2,1,65,55,75,TASK_COMPLETION_BASED,"Size or amount of work, Condition of the item/property/site, Complexity of the problem",,5,No
2026-09-12 08:25:38,P070,Repairing,Electrical Repair,Install Light Fitting,Yes,10,1,40,35,45,TASK_COMPLETION_BASED,"Size or amount of work, Condition of the item/property/site, Complexity of the problem",,5,No
2026-09-12 09:06:57,P070,Repairing,Electrical Repair,Install Power Socket,Yes,3,1,40,35,45,TASK_COMPLETION_BASED,"Size or amount of work, Condition of the item/property/site, Complexity of the problem",,5,No
2026-09-12 09:30:10,P070,Repairing,Electrical Repair,Repair Distribution Board,Yes,2,1,115,85,155,TASK_COMPLETION_BASED,"Size or amount of work, Condition of the item/property/site, Complexity of the problem",,5,No
2026-09-12 09:36:33,P070,Repairing,Electrical Repair,Repair Television,Yes,3,1,80,60,105,TASK_COMPLETION_BASED,"Size or amount of work, Condition of the item/property/site, Complexity of the problem",,5,No
2026-09-12 09:40:31,P070,Repairing,Electrical Repair,Repair Air Conditioner,Yes,3,1,115,90,145,TASK_COMPLETION_BASED,"Size or amount of work, Condition of the item/property/site, Complexity of the problem",,5,No
2026-09-12 09:51:56,P071,Repairing,Plumbing Repair,Install Water Pipe,Yes,2,2,150,120,195,TASK_COMPLETION_BASED,"Size or amount of work, Condition of the item/property/site, Complexity of the problem",,5,No
2026-09-12 10:02:48,P071,Repairing,Plumbing Repair,Repair Leaking Pipe,Yes,3,2,70,60,90,TASK_COMPLETION_BASED,"Size or amount of work, Condition of the item/property/site, Complexity of the problem",,5,No
2026-09-12 10:03:35,P071,Repairing,Plumbing Repair,Repair Tap,Yes,6,2,30,25,35,TASK_COMPLETION_BASED,"Size or amount of work, Condition of the item/property/site, Complexity of the problem",,5,No
2026-09-12 10:16:39,P071,Repairing,Plumbing Repair,Clear Blocked Drain,Yes,6,2,95,60,120,TASK_COMPLETION_BASED,"Size or amount of work, Condition of the item/property/site, Complexity of the problem",,5,No
2026-09-12 10:22:36,P071,Repairing,Plumbing Repair,Repair Sink Plumbing,Yes,5,2,65,55,80,TASK_COMPLETION_BASED,"Size or amount of work, Condition of the item/property/site, Complexity of the problem",,5,No
2026-09-12 10:35:46,P071,Repairing,Plumbing Repair,Repair Toilet Plumbing,Yes,5,2,65,50,80,TASK_COMPLETION_BASED,"Size or amount of work, Condition of the item/property/site, Complexity of the problem",,5,No
2026-09-12 11:03:22,P071,Repairing,Plumbing Repair,Replace Toilet Pipe,Yes,2,2,80,65,100,TASK_COMPLETION_BASED,"Size or amount of work, Condition of the item/property/site, Complexity of the problem",,5,No
2026-09-12 11:06:25,P071,Repairing,Plumbing Repair,Install Bathroom Pipe,Yes,1,2,150,120,185,TASK_COMPLETION_BASED,"Size or amount of work, Condition of the item/property/site, Complexity of the problem",,5,No
2026-09-12 11:23:00,P072,Cleaning,Bathroom Cleaning,General Bathroom Cleaning,Yes,4,3,50,45,60,TASK_COMPLETION_BASED,"Size or amount of work, Condition of the item/property/site, Complexity of the problem",,5,No
2026-09-12 11:23:27,P072,Cleaning,Bathroom Cleaning,Clean Toilet,Yes,7,3,20,15,25,TASK_COMPLETION_BASED,"Size or amount of work, Condition of the item/property/site, Complexity of the problem",,5,No
2026-09-12 11:25:06,P072,Cleaning,Bathroom Cleaning,Remove Bathroom Stains,Yes,6,3,55,45,70,TASK_COMPLETION_BASED,"Size or amount of work, Condition of the item/property/site, Complexity of the problem",,5,No
2026-09-12 11:33:36,P072,Cleaning,Kitchen Cleaning,Deep Clean Kitchen,Yes,3,3,130,105,165,TASK_COMPLETION_BASED,"Size or amount of work, Condition of the item/property/site, Complexity of the problem",,5,No
2026-09-12 11:43:12,P073,Cleaning,Kitchen Cleaning,General Kitchen Cleaning,Yes,5,2,65,55,75,TASK_COMPLETION_BASED,"Size or amount of work, Condition of the item/property/site, Complexity of the problem",,5,No
2026-09-12 12:04:25,P073,Cleaning,Kitchen Cleaning,Deep Clean Kitchen,Yes,5,2,135,100,165,TASK_COMPLETION_BASED,"Size or amount of work, Condition of the item/property/site, Complexity of the problem",,5,No
2026-09-12 12:12:46,P073,Cleaning,Kitchen Cleaning,Clean Kitchen Cabinets,Yes,5,2,80,65,100,TASK_COMPLETION_BASED,"Size or amount of work, Condition of the item/property/site, Complexity of the problem",,5,No
2026-09-12 12:30:09,P073,Cleaning,Kitchen Cleaning,Degrease Cooking Area,Yes,4,2,65,55,80,TASK_COMPLETION_BASED,"Size or amount of work, Condition of the item/property/site, Complexity of the problem",,5,No
2026-09-12 12:46:40,P073,Cleaning,Kitchen Cleaning,Clean Kitchen Floor,Yes,7,2,30,25,35,TASK_COMPLETION_BASED,"Size or amount of work, Condition of the item/property/site, Complexity of the problem",,5,No
2026-09-12 12:56:01,P073,Cleaning,Move In/Out Cleaning,Move-In Cleaning,Yes,2,2,210,175,260,TASK_COMPLETION_BASED,"Size or amount of work, Condition of the item/property/site, Complexity of the problem",,5,No
2026-09-12 13:05:54,P073,Cleaning,Move In/Out Cleaning,Move-Out Cleaning,Yes,4,2,210,170,260,TASK_COMPLETION_BASED,"Size or amount of work, Condition of the item/property/site, Complexity of the problem",,5,No
2026-09-12 13:24:53,P073,Cleaning,Move In/Out Cleaning,Empty Property Deep Cleaning,Yes,1,2,315,250,405,TASK_COMPLETION_BASED,"Size or amount of work, Condition of the item/property/site, Complexity of the problem",,5,No
2026-09-12 13:25:39,P074,Cleaning,House Cleaning,General House Cleaning,Yes,10,2,145,125,180,TASK_COMPLETION_BASED,"Size or amount of work, Condition of the item/property/site, Complexity of the problem",,5,No
2026-09-12 14:22:11,P074,Cleaning,House Cleaning,Mop and Clean Floors,Yes,7,2,65,55,75,TASK_COMPLETION_BASED,"Size or amount of work, Condition of the item/property/site, Complexity of the problem",,5,No
2026-09-12 14:32:34,P074,Cleaning,Office Cleaning,Clean Small Office,Yes,5,2,125,110,150,TASK_COMPLETION_BASED,"Size or amount of work, Condition of the item/property/site, Complexity of the problem",,5,No
2026-09-12 14:36:56,P074,Cleaning,Office Cleaning,Clean Medium Office,Yes,4,2,235,180,300,TASK_COMPLETION_BASED,"Size or amount of work, Condition of the item/property/site, Complexity of the problem",,5,No
2026-09-12 14:47:07,P074,Cleaning,Office Cleaning,Clean Retail Shop,Yes,3,2,145,120,170,TASK_COMPLETION_BASED,"Size or amount of work, Condition of the item/property/site, Complexity of the problem",,5,No
2026-09-12 14:52:09,P075,Cleaning,House Cleaning,General House Cleaning,Yes,8,1,170,145,205,TASK_COMPLETION_BASED,"Size or amount of work, Condition of the item/property/site, Complexity of the problem",,5,No
2026-09-12 14:57:07,P075,Cleaning,House Cleaning,Clean Single Room,Yes,10,1,60,55,70,TASK_COMPLETION_BASED,"Size or amount of work, Condition of the item/property/site, Complexity of the problem",,5,No
2026-09-12 15:07:20,P075,Cleaning,House Cleaning,Mop and Clean Floors,Yes,11,1,70,60,80,TASK_COMPLETION_BASED,"Size or amount of work, Condition of the item/property/site, Complexity of the problem",,5,No
2026-09-12 15:26:02,P075,Cleaning,House Cleaning,Dust and Surface Cleaning,Yes,9,1,60,55,70,TASK_COMPLETION_BASED,"Size or amount of work, Condition of the item/property/site, Complexity of the problem",,5,No
2026-09-12 15:29:15,P075,Cleaning,House Cleaning,Full Home Cleaning,Yes,6,1,240,185,300,TASK_COMPLETION_BASED,"Size or amount of work, Condition of the item/property/site, Complexity of the problem",,5,No
2026-09-12 16:00:03,P075,Cleaning,Kitchen Cleaning,General Kitchen Cleaning,Yes,4,1,70,60,80,TASK_COMPLETION_BASED,"Size or amount of work, Condition of the item/property/site, Complexity of the problem",,5,No
2026-09-12 16:01:56,P075,Cleaning,Post-Construction Cleaning,Clean Post-Renovation Area,Yes,2,1,220,165,295,TASK_COMPLETION_BASED,"Size or amount of work, Condition of the item/property/site, Complexity of the problem",,5,No
2026-09-12 16:35:08,P076,Repairing,Electrical Repair,Install Ceiling Fan,Yes,4,2,75,65,90,TASK_COMPLETION_BASED,"Size or amount of work, Condition of the item/property/site, Complexity of the problem",,5,No
2026-09-12 16:43:53,P076,Repairing,Electrical Repair,Repair Ceiling Fan,Yes,2,2,55,45,65,TASK_COMPLETION_BASED,"Size or amount of work, Condition of the item/property/site, Complexity of the problem",,5,No
2026-09-12 18:00:20,P076,Repairing,Electrical Repair,Replace Light Fitting,Yes,9,2,20,15,25,TASK_COMPLETION_BASED,"Size or amount of work, Condition of the item/property/site, Complexity of the problem",,5,No
2026-09-12 18:03:38,P076,Repairing,Electrical Repair,Repair Switch,Yes,6,2,30,25,35,TASK_COMPLETION_BASED,"Size or amount of work, Condition of the item/property/site, Complexity of the problem",,5,No
2026-09-12 18:24:25,P076,Repairing,Electrical Repair,Install New Wiring,Yes,2,2,200,155,240,TASK_COMPLETION_BASED,"Size or amount of work, Condition of the item/property/site, Complexity of the problem",,5,No
2026-09-12 18:30:22,P076,Repairing,Electrical Repair,Replace Distribution Board Component,Yes,3,2,70,55,90,TASK_COMPLETION_BASED,"Size or amount of work, Condition of the item/property/site, Complexity of the problem",,5,No
2026-09-12 18:36:53,P076,Repairing,Electrical Repair,Repair Air Conditioner,Yes,4,2,95,70,120,TASK_COMPLETION_BASED,"Size or amount of work, Condition of the item/property/site, Complexity of the problem",,5,No
2026-09-12 19:02:59,P076,Repairing,Electrical Repair,Service Air Conditioner,Yes,4,2,65,55,75,TASK_COMPLETION_BASED,"Size or amount of work, Condition of the item/property/site, Complexity of the problem",,5,No
2026-09-12 19:26:07,P077,Gardening,Garden Maintenance,Water Plants,Yes,12,2,40,35,45,TASK_COMPLETION_BASED,"Size or amount of work, Condition of the item/property/site, Complexity of the problem",,5,No
2026-09-12 19:48:32,P077,Gardening,Garden Maintenance,Trim Shrubs,Yes,3,2,85,75,105,TASK_COMPLETION_BASED,"Size or amount of work, Condition of the item/property/site, Complexity of the problem",,5,No
2026-09-12 20:17:34,P077,Gardening,Garden Maintenance,Cut Grass,Yes,7,2,105,90,125,TASK_COMPLETION_BASED,"Size or amount of work, Condition of the item/property/site, Complexity of the problem",,5,No
2026-09-12 20:32:03,P077,Gardening,Garden Maintenance,Mow Lawn,Yes,6,2,85,75,105,TASK_COMPLETION_BASED,"Size or amount of work, Condition of the item/property/site, Complexity of the problem",,5,No
2026-09-12 20:34:02,P077,Gardening,Garden Maintenance,Remove Weeds,Yes,3,2,70,55,80,TASK_COMPLETION_BASED,"Size or amount of work, Condition of the item/property/site, Complexity of the problem",,5,No
2026-09-12 20:50:20,P077,Gardening,Garden Maintenance,General Garden Maintenance,Yes,11,2,160,130,195,TASK_COMPLETION_BASED,"Size or amount of work, Condition of the item/property/site, Complexity of the problem",,5,No
2026-09-12 21:03:00,P078,Gardening,Garden Maintenance,Water Plants,Yes,12,1,40,35,45,TASK_COMPLETION_BASED,"Size or amount of work, Condition of the item/property/site, Complexity of the problem",,5,No
2026-09-12 21:09:37,P078,Gardening,Garden Maintenance,Cut Grass,Yes,8,1,100,90,120,TASK_COMPLETION_BASED,"Size or amount of work, Condition of the item/property/site, Complexity of the problem",,5,No
2026-09-12 21:12:42,P078,Gardening,Garden Maintenance,General Garden Maintenance,Yes,4,1,150,120,180,TASK_COMPLETION_BASED,"Size or amount of work, Condition of the item/property/site, Complexity of the problem",,5,No
2026-09-12 21:14:18,P079,Care Support,Personal Assistance,Daily Household Assistance,Yes,8,1,180,150,210,TASK_COMPLETION_BASED,"Size or amount of work, Condition of the item/property/site, Complexity of the problem",,5,No
2026-09-13 08:04:36,P079,Care Support,Personal Assistance,Errand Assistance,Yes,7,1,110,85,145,TASK_COMPLETION_BASED,"Size or amount of work, Condition of the item/property/site, Complexity of the problem",,5,No
2026-09-13 08:43:11,P079,Care Support,Pet Care,Pet Grooming,Yes,6,1,95,85,110,TASK_COMPLETION_BASED,"Size or amount of work, Condition of the item/property/site, Complexity of the problem",,5,No
2026-09-13 08:43:30,P080,Care Support,Elderly Care,Elderly Home Care,Yes,7,2,270,235,295,SHIFT_BASED,"Size or amount of work, Condition of the item/property/site, Complexity of the problem",,5,No
2026-09-13 08:52:14,P080,Care Support,Elderly Care,Mobility Assistance,Yes,8,2,95,85,110,FIXED_DURATION,"Size or amount of work, Condition of the item/property/site, Complexity of the problem",,5,No
2026-09-13 08:54:27,P080,Care Support,Personal Assistance,Personal Assistance,Yes,5,2,330,290,370,SHIFT_BASED,"Size or amount of work, Condition of the item/property/site, Complexity of the problem",,5,No
2026-09-13 09:03:48,P080,Care Support,Personal Assistance,Daily Household Assistance,Yes,10,2,155,130,180,TASK_COMPLETION_BASED,"Size or amount of work, Condition of the item/property/site, Complexity of the problem",,5,No
2026-09-13 09:22:07,P080,Care Support,Personal Assistance,Errand Assistance,Yes,8,2,95,65,125,TASK_COMPLETION_BASED,"Size or amount of work, Condition of the item/property/site, Complexity of the problem",,5,No
2026-09-13 09:47:54,P080,Care Support,Personal Assistance,Daily Task Support,Yes,5,2,125,110,145,FIXED_DURATION,"Size or amount of work, Condition of the item/property/site, Complexity of the problem",,5,No
2026-09-13 10:13:36,P081,Gardening,Garden Maintenance,Water Plants,Yes,12,1,45,40,50,TASK_COMPLETION_BASED,"Size or amount of work, Condition of the item/property/site, Complexity of the problem",,5,No
2026-09-13 10:13:56,P081,Gardening,Garden Maintenance,General Garden Maintenance,Yes,5,1,145,115,175,TASK_COMPLETION_BASED,"Size or amount of work, Condition of the item/property/site, Complexity of the problem",,5,No
2026-09-13 10:18:35,P081,Gardening,Planting Services,Plant Large Tree,Yes,2,1,120,90,165,TASK_COMPLETION_BASED,"Size or amount of work, Condition of the item/property/site, Complexity of the problem",,5,No
2026-09-13 10:46:54,P082,Repairing,Plumbing Repair,Install Water Pipe,Yes,2,2,125,100,160,TASK_COMPLETION_BASED,"Size or amount of work, Condition of the item/property/site, Complexity of the problem",,5,No
2026-09-13 10:54:02,P082,Repairing,Plumbing Repair,Repair Tap,Yes,7,2,30,25,35,TASK_COMPLETION_BASED,"Size or amount of work, Condition of the item/property/site, Complexity of the problem",,5,No
2026-09-13 11:45:16,P082,Repairing,Plumbing Repair,Clear Blocked Drain,Yes,4,2,75,50,100,TASK_COMPLETION_BASED,"Size or amount of work, Condition of the item/property/site, Complexity of the problem",,5,No
2026-09-13 11:45:27,P083,Cleaning,Bathroom Cleaning,General Bathroom Cleaning,Yes,6,3,50,45,60,TASK_COMPLETION_BASED,"Size or amount of work, Condition of the item/property/site, Complexity of the problem",,5,No
2026-09-13 11:52:59,P083,Cleaning,Bathroom Cleaning,Deep Clean Bathroom,Yes,3,3,85,75,115,TASK_COMPLETION_BASED,"Size or amount of work, Condition of the item/property/site, Complexity of the problem",,5,No
2026-09-13 11:57:50,P083,Cleaning,Bathroom Cleaning,Remove Bathroom Stains,Yes,3,3,60,45,80,TASK_COMPLETION_BASED,"Size or amount of work, Condition of the item/property/site, Complexity of the problem",,5,No
2026-09-13 13:00:58,P083,Cleaning,Kitchen Cleaning,Deep Clean Kitchen,Yes,4,3,125,100,155,TASK_COMPLETION_BASED,"Size or amount of work, Condition of the item/property/site, Complexity of the problem",,5,No
2026-09-13 13:09:16,P084,Cleaning,Move In/Out Cleaning,Move-In Cleaning,Yes,4,5,160,135,195,TASK_COMPLETION_BASED,"Size or amount of work, Condition of the item/property/site, Complexity of the problem",,5,No
2026-09-13 13:10:24,P084,Cleaning,Move In/Out Cleaning,Move-Out Cleaning,Yes,6,5,155,125,195,TASK_COMPLETION_BASED,"Size or amount of work, Condition of the item/property/site, Complexity of the problem",,5,No
2026-09-13 13:38:26,P084,Cleaning,Move In/Out Cleaning,Empty Property Deep Cleaning,Yes,3,5,215,165,280,TASK_COMPLETION_BASED,"Size or amount of work, Condition of the item/property/site, Complexity of the problem",,5,No
2026-09-13 13:39:20,P084,Cleaning,Post-Construction Cleaning,Clean Post-Renovation Area,Yes,1,5,135,100,190,TASK_COMPLETION_BASED,"Size or amount of work, Condition of the item/property/site, Complexity of the problem",,5,No
2026-09-13 13:45:00,P084,Cleaning,Post-Construction Cleaning,Clean Newly Built Property,Yes,3,5,340,275,460,TASK_COMPLETION_BASED,"Size or amount of work, Condition of the item/property/site, Complexity of the problem",,5,No
2026-09-13 13:52:54,P085,Repairing,Painting & Renovation,Paint Interior Wall,Yes,2,2,145,115,175,TASK_COMPLETION_BASED,"Size or amount of work, Condition of the item/property/site, Complexity of the problem",,5,No
2026-09-13 14:19:54,P085,Repairing,Painting & Renovation,Paint Exterior Wall,Yes,2,2,255,180,325,TASK_COMPLETION_BASED,"Size or amount of work, Condition of the item/property/site, Complexity of the problem",,5,No
2026-09-13 14:31:18,P085,Repairing,Painting & Renovation,Paint Ceiling,Yes,1,2,110,95,135,TASK_COMPLETION_BASED,"Size or amount of work, Condition of the item/property/site, Complexity of the problem",,5,No
2026-09-13 14:40:45,P085,Repairing,Painting & Renovation,Paint Whole House,Yes,3,2,485,350,665,TASK_COMPLETION_BASED,"Size or amount of work, Condition of the item/property/site, Complexity of the problem",,5,No
2026-09-13 14:42:53,P085,Repairing,Painting & Renovation,Repair Wall Crack,Yes,3,2,80,55,105,TASK_COMPLETION_BASED,"Size or amount of work, Condition of the item/property/site, Complexity of the problem",,5,No
2026-09-13 16:01:30,P085,Repairing,Painting & Renovation,Replace Damaged Tile,Yes,4,2,100,85,125,TASK_COMPLETION_BASED,"Size or amount of work, Condition of the item/property/site, Complexity of the problem",,5,No
2026-09-13 16:19:21,P085,Repairing,Painting & Renovation,Repair Floor Tile,Yes,4,2,130,100,165,TASK_COMPLETION_BASED,"Size or amount of work, Condition of the item/property/site, Complexity of the problem",,5,No
2026-09-13 16:21:39,P085,Repairing,Painting & Renovation,Minor Renovation Work,Yes,3,2,260,175,355,TASK_COMPLETION_BASED,"Size or amount of work, Condition of the item/property/site, Complexity of the problem",,5,No
2026-09-13 16:50:02,P086,Care Support,Pet Care,Feed Pet,Yes,11,1,25,20,30,TASK_COMPLETION_BASED,"Size or amount of work, Condition of the item/property/site, Complexity of the problem",,5,No
2026-09-13 18:11:14,P086,Care Support,Pet Care,Dog Walking,Yes,17,1,45,40,55,FIXED_DURATION,"Size or amount of work, Condition of the item/property/site, Complexity of the problem",,5,No
2026-09-13 18:29:32,P086,Care Support,Pet Care,Pet Grooming,Yes,9,1,90,80,105,TASK_COMPLETION_BASED,"Size or amount of work, Condition of the item/property/site, Complexity of the problem",,5,No
2026-09-13 19:13:07,P086,Care Support,Pet Care,Bathe Pet,Yes,12,1,50,40,65,TASK_COMPLETION_BASED,"Size or amount of work, Condition of the item/property/site, Complexity of the problem",,5,No
2026-09-13 19:16:43,P086,Care Support,Pet Care,Pet Cleaning,Yes,3,1,60,55,70,TASK_COMPLETION_BASED,"Size or amount of work, Condition of the item/property/site, Complexity of the problem",,5,No
2026-09-13 19:21:20,P086,Care Support,Pet Care,Pet Sitting,Yes,4,1,375,315,445,SHIFT_BASED,"Size or amount of work, Condition of the item/property/site, Complexity of the problem",,5,No
2026-09-13 19:42:36,P087,Repairing,Furniture Repair,Repair Wooden Door,Yes,2,1,100,75,120,TASK_COMPLETION_BASED,"Size or amount of work, Condition of the item/property/site, Complexity of the problem",,5,No
2026-09-13 20:39:10,P087,Repairing,Painting & Renovation,Paint Interior Wall,Yes,1,1,165,130,195,TASK_COMPLETION_BASED,"Size or amount of work, Condition of the item/property/site, Complexity of the problem",,5,No
2026-09-13 21:18:17,P087,Repairing,Roofing Repair,Minor Roof Maintenance,Yes,2,1,110,85,140,TASK_COMPLETION_BASED,"Size or amount of work, Condition of the item/property/site, Complexity of the problem",,5,No
2026-09-13 21:37:42,P088,Care Support,Disability Support,Mobility Support,Yes,7,1,90,75,100,FIXED_DURATION,"Size or amount of work, Condition of the item/property/site, Complexity of the problem",,5,No
2026-09-13 21:42:14,P088,Care Support,Disability Support,Special Needs Support Session,Yes,7,1,120,105,140,FIXED_DURATION,"Size or amount of work, Condition of the item/property/site, Complexity of the problem",,5,No
2026-09-13 21:46:15,P088,Care Support,Personal Assistance,Home Helper Session,Yes,12,1,290,255,325,FIXED_DURATION,"Size or amount of work, Condition of the item/property/site, Complexity of the problem",,5,No
2026-09-13 21:50:12,P089,Repairing,Plumbing Repair,Repair Water Leak,Yes,5,1,65,45,85,TASK_COMPLETION_BASED,"Size or amount of work, Condition of the item/property/site, Complexity of the problem",,5,No
2026-09-14 08:19:01,P089,Repairing,Plumbing Repair,Repair Tap,Yes,8,1,30,25,35,TASK_COMPLETION_BASED,"Size or amount of work, Condition of the item/property/site, Complexity of the problem",,5,No
2026-09-14 08:47:51,P089,Repairing,Plumbing Repair,Install Water Tank,Yes,1,1,190,150,235,TASK_COMPLETION_BASED,"Size or amount of work, Condition of the item/property/site, Complexity of the problem",,5,No
2026-09-14 08:51:52,P089,Repairing,Plumbing Repair,Clean Water Tank,Yes,4,1,140,115,165,TASK_COMPLETION_BASED,"Size or amount of work, Condition of the item/property/site, Complexity of the problem",,5,No
2026-09-14 09:09:48,P089,Repairing,Plumbing Repair,Clear Blocked Drain,Yes,9,1,75,50,100,TASK_COMPLETION_BASED,"Size or amount of work, Condition of the item/property/site, Complexity of the problem",,5,No
2026-09-14 09:18:53,P089,Repairing,Plumbing Repair,Replace Toilet Pipe,Yes,5,1,80,65,100,TASK_COMPLETION_BASED,"Size or amount of work, Condition of the item/property/site, Complexity of the problem",,5,No
2026-09-14 09:29:15,P090,Care Support,Child Care,Babysitting,Yes,8,2,280,255,330,FIXED_DURATION,"Size or amount of work, Condition of the item/property/site, Complexity of the problem",,5,No
2026-09-14 09:33:39,P090,Care Support,Child Care,Baby Care Session,Yes,7,2,160,145,185,FIXED_DURATION,"Size or amount of work, Condition of the item/property/site, Complexity of the problem",,5,No
2026-09-14 10:34:16,P090,Care Support,Personal Assistance,Daily Task Support,Yes,6,2,115,100,140,FIXED_DURATION,"Size or amount of work, Condition of the item/property/site, Complexity of the problem",,5,No
2026-09-14 10:39:47,P091,Care Support,Personal Assistance,Daily Household Assistance,Yes,10,1,150,125,175,TASK_COMPLETION_BASED,"Size or amount of work, Condition of the item/property/site, Complexity of the problem",,5,No
2026-09-14 10:47:38,P091,Care Support,Personal Assistance,Errand Assistance,Yes,10,1,95,70,130,TASK_COMPLETION_BASED,"Size or amount of work, Condition of the item/property/site, Complexity of the problem",,5,No
2026-09-14 10:52:30,P091,Care Support,Pet Care,Dog Walking,Yes,19,1,45,40,55,FIXED_DURATION,"Size or amount of work, Condition of the item/property/site, Complexity of the problem",,5,No
2026-09-14 10:54:09,P091,Care Support,Pet Care,Pet Sitting,Yes,6,1,405,350,485,SHIFT_BASED,"Size or amount of work, Condition of the item/property/site, Complexity of the problem",,5,No
2026-09-14 10:57:06,P092,Repairing,Roofing Repair,Inspect Roof Damage,Yes,3,2,65,50,75,TASK_COMPLETION_BASED,"Size or amount of work, Condition of the item/property/site, Complexity of the problem",,5,No
2026-09-14 11:18:09,P092,Repairing,Roofing Repair,Repair Roof Structure,Yes,3,2,300,195,415,TASK_COMPLETION_BASED,"Size or amount of work, Condition of the item/property/site, Complexity of the problem",,5,No
2026-09-14 12:43:06,P092,Repairing,Roofing Repair,Minor Roof Maintenance,Yes,3,2,115,90,140,TASK_COMPLETION_BASED,"Size or amount of work, Condition of the item/property/site, Complexity of the problem",,5,No
2026-09-14 12:50:38,P093,Repairing,Roofing Repair,Inspect Roof Damage,Yes,3,1,60,45,70,TASK_COMPLETION_BASED,"Size or amount of work, Condition of the item/property/site, Complexity of the problem",,5,No
2026-09-14 12:52:49,P093,Repairing,Roofing Repair,Repair Roof Leak,Yes,2,1,110,80,150,TASK_COMPLETION_BASED,"Size or amount of work, Condition of the item/property/site, Complexity of the problem",,5,No
2026-09-14 13:30:10,P093,Repairing,Roofing Repair,Seal Roof Leakage,Yes,2,1,85,60,110,TASK_COMPLETION_BASED,"Size or amount of work, Condition of the item/property/site, Complexity of the problem",,5,No
2026-09-14 13:51:53,P093,Repairing,Roofing Repair,Minor Roof Maintenance,Yes,2,1,95,75,115,TASK_COMPLETION_BASED,"Size or amount of work, Condition of the item/property/site, Complexity of the problem",,5,No
2026-09-14 13:53:25,P094,Gardening,Garden Maintenance,Trim Shrubs,Yes,9,1,70,60,90,TASK_COMPLETION_BASED,"Size or amount of work, Condition of the item/property/site, Complexity of the problem",,5,No
2026-09-14 14:15:20,P094,Gardening,Garden Maintenance,Cut Grass,Yes,5,1,100,90,120,TASK_COMPLETION_BASED,"Size or amount of work, Condition of the item/property/site, Complexity of the problem",,5,No
2026-09-14 14:37:44,P094,Gardening,Garden Maintenance,Remove Weeds,Yes,4,1,85,65,100,TASK_COMPLETION_BASED,"Size or amount of work, Condition of the item/property/site, Complexity of the problem",,5,No
2026-09-14 15:06:22,P095,Cleaning,House Cleaning,Deep Clean House,Yes,5,1,235,190,315,TASK_COMPLETION_BASED,"Size or amount of work, Condition of the item/property/site, Complexity of the problem",,5,No
2026-09-14 15:20:23,P095,Cleaning,House Cleaning,Dust and Surface Cleaning,Yes,11,1,50,45,60,TASK_COMPLETION_BASED,"Size or amount of work, Condition of the item/property/site, Complexity of the problem",,5,No
2026-09-14 15:21:29,P095,Cleaning,Office Cleaning,Clean Medium Office,Yes,3,1,180,145,240,TASK_COMPLETION_BASED,"Size or amount of work, Condition of the item/property/site, Complexity of the problem",,5,No
2026-09-14 15:29:17,P095,Cleaning,Office Cleaning,Clean Office Floors,Yes,5,1,95,85,110,TASK_COMPLETION_BASED,"Size or amount of work, Condition of the item/property/site, Complexity of the problem",,5,No
2026-09-14 15:31:16,P096,Repairing,Furniture Repair,Repair Wooden Chair,Yes,5,2,45,35,55,TASK_COMPLETION_BASED,"Size or amount of work, Condition of the item/property/site, Complexity of the problem",,5,No
2026-09-14 15:51:16,P096,Repairing,Furniture Repair,Repair Dining Table,Yes,5,2,70,60,80,TASK_COMPLETION_BASED,"Size or amount of work, Condition of the item/property/site, Complexity of the problem",,5,No
2026-09-14 15:53:18,P096,Repairing,Furniture Repair,Repair Bed Frame,Yes,3,2,95,80,120,TASK_COMPLETION_BASED,"Size or amount of work, Condition of the item/property/site, Complexity of the problem",,5,No
2026-09-14 16:07:47,P096,Repairing,Furniture Repair,Repair Cupboard,Yes,5,2,90,70,125,TASK_COMPLETION_BASED,"Size or amount of work, Condition of the item/property/site, Complexity of the problem",,5,No
2026-09-14 16:14:49,P096,Repairing,Furniture Repair,Repair Wooden Door,Yes,4,2,80,60,100,TASK_COMPLETION_BASED,"Size or amount of work, Condition of the item/property/site, Complexity of the problem",,5,No
2026-09-14 16:21:59,P096,Repairing,Furniture Repair,Replace Door Hinges,Yes,6,2,25,20,30,TASK_COMPLETION_BASED,"Size or amount of work, Condition of the item/property/site, Complexity of the problem",,5,No
2026-09-14 16:38:48,P096,Repairing,Furniture Repair,Replace Furniture Hardware,Yes,10,2,20,15,25,TASK_COMPLETION_BASED,"Size or amount of work, Condition of the item/property/site, Complexity of the problem",,5,No
2026-09-14 16:57:00,P097,Care Support,Child Care,Baby Care Session,Yes,9,1,185,165,205,FIXED_DURATION,"Size or amount of work, Condition of the item/property/site, Complexity of the problem",,5,No
2026-09-14 17:06:02,P097,Care Support,Child Care,Child Supervision,Yes,8,1,225,200,250,FIXED_DURATION,"Size or amount of work, Condition of the item/property/site, Complexity of the problem",,5,No
2026-09-14 17:16:38,P097,Care Support,Child Care,After-School Child Care,Yes,14,1,205,185,235,FIXED_DURATION,"Size or amount of work, Condition of the item/property/site, Complexity of the problem",,5,No
2026-09-14 17:36:50,P097,Care Support,Personal Assistance,Personal Assistance,Yes,7,1,330,290,365,SHIFT_BASED,"Size or amount of work, Condition of the item/property/site, Complexity of the problem",,5,No
2026-09-14 17:59:08,P097,Care Support,Personal Assistance,Daily Household Assistance,Yes,7,1,185,150,215,TASK_COMPLETION_BASED,"Size or amount of work, Condition of the item/property/site, Complexity of the problem",,5,No
2026-09-14 18:03:11,P098,Repairing,Electrical Repair,Repair Ceiling Fan,Yes,3,2,50,40,60,TASK_COMPLETION_BASED,"Size or amount of work, Condition of the item/property/site, Complexity of the problem",,5,No
2026-09-14 18:26:04,P098,Repairing,Electrical Repair,Install Light Fitting,Yes,5,2,40,35,45,TASK_COMPLETION_BASED,"Size or amount of work, Condition of the item/property/site, Complexity of the problem",,5,No
2026-09-14 18:40:01,P098,Repairing,Electrical Repair,Repair Switch,Yes,4,2,30,25,35,TASK_COMPLETION_BASED,"Size or amount of work, Condition of the item/property/site, Complexity of the problem",,5,No
2026-09-14 19:03:52,P098,Repairing,Electrical Repair,Repair Power Socket,Yes,4,2,40,35,45,TASK_COMPLETION_BASED,"Size or amount of work, Condition of the item/property/site, Complexity of the problem",,5,No
2026-09-14 19:15:46,P098,Repairing,Electrical Repair,Service Air Conditioner,Yes,5,2,80,65,90,TASK_COMPLETION_BASED,"Size or amount of work, Condition of the item/property/site, Complexity of the problem",,5,No
2026-09-14 19:24:40,P099,Care Support,Disability Support,Personal Disability Assistance,Yes,9,3,190,170,210,FIXED_DURATION,"Size or amount of work, Condition of the item/property/site, Complexity of the problem",,5,No
2026-09-14 19:24:54,P099,Care Support,Disability Support,Daily Living Assistance,Yes,7,3,345,315,390,SHIFT_BASED,"Size or amount of work, Condition of the item/property/site, Complexity of the problem",,5,No
2026-09-14 19:31:15,P099,Care Support,Disability Support,Special Needs Support Session,Yes,6,3,130,115,155,FIXED_DURATION,"Size or amount of work, Condition of the item/property/site, Complexity of the problem",,5,No
2026-09-14 19:52:32,P099,Care Support,Elderly Care,Elderly Assistance Session,Yes,5,3,135,120,160,FIXED_DURATION,"Size or amount of work, Condition of the item/property/site, Complexity of the problem",,5,No
2026-09-14 20:03:30,P099,Care Support,Elderly Care,Home Nursing Visit,Yes,6,3,75,70,85,FIXED_DURATION,"Size or amount of work, Condition of the item/property/site, Complexity of the problem",,5,No
2026-09-14 20:12:29,P099,Care Support,Elderly Care,Mobility Assistance,Yes,9,3,95,85,110,FIXED_DURATION,"Size or amount of work, Condition of the item/property/site, Complexity of the problem",,5,No
2026-09-14 20:43:20,P100,Gardening,Garden Maintenance,Water Plants,Yes,13,1,40,35,45,TASK_COMPLETION_BASED,"Size or amount of work, Condition of the item/property/site, Complexity of the problem",,5,No
2026-09-14 20:51:53,P100,Gardening,Garden Maintenance,Cut Grass,Yes,7,1,100,90,120,TASK_COMPLETION_BASED,"Size or amount of work, Condition of the item/property/site, Complexity of the problem",,5,No
2026-09-15 08:25:29,P100,Gardening,Garden Maintenance,Trim Tree Branches,Yes,4,1,120,80,140,TASK_COMPLETION_BASED,"Size or amount of work, Condition of the item/property/site, Complexity of the problem",,5,No
2026-09-15 08:32:00,P100,Gardening,Garden Maintenance,Prune Plants,Yes,7,1,70,55,85,TASK_COMPLETION_BASED,"Size or amount of work, Condition of the item/property/site, Complexity of the problem",,5,No
2026-09-15 09:17:32,P101,Repairing,Electrical Repair,Replace Switch,Yes,7,2,25,20,30,TASK_COMPLETION_BASED,"Size or amount of work, Condition of the item/property/site, Complexity of the problem",,5,No
2026-09-15 09:31:22,P101,Repairing,Electrical Repair,Repair Switch,Yes,8,2,30,25,35,TASK_COMPLETION_BASED,"Size or amount of work, Condition of the item/property/site, Complexity of the problem",,5,No
2026-09-15 09:38:26,P101,Repairing,Electrical Repair,Install Power Socket,Yes,6,2,40,35,45,TASK_COMPLETION_BASED,"Size or amount of work, Condition of the item/property/site, Complexity of the problem",,5,No
2026-09-15 10:02:32,P101,Repairing,Electrical Repair,Install New Wiring,Yes,3,2,175,130,220,TASK_COMPLETION_BASED,"Size or amount of work, Condition of the item/property/site, Complexity of the problem",,5,No
2026-09-15 10:35:59,P102,Cleaning,Sofa/Carpet/Curtain Cleaning,Clean Carpet,Yes,4,1,70,60,85,TASK_COMPLETION_BASED,"Size or amount of work, Condition of the item/property/site, Complexity of the problem",,5,No
2026-09-15 11:13:59,P102,Cleaning,Sofa/Carpet/Curtain Cleaning,Clean Curtains,Yes,4,1,70,60,80,TASK_COMPLETION_BASED,"Size or amount of work, Condition of the item/property/site, Complexity of the problem",,5,No
2026-09-15 11:14:43,P102,Cleaning,Sofa/Carpet/Curtain Cleaning,Clean Mattress,Yes,6,1,55,45,65,TASK_COMPLETION_BASED,"Size or amount of work, Condition of the item/property/site, Complexity of the problem",,5,No
2026-09-15 11:22:25,P103,Repairing,Roofing Repair,Inspect Roof Damage,Yes,2,1,70,55,80,TASK_COMPLETION_BASED,"Size or amount of work, Condition of the item/property/site, Complexity of the problem",,5,No
2026-09-15 11:23:57,P103,Repairing,Roofing Repair,Repair Roof Leak,Yes,2,1,155,110,210,TASK_COMPLETION_BASED,"Size or amount of work, Condition of the item/property/site, Complexity of the problem",,5,No
2026-09-15 12:25:06,P103,Repairing,Roofing Repair,Replace Roof Sheet,Yes,2,1,155,105,205,TASK_COMPLETION_BASED,"Size or amount of work, Condition of the item/property/site, Complexity of the problem",,5,No
2026-09-15 12:30:11,P103,Repairing,Roofing Repair,Replace Roof Tile,Yes,2,1,200,145,260,TASK_COMPLETION_BASED,"Size or amount of work, Condition of the item/property/site, Complexity of the problem",,5,No
2026-09-15 12:50:13,P103,Repairing,Roofing Repair,Seal Roof Leakage,Yes,2,1,105,85,135,TASK_COMPLETION_BASED,"Size or amount of work, Condition of the item/property/site, Complexity of the problem",,5,No
2026-09-15 13:16:30,P103,Repairing,Roofing Repair,Minor Roof Maintenance,Yes,2,1,100,75,125,TASK_COMPLETION_BASED,"Size or amount of work, Condition of the item/property/site, Complexity of the problem",,5,No
2026-09-15 13:26:36,P104,Cleaning,House Cleaning,General House Cleaning,Yes,10,4,120,105,145,TASK_COMPLETION_BASED,"Size or amount of work, Condition of the item/property/site, Complexity of the problem",,5,No
2026-09-15 13:31:40,P104,Cleaning,House Cleaning,Clean Single Room,Yes,10,4,45,40,55,TASK_COMPLETION_BASED,"Size or amount of work, Condition of the item/property/site, Complexity of the problem",,5,No
2026-09-15 14:00:42,P104,Cleaning,House Cleaning,Dust and Surface Cleaning,Yes,14,4,45,40,50,TASK_COMPLETION_BASED,"Size or amount of work, Condition of the item/property/site, Complexity of the problem",,5,No
2026-09-15 14:02:58,P104,Cleaning,House Cleaning,Full Home Cleaning,Yes,11,4,180,135,220,TASK_COMPLETION_BASED,"Size or amount of work, Condition of the item/property/site, Complexity of the problem",,5,No
2026-09-15 14:06:50,P104,Cleaning,Kitchen Cleaning,Deep Clean Kitchen,Yes,5,4,90,65,115,TASK_COMPLETION_BASED,"Size or amount of work, Condition of the item/property/site, Complexity of the problem",,5,No
2026-09-15 14:27:35,P104,Cleaning,Kitchen Cleaning,Clean Kitchen Floor,Yes,9,4,25,20,30,TASK_COMPLETION_BASED,"Size or amount of work, Condition of the item/property/site, Complexity of the problem",,5,No
2026-09-15 14:32:47,P105,Repairing,Painting & Renovation,Prepare Wall Surface,Yes,2,3,90,70,105,TASK_COMPLETION_BASED,"Size or amount of work, Condition of the item/property/site, Complexity of the problem",,5,No
2026-09-15 14:45:23,P105,Repairing,Painting & Renovation,Repair Ceiling,Yes,2,3,105,80,145,TASK_COMPLETION_BASED,"Size or amount of work, Condition of the item/property/site, Complexity of the problem",,5,No
2026-09-15 15:15:49,P105,Repairing,Painting & Renovation,Replace Damaged Tile,Yes,5,3,75,60,90,TASK_COMPLETION_BASED,"Size or amount of work, Condition of the item/property/site, Complexity of the problem",,5,No
2026-09-15 15:21:15,P106,Repairing,Furniture Repair,Repair Sofa Frame,Yes,2,1,115,95,155,TASK_COMPLETION_BASED,"Size or amount of work, Condition of the item/property/site, Complexity of the problem",,5,No
2026-09-15 15:31:43,P106,Repairing,Furniture Repair,Repair Bed Frame,Yes,2,1,105,90,130,TASK_COMPLETION_BASED,"Size or amount of work, Condition of the item/property/site, Complexity of the problem",,5,No
2026-09-15 15:42:27,P106,Repairing,Furniture Repair,Repair Wooden Door,Yes,4,1,90,70,110,TASK_COMPLETION_BASED,"Size or amount of work, Condition of the item/property/site, Complexity of the problem",,5,No
2026-09-15 15:52:08,P107,Gardening,Planting Services,Plant Flowers,Yes,5,1,70,60,80,TASK_COMPLETION_BASED,"Size or amount of work, Condition of the item/property/site, Complexity of the problem",,5,No
2026-09-15 16:07:11,P107,Gardening,Planting Services,Plant Small Tree,Yes,3,1,50,40,60,TASK_COMPLETION_BASED,"Size or amount of work, Condition of the item/property/site, Complexity of the problem",,5,No
2026-09-15 16:12:18,P107,Gardening,Planting Services,Plant Garden Plants,Yes,3,1,70,55,85,TASK_COMPLETION_BASED,"Size or amount of work, Condition of the item/property/site, Complexity of the problem",,5,No
2026-09-15 16:27:42,P107,Gardening,Planting Services,Prepare Planting Area,Yes,4,1,105,80,130,TASK_COMPLETION_BASED,"Size or amount of work, Condition of the item/property/site, Complexity of the problem",,5,No
2026-09-15 16:45:55,P108,Cleaning,House Cleaning,Mop and Clean Floors,Yes,10,2,65,55,75,TASK_COMPLETION_BASED,"Size or amount of work, Condition of the item/property/site, Complexity of the problem",,5,No
2026-09-15 17:10:02,P108,Cleaning,House Cleaning,Dust and Surface Cleaning,Yes,12,2,55,50,65,TASK_COMPLETION_BASED,"Size or amount of work, Condition of the item/property/site, Complexity of the problem",,5,No
2026-09-15 17:31:25,P108,Cleaning,House Cleaning,Full Home Cleaning,Yes,6,2,210,160,255,TASK_COMPLETION_BASED,"Size or amount of work, Condition of the item/property/site, Complexity of the problem",,5,No
2026-09-15 17:34:01,P109,Repairing,Electrical Repair,Replace Ceiling Fan,Yes,2,1,70,60,85,TASK_COMPLETION_BASED,"Size or amount of work, Condition of the item/property/site, Complexity of the problem",,5,No
2026-09-15 17:46:59,P109,Repairing,Electrical Repair,Replace Light Fitting,Yes,9,1,25,20,30,TASK_COMPLETION_BASED,"Size or amount of work, Condition of the item/property/site, Complexity of the problem",,5,No
2026-09-15 18:00:27,P109,Repairing,Electrical Repair,Install Switch,Yes,8,1,35,30,40,TASK_COMPLETION_BASED,"Size or amount of work, Condition of the item/property/site, Complexity of the problem",,5,No
2026-09-15 18:05:04,P109,Repairing,Electrical Repair,Replace Power Socket,Yes,8,1,30,25,35,TASK_COMPLETION_BASED,"Size or amount of work, Condition of the item/property/site, Complexity of the problem",,5,No
2026-09-15 18:41:46,P109,Repairing,Electrical Repair,Repair Power Socket,Yes,5,1,45,40,50,TASK_COMPLETION_BASED,"Size or amount of work, Condition of the item/property/site, Complexity of the problem",,5,No
2026-09-15 19:39:31,P109,Repairing,Electrical Repair,Repair Television,Yes,2,1,95,65,120,TASK_COMPLETION_BASED,"Size or amount of work, Condition of the item/property/site, Complexity of the problem",,5,No
2026-09-15 20:04:23,P109,Repairing,Electrical Repair,Diagnose Refrigerator Fault,Yes,2,1,55,35,75,TASK_COMPLETION_BASED,"Size or amount of work, Condition of the item/property/site, Complexity of the problem",,5,No
2026-09-15 20:21:45,P110,Cleaning,House Cleaning,Mop and Clean Floors,Yes,13,1,70,60,80,TASK_COMPLETION_BASED,"Size or amount of work, Condition of the item/property/site, Complexity of the problem",,5,No
2026-09-15 20:46:08,P110,Cleaning,House Cleaning,Dust and Surface Cleaning,Yes,17,1,60,55,70,TASK_COMPLETION_BASED,"Size or amount of work, Condition of the item/property/site, Complexity of the problem",,5,No
2026-09-15 20:49:14,P110,Cleaning,House Cleaning,Full Home Cleaning,Yes,9,1,230,185,285,TASK_COMPLETION_BASED,"Size or amount of work, Condition of the item/property/site, Complexity of the problem",,5,No
2026-09-15 20:51:45,P110,Cleaning,Kitchen Cleaning,General Kitchen Cleaning,Yes,4,1,80,70,95,TASK_COMPLETION_BASED,"Size or amount of work, Condition of the item/property/site, Complexity of the problem",,5,No
2026-09-15 21:05:35,P110,Cleaning,Kitchen Cleaning,Clean Kitchen Floor,Yes,10,1,35,30,40,TASK_COMPLETION_BASED,"Size or amount of work, Condition of the item/property/site, Complexity of the problem",,5,No
2026-09-15 21:13:11,P111,Cleaning,House Cleaning,Deep Clean House,Yes,5,2,245,205,305,TASK_COMPLETION_BASED,"Size or amount of work, Condition of the item/property/site, Complexity of the problem",,5,No
2026-09-15 21:17:37,P111,Cleaning,Sofa/Carpet/Curtain Cleaning,Deep Clean Sofa,Yes,4,2,140,120,180,TASK_COMPLETION_BASED,"Size or amount of work, Condition of the item/property/site, Complexity of the problem",,5,No
2026-09-15 21:23:20,P111,Cleaning,Sofa/Carpet/Curtain Cleaning,Clean Mattress,Yes,7,2,55,45,65,TASK_COMPLETION_BASED,"Size or amount of work, Condition of the item/property/site, Complexity of the problem",,5,No
2026-09-15 21:31:32,P112,Gardening,Landscaping & Design,Set Up New Garden,Yes,1,4,285,210,395,TASK_COMPLETION_BASED,"Size or amount of work, Condition of the item/property/site, Complexity of the problem",,5,No
2026-09-15 21:37:47,P112,Gardening,Landscaping & Design,Basic Landscaping,Yes,2,4,285,215,370,TASK_COMPLETION_BASED,"Size or amount of work, Condition of the item/property/site, Complexity of the problem",,5,No
2026-09-16 08:26:29,P112,Gardening,Planting Services,Plant Vegetables,Yes,4,4,95,75,125,TASK_COMPLETION_BASED,"Size or amount of work, Condition of the item/property/site, Complexity of the problem",,5,No
2026-09-16 08:46:48,P112,Gardening,Planting Services,Prepare Planting Area,Yes,8,4,75,60,95,TASK_COMPLETION_BASED,"Size or amount of work, Condition of the item/property/site, Complexity of the problem",,5,No
2026-09-16 08:47:12,P113,Repairing,Electrical Repair,Install New Wiring,Yes,2,3,140,100,170,TASK_COMPLETION_BASED,"Size or amount of work, Condition of the item/property/site, Complexity of the problem",,5,No
2026-09-16 09:12:58,P113,Repairing,Electrical Repair,Diagnose Television Fault,Yes,4,3,30,25,45,TASK_COMPLETION_BASED,"Size or amount of work, Condition of the item/property/site, Complexity of the problem",,5,No
2026-09-16 09:36:48,P113,Repairing,Electrical Repair,Repair Television,Yes,2,3,85,65,110,TASK_COMPLETION_BASED,"Size or amount of work, Condition of the item/property/site, Complexity of the problem",,5,No
2026-09-16 10:45:15,P113,Repairing,Electrical Repair,Diagnose Refrigerator Fault,Yes,3,3,55,35,75,TASK_COMPLETION_BASED,"Size or amount of work, Condition of the item/property/site, Complexity of the problem",,5,No
2026-09-16 11:15:04,P114,Gardening,Planting Services,Plant Flowers,Yes,5,1,70,60,80,TASK_COMPLETION_BASED,"Size or amount of work, Condition of the item/property/site, Complexity of the problem",,5,No
2026-09-16 11:26:53,P114,Gardening,Planting Services,Plant Vegetables,Yes,5,1,90,75,110,TASK_COMPLETION_BASED,"Size or amount of work, Condition of the item/property/site, Complexity of the problem",,5,No
2026-09-16 12:29:53,P114,Gardening,Planting Services,Plant Small Tree,Yes,6,1,50,45,60,TASK_COMPLETION_BASED,"Size or amount of work, Condition of the item/property/site, Complexity of the problem",,5,No
2026-09-16 12:57:38,P114,Gardening,Planting Services,Prepare Planting Area,Yes,4,1,105,80,130,TASK_COMPLETION_BASED,"Size or amount of work, Condition of the item/property/site, Complexity of the problem",,5,No
2026-09-16 12:58:28,P115,Gardening,Garden Cleaning,Clear Overgrown Garden,Yes,3,1,300,210,430,TASK_COMPLETION_BASED,"Size or amount of work, Condition of the item/property/site, Complexity of the problem",,5,No
2026-09-16 13:11:50,P115,Gardening,Garden Maintenance,Water Plants,Yes,14,1,40,35,45,TASK_COMPLETION_BASED,"Size or amount of work, Condition of the item/property/site, Complexity of the problem",,5,No
2026-09-16 13:14:05,P115,Gardening,Garden Maintenance,Trim Shrubs,Yes,11,1,80,70,100,TASK_COMPLETION_BASED,"Size or amount of work, Condition of the item/property/site, Complexity of the problem",,5,No
2026-09-16 13:14:12,P115,Gardening,Garden Maintenance,Cut Grass,Yes,10,1,110,95,130,TASK_COMPLETION_BASED,"Size or amount of work, Condition of the item/property/site, Complexity of the problem",,5,No
2026-09-16 13:16:11,P115,Gardening,Garden Maintenance,Mow Lawn,Yes,7,1,85,75,110,TASK_COMPLETION_BASED,"Size or amount of work, Condition of the item/property/site, Complexity of the problem",,5,No
2026-09-16 13:27:22,P115,Gardening,Garden Maintenance,Trim Tree Branches,Yes,6,1,120,85,145,TASK_COMPLETION_BASED,"Size or amount of work, Condition of the item/property/site, Complexity of the problem",,5,No
2026-09-16 13:35:32,P115,Gardening,Garden Maintenance,General Garden Maintenance,Yes,9,1,145,110,175,TASK_COMPLETION_BASED,"Size or amount of work, Condition of the item/property/site, Complexity of the problem",,5,No
2026-09-16 13:38:27,P115,Gardening,Garden Maintenance,Prune Plants,Yes,7,1,75,60,90,TASK_COMPLETION_BASED,"Size or amount of work, Condition of the item/property/site, Complexity of the problem",,5,No
2026-09-16 13:46:50,P116,Care Support,Disability Support,Personal Disability Assistance,Yes,14,2,195,170,220,FIXED_DURATION,"Size or amount of work, Condition of the item/property/site, Complexity of the problem",,5,No
2026-09-16 14:11:58,P116,Care Support,Disability Support,Mobility Support,Yes,8,2,90,75,100,FIXED_DURATION,"Size or amount of work, Condition of the item/property/site, Complexity of the problem",,5,No
2026-09-16 15:02:52,P116,Care Support,Disability Support,Special Needs Support Session,Yes,12,2,120,105,140,FIXED_DURATION,"Size or amount of work, Condition of the item/property/site, Complexity of the problem",,5,No
2026-09-16 15:02:52,P116,Care Support,Elderly Care,Elderly Home Care,Yes,8,2,315,280,345,SHIFT_BASED,"Size or amount of work, Condition of the item/property/site, Complexity of the problem",,5,No
2026-09-16 15:50:46,P116,Care Support,Elderly Care,Home Nursing Visit,Yes,10,2,70,65,80,FIXED_DURATION,"Size or amount of work, Condition of the item/property/site, Complexity of the problem",,5,No
2026-09-16 15:59:57,P116,Care Support,Elderly Care,Medication Assistance,Yes,12,2,20,15,25,TASK_COMPLETION_BASED,"Size or amount of work, Condition of the item/property/site, Complexity of the problem",,5,No
2026-09-16 16:21:15,P117,Cleaning,House Cleaning,General House Cleaning,Yes,6,2,140,115,170,TASK_COMPLETION_BASED,"Size or amount of work, Condition of the item/property/site, Complexity of the problem",,5,No
2026-09-16 16:28:19,P117,Cleaning,House Cleaning,Mop and Clean Floors,Yes,13,2,65,55,75,TASK_COMPLETION_BASED,"Size or amount of work, Condition of the item/property/site, Complexity of the problem",,5,No
2026-09-16 16:38:51,P117,Cleaning,Sofa/Carpet/Curtain Cleaning,Steam Clean Curtains,Yes,4,2,110,90,130,TASK_COMPLETION_BASED,"Size or amount of work, Condition of the item/property/site, Complexity of the problem",,5,No
2026-09-16 17:38:24,P118,Care Support,Personal Assistance,Home Helper Session,Yes,8,2,280,255,315,FIXED_DURATION,"Size or amount of work, Condition of the item/property/site, Complexity of the problem",,5,No
2026-09-16 17:43:18,P118,Care Support,Personal Assistance,Personal Assistance,Yes,3,2,345,305,385,SHIFT_BASED,"Size or amount of work, Condition of the item/property/site, Complexity of the problem",,5,No
2026-09-16 17:53:16,P118,Care Support,Personal Assistance,Daily Household Assistance,Yes,11,2,150,125,170,TASK_COMPLETION_BASED,"Size or amount of work, Condition of the item/property/site, Complexity of the problem",,5,No
2026-09-16 18:23:38,P118,Care Support,Personal Assistance,Errand Assistance,Yes,13,2,90,65,120,TASK_COMPLETION_BASED,"Size or amount of work, Condition of the item/property/site, Complexity of the problem",,5,No
2026-09-16 18:33:30,P118,Care Support,Personal Assistance,Daily Task Support,Yes,11,2,120,105,140,FIXED_DURATION,"Size or amount of work, Condition of the item/property/site, Complexity of the problem",,5,No
2026-09-16 18:38:53,P119,Cleaning,Move In/Out Cleaning,Move-Out Cleaning,Yes,3,2,230,180,285,TASK_COMPLETION_BASED,"Size or amount of work, Condition of the item/property/site, Complexity of the problem",,5,No
2026-09-16 18:40:58,P119,Cleaning,Move In/Out Cleaning,Empty Property Deep Cleaning,Yes,3,2,340,265,430,TASK_COMPLETION_BASED,"Size or amount of work, Condition of the item/property/site, Complexity of the problem",,5,No
2026-09-16 19:16:26,P119,Cleaning,Post-Construction Cleaning,Post-Construction House Cleaning,Yes,2,2,380,270,490,TASK_COMPLETION_BASED,"Size or amount of work, Condition of the item/property/site, Complexity of the problem",,5,No
2026-09-16 20:01:49,P119,Cleaning,Post-Construction Cleaning,Remove Construction Dust,Yes,2,2,195,145,250,TASK_COMPLETION_BASED,"Size or amount of work, Condition of the item/property/site, Complexity of the problem",,5,No
2026-09-16 20:04:32,P119,Cleaning,Post-Construction Cleaning,Clean Post-Renovation Area,Yes,2,2,210,165,285,TASK_COMPLETION_BASED,"Size or amount of work, Condition of the item/property/site, Complexity of the problem",,5,No
2026-09-16 20:06:55,P119,Cleaning,Post-Construction Cleaning,Clean Newly Built Property,Yes,1,2,380,305,510,TASK_COMPLETION_BASED,"Size or amount of work, Condition of the item/property/site, Complexity of the problem",,5,No
2026-09-16 20:12:17,P120,Cleaning,House Cleaning,General House Cleaning,Yes,7,1,165,135,200,TASK_COMPLETION_BASED,"Size or amount of work, Condition of the item/property/site, Complexity of the problem",,5,No
2026-09-16 20:12:19,P120,Cleaning,House Cleaning,Mop and Clean Floors,Yes,8,1,70,60,80,TASK_COMPLETION_BASED,"Size or amount of work, Condition of the item/property/site, Complexity of the problem",,5,No
2026-09-16 20:23:02,P120,Cleaning,Sofa/Carpet/Curtain Cleaning,Clean Sofa,Yes,6,1,90,75,100,TASK_COMPLETION_BASED,"Size or amount of work, Condition of the item/property/site, Complexity of the problem",,5,No
2026-09-16 20:23:37,P121,Gardening,Garden Cleaning,General Garden Cleaning,Yes,3,1,105,85,130,TASK_COMPLETION_BASED,"Size or amount of work, Condition of the item/property/site, Complexity of the problem",,5,No
2026-09-16 20:28:20,P121,Gardening,Planting Services,Plant Flowers,Yes,10,1,65,55,75,TASK_COMPLETION_BASED,"Size or amount of work, Condition of the item/property/site, Complexity of the problem",,5,No
2026-09-16 20:44:59,P121,Gardening,Planting Services,Plant Vegetables,Yes,4,1,85,70,105,TASK_COMPLETION_BASED,"Size or amount of work, Condition of the item/property/site, Complexity of the problem",,5,No
2026-09-16 21:26:49,P121,Gardening,Planting Services,Plant Small Tree,Yes,3,1,50,45,55,TASK_COMPLETION_BASED,"Size or amount of work, Condition of the item/property/site, Complexity of the problem",,5,No
2026-09-16 21:30:13,P122,Cleaning,Kitchen Cleaning,Clean Kitchen Cabinets,Yes,5,3,80,65,100,TASK_COMPLETION_BASED,"Size or amount of work, Condition of the item/property/site, Complexity of the problem",,5,No
2026-09-16 21:54:58,P122,Cleaning,Kitchen Cleaning,Degrease Cooking Area,Yes,6,3,60,50,75,TASK_COMPLETION_BASED,"Size or amount of work, Condition of the item/property/site, Complexity of the problem",,5,No
2026-09-17 08:19:00,P122,Cleaning,Kitchen Cleaning,Clean Kitchen Floor,Yes,5,3,30,25,35,TASK_COMPLETION_BASED,"Size or amount of work, Condition of the item/property/site, Complexity of the problem",,5,No
2026-09-17 08:56:03,P123,Repairing,Plumbing Repair,Install Water Pipe,Yes,2,1,125,100,160,TASK_COMPLETION_BASED,"Size or amount of work, Condition of the item/property/site, Complexity of the problem",,5,No
2026-09-17 09:01:16,P123,Repairing,Plumbing Repair,Replace Water Pipe,Yes,2,1,120,95,155,TASK_COMPLETION_BASED,"Size or amount of work, Condition of the item/property/site, Complexity of the problem",,5,No
2026-09-17 09:01:36,P123,Repairing,Plumbing Repair,Repair Leaking Pipe,Yes,6,1,55,45,65,TASK_COMPLETION_BASED,"Size or amount of work, Condition of the item/property/site, Complexity of the problem",,5,No
2026-09-17 09:07:13,P123,Repairing,Plumbing Repair,Replace Tap,Yes,5,1,25,20,30,TASK_COMPLETION_BASED,"Size or amount of work, Condition of the item/property/site, Complexity of the problem",,5,No
2026-09-17 09:26:25,P123,Repairing,Plumbing Repair,Repair Tap,Yes,6,1,30,25,35,TASK_COMPLETION_BASED,"Size or amount of work, Condition of the item/property/site, Complexity of the problem",,5,No
2026-09-17 09:33:05,P123,Repairing,Plumbing Repair,Repair Bathroom Pipe,Yes,5,1,70,55,95,TASK_COMPLETION_BASED,"Size or amount of work, Condition of the item/property/site, Complexity of the problem",,5,No
2026-09-17 10:01:35,P124,Gardening,Planting Services,Plant Flowers,Yes,2,1,70,60,80,TASK_COMPLETION_BASED,"Size or amount of work, Condition of the item/property/site, Complexity of the problem",,5,No
2026-09-17 10:19:27,P124,Gardening,Planting Services,Plant Vegetables,Yes,4,1,95,80,120,TASK_COMPLETION_BASED,"Size or amount of work, Condition of the item/property/site, Complexity of the problem",,5,No
2026-09-17 10:41:29,P124,Gardening,Planting Services,Plant Small Tree,Yes,2,1,45,40,55,TASK_COMPLETION_BASED,"Size or amount of work, Condition of the item/property/site, Complexity of the problem",,5,No
2026-09-17 10:58:05,P124,Gardening,Planting Services,Plant Large Tree,Yes,2,1,115,85,160,TASK_COMPLETION_BASED,"Size or amount of work, Condition of the item/property/site, Complexity of the problem",,5,No
2026-09-17 10:59:35,P124,Gardening,Planting Services,Plant Garden Plants,Yes,5,1,75,60,95,TASK_COMPLETION_BASED,"Size or amount of work, Condition of the item/property/site, Complexity of the problem",,5,No
2026-09-17 11:01:26,P124,Gardening,Planting Services,Prepare Planting Area,Yes,4,1,105,85,135,TASK_COMPLETION_BASED,"Size or amount of work, Condition of the item/property/site, Complexity of the problem",,5,No
2026-09-17 11:10:42,P125,Gardening,Garden Cleaning,Remove Garden Waste,Yes,3,1,95,75,120,TASK_COMPLETION_BASED,"Size or amount of work, Condition of the item/property/site, Complexity of the problem",,5,No
2026-09-17 12:16:12,P125,Gardening,Garden Maintenance,Mow Lawn,Yes,8,1,75,65,95,TASK_COMPLETION_BASED,"Size or amount of work, Condition of the item/property/site, Complexity of the problem",,5,No
2026-09-17 12:44:36,P125,Gardening,Garden Maintenance,Trim Tree Branches,Yes,5,1,125,90,150,TASK_COMPLETION_BASED,"Size or amount of work, Condition of the item/property/site, Complexity of the problem",,5,No
2026-09-17 13:03:19,P126,Care Support,Disability Support,Personal Disability Assistance,Yes,5,1,190,170,215,FIXED_DURATION,"Size or amount of work, Condition of the item/property/site, Complexity of the problem",,5,No
2026-09-17 13:53:00,P126,Care Support,Disability Support,Mobility Support,Yes,9,1,90,75,100,FIXED_DURATION,"Size or amount of work, Condition of the item/property/site, Complexity of the problem",,5,No
2026-09-17 14:33:00,P126,Care Support,Disability Support,Daily Living Assistance,Yes,6,1,360,325,405,SHIFT_BASED,"Size or amount of work, Condition of the item/property/site, Complexity of the problem",,5,No
2026-09-17 14:39:12,P127,Repairing,Plumbing Repair,Repair Leaking Pipe,Yes,5,1,55,45,70,TASK_COMPLETION_BASED,"Size or amount of work, Condition of the item/property/site, Complexity of the problem",,5,No
2026-09-17 15:14:46,P127,Repairing,Plumbing Repair,Repair Water Leak,Yes,4,1,50,35,65,TASK_COMPLETION_BASED,"Size or amount of work, Condition of the item/property/site, Complexity of the problem",,5,No
2026-09-17 15:24:14,P127,Repairing,Plumbing Repair,Install Tap,Yes,6,1,30,25,35,TASK_COMPLETION_BASED,"Size or amount of work, Condition of the item/property/site, Complexity of the problem",,5,No
2026-09-17 15:33:56,P127,Repairing,Plumbing Repair,Repair Tap,Yes,9,1,25,20,30,TASK_COMPLETION_BASED,"Size or amount of work, Condition of the item/property/site, Complexity of the problem",,5,No
2026-09-17 15:36:04,P127,Repairing,Plumbing Repair,Install Water Tank,Yes,3,1,160,125,195,TASK_COMPLETION_BASED,"Size or amount of work, Condition of the item/property/site, Complexity of the problem",,5,No
2026-09-17 15:49:42,P127,Repairing,Plumbing Repair,Clear Blocked Drain,Yes,9,1,65,40,85,TASK_COMPLETION_BASED,"Size or amount of work, Condition of the item/property/site, Complexity of the problem",,5,No
2026-09-17 15:50:20,P127,Repairing,Plumbing Repair,Replace Toilet Pipe,Yes,2,1,60,50,75,TASK_COMPLETION_BASED,"Size or amount of work, Condition of the item/property/site, Complexity of the problem",,5,No
2026-09-17 16:11:33,P127,Repairing,Plumbing Repair,Repair Bathroom Pipe,Yes,4,1,60,50,80,TASK_COMPLETION_BASED,"Size or amount of work, Condition of the item/property/site, Complexity of the problem",,5,No
2026-09-17 16:26:26,P128,Cleaning,House Cleaning,General House Cleaning,Yes,9,1,165,135,200,TASK_COMPLETION_BASED,"Size or amount of work, Condition of the item/property/site, Complexity of the problem",,5,No
2026-09-17 18:50:29,P128,Cleaning,House Cleaning,Deep Clean House,Yes,2,1,260,210,340,TASK_COMPLETION_BASED,"Size or amount of work, Condition of the item/property/site, Complexity of the problem",,5,No
2026-09-17 19:32:40,P128,Cleaning,House Cleaning,Clean Single Room,Yes,16,1,55,50,65,TASK_COMPLETION_BASED,"Size or amount of work, Condition of the item/property/site, Complexity of the problem",,5,No
2026-09-17 19:40:51,P128,Cleaning,House Cleaning,Mop and Clean Floors,Yes,15,1,70,60,80,TASK_COMPLETION_BASED,"Size or amount of work, Condition of the item/property/site, Complexity of the problem",,5,No
2026-09-17 19:41:10,P128,Cleaning,House Cleaning,Dust and Surface Cleaning,Yes,10,1,55,50,65,TASK_COMPLETION_BASED,"Size or amount of work, Condition of the item/property/site, Complexity of the problem",,5,No
2026-09-17 19:44:51,P128,Cleaning,House Cleaning,Full Home Cleaning,Yes,4,1,240,190,290,TASK_COMPLETION_BASED,"Size or amount of work, Condition of the item/property/site, Complexity of the problem",,5,No
2026-09-17 19:45:51,P129,Repairing,Painting & Renovation,Paint Interior Wall,Yes,2,3,130,110,155,TASK_COMPLETION_BASED,"Size or amount of work, Condition of the item/property/site, Complexity of the problem",,5,No
2026-09-17 19:48:26,P129,Repairing,Painting & Renovation,Paint Room,Yes,4,3,210,170,275,TASK_COMPLETION_BASED,"Size or amount of work, Condition of the item/property/site, Complexity of the problem",,5,No
2026-09-17 19:49:41,P129,Repairing,Painting & Renovation,Paint Ceiling,Yes,2,3,125,105,150,TASK_COMPLETION_BASED,"Size or amount of work, Condition of the item/property/site, Complexity of the problem",,5,No
2026-09-17 20:22:03,P129,Repairing,Painting & Renovation,Paint Whole House,Yes,2,3,485,355,675,TASK_COMPLETION_BASED,"Size or amount of work, Condition of the item/property/site, Complexity of the problem",,5,No
2026-09-17 20:26:29,P129,Repairing,Painting & Renovation,Repair Wall Crack,Yes,7,3,70,50,90,TASK_COMPLETION_BASED,"Size or amount of work, Condition of the item/property/site, Complexity of the problem",,5,No
2026-09-17 20:48:12,P130,Repairing,Furniture Repair,Repair Dining Table,Yes,4,2,85,70,100,TASK_COMPLETION_BASED,"Size or amount of work, Condition of the item/property/site, Complexity of the problem",,5,No
2026-09-17 20:53:10,P130,Repairing,Furniture Repair,Repair Window Frame,Yes,2,2,85,70,105,TASK_COMPLETION_BASED,"Size or amount of work, Condition of the item/property/site, Complexity of the problem",,5,No
2026-09-17 20:54:03,P130,Repairing,Furniture Repair,Replace Furniture Hardware,Yes,6,2,25,20,30,TASK_COMPLETION_BASED,"Size or amount of work, Condition of the item/property/site, Complexity of the problem",,5,No
2026-09-17 20:58:14,P130,Repairing,Furniture Repair,Assemble Furniture,Yes,5,2,75,60,95,TASK_COMPLETION_BASED,"Size or amount of work, Condition of the item/property/site, Complexity of the problem",,5,No
2026-09-17 20:58:53,P130,Repairing,Painting & Renovation,Paint Ceiling,Yes,2,2,115,95,140,TASK_COMPLETION_BASED,"Size or amount of work, Condition of the item/property/site, Complexity of the problem",,5,No
2026-09-17 21:09:59,P130,Repairing,Painting & Renovation,Replace Damaged Tile,Yes,4,2,85,70,100,TASK_COMPLETION_BASED,"Size or amount of work, Condition of the item/property/site, Complexity of the problem",,5,No
2026-09-17 21:20:21,P131,Gardening,Garden Maintenance,Water Plants,Yes,23,1,40,35,45,TASK_COMPLETION_BASED,"Size or amount of work, Condition of the item/property/site, Complexity of the problem",,5,No
2026-09-17 21:55:39,P131,Gardening,Garden Maintenance,Trim Shrubs,Yes,11,1,85,75,105,TASK_COMPLETION_BASED,"Size or amount of work, Condition of the item/property/site, Complexity of the problem",,5,No
2026-09-18 08:02:35,P131,Gardening,Garden Maintenance,Cut Grass,Yes,8,1,95,85,115,TASK_COMPLETION_BASED,"Size or amount of work, Condition of the item/property/site, Complexity of the problem",,5,No
2026-09-18 08:08:12,P131,Gardening,Garden Maintenance,Remove Weeds,Yes,10,1,85,60,100,TASK_COMPLETION_BASED,"Size or amount of work, Condition of the item/property/site, Complexity of the problem",,5,No
2026-09-18 08:24:52,P131,Gardening,Garden Maintenance,General Garden Maintenance,Yes,7,1,160,130,195,TASK_COMPLETION_BASED,"Size or amount of work, Condition of the item/property/site, Complexity of the problem",,5,No
2026-09-18 08:31:54,P132,Cleaning,Move In/Out Cleaning,Move-Out Cleaning,Yes,3,1,200,160,255,TASK_COMPLETION_BASED,"Size or amount of work, Condition of the item/property/site, Complexity of the problem",,5,No
2026-09-18 08:34:52,P132,Cleaning,Move In/Out Cleaning,Empty Property Deep Cleaning,Yes,5,1,295,225,380,TASK_COMPLETION_BASED,"Size or amount of work, Condition of the item/property/site, Complexity of the problem",,5,No
2026-09-18 08:43:20,P132,Cleaning,Post-Construction Cleaning,Post-Construction House Cleaning,Yes,1,1,405,305,570,TASK_COMPLETION_BASED,"Size or amount of work, Condition of the item/property/site, Complexity of the problem",,5,No
2026-09-18 08:44:02,P133,Gardening,Garden Maintenance,Water Plants,Yes,12,1,45,40,50,TASK_COMPLETION_BASED,"Size or amount of work, Condition of the item/property/site, Complexity of the problem",,5,No
2026-09-18 09:13:46,P133,Gardening,Garden Maintenance,Mow Lawn,Yes,5,1,85,75,105,TASK_COMPLETION_BASED,"Size or amount of work, Condition of the item/property/site, Complexity of the problem",,5,No
2026-09-18 09:25:41,P133,Gardening,Garden Maintenance,Trim Tree Branches,Yes,2,1,105,80,130,TASK_COMPLETION_BASED,"Size or amount of work, Condition of the item/property/site, Complexity of the problem",,5,No
2026-09-18 09:49:41,P133,Gardening,Garden Maintenance,General Garden Maintenance,Yes,5,1,170,140,205,TASK_COMPLETION_BASED,"Size or amount of work, Condition of the item/property/site, Complexity of the problem",,5,No
2026-09-18 09:53:36,P133,Gardening,Garden Maintenance,Prune Plants,Yes,5,1,70,55,85,TASK_COMPLETION_BASED,"Size or amount of work, Condition of the item/property/site, Complexity of the problem",,5,No
2026-09-18 09:59:50,P134,Gardening,Planting Services,Plant Flowers,Yes,3,2,55,50,65,TASK_COMPLETION_BASED,"Size or amount of work, Condition of the item/property/site, Complexity of the problem",,5,No
2026-09-18 10:12:07,P134,Gardening,Planting Services,Plant Vegetables,Yes,4,2,90,70,115,TASK_COMPLETION_BASED,"Size or amount of work, Condition of the item/property/site, Complexity of the problem",,5,No
2026-09-18 10:18:48,P134,Gardening,Planting Services,Plant Garden Plants,Yes,5,2,70,60,85,TASK_COMPLETION_BASED,"Size or amount of work, Condition of the item/property/site, Complexity of the problem",,5,No
2026-09-18 10:37:08,P134,Gardening,Planting Services,Prepare Planting Area,Yes,7,2,100,80,125,TASK_COMPLETION_BASED,"Size or amount of work, Condition of the item/property/site, Complexity of the problem",,5,No
2026-09-18 10:51:33,P135,Cleaning,House Cleaning,Clean Single Room,Yes,16,4,50,45,60,TASK_COMPLETION_BASED,"Size or amount of work, Condition of the item/property/site, Complexity of the problem",,5,No
2026-09-18 10:58:37,P135,Cleaning,House Cleaning,Mop and Clean Floors,Yes,14,4,60,50,70,TASK_COMPLETION_BASED,"Size or amount of work, Condition of the item/property/site, Complexity of the problem",,5,No
2026-09-18 11:05:56,P135,Cleaning,House Cleaning,Full Home Cleaning,Yes,6,4,170,130,205,TASK_COMPLETION_BASED,"Size or amount of work, Condition of the item/property/site, Complexity of the problem",,5,No
2026-09-18 11:30:05,P136,Cleaning,House Cleaning,Deep Clean House,Yes,5,1,240,195,300,TASK_COMPLETION_BASED,"Size or amount of work, Condition of the item/property/site, Complexity of the problem",,5,No
2026-09-18 11:30:25,P136,Cleaning,Kitchen Cleaning,General Kitchen Cleaning,Yes,4,1,70,60,80,TASK_COMPLETION_BASED,"Size or amount of work, Condition of the item/property/site, Complexity of the problem",,5,No
2026-09-18 11:34:29,P136,Cleaning,Kitchen Cleaning,Degrease Cooking Area,Yes,7,1,65,55,80,TASK_COMPLETION_BASED,"Size or amount of work, Condition of the item/property/site, Complexity of the problem",,5,No
2026-09-18 11:37:30,P137,Repairing,Furniture Repair,Repair Dining Table,Yes,5,1,85,70,100,TASK_COMPLETION_BASED,"Size or amount of work, Condition of the item/property/site, Complexity of the problem",,5,No
2026-09-18 12:07:48,P137,Repairing,Furniture Repair,Repair Sofa Frame,Yes,4,1,115,95,160,TASK_COMPLETION_BASED,"Size or amount of work, Condition of the item/property/site, Complexity of the problem",,5,No
2026-09-18 12:27:01,P137,Repairing,Furniture Repair,Repair Cupboard,Yes,6,1,95,70,125,TASK_COMPLETION_BASED,"Size or amount of work, Condition of the item/property/site, Complexity of the problem",,5,No
2026-09-18 12:38:35,P137,Repairing,Furniture Repair,Repair Cabinet,Yes,4,1,80,65,110,TASK_COMPLETION_BASED,"Size or amount of work, Condition of the item/property/site, Complexity of the problem",,5,No
2026-09-18 13:25:55,P137,Repairing,Furniture Repair,Repair Wooden Door,Yes,6,1,95,65,115,TASK_COMPLETION_BASED,"Size or amount of work, Condition of the item/property/site, Complexity of the problem",,5,No
2026-09-18 14:00:07,P137,Repairing,Furniture Repair,Repair Window Frame,Yes,3,1,100,80,125,TASK_COMPLETION_BASED,"Size or amount of work, Condition of the item/property/site, Complexity of the problem",,5,No
2026-09-18 14:22:47,P137,Repairing,Furniture Repair,Replace Furniture Hardware,Yes,9,1,25,20,30,TASK_COMPLETION_BASED,"Size or amount of work, Condition of the item/property/site, Complexity of the problem",,5,No
2026-09-18 14:28:23,P137,Repairing,Furniture Repair,Assemble Furniture,Yes,7,1,80,65,105,TASK_COMPLETION_BASED,"Size or amount of work, Condition of the item/property/site, Complexity of the problem",,5,No
2026-09-18 14:33:44,P138,Cleaning,Bathroom Cleaning,Clean Toilet,Yes,8,2,25,20,30,TASK_COMPLETION_BASED,"Size or amount of work, Condition of the item/property/site, Complexity of the problem",,5,No
2026-09-18 14:37:32,P138,Cleaning,Bathroom Cleaning,Clean Washroom,Yes,7,2,40,35,45,TASK_COMPLETION_BASED,"Size or amount of work, Condition of the item/property/site, Complexity of the problem",,5,No
2026-09-18 14:39:49,P138,Cleaning,House Cleaning,Mop and Clean Floors,Yes,14,2,65,55,75,TASK_COMPLETION_BASED,"Size or amount of work, Condition of the item/property/site, Complexity of the problem",,5,No
2026-09-18 14:49:26,P138,Cleaning,Kitchen Cleaning,General Kitchen Cleaning,Yes,9,2,65,55,75,TASK_COMPLETION_BASED,"Size or amount of work, Condition of the item/property/site, Complexity of the problem",,5,No
2026-09-18 15:43:18,P139,Repairing,Plumbing Repair,Repair Leaking Pipe,Yes,9,2,60,45,75,TASK_COMPLETION_BASED,"Size or amount of work, Condition of the item/property/site, Complexity of the problem",,5,No
2026-09-18 16:30:00,P139,Repairing,Plumbing Repair,Repair Water Leak,Yes,8,2,70,50,90,TASK_COMPLETION_BASED,"Size or amount of work, Condition of the item/property/site, Complexity of the problem",,5,No
2026-09-18 16:30:54,P139,Repairing,Plumbing Repair,Repair Tap,Yes,8,2,30,25,35,TASK_COMPLETION_BASED,"Size or amount of work, Condition of the item/property/site, Complexity of the problem",,5,No
2026-09-18 17:07:08,P139,Repairing,Plumbing Repair,Install Water Tank,Yes,2,2,160,135,200,TASK_COMPLETION_BASED,"Size or amount of work, Condition of the item/property/site, Complexity of the problem",,5,No
2026-09-18 17:07:34,P139,Repairing,Plumbing Repair,Clean Water Tank,Yes,2,2,145,120,170,TASK_COMPLETION_BASED,"Size or amount of work, Condition of the item/property/site, Complexity of the problem",,5,No
2026-09-18 17:21:31,P139,Repairing,Plumbing Repair,Clear Blocked Drain,Yes,10,2,65,45,90,TASK_COMPLETION_BASED,"Size or amount of work, Condition of the item/property/site, Complexity of the problem",,5,No
2026-09-18 17:33:17,P139,Repairing,Plumbing Repair,Install Sink Plumbing,Yes,3,2,80,70,95,TASK_COMPLETION_BASED,"Size or amount of work, Condition of the item/property/site, Complexity of the problem",,5,No
2026-09-18 18:42:27,P140,Cleaning,Bathroom Cleaning,General Bathroom Cleaning,Yes,7,1,55,50,65,TASK_COMPLETION_BASED,"Size or amount of work, Condition of the item/property/site, Complexity of the problem",,5,No
2026-09-18 18:52:09,P140,Cleaning,Bathroom Cleaning,Clean Toilet,Yes,6,1,25,20,30,TASK_COMPLETION_BASED,"Size or amount of work, Condition of the item/property/site, Complexity of the problem",,5,No
2026-09-18 18:57:44,P140,Cleaning,House Cleaning,General House Cleaning,Yes,13,1,150,125,180,TASK_COMPLETION_BASED,"Size or amount of work, Condition of the item/property/site, Complexity of the problem",,5,No
2026-09-18 19:01:13,P140,Cleaning,Kitchen Cleaning,Degrease Cooking Area,Yes,4,1,75,60,90,TASK_COMPLETION_BASED,"Size or amount of work, Condition of the item/property/site, Complexity of the problem",,5,No
2026-09-18 19:13:06,P141,Repairing,Plumbing Repair,Repair Leaking Pipe,Yes,3,1,70,55,85,TASK_COMPLETION_BASED,"Size or amount of work, Condition of the item/property/site, Complexity of the problem",,5,No
2026-09-18 19:36:54,P141,Repairing,Plumbing Repair,Replace Tap,Yes,5,1,35,30,40,TASK_COMPLETION_BASED,"Size or amount of work, Condition of the item/property/site, Complexity of the problem",,5,No
2026-09-18 19:51:52,P141,Repairing,Plumbing Repair,Repair Tap,Yes,6,1,35,30,40,TASK_COMPLETION_BASED,"Size or amount of work, Condition of the item/property/site, Complexity of the problem",,5,No
2026-09-18 20:14:56,P141,Repairing,Plumbing Repair,Clear Blocked Drain,Yes,8,1,65,45,85,TASK_COMPLETION_BASED,"Size or amount of work, Condition of the item/property/site, Complexity of the problem",,5,No
2026-09-18 20:50:18,P141,Repairing,Plumbing Repair,Repair Sink Plumbing,Yes,4,1,60,50,75,TASK_COMPLETION_BASED,"Size or amount of work, Condition of the item/property/site, Complexity of the problem",,5,No
2026-09-18 21:17:12,P141,Repairing,Plumbing Repair,Install Sink Plumbing,Yes,2,1,100,85,120,TASK_COMPLETION_BASED,"Size or amount of work, Condition of the item/property/site, Complexity of the problem",,5,No
2026-09-18 21:27:18,P142,Gardening,Garden Maintenance,Water Plants,Yes,15,1,40,35,45,TASK_COMPLETION_BASED,"Size or amount of work, Condition of the item/property/site, Complexity of the problem",,5,No
2026-09-19 08:02:54,P142,Gardening,Garden Maintenance,Mow Lawn,Yes,15,1,80,70,100,TASK_COMPLETION_BASED,"Size or amount of work, Condition of the item/property/site, Complexity of the problem",,5,No
2026-09-19 08:10:19,P142,Gardening,Garden Maintenance,General Garden Maintenance,Yes,8,1,150,125,180,TASK_COMPLETION_BASED,"Size or amount of work, Condition of the item/property/site, Complexity of the problem",,5,No
2026-09-19 08:11:01,P143,Gardening,Garden Maintenance,Water Plants,Yes,15,2,40,35,45,TASK_COMPLETION_BASED,"Size or amount of work, Condition of the item/property/site, Complexity of the problem",,5,No
2026-09-19 08:25:18,P143,Gardening,Garden Maintenance,Trim Tree Branches,Yes,2,2,115,80,145,TASK_COMPLETION_BASED,"Size or amount of work, Condition of the item/property/site, Complexity of the problem",,5,No
2026-09-19 08:40:54,P143,Gardening,Garden Maintenance,General Garden Maintenance,Yes,8,2,160,135,190,TASK_COMPLETION_BASED,"Size or amount of work, Condition of the item/property/site, Complexity of the problem",,5,No
2026-09-19 09:15:57,P143,Gardening,Garden Maintenance,Prune Plants,Yes,4,2,70,55,85,TASK_COMPLETION_BASED,"Size or amount of work, Condition of the item/property/site, Complexity of the problem",,5,No
2026-09-19 09:22:47,P143,Gardening,Landscaping & Design,Design Small Garden,Yes,2,2,235,180,310,TASK_COMPLETION_BASED,"Size or amount of work, Condition of the item/property/site, Complexity of the problem",,5,No
2026-09-19 09:24:35,P143,Gardening,Planting Services,Plant Flowers,Yes,3,2,65,55,75,TASK_COMPLETION_BASED,"Size or amount of work, Condition of the item/property/site, Complexity of the problem",,5,No
2026-09-19 10:00:30,P144,Gardening,Garden Maintenance,Water Plants,Yes,8,2,40,35,45,TASK_COMPLETION_BASED,"Size or amount of work, Condition of the item/property/site, Complexity of the problem",,5,No
2026-09-19 10:07:54,P144,Gardening,Garden Maintenance,Trim Shrubs,Yes,7,2,80,70,100,TASK_COMPLETION_BASED,"Size or amount of work, Condition of the item/property/site, Complexity of the problem",,5,No
2026-09-19 10:13:24,P144,Gardening,Garden Maintenance,Cut Grass,Yes,6,2,95,85,110,TASK_COMPLETION_BASED,"Size or amount of work, Condition of the item/property/site, Complexity of the problem",,5,No
2026-09-19 10:15:55,P144,Gardening,Garden Maintenance,Mow Lawn,Yes,9,2,80,70,100,TASK_COMPLETION_BASED,"Size or amount of work, Condition of the item/property/site, Complexity of the problem",,5,No
2026-09-19 10:32:07,P144,Gardening,Garden Maintenance,General Garden Maintenance,Yes,4,2,170,140,205,TASK_COMPLETION_BASED,"Size or amount of work, Condition of the item/property/site, Complexity of the problem",,5,No
2026-09-19 10:32:15,P144,Gardening,Garden Maintenance,Prune Plants,Yes,7,2,65,50,80,TASK_COMPLETION_BASED,"Size or amount of work, Condition of the item/property/site, Complexity of the problem",,5,No
2026-09-19 10:33:47,P144,Gardening,Landscaping & Design,Set Up New Garden,Yes,3,2,315,230,460,TASK_COMPLETION_BASED,"Size or amount of work, Condition of the item/property/site, Complexity of the problem",,5,No
2026-09-19 11:21:07,P144,Gardening,Landscaping & Design,Landscape Existing Garden,Yes,2,2,420,310,580,TASK_COMPLETION_BASED,"Size or amount of work, Condition of the item/property/site, Complexity of the problem",,5,No
2026-09-19 11:30:02,P145,Cleaning,House Cleaning,Dust and Surface Cleaning,Yes,12,2,55,50,65,TASK_COMPLETION_BASED,"Size or amount of work, Condition of the item/property/site, Complexity of the problem",,5,No
2026-09-19 11:57:36,P145,Cleaning,House Cleaning,Full Home Cleaning,Yes,8,2,210,165,260,TASK_COMPLETION_BASED,"Size or amount of work, Condition of the item/property/site, Complexity of the problem",,5,No
2026-09-19 12:13:13,P145,Cleaning,Office Cleaning,Clean Retail Shop,Yes,8,2,130,105,155,TASK_COMPLETION_BASED,"Size or amount of work, Condition of the item/property/site, Complexity of the problem",,5,No
2026-09-19 12:18:13,P145,Cleaning,Office Cleaning,Clean Office Floors,Yes,11,2,80,70,100,TASK_COMPLETION_BASED,"Size or amount of work, Condition of the item/property/site, Complexity of the problem",,5,No
2026-09-19 12:18:35,P145,Cleaning,Post-Construction Cleaning,Post-Construction House Cleaning,Yes,3,2,320,225,425,TASK_COMPLETION_BASED,"Size or amount of work, Condition of the item/property/site, Complexity of the problem",,5,No
2026-09-19 12:53:31,P146,Care Support,Elderly Care,Elderly Home Care,Yes,14,2,285,255,315,SHIFT_BASED,"Size or amount of work, Condition of the item/property/site, Complexity of the problem",,5,No
2026-09-19 12:53:42,P146,Care Support,Elderly Care,Home Nursing Visit,Yes,6,2,75,70,85,FIXED_DURATION,"Size or amount of work, Condition of the item/property/site, Complexity of the problem",,5,No
2026-09-19 13:03:50,P146,Care Support,Elderly Care,Mobility Assistance,Yes,8,2,90,80,105,FIXED_DURATION,"Size or amount of work, Condition of the item/property/site, Complexity of the problem",,5,No
2026-09-19 13:08:05,P147,Care Support,Elderly Care,Elderly Home Care,Yes,17,4,270,240,300,SHIFT_BASED,"Size or amount of work, Condition of the item/property/site, Complexity of the problem",,5,No
2026-09-19 13:16:48,P147,Care Support,Elderly Care,Elderly Assistance Session,Yes,18,4,140,125,165,FIXED_DURATION,"Size or amount of work, Condition of the item/property/site, Complexity of the problem",,5,No
2026-09-19 13:22:36,P147,Care Support,Elderly Care,Home Nursing Visit,Yes,9,4,75,70,85,FIXED_DURATION,"Size or amount of work, Condition of the item/property/site, Complexity of the problem",,5,No
2026-09-19 13:34:53,P147,Care Support,Elderly Care,Medication Assistance,Yes,17,4,20,15,25,TASK_COMPLETION_BASED,"Size or amount of work, Condition of the item/property/site, Complexity of the problem",,5,No
2026-09-19 14:07:36,P147,Care Support,Personal Assistance,Home Helper Session,Yes,15,4,270,240,300,SHIFT_BASED,"Size or amount of work, Condition of the item/property/site, Complexity of the problem",,5,No
2026-09-19 14:14:00,P147,Care Support,Personal Assistance,Personal Assistance,Yes,7,4,330,300,370,SHIFT_BASED,"Size or amount of work, Condition of the item/property/site, Complexity of the problem",,5,No
2026-09-19 14:30:08,P148,Care Support,Disability Support,Personal Disability Assistance,Yes,9,1,200,175,230,FIXED_DURATION,"Size or amount of work, Condition of the item/property/site, Complexity of the problem",,5,No
2026-09-19 15:11:19,P148,Care Support,Disability Support,Mobility Support,Yes,4,1,95,80,105,FIXED_DURATION,"Size or amount of work, Condition of the item/property/site, Complexity of the problem",,5,No
2026-09-19 15:21:55,P148,Care Support,Disability Support,Daily Living Assistance,Yes,3,1,375,340,415,SHIFT_BASED,"Size or amount of work, Condition of the item/property/site, Complexity of the problem",,5,No
2026-09-19 15:43:30,P148,Care Support,Disability Support,Special Needs Support Session,Yes,5,1,115,100,135,FIXED_DURATION,"Size or amount of work, Condition of the item/property/site, Complexity of the problem",,5,No
2026-09-19 15:46:04,P148,Care Support,Personal Assistance,Home Helper Session,Yes,9,1,270,245,305,FIXED_DURATION,"Size or amount of work, Condition of the item/property/site, Complexity of the problem",,5,No
2026-09-19 15:46:41,P148,Care Support,Personal Assistance,Personal Assistance,Yes,6,1,345,300,385,SHIFT_BASED,"Size or amount of work, Condition of the item/property/site, Complexity of the problem",,5,No
2026-09-19 15:47:44,P148,Care Support,Personal Assistance,Daily Task Support,Yes,9,1,115,100,130,FIXED_DURATION,"Size or amount of work, Condition of the item/property/site, Complexity of the problem",,5,No
2026-09-19 15:52:49,P149,Care Support,Disability Support,Personal Disability Assistance,Yes,5,1,195,170,225,SHIFT_BASED,"Size or amount of work, Condition of the item/property/site, Complexity of the problem",,5,No
2026-09-19 16:22:34,P149,Care Support,Disability Support,Mobility Support,Yes,8,1,90,75,100,FIXED_DURATION,"Size or amount of work, Condition of the item/property/site, Complexity of the problem",,5,No
2026-09-19 17:48:12,P149,Care Support,Disability Support,Special Needs Support Session,Yes,4,1,125,110,145,FIXED_DURATION,"Size or amount of work, Condition of the item/property/site, Complexity of the problem",,5,No
2026-09-19 17:50:28,P149,Care Support,Elderly Care,Elderly Home Care,Yes,14,1,285,255,315,FIXED_DURATION,"Size or amount of work, Condition of the item/property/site, Complexity of the problem",,5,No
2026-09-19 17:53:54,P149,Care Support,Elderly Care,Home Nursing Visit,Yes,11,1,70,65,80,FIXED_DURATION,"Size or amount of work, Condition of the item/property/site, Complexity of the problem",,5,No
2026-09-19 18:16:03,P149,Care Support,Elderly Care,Medication Assistance,Yes,18,1,25,20,30,TASK_COMPLETION_BASED,"Size or amount of work, Condition of the item/property/site, Complexity of the problem",,5,No
2026-09-19 18:21:15,P149,Care Support,Personal Assistance,Home Helper Session,Yes,11,1,280,250,320,FIXED_DURATION,"Size or amount of work, Condition of the item/property/site, Complexity of the problem",,5,No
2026-09-19 18:23:16,P150,Repairing,Painting & Renovation,Paint Ceiling,Yes,2,3,105,90,125,TASK_COMPLETION_BASED,"Size or amount of work, Condition of the item/property/site, Complexity of the problem",,5,No
2026-09-19 18:55:23,P150,Repairing,Painting & Renovation,Paint Whole House,Yes,2,3,435,300,585,TASK_COMPLETION_BASED,"Size or amount of work, Condition of the item/property/site, Complexity of the problem",,5,No
2026-09-19 19:16:37,P150,Repairing,Painting & Renovation,Repair Wall Crack,Yes,4,3,75,50,100,TASK_COMPLETION_BASED,"Size or amount of work, Condition of the item/property/site, Complexity of the problem",,5,No
2026-09-19 19:54:16,P150,Repairing,Painting & Renovation,Replace Damaged Tile,Yes,2,3,75,60,90,TASK_COMPLETION_BASED,"Size or amount of work, Condition of the item/property/site, Complexity of the problem",,5,No
2026-09-19 20:03:28,P150,Repairing,Painting & Renovation,Minor Renovation Work,Yes,1,3,240,160,320,TASK_COMPLETION_BASED,"Size or amount of work, Condition of the item/property/site, Complexity of the problem",,5,No
2026-09-19 20:08:53,P150,Repairing,Roofing Repair,Inspect Roof Damage,Yes,4,3,60,45,70,TASK_COMPLETION_BASED,"Size or amount of work, Condition of the item/property/site, Complexity of the problem",,5,No
2026-09-19 20:29:02,P150,Repairing,Roofing Repair,Replace Roof Tile,Yes,3,3,135,100,185,TASK_COMPLETION_BASED,"Size or amount of work, Condition of the item/property/site, Complexity of the problem",,5,No
2026-09-19 20:49:23,P150,Repairing,Roofing Repair,Repair Roof Structure,Yes,2,3,290,185,395,TASK_COMPLETION_BASED,"Size or amount of work, Condition of the item/property/site, Complexity of the problem",,5,No
2026-09-19 20:57:13,P151,Cleaning,House Cleaning,Full Home Cleaning,Yes,4,2,200,160,240,TASK_COMPLETION_BASED,"Size or amount of work, Condition of the item/property/site, Complexity of the problem",,5,No
2026-09-19 21:20:14,P151,Cleaning,Office Cleaning,Clean Retail Shop,Yes,3,2,130,110,155,TASK_COMPLETION_BASED,"Size or amount of work, Condition of the item/property/site, Complexity of the problem",,5,No
2026-09-19 21:22:32,P151,Cleaning,Office Cleaning,Deep Clean Office,Yes,2,2,315,255,410,TASK_COMPLETION_BASED,"Size or amount of work, Condition of the item/property/site, Complexity of the problem",,5,No
2026-09-19 21:37:59,P151,Cleaning,Office Cleaning,Clean Office Floors,Yes,6,2,85,75,105,TASK_COMPLETION_BASED,"Size or amount of work, Condition of the item/property/site, Complexity of the problem",,5,No
2026-09-20 08:06:29,P152,Repairing,Roofing Repair,Replace Roof Sheet,Yes,3,2,150,115,195,TASK_COMPLETION_BASED,"Size or amount of work, Condition of the item/property/site, Complexity of the problem",,5,No
2026-09-20 08:09:17,P152,Repairing,Roofing Repair,Replace Roof Tile,Yes,3,2,150,105,205,TASK_COMPLETION_BASED,"Size or amount of work, Condition of the item/property/site, Complexity of the problem",,5,No
2026-09-20 08:21:46,P152,Repairing,Roofing Repair,Seal Roof Leakage,Yes,2,2,85,60,115,TASK_COMPLETION_BASED,"Size or amount of work, Condition of the item/property/site, Complexity of the problem",,5,No
2026-09-20 08:22:58,P152,Repairing,Roofing Repair,Repair Roof Structure,Yes,2,2,285,180,395,TASK_COMPLETION_BASED,"Size or amount of work, Condition of the item/property/site, Complexity of the problem",,5,No
2026-09-20 08:28:28,P152,Repairing,Roofing Repair,Minor Roof Maintenance,Yes,2,2,95,70,115,TASK_COMPLETION_BASED,"Size or amount of work, Condition of the item/property/site, Complexity of the problem",,5,No
2026-09-20 08:32:12,P153,Gardening,Garden Maintenance,Trim Shrubs,Yes,7,2,75,65,100,TASK_COMPLETION_BASED,"Size or amount of work, Condition of the item/property/site, Complexity of the problem",,5,No
2026-09-20 08:33:18,P153,Gardening,Garden Maintenance,Cut Grass,Yes,12,2,90,80,110,TASK_COMPLETION_BASED,"Size or amount of work, Condition of the item/property/site, Complexity of the problem",,5,No
2026-09-20 08:46:40,P153,Gardening,Garden Maintenance,Mow Lawn,Yes,12,2,80,70,105,TASK_COMPLETION_BASED,"Size or amount of work, Condition of the item/property/site, Complexity of the problem",,5,No
2026-09-20 09:05:27,P153,Gardening,Garden Maintenance,Remove Weeds,Yes,7,2,80,60,95,TASK_COMPLETION_BASED,"Size or amount of work, Condition of the item/property/site, Complexity of the problem",,5,No
2026-09-20 09:12:50,P153,Gardening,Landscaping & Design,Design Small Garden,Yes,1,2,230,170,295,TASK_COMPLETION_BASED,"Size or amount of work, Condition of the item/property/site, Complexity of the problem",,5,No
2026-09-20 09:25:26,P153,Gardening,Landscaping & Design,Basic Landscaping,Yes,2,2,255,200,320,TASK_COMPLETION_BASED,"Size or amount of work, Condition of the item/property/site, Complexity of the problem",,5,No
2026-09-20 09:35:38,P154,Cleaning,Move In/Out Cleaning,Move-In Cleaning,Yes,5,4,190,155,230,TASK_COMPLETION_BASED,"Size or amount of work, Condition of the item/property/site, Complexity of the problem",,5,No
2026-09-20 10:53:29,P154,Cleaning,Move In/Out Cleaning,Move-Out Cleaning,Yes,7,4,180,145,225,TASK_COMPLETION_BASED,"Size or amount of work, Condition of the item/property/site, Complexity of the problem",,5,No
2026-09-20 11:14:51,P154,Cleaning,Move In/Out Cleaning,Empty Property Deep Cleaning,Yes,1,4,275,220,360,TASK_COMPLETION_BASED,"Size or amount of work, Condition of the item/property/site, Complexity of the problem",,5,No
2026-09-20 11:24:11,P155,Repairing,Electrical Repair,Install Ceiling Fan,Yes,4,2,70,60,85,TASK_COMPLETION_BASED,"Size or amount of work, Condition of the item/property/site, Complexity of the problem",,5,No
2026-09-20 11:59:47,P155,Repairing,Electrical Repair,Repair Electrical Wiring,Yes,3,2,95,70,120,TASK_COMPLETION_BASED,"Size or amount of work, Condition of the item/property/site, Complexity of the problem",,5,No
2026-09-20 12:39:26,P155,Repairing,Electrical Repair,Replace Distribution Board Component,Yes,1,2,65,50,85,TASK_COMPLETION_BASED,"Size or amount of work, Condition of the item/property/site, Complexity of the problem",,5,No
2026-09-20 13:10:01,P155,Repairing,Electrical Repair,Repair Television,Yes,2,2,85,65,110,TASK_COMPLETION_BASED,"Size or amount of work, Condition of the item/property/site, Complexity of the problem",,5,No
2026-09-20 13:15:08,P155,Repairing,Electrical Repair,Repair Refrigerator,Yes,3,2,90,75,115,TASK_COMPLETION_BASED,"Size or amount of work, Condition of the item/property/site, Complexity of the problem",,5,No
2026-09-20 13:36:35,P155,Repairing,Electrical Repair,Repair Microwave Oven,Yes,4,2,50,40,65,TASK_COMPLETION_BASED,"Size or amount of work, Condition of the item/property/site, Complexity of the problem",,5,No
2026-09-20 14:42:50,P156,Gardening,Garden Maintenance,Trim Shrubs,Yes,3,1,80,70,100,TASK_COMPLETION_BASED,"Size or amount of work, Condition of the item/property/site, Complexity of the problem",,5,No
2026-09-20 14:55:17,P156,Gardening,Garden Maintenance,Remove Weeds,Yes,7,1,80,65,95,TASK_COMPLETION_BASED,"Size or amount of work, Condition of the item/property/site, Complexity of the problem",,5,No
2026-09-20 14:56:08,P156,Gardening,Garden Maintenance,Trim Tree Branches,Yes,3,1,135,100,160,TASK_COMPLETION_BASED,"Size or amount of work, Condition of the item/property/site, Complexity of the problem",,5,No
2026-09-20 15:09:52,P156,Gardening,Garden Maintenance,General Garden Maintenance,Yes,8,1,160,135,195,TASK_COMPLETION_BASED,"Size or amount of work, Condition of the item/property/site, Complexity of the problem",,5,No
2026-09-20 16:06:58,P156,Gardening,Garden Maintenance,Prune Plants,Yes,11,1,60,45,75,TASK_COMPLETION_BASED,"Size or amount of work, Condition of the item/property/site, Complexity of the problem",,5,No
2026-09-20 16:51:37,P157,Care Support,Personal Assistance,Home Helper Session,Yes,9,1,285,255,315,FIXED_DURATION,"Size or amount of work, Condition of the item/property/site, Complexity of the problem",,5,No
2026-09-20 16:52:37,P157,Care Support,Personal Assistance,Personal Assistance,Yes,9,1,340,300,385,FIXED_DURATION,"Size or amount of work, Condition of the item/property/site, Complexity of the problem",,5,No
2026-09-20 17:21:43,P157,Care Support,Personal Assistance,Daily Household Assistance,Yes,8,1,155,125,180,TASK_COMPLETION_BASED,"Size or amount of work, Condition of the item/property/site, Complexity of the problem",,5,No
2026-09-20 17:22:47,P157,Care Support,Personal Assistance,Errand Assistance,Yes,8,1,100,70,135,TASK_COMPLETION_BASED,"Size or amount of work, Condition of the item/property/site, Complexity of the problem",,5,No
2026-09-20 18:09:35,P157,Care Support,Personal Assistance,Daily Task Support,Yes,10,1,120,105,135,FIXED_DURATION,"Size or amount of work, Condition of the item/property/site, Complexity of the problem",,5,No
2026-09-20 18:11:01,P158,Cleaning,Kitchen Cleaning,General Kitchen Cleaning,Yes,6,1,70,60,80,TASK_COMPLETION_BASED,"Size or amount of work, Condition of the item/property/site, Complexity of the problem",,5,No
2026-09-20 18:40:02,P158,Cleaning,Move In/Out Cleaning,Move-In Cleaning,Yes,4,1,230,190,285,TASK_COMPLETION_BASED,"Size or amount of work, Condition of the item/property/site, Complexity of the problem",,5,No
2026-09-20 19:18:15,P158,Cleaning,Move In/Out Cleaning,Empty Property Deep Cleaning,Yes,2,1,305,240,380,TASK_COMPLETION_BASED,"Size or amount of work, Condition of the item/property/site, Complexity of the problem",,5,No
2026-09-20 20:08:52,P159,Repairing,Plumbing Repair,Replace Water Pipe,Yes,2,1,135,110,170,TASK_COMPLETION_BASED,"Size or amount of work, Condition of the item/property/site, Complexity of the problem",,5,No
2026-09-20 20:18:03,P159,Repairing,Plumbing Repair,Repair Tap,Yes,8,1,30,25,35,TASK_COMPLETION_BASED,"Size or amount of work, Condition of the item/property/site, Complexity of the problem",,5,No
2026-09-20 20:37:55,P159,Repairing,Plumbing Repair,Repair Toilet Plumbing,Yes,4,1,65,50,85,TASK_COMPLETION_BASED,"Size or amount of work, Condition of the item/property/site, Complexity of the problem",,5,No
2026-09-20 20:47:17,P160,Cleaning,House Cleaning,General House Cleaning,Yes,5,1,150,120,185,TASK_COMPLETION_BASED,"Size or amount of work, Condition of the item/property/site, Complexity of the problem",,5,No
2026-09-20 21:04:46,P160,Cleaning,House Cleaning,Mop and Clean Floors,Yes,10,1,60,50,70,TASK_COMPLETION_BASED,"Size or amount of work, Condition of the item/property/site, Complexity of the problem",,5,No
2026-09-20 21:11:04,P160,Cleaning,House Cleaning,Dust and Surface Cleaning,Yes,7,1,50,45,60,TASK_COMPLETION_BASED,"Size or amount of work, Condition of the item/property/site, Complexity of the problem",,5,No
2026-09-21 08:14:47,P160,Cleaning,Office Cleaning,Clean Medium Office,Yes,3,1,190,150,250,TASK_COMPLETION_BASED,"Size or amount of work, Condition of the item/property/site, Complexity of the problem",,5,No
2026-09-21 08:25:51,P160,Cleaning,Office Cleaning,Clean Retail Shop,Yes,5,1,145,120,175,TASK_COMPLETION_BASED,"Size or amount of work, Condition of the item/property/site, Complexity of the problem",,5,No
2026-09-21 09:02:45,P160,Cleaning,Office Cleaning,Clean Office Floors,Yes,5,1,90,80,105,TASK_COMPLETION_BASED,"Size or amount of work, Condition of the item/property/site, Complexity of the problem",,5,No
2026-09-21 09:29:34,P161,Repairing,Roofing Repair,Inspect Roof Damage,Yes,4,2,60,45,70,TASK_COMPLETION_BASED,"Size or amount of work, Condition of the item/property/site, Complexity of the problem",,5,No
2026-09-21 09:32:51,P161,Repairing,Roofing Repair,Replace Roof Sheet,Yes,3,2,115,75,155,TASK_COMPLETION_BASED,"Size or amount of work, Condition of the item/property/site, Complexity of the problem",,5,No
2026-09-21 09:36:16,P161,Repairing,Roofing Repair,Replace Roof Tile,Yes,2,2,145,110,195,TASK_COMPLETION_BASED,"Size or amount of work, Condition of the item/property/site, Complexity of the problem",,5,No
2026-09-21 10:21:31,P161,Repairing,Roofing Repair,Minor Roof Maintenance,Yes,3,2,95,75,120,TASK_COMPLETION_BASED,"Size or amount of work, Condition of the item/property/site, Complexity of the problem",,5,No
2026-09-21 10:32:02,P162,Gardening,Landscaping & Design,Design Small Garden,Yes,1,4,220,155,280,TASK_COMPLETION_BASED,"Size or amount of work, Condition of the item/property/site, Complexity of the problem",,5,No
2026-09-21 10:49:39,P162,Gardening,Landscaping & Design,Design Medium Garden,Yes,2,4,280,225,370,TASK_COMPLETION_BASED,"Size or amount of work, Condition of the item/property/site, Complexity of the problem",,5,No
2026-09-21 11:47:34,P162,Gardening,Landscaping & Design,Set Up New Garden,Yes,3,4,265,200,365,TASK_COMPLETION_BASED,"Size or amount of work, Condition of the item/property/site, Complexity of the problem",,5,No
2026-09-21 12:01:22,P162,Gardening,Landscaping & Design,Basic Landscaping,Yes,4,4,275,195,365,TASK_COMPLETION_BASED,"Size or amount of work, Condition of the item/property/site, Complexity of the problem",,5,No
2026-09-21 12:09:15,P162,Gardening,Landscaping & Design,Landscape Existing Garden,Yes,3,4,360,255,490,TASK_COMPLETION_BASED,"Size or amount of work, Condition of the item/property/site, Complexity of the problem",,5,No
2026-09-21 12:09:33,P163,Cleaning,House Cleaning,General House Cleaning,Yes,14,2,120,105,140,TASK_COMPLETION_BASED,"Size or amount of work, Condition of the item/property/site, Complexity of the problem",,5,No
2026-09-21 12:13:26,P163,Cleaning,House Cleaning,Clean Single Room,Yes,10,2,50,45,60,TASK_COMPLETION_BASED,"Size or amount of work, Condition of the item/property/site, Complexity of the problem",,5,No
2026-09-21 12:24:08,P163,Cleaning,House Cleaning,Dust and Surface Cleaning,Yes,19,2,55,50,65,TASK_COMPLETION_BASED,"Size or amount of work, Condition of the item/property/site, Complexity of the problem",,5,No
2026-09-21 12:40:43,P163,Cleaning,House Cleaning,Full Home Cleaning,Yes,5,2,200,155,240,TASK_COMPLETION_BASED,"Size or amount of work, Condition of the item/property/site, Complexity of the problem",,5,No
2026-09-21 12:41:41,P163,Cleaning,Post-Construction Cleaning,Remove Construction Dust,Yes,2,2,155,125,195,TASK_COMPLETION_BASED,"Size or amount of work, Condition of the item/property/site, Complexity of the problem",,5,No
2026-09-21 13:11:29,P164,Care Support,Personal Assistance,Personal Assistance,Yes,6,1,360,315,405,SHIFT_BASED,"Size or amount of work, Condition of the item/property/site, Complexity of the problem",,5,No
2026-09-21 13:58:35,P164,Care Support,Personal Assistance,Daily Household Assistance,Yes,6,1,165,135,195,TASK_COMPLETION_BASED,"Size or amount of work, Condition of the item/property/site, Complexity of the problem",,5,No
2026-09-21 14:18:13,P164,Care Support,Personal Assistance,Errand Assistance,Yes,6,1,95,65,125,TASK_COMPLETION_BASED,"Size or amount of work, Condition of the item/property/site, Complexity of the problem",,5,No
2026-09-21 14:22:53,P164,Care Support,Pet Care,Dog Walking,Yes,18,1,45,40,55,FIXED_DURATION,"Size or amount of work, Condition of the item/property/site, Complexity of the problem",,5,No
2026-09-21 14:25:32,P165,Gardening,Garden Maintenance,Trim Shrubs,Yes,6,4,70,60,85,TASK_COMPLETION_BASED,"Size or amount of work, Condition of the item/property/site, Complexity of the problem",,5,No
2026-09-21 14:26:12,P165,Gardening,Garden Maintenance,Cut Grass,Yes,6,4,90,80,105,TASK_COMPLETION_BASED,"Size or amount of work, Condition of the item/property/site, Complexity of the problem",,5,No
2026-09-21 15:12:14,P165,Gardening,Garden Maintenance,Prune Plants,Yes,9,4,50,35,60,TASK_COMPLETION_BASED,"Size or amount of work, Condition of the item/property/site, Complexity of the problem",,5,No
2026-09-21 16:16:36,P165,Gardening,Landscaping & Design,Basic Landscaping,Yes,1,4,255,185,325,TASK_COMPLETION_BASED,"Size or amount of work, Condition of the item/property/site, Complexity of the problem",,5,No
2026-09-21 16:48:27,P165,Gardening,Planting Services,Plant Flowers,Yes,7,4,55,45,65,TASK_COMPLETION_BASED,"Size or amount of work, Condition of the item/property/site, Complexity of the problem",,5,No
2026-09-21 16:49:38,P165,Gardening,Planting Services,Plant Vegetables,Yes,5,4,75,55,95,TASK_COMPLETION_BASED,"Size or amount of work, Condition of the item/property/site, Complexity of the problem",,5,No
2026-09-21 17:06:32,P165,Gardening,Planting Services,Plant Garden Plants,Yes,2,4,70,55,85,TASK_COMPLETION_BASED,"Size or amount of work, Condition of the item/property/site, Complexity of the problem",,5,No
2026-09-21 17:13:24,P166,Repairing,Plumbing Repair,Replace Water Pipe,Yes,3,3,105,80,135,TASK_COMPLETION_BASED,"Size or amount of work, Condition of the item/property/site, Complexity of the problem",,5,No
2026-09-21 17:17:38,P166,Repairing,Plumbing Repair,Repair Leaking Pipe,Yes,5,3,50,40,65,TASK_COMPLETION_BASED,"Size or amount of work, Condition of the item/property/site, Complexity of the problem",,5,No
2026-09-21 17:26:36,P166,Repairing,Plumbing Repair,Install Tap,Yes,4,3,35,30,40,TASK_COMPLETION_BASED,"Size or amount of work, Condition of the item/property/site, Complexity of the problem",,5,No
2026-09-21 18:02:09,P166,Repairing,Plumbing Repair,Install Sink Plumbing,Yes,2,3,75,65,90,TASK_COMPLETION_BASED,"Size or amount of work, Condition of the item/property/site, Complexity of the problem",,5,No
2026-09-21 19:21:33,P166,Repairing,Plumbing Repair,Repair Toilet Plumbing,Yes,7,3,70,55,90,TASK_COMPLETION_BASED,"Size or amount of work, Condition of the item/property/site, Complexity of the problem",,5,No
2026-09-21 20:17:58,P166,Repairing,Plumbing Repair,Replace Toilet Pipe,Yes,1,3,80,65,100,TASK_COMPLETION_BASED,"Size or amount of work, Condition of the item/property/site, Complexity of the problem",,5,No
2026-09-21 20:21:57,P166,Repairing,Plumbing Repair,Install Bathroom Pipe,Yes,3,3,120,100,150,TASK_COMPLETION_BASED,"Size or amount of work, Condition of the item/property/site, Complexity of the problem",,5,No
2026-09-21 20:24:55,P167,Care Support,Pet Care,Feed Pet,Yes,17,1,25,20,30,TASK_COMPLETION_BASED,"Size or amount of work, Condition of the item/property/site, Complexity of the problem",,5,No
2026-09-21 20:27:39,P167,Care Support,Pet Care,Dog Walking,Yes,15,1,45,40,55,FIXED_DURATION,"Size or amount of work, Condition of the item/property/site, Complexity of the problem",,5,No
2026-09-21 20:40:07,P167,Care Support,Pet Care,Pet Grooming,Yes,6,1,80,70,95,TASK_COMPLETION_BASED,"Size or amount of work, Condition of the item/property/site, Complexity of the problem",,5,No
2026-09-21 20:40:39,P167,Care Support,Pet Care,Bathe Pet,Yes,9,1,40,30,55,TASK_COMPLETION_BASED,"Size or amount of work, Condition of the item/property/site, Complexity of the problem",,5,No
2026-09-21 20:41:11,P167,Care Support,Pet Care,Pet Sitting,Yes,4,1,390,340,470,SHIFT_BASED,"Size or amount of work, Condition of the item/property/site, Complexity of the problem",,5,No
2026-09-21 20:42:14,P168,Cleaning,Bathroom Cleaning,Clean Washroom,Yes,6,3,45,40,50,TASK_COMPLETION_BASED,"Size or amount of work, Condition of the item/property/site, Complexity of the problem",,5,No
2026-09-21 20:48:52,P168,Cleaning,House Cleaning,Clean Single Room,Yes,13,3,50,45,60,TASK_COMPLETION_BASED,"Size or amount of work, Condition of the item/property/site, Complexity of the problem",,5,No
2026-09-21 20:55:58,P168,Cleaning,House Cleaning,Mop and Clean Floors,Yes,17,3,55,45,65,TASK_COMPLETION_BASED,"Size or amount of work, Condition of the item/property/site, Complexity of the problem",,5,No
2026-09-21 21:28:35,P168,Cleaning,Kitchen Cleaning,Clean Kitchen Cabinets,Yes,2,3,75,60,95,TASK_COMPLETION_BASED,"Size or amount of work, Condition of the item/property/site, Complexity of the problem",,5,No
2026-09-21 21:31:28,P169,Gardening,Landscaping & Design,Design Medium Garden,Yes,2,3,300,230,400,TASK_COMPLETION_BASED,"Size or amount of work, Condition of the item/property/site, Complexity of the problem",,5,No
2026-09-21 21:39:06,P169,Gardening,Landscaping & Design,Set Up New Garden,Yes,3,3,280,220,390,TASK_COMPLETION_BASED,"Size or amount of work, Condition of the item/property/site, Complexity of the problem",,5,No
2026-09-21 21:43:36,P169,Gardening,Landscaping & Design,Basic Landscaping,Yes,2,3,265,195,345,TASK_COMPLETION_BASED,"Size or amount of work, Condition of the item/property/site, Complexity of the problem",,5,No
2026-09-21 21:52:56,P169,Gardening,Planting Services,Plant Vegetables,Yes,6,3,100,80,125,TASK_COMPLETION_BASED,"Size or amount of work, Condition of the item/property/site, Complexity of the problem",,5,No
2026-09-21 21:54:22,P169,Gardening,Planting Services,Prepare Planting Area,Yes,4,3,80,65,100,TASK_COMPLETION_BASED,"Size or amount of work, Condition of the item/property/site, Complexity of the problem",,5,No
2026-09-21 21:55:00,P170,Gardening,Garden Maintenance,Water Plants,Yes,15,2,35,30,40,TASK_COMPLETION_BASED,"Size or amount of work, Condition of the item/property/site, Complexity of the problem",,5,No
2026-09-22 08:35:00,P170,Gardening,Garden Maintenance,Trim Shrubs,Yes,9,2,65,60,80,TASK_COMPLETION_BASED,"Size or amount of work, Condition of the item/property/site, Complexity of the problem",,5,No
2026-09-22 08:36:16,P170,Gardening,Garden Maintenance,Remove Weeds,Yes,9,2,90,70,110,TASK_COMPLETION_BASED,"Size or amount of work, Condition of the item/property/site, Complexity of the problem",,5,No
2026-09-22 09:28:05,P170,Gardening,Garden Maintenance,Trim Tree Branches,Yes,5,2,110,75,135,TASK_COMPLETION_BASED,"Size or amount of work, Condition of the item/property/site, Complexity of the problem",,5,No
2026-09-22 09:31:38,P170,Gardening,Garden Maintenance,General Garden Maintenance,Yes,4,2,130,110,160,TASK_COMPLETION_BASED,"Size or amount of work, Condition of the item/property/site, Complexity of the problem",,5,No
2026-09-22 10:01:03,P170,Gardening,Garden Maintenance,Prune Plants,Yes,12,2,60,45,75,TASK_COMPLETION_BASED,"Size or amount of work, Condition of the item/property/site, Complexity of the problem",,5,No
2026-09-22 10:01:31,P171,Gardening,Garden Maintenance,Water Plants,Yes,10,1,40,35,45,TASK_COMPLETION_BASED,"Size or amount of work, Condition of the item/property/site, Complexity of the problem",,5,No
2026-09-22 10:06:59,P171,Gardening,Garden Maintenance,Trim Shrubs,Yes,8,1,75,65,95,TASK_COMPLETION_BASED,"Size or amount of work, Condition of the item/property/site, Complexity of the problem",,5,No
2026-09-22 10:25:12,P171,Gardening,Garden Maintenance,Mow Lawn,Yes,15,1,80,70,100,TASK_COMPLETION_BASED,"Size or amount of work, Condition of the item/property/site, Complexity of the problem",,5,No
2026-09-22 10:43:41,P171,Gardening,Garden Maintenance,Remove Weeds,Yes,7,1,95,75,110,TASK_COMPLETION_BASED,"Size or amount of work, Condition of the item/property/site, Complexity of the problem",,5,No
2026-09-22 11:06:04,P171,Gardening,Garden Maintenance,General Garden Maintenance,Yes,7,1,150,120,180,TASK_COMPLETION_BASED,"Size or amount of work, Condition of the item/property/site, Complexity of the problem",,5,No
2026-09-22 11:25:36,P172,Repairing,Electrical Repair,Repair Ceiling Fan,Yes,3,1,55,45,65,TASK_COMPLETION_BASED,"Size or amount of work, Condition of the item/property/site, Complexity of the problem",,5,No
2026-09-22 12:17:29,P172,Repairing,Electrical Repair,Repair Light Circuit,Yes,3,1,60,50,75,TASK_COMPLETION_BASED,"Size or amount of work, Condition of the item/property/site, Complexity of the problem",,5,No
2026-09-22 12:36:06,P172,Repairing,Electrical Repair,Repair Switch,Yes,5,1,30,25,35,TASK_COMPLETION_BASED,"Size or amount of work, Condition of the item/property/site, Complexity of the problem",,5,No
2026-09-22 12:40:59,P172,Repairing,Electrical Repair,Repair Power Socket,Yes,4,1,35,30,40,TASK_COMPLETION_BASED,"Size or amount of work, Condition of the item/property/site, Complexity of the problem",,5,No
2026-09-22 12:44:18,P172,Repairing,Electrical Repair,Replace Damaged Wiring,Yes,3,1,125,95,185,TASK_COMPLETION_BASED,"Size or amount of work, Condition of the item/property/site, Complexity of the problem",,5,No
2026-09-22 12:55:40,P172,Repairing,Electrical Repair,Repair Distribution Board,Yes,3,1,110,85,140,TASK_COMPLETION_BASED,"Size or amount of work, Condition of the item/property/site, Complexity of the problem",,5,No
2026-09-22 13:17:09,P172,Repairing,Electrical Repair,Repair Refrigerator,Yes,2,1,105,80,140,TASK_COMPLETION_BASED,"Size or amount of work, Condition of the item/property/site, Complexity of the problem",,5,No
2026-09-22 13:24:16,P172,Repairing,Electrical Repair,Repair Rice Cooker,Yes,3,1,45,35,60,TASK_COMPLETION_BASED,"Size or amount of work, Condition of the item/property/site, Complexity of the problem",,5,No
2026-09-22 13:25:52,P173,Cleaning,Bathroom Cleaning,General Bathroom Cleaning,Yes,6,2,50,45,60,TASK_COMPLETION_BASED,"Size or amount of work, Condition of the item/property/site, Complexity of the problem",,5,No
2026-09-22 13:25:54,P173,Cleaning,Bathroom Cleaning,Deep Clean Bathroom,Yes,3,2,80,70,105,TASK_COMPLETION_BASED,"Size or amount of work, Condition of the item/property/site, Complexity of the problem",,5,No
2026-09-22 13:34:55,P173,Cleaning,Bathroom Cleaning,Clean Toilet,Yes,7,2,25,20,30,TASK_COMPLETION_BASED,"Size or amount of work, Condition of the item/property/site, Complexity of the problem",,5,No
2026-09-22 13:49:35,P173,Cleaning,Bathroom Cleaning,Clean Washroom,Yes,6,2,40,35,45,TASK_COMPLETION_BASED,"Size or amount of work, Condition of the item/property/site, Complexity of the problem",,5,No
2026-09-22 13:52:05,P174,Cleaning,Office Cleaning,Deep Clean Office,Yes,1,1,325,265,430,TASK_COMPLETION_BASED,"Size or amount of work, Condition of the item/property/site, Complexity of the problem",,5,No
2026-09-22 14:13:44,P174,Cleaning,Office Cleaning,Clean Office Floors,Yes,7,1,100,85,115,TASK_COMPLETION_BASED,"Size or amount of work, Condition of the item/property/site, Complexity of the problem",,5,No
2026-09-22 14:54:02,P174,Cleaning,Post-Construction Cleaning,Remove Construction Dust,Yes,2,1,185,145,235,TASK_COMPLETION_BASED,"Size or amount of work, Condition of the item/property/site, Complexity of the problem",,5,No
2026-09-22 15:15:47,P175,Cleaning,Bathroom Cleaning,Deep Clean Bathroom,Yes,2,1,80,70,105,TASK_COMPLETION_BASED,"Size or amount of work, Condition of the item/property/site, Complexity of the problem",,5,No
2026-09-22 15:48:19,P175,Cleaning,Bathroom Cleaning,Clean Washroom,Yes,12,1,40,35,45,TASK_COMPLETION_BASED,"Size or amount of work, Condition of the item/property/site, Complexity of the problem",,5,No
2026-09-22 15:49:12,P175,Cleaning,Kitchen Cleaning,Deep Clean Kitchen,Yes,3,1,145,115,185,TASK_COMPLETION_BASED,"Size or amount of work, Condition of the item/property/site, Complexity of the problem",,5,No
2026-09-22 15:54:43,P175,Cleaning,Kitchen Cleaning,Clean Kitchen Floor,Yes,9,1,30,25,35,TASK_COMPLETION_BASED,"Size or amount of work, Condition of the item/property/site, Complexity of the problem",,5,No
2026-09-22 16:04:44,P176,Care Support,Personal Assistance,Home Helper Session,Yes,8,1,265,240,300,FIXED_DURATION,"Size or amount of work, Condition of the item/property/site, Complexity of the problem",,5,No
2026-09-22 16:16:48,P176,Care Support,Personal Assistance,Personal Assistance,Yes,10,1,320,280,350,FIXED_DURATION,"Size or amount of work, Condition of the item/property/site, Complexity of the problem",,5,No
2026-09-22 17:30:15,P176,Care Support,Personal Assistance,Daily Household Assistance,Yes,9,1,130,110,155,TASK_COMPLETION_BASED,"Size or amount of work, Condition of the item/property/site, Complexity of the problem",,5,No
2026-09-22 18:04:28,P176,Care Support,Personal Assistance,Errand Assistance,Yes,13,1,75,55,95,TASK_COMPLETION_BASED,"Size or amount of work, Condition of the item/property/site, Complexity of the problem",,5,No
2026-09-22 18:16:16,P176,Care Support,Personal Assistance,Daily Task Support,Yes,6,1,120,105,140,FIXED_DURATION,"Size or amount of work, Condition of the item/property/site, Complexity of the problem",,5,No
2026-09-22 18:24:56,P176,Care Support,Pet Care,Dog Walking,Yes,26,1,45,40,55,FIXED_DURATION,"Size or amount of work, Condition of the item/property/site, Complexity of the problem",,5,No
2026-09-22 18:49:47,P176,Care Support,Pet Care,Pet Grooming,Yes,8,1,70,60,85,TASK_COMPLETION_BASED,"Size or amount of work, Condition of the item/property/site, Complexity of the problem",,5,No
2026-09-22 19:02:20,P177,Care Support,Personal Assistance,Daily Task Support,Yes,7,1,120,105,145,FIXED_DURATION,"Size or amount of work, Condition of the item/property/site, Complexity of the problem",,5,No
2026-09-22 19:12:59,P177,Care Support,Pet Care,Pet Grooming,Yes,4,1,90,80,110,TASK_COMPLETION_BASED,"Size or amount of work, Condition of the item/property/site, Complexity of the problem",,5,No
2026-09-22 19:18:17,P177,Care Support,Pet Care,Pet Cleaning,Yes,5,1,65,60,75,TASK_COMPLETION_BASED,"Size or amount of work, Condition of the item/property/site, Complexity of the problem",,5,No
2026-09-22 19:23:12,P178,Cleaning,House Cleaning,Deep Clean House,Yes,3,3,230,195,300,TASK_COMPLETION_BASED,"Size or amount of work, Condition of the item/property/site, Complexity of the problem",,5,No
2026-09-22 19:27:23,P178,Cleaning,Office Cleaning,Deep Clean Office,Yes,3,3,300,240,370,TASK_COMPLETION_BASED,"Size or amount of work, Condition of the item/property/site, Complexity of the problem",,5,No
2026-09-22 19:29:06,P178,Cleaning,Office Cleaning,Clean Office Floors,Yes,12,3,85,75,100,TASK_COMPLETION_BASED,"Size or amount of work, Condition of the item/property/site, Complexity of the problem",,5,No
2026-09-22 19:57:36,P179,Repairing,Furniture Repair,Repair Wooden Chair,Yes,5,2,50,40,60,TASK_COMPLETION_BASED,"Size or amount of work, Condition of the item/property/site, Complexity of the problem",,5,No
2026-09-22 20:03:47,P179,Repairing,Furniture Repair,Repair Cupboard,Yes,3,2,85,65,115,TASK_COMPLETION_BASED,"Size or amount of work, Condition of the item/property/site, Complexity of the problem",,5,No
2026-09-22 20:10:03,P179,Repairing,Painting & Renovation,Paint Exterior Wall,Yes,2,2,245,180,310,TASK_COMPLETION_BASED,"Size or amount of work, Condition of the item/property/site, Complexity of the problem",,5,No
2026-09-22 20:25:16,P179,Repairing,Painting & Renovation,Repair Wall Crack,Yes,6,2,65,45,85,TASK_COMPLETION_BASED,"Size or amount of work, Condition of the item/property/site, Complexity of the problem",,5,No
2026-09-22 20:31:36,P179,Repairing,Painting & Renovation,Repair Ceiling,Yes,3,2,120,90,155,TASK_COMPLETION_BASED,"Size or amount of work, Condition of the item/property/site, Complexity of the problem",,5,No
2026-09-22 20:44:55,P179,Repairing,Roofing Repair,Repair Roof Leak,Yes,1,2,135,100,180,TASK_COMPLETION_BASED,"Size or amount of work, Condition of the item/property/site, Complexity of the problem",,5,No
2026-09-22 21:00:40,P180,Repairing,Electrical Repair,Install Switch,Yes,10,1,25,20,30,TASK_COMPLETION_BASED,"Size or amount of work, Condition of the item/property/site, Complexity of the problem",,5,No
2026-09-22 21:50:12,P180,Repairing,Electrical Repair,Replace Switch,Yes,6,1,25,20,30,TASK_COMPLETION_BASED,"Size or amount of work, Condition of the item/property/site, Complexity of the problem",,5,No
2026-09-23 08:18:36,P180,Repairing,Electrical Repair,Repair Power Socket,Yes,10,1,40,35,45,TASK_COMPLETION_BASED,"Size or amount of work, Condition of the item/property/site, Complexity of the problem",,5,No
2026-09-23 08:54:38,P181,Cleaning,House Cleaning,Clean Single Room,Yes,16,1,50,45,55,TASK_COMPLETION_BASED,"Size or amount of work, Condition of the item/property/site, Complexity of the problem",,5,No
2026-09-23 09:02:24,P181,Cleaning,House Cleaning,Mop and Clean Floors,Yes,10,1,65,55,75,TASK_COMPLETION_BASED,"Size or amount of work, Condition of the item/property/site, Complexity of the problem",,5,No
2026-09-23 09:28:27,P181,Cleaning,House Cleaning,Dust and Surface Cleaning,Yes,20,1,50,45,60,TASK_COMPLETION_BASED,"Size or amount of work, Condition of the item/property/site, Complexity of the problem",,5,No
2026-09-23 09:30:51,P181,Cleaning,House Cleaning,Full Home Cleaning,Yes,6,1,180,145,225,TASK_COMPLETION_BASED,"Size or amount of work, Condition of the item/property/site, Complexity of the problem",,5,No
2026-09-23 09:33:38,P181,Cleaning,Kitchen Cleaning,Degrease Cooking Area,Yes,2,1,65,55,80,TASK_COMPLETION_BASED,"Size or amount of work, Condition of the item/property/site, Complexity of the problem",,5,No
2026-09-23 10:31:41,P181,Cleaning,Kitchen Cleaning,Clean Kitchen Floor,Yes,5,1,30,25,35,TASK_COMPLETION_BASED,"Size or amount of work, Condition of the item/property/site, Complexity of the problem",,5,No
2026-09-23 10:42:21,P182,Gardening,Garden Cleaning,General Garden Cleaning,Yes,2,1,125,105,150,TASK_COMPLETION_BASED,"Size or amount of work, Condition of the item/property/site, Complexity of the problem",,5,No
2026-09-23 10:55:16,P182,Gardening,Garden Cleaning,Clear Overgrown Garden,Yes,2,1,225,175,305,TASK_COMPLETION_BASED,"Size or amount of work, Condition of the item/property/site, Complexity of the problem",,5,No
2026-09-23 11:43:15,P182,Gardening,Garden Maintenance,Water Plants,Yes,13,1,40,35,45,TASK_COMPLETION_BASED,"Size or amount of work, Condition of the item/property/site, Complexity of the problem",,5,No
2026-09-23 11:49:09,P182,Gardening,Garden Maintenance,Remove Weeds,Yes,7,1,85,65,100,TASK_COMPLETION_BASED,"Size or amount of work, Condition of the item/property/site, Complexity of the problem",,5,No
2026-09-23 12:13:43,P182,Gardening,Garden Maintenance,Trim Tree Branches,Yes,3,1,120,90,140,TASK_COMPLETION_BASED,"Size or amount of work, Condition of the item/property/site, Complexity of the problem",,5,No
2026-09-23 12:49:36,P182,Gardening,Garden Maintenance,General Garden Maintenance,Yes,4,1,140,110,170,TASK_COMPLETION_BASED,"Size or amount of work, Condition of the item/property/site, Complexity of the problem",,5,No
2026-09-23 13:11:33,P182,Gardening,Garden Maintenance,Prune Plants,Yes,6,1,60,45,75,TASK_COMPLETION_BASED,"Size or amount of work, Condition of the item/property/site, Complexity of the problem",,5,No
2026-09-23 13:15:19,P183,Care Support,Child Care,Babysitting,Yes,7,1,255,230,300,SHIFT_BASED,"Size or amount of work, Condition of the item/property/site, Complexity of the problem",,5,No
2026-09-23 13:19:24,P183,Care Support,Child Care,Baby Care Session,Yes,11,1,170,150,190,FIXED_DURATION,"Size or amount of work, Condition of the item/property/site, Complexity of the problem",,5,No
2026-09-23 13:21:36,P183,Care Support,Child Care,Child Supervision,Yes,7,1,225,205,250,FIXED_DURATION,"Size or amount of work, Condition of the item/property/site, Complexity of the problem",,5,No
2026-09-23 13:35:31,P183,Care Support,Child Care,After-School Child Care,Yes,22,1,205,185,230,FIXED_DURATION,"Size or amount of work, Condition of the item/property/site, Complexity of the problem",,5,No
2026-09-23 13:42:18,P184,Cleaning,Sofa/Carpet/Curtain Cleaning,Clean Sofa,Yes,6,2,80,65,90,TASK_COMPLETION_BASED,"Size or amount of work, Condition of the item/property/site, Complexity of the problem",,5,No
2026-09-23 13:52:08,P184,Cleaning,Sofa/Carpet/Curtain Cleaning,Deep Clean Sofa,Yes,3,2,100,85,125,TASK_COMPLETION_BASED,"Size or amount of work, Condition of the item/property/site, Complexity of the problem",,5,No
2026-09-23 14:09:52,P184,Cleaning,Sofa/Carpet/Curtain Cleaning,Clean Carpet,Yes,5,2,75,65,90,TASK_COMPLETION_BASED,"Size or amount of work, Condition of the item/property/site, Complexity of the problem",,5,No
2026-09-23 14:17:06,P184,Cleaning,Sofa/Carpet/Curtain Cleaning,Steam Clean Curtains,Yes,2,2,120,100,140,TASK_COMPLETION_BASED,"Size or amount of work, Condition of the item/property/site, Complexity of the problem",,5,No
2026-09-23 15:05:56,P184,Cleaning,Sofa/Carpet/Curtain Cleaning,Clean Mattress,Yes,4,2,50,40,60,TASK_COMPLETION_BASED,"Size or amount of work, Condition of the item/property/site, Complexity of the problem",,5,No
2026-09-23 15:20:00,P185,Repairing,Furniture Repair,Repair Bed Frame,Yes,2,1,95,80,125,TASK_COMPLETION_BASED,"Size or amount of work, Condition of the item/property/site, Complexity of the problem",,5,No
2026-09-23 15:28:37,P185,Repairing,Furniture Repair,Repair Cupboard,Yes,5,1,100,85,135,TASK_COMPLETION_BASED,"Size or amount of work, Condition of the item/property/site, Complexity of the problem",,5,No
2026-09-23 15:32:52,P185,Repairing,Furniture Repair,Repair Cabinet,Yes,5,1,95,75,120,TASK_COMPLETION_BASED,"Size or amount of work, Condition of the item/property/site, Complexity of the problem",,5,No
2026-09-23 16:08:10,P185,Repairing,Furniture Repair,Replace Door Hinges,Yes,8,1,30,25,35,TASK_COMPLETION_BASED,"Size or amount of work, Condition of the item/property/site, Complexity of the problem",,5,No
2026-09-23 16:19:03,P185,Repairing,Painting & Renovation,Paint Interior Wall,Yes,2,1,125,100,150,TASK_COMPLETION_BASED,"Size or amount of work, Condition of the item/property/site, Complexity of the problem",,5,No
2026-09-23 16:31:38,P186,Care Support,Elderly Care,Elderly Home Care,Yes,10,4,300,265,335,SHIFT_BASED,"Size or amount of work, Condition of the item/property/site, Complexity of the problem",,5,No
2026-09-23 16:41:19,P186,Care Support,Elderly Care,Elderly Assistance Session,Yes,8,4,125,110,150,FIXED_DURATION,"Size or amount of work, Condition of the item/property/site, Complexity of the problem",,5,No
2026-09-23 17:42:06,P186,Care Support,Elderly Care,Mobility Assistance,Yes,9,4,85,75,100,FIXED_DURATION,"Size or amount of work, Condition of the item/property/site, Complexity of the problem",,5,No
2026-09-23 18:53:53,P187,Repairing,Furniture Repair,Repair Cupboard,Yes,4,1,90,70,125,TASK_COMPLETION_BASED,"Size or amount of work, Condition of the item/property/site, Complexity of the problem",,5,No
2026-09-23 19:44:21,P187,Repairing,Furniture Repair,Replace Door Hinges,Yes,6,1,30,25,35,TASK_COMPLETION_BASED,"Size or amount of work, Condition of the item/property/site, Complexity of the problem",,5,No
2026-09-23 19:56:05,P187,Repairing,Painting & Renovation,Paint Interior Wall,Yes,3,1,140,110,170,TASK_COMPLETION_BASED,"Size or amount of work, Condition of the item/property/site, Complexity of the problem",,5,No
2026-09-23 20:02:06,P188,Repairing,Electrical Repair,Repair Power Socket,Yes,3,2,40,35,45,TASK_COMPLETION_BASED,"Size or amount of work, Condition of the item/property/site, Complexity of the problem",,5,No
2026-09-23 20:11:36,P188,Repairing,Electrical Repair,Diagnose Television Fault,Yes,2,2,40,30,55,TASK_COMPLETION_BASED,"Size or amount of work, Condition of the item/property/site, Complexity of the problem",,5,No
2026-09-23 20:30:26,P188,Repairing,Electrical Repair,Diagnose Refrigerator Fault,Yes,3,2,45,25,60,TASK_COMPLETION_BASED,"Size or amount of work, Condition of the item/property/site, Complexity of the problem",,5,No
2026-09-23 20:52:44,P188,Repairing,Electrical Repair,Repair Washing Machine,Yes,2,2,95,65,125,TASK_COMPLETION_BASED,"Size or amount of work, Condition of the item/property/site, Complexity of the problem",,5,No
2026-09-23 21:51:19,P188,Repairing,Electrical Repair,Repair Rice Cooker,Yes,2,2,40,30,55,TASK_COMPLETION_BASED,"Size or amount of work, Condition of the item/property/site, Complexity of the problem",,5,No
2026-09-23 21:54:45,P188,Repairing,Electrical Repair,Service Air Conditioner,Yes,7,2,60,50,70,TASK_COMPLETION_BASED,"Size or amount of work, Condition of the item/property/site, Complexity of the problem",,5,No
2026-09-24 08:12:06,P189,Gardening,Garden Cleaning,Remove Garden Waste,Yes,5,1,100,80,125,TASK_COMPLETION_BASED,"Size or amount of work, Condition of the item/property/site, Complexity of the problem",,5,No
2026-09-24 08:22:41,P189,Gardening,Garden Cleaning,Clear Overgrown Garden,Yes,2,1,250,185,325,TASK_COMPLETION_BASED,"Size or amount of work, Condition of the item/property/site, Complexity of the problem",,5,No
2026-09-24 08:45:45,P189,Gardening,Garden Maintenance,Water Plants,Yes,10,1,40,35,45,TASK_COMPLETION_BASED,"Size or amount of work, Condition of the item/property/site, Complexity of the problem",,5,No
2026-09-24 08:46:40,P189,Gardening,Garden Maintenance,Cut Grass,Yes,6,1,95,85,115,TASK_COMPLETION_BASED,"Size or amount of work, Condition of the item/property/site, Complexity of the problem",,5,No
2026-09-24 08:52:47,P189,Gardening,Garden Maintenance,Remove Weeds,Yes,6,1,85,65,100,TASK_COMPLETION_BASED,"Size or amount of work, Condition of the item/property/site, Complexity of the problem",,5,No
2026-09-24 10:07:39,P189,Gardening,Garden Maintenance,Prune Plants,Yes,5,1,70,55,90,TASK_COMPLETION_BASED,"Size or amount of work, Condition of the item/property/site, Complexity of the problem",,5,No
2026-09-24 10:22:27,P189,Gardening,Planting Services,Plant Small Tree,Yes,4,1,45,35,55,TASK_COMPLETION_BASED,"Size or amount of work, Condition of the item/property/site, Complexity of the problem",,5,No
2026-09-24 10:50:13,P189,Gardening,Planting Services,Plant Garden Plants,Yes,10,1,75,60,95,TASK_COMPLETION_BASED,"Size or amount of work, Condition of the item/property/site, Complexity of the problem",,5,No
2026-09-24 10:58:24,P190,Care Support,Pet Care,Feed Pet,Yes,22,1,25,20,30,TASK_COMPLETION_BASED,"Size or amount of work, Condition of the item/property/site, Complexity of the problem",,5,No
2026-09-24 11:06:13,P190,Care Support,Pet Care,Bathe Pet,Yes,6,1,50,40,65,TASK_COMPLETION_BASED,"Size or amount of work, Condition of the item/property/site, Complexity of the problem",,5,No
2026-09-24 11:49:27,P190,Care Support,Pet Care,Pet Cleaning,Yes,3,1,55,50,65,TASK_COMPLETION_BASED,"Size or amount of work, Condition of the item/property/site, Complexity of the problem",,5,No
2026-09-24 12:11:12,P191,Repairing,Plumbing Repair,Install Water Pipe,Yes,3,2,120,95,155,TASK_COMPLETION_BASED,"Size or amount of work, Condition of the item/property/site, Complexity of the problem",,5,No
2026-09-24 12:30:32,P191,Repairing,Plumbing Repair,Replace Water Pipe,Yes,1,2,130,105,165,TASK_COMPLETION_BASED,"Size or amount of work, Condition of the item/property/site, Complexity of the problem",,5,No
2026-09-24 12:30:41,P191,Repairing,Plumbing Repair,Repair Water Leak,Yes,6,2,70,45,90,TASK_COMPLETION_BASED,"Size or amount of work, Condition of the item/property/site, Complexity of the problem",,5,No
2026-09-24 12:36:56,P191,Repairing,Plumbing Repair,Install Tap,Yes,6,2,35,30,40,TASK_COMPLETION_BASED,"Size or amount of work, Condition of the item/property/site, Complexity of the problem",,5,No
2026-09-24 13:10:26,P191,Repairing,Plumbing Repair,Replace Tap,Yes,8,2,30,25,35,TASK_COMPLETION_BASED,"Size or amount of work, Condition of the item/property/site, Complexity of the problem",,5,No
2026-09-24 13:22:10,P191,Repairing,Plumbing Repair,Repair Tap,Yes,9,2,30,25,35,TASK_COMPLETION_BASED,"Size or amount of work, Condition of the item/property/site, Complexity of the problem",,5,No
2026-09-24 13:26:44,P192,Cleaning,Bathroom Cleaning,Clean Toilet,Yes,5,2,25,20,30,TASK_COMPLETION_BASED,"Size or amount of work, Condition of the item/property/site, Complexity of the problem",,5,No
2026-09-24 13:41:06,P192,Cleaning,Bathroom Cleaning,Clean Washroom,Yes,6,2,45,40,50,TASK_COMPLETION_BASED,"Size or amount of work, Condition of the item/property/site, Complexity of the problem",,5,No
2026-09-24 14:09:50,P192,Cleaning,Kitchen Cleaning,General Kitchen Cleaning,Yes,5,2,75,65,85,TASK_COMPLETION_BASED,"Size or amount of work, Condition of the item/property/site, Complexity of the problem",,5,No
2026-09-24 14:35:49,P192,Cleaning,Kitchen Cleaning,Clean Kitchen Cabinets,Yes,4,2,80,65,100,TASK_COMPLETION_BASED,"Size or amount of work, Condition of the item/property/site, Complexity of the problem",,5,No
2026-09-24 14:36:22,P192,Cleaning,Kitchen Cleaning,Degrease Cooking Area,Yes,6,2,65,55,80,TASK_COMPLETION_BASED,"Size or amount of work, Condition of the item/property/site, Complexity of the problem",,5,No
2026-09-24 14:46:57,P192,Cleaning,Kitchen Cleaning,Clean Kitchen Floor,Yes,7,2,30,25,35,TASK_COMPLETION_BASED,"Size or amount of work, Condition of the item/property/site, Complexity of the problem",,5,No
2026-09-24 15:20:17,P193,Care Support,Disability Support,Personal Disability Assistance,Yes,6,1,185,160,210,FIXED_DURATION,"Size or amount of work, Condition of the item/property/site, Complexity of the problem",,5,No
2026-09-24 15:23:06,P193,Care Support,Disability Support,Mobility Support,Yes,4,1,85,70,95,FIXED_DURATION,"Size or amount of work, Condition of the item/property/site, Complexity of the problem",,5,No
2026-09-24 16:20:20,P193,Care Support,Disability Support,Daily Living Assistance,Yes,6,1,360,320,405,FIXED_DURATION,"Size or amount of work, Condition of the item/property/site, Complexity of the problem",,5,No
2026-09-24 16:21:46,P193,Care Support,Disability Support,Special Needs Support Session,Yes,4,1,125,110,145,FIXED_DURATION,"Size or amount of work, Condition of the item/property/site, Complexity of the problem",,5,No
2026-09-24 16:22:09,P193,Care Support,Personal Assistance,Home Helper Session,Yes,9,1,280,255,320,FIXED_DURATION,"Size or amount of work, Condition of the item/property/site, Complexity of the problem",,5,No
2026-09-24 16:27:51,P193,Care Support,Personal Assistance,Personal Assistance,Yes,4,1,355,315,395,FIXED_DURATION,"Size or amount of work, Condition of the item/property/site, Complexity of the problem",,5,No
2026-09-24 16:39:34,P194,Cleaning,Sofa/Carpet/Curtain Cleaning,Clean Sofa,Yes,7,2,80,65,90,TASK_COMPLETION_BASED,"Size or amount of work, Condition of the item/property/site, Complexity of the problem",,5,No
2026-09-24 16:40:26,P194,Cleaning,Sofa/Carpet/Curtain Cleaning,Deep Clean Sofa,Yes,7,2,105,85,135,TASK_COMPLETION_BASED,"Size or amount of work, Condition of the item/property/site, Complexity of the problem",,5,No
2026-09-24 16:47:35,P194,Cleaning,Sofa/Carpet/Curtain Cleaning,Clean Carpet,Yes,7,2,65,55,80,TASK_COMPLETION_BASED,"Size or amount of work, Condition of the item/property/site, Complexity of the problem",,5,No
2026-09-24 16:57:52,P194,Cleaning,Sofa/Carpet/Curtain Cleaning,Deep Clean Carpet,Yes,4,2,125,100,145,TASK_COMPLETION_BASED,"Size or amount of work, Condition of the item/property/site, Complexity of the problem",,5,No
2026-09-24 17:12:40,P194,Cleaning,Sofa/Carpet/Curtain Cleaning,Clean Curtains,Yes,5,2,65,60,75,TASK_COMPLETION_BASED,"Size or amount of work, Condition of the item/property/site, Complexity of the problem",,5,No
2026-09-24 17:25:19,P194,Cleaning,Sofa/Carpet/Curtain Cleaning,Clean Mattress,Yes,6,2,50,40,60,TASK_COMPLETION_BASED,"Size or amount of work, Condition of the item/property/site, Complexity of the problem",,5,No
2026-09-24 17:30:28,P195,Repairing,Electrical Repair,Install Light Fitting,Yes,5,2,40,35,45,TASK_COMPLETION_BASED,"Size or amount of work, Condition of the item/property/site, Complexity of the problem",,5,No
2026-09-24 17:51:57,P195,Repairing,Electrical Repair,Repair Switch,Yes,6,2,30,25,35,TASK_COMPLETION_BASED,"Size or amount of work, Condition of the item/property/site, Complexity of the problem",,5,No
2026-09-24 17:57:00,P195,Repairing,Electrical Repair,Replace Power Socket,Yes,9,2,30,25,35,TASK_COMPLETION_BASED,"Size or amount of work, Condition of the item/property/site, Complexity of the problem",,5,No
2026-09-24 18:19:18,P195,Repairing,Electrical Repair,Repair Electrical Wiring,Yes,2,2,110,80,135,TASK_COMPLETION_BASED,"Size or amount of work, Condition of the item/property/site, Complexity of the problem",,5,No
2026-09-24 19:18:23,P195,Repairing,Electrical Repair,Install New Wiring,Yes,3,2,180,140,225,TASK_COMPLETION_BASED,"Size or amount of work, Condition of the item/property/site, Complexity of the problem",,5,No
2026-09-24 19:30:20,P195,Repairing,Electrical Repair,Repair Air Conditioner,Yes,5,2,95,70,120,TASK_COMPLETION_BASED,"Size or amount of work, Condition of the item/property/site, Complexity of the problem",,5,No
2026-09-24 19:49:12,P196,Gardening,Garden Maintenance,Water Plants,Yes,25,2,35,30,40,TASK_COMPLETION_BASED,"Size or amount of work, Condition of the item/property/site, Complexity of the problem",,5,No
2026-09-24 20:20:52,P196,Gardening,Garden Maintenance,Cut Grass,Yes,6,2,95,85,110,TASK_COMPLETION_BASED,"Size or amount of work, Condition of the item/property/site, Complexity of the problem",,5,No
2026-09-24 20:25:17,P196,Gardening,Landscaping & Design,Design Medium Garden,Yes,3,2,275,215,355,TASK_COMPLETION_BASED,"Size or amount of work, Condition of the item/property/site, Complexity of the problem",,5,No
2026-09-24 20:36:49,P196,Gardening,Landscaping & Design,Basic Landscaping,Yes,2,2,250,185,330,TASK_COMPLETION_BASED,"Size or amount of work, Condition of the item/property/site, Complexity of the problem",,5,No
2026-09-24 20:42:20,P196,Gardening,Landscaping & Design,Landscape Existing Garden,Yes,3,2,410,310,575,TASK_COMPLETION_BASED,"Size or amount of work, Condition of the item/property/site, Complexity of the problem",,5,No
2026-09-24 21:17:41,P197,Repairing,Plumbing Repair,Install Water Pipe,Yes,4,1,125,105,155,TASK_COMPLETION_BASED,"Size or amount of work, Condition of the item/property/site, Complexity of the problem",,5,No
2026-09-24 21:21:54,P197,Repairing,Plumbing Repair,Replace Water Pipe,Yes,2,1,125,95,165,TASK_COMPLETION_BASED,"Size or amount of work, Condition of the item/property/site, Complexity of the problem",,5,No
2026-09-24 21:27:22,P197,Repairing,Plumbing Repair,Replace Tap,Yes,4,1,30,25,35,TASK_COMPLETION_BASED,"Size or amount of work, Condition of the item/property/site, Complexity of the problem",,5,No
2026-09-24 21:28:36,P197,Repairing,Plumbing Repair,Repair Tap,Yes,8,1,35,30,40,TASK_COMPLETION_BASED,"Size or amount of work, Condition of the item/property/site, Complexity of the problem",,5,No
2026-09-25 08:16:54,P197,Repairing,Plumbing Repair,Install Water Tank,Yes,2,1,205,160,255,TASK_COMPLETION_BASED,"Size or amount of work, Condition of the item/property/site, Complexity of the problem",,5,No
2026-09-25 08:21:23,P197,Repairing,Plumbing Repair,Repair Sink Plumbing,Yes,4,1,70,60,90,TASK_COMPLETION_BASED,"Size or amount of work, Condition of the item/property/site, Complexity of the problem",,5,No
2026-09-25 08:28:20,P197,Repairing,Plumbing Repair,Install Bathroom Pipe,Yes,2,1,155,125,205,TASK_COMPLETION_BASED,"Size or amount of work, Condition of the item/property/site, Complexity of the problem",,5,No
2026-09-25 08:53:56,P198,Repairing,Furniture Repair,Repair Dining Table,Yes,6,1,90,75,105,TASK_COMPLETION_BASED,"Size or amount of work, Condition of the item/property/site, Complexity of the problem",,5,No
2026-09-25 08:57:33,P198,Repairing,Furniture Repair,Repair Bed Frame,Yes,2,1,115,100,150,TASK_COMPLETION_BASED,"Size or amount of work, Condition of the item/property/site, Complexity of the problem",,5,No
2026-09-25 09:00:30,P198,Repairing,Furniture Repair,Repair Cupboard,Yes,3,1,100,80,140,TASK_COMPLETION_BASED,"Size or amount of work, Condition of the item/property/site, Complexity of the problem",,5,No
2026-09-25 09:07:05,P198,Repairing,Furniture Repair,Repair Cabinet,Yes,3,1,75,60,95,TASK_COMPLETION_BASED,"Size or amount of work, Condition of the item/property/site, Complexity of the problem",,5,No
2026-09-25 09:31:03,P198,Repairing,Furniture Repair,Repair Wooden Door,Yes,3,1,90,65,110,TASK_COMPLETION_BASED,"Size or amount of work, Condition of the item/property/site, Complexity of the problem",,5,No
2026-09-25 09:32:32,P199,Repairing,Painting & Renovation,Minor Renovation Work,Yes,2,3,280,175,380,TASK_COMPLETION_BASED,"Size or amount of work, Condition of the item/property/site, Complexity of the problem",,5,No
2026-09-25 09:50:14,P199,Repairing,Roofing Repair,Inspect Roof Damage,Yes,3,3,60,45,70,TASK_COMPLETION_BASED,"Size or amount of work, Condition of the item/property/site, Complexity of the problem",,5,No
2026-09-25 10:26:07,P199,Repairing,Roofing Repair,Seal Roof Leakage,Yes,2,3,100,75,130,TASK_COMPLETION_BASED,"Size or amount of work, Condition of the item/property/site, Complexity of the problem",,5,No
2026-09-25 10:32:48,P200,Repairing,Roofing Repair,Replace Roof Sheet,Yes,2,3,140,95,185,TASK_COMPLETION_BASED,"Size or amount of work, Condition of the item/property/site, Complexity of the problem",,5,No
2026-09-25 10:41:54,P200,Repairing,Roofing Repair,Seal Roof Leakage,Yes,2,3,100,75,125,TASK_COMPLETION_BASED,"Size or amount of work, Condition of the item/property/site, Complexity of the problem",,5,No
2026-09-25 10:48:23,P200,Repairing,Roofing Repair,Minor Roof Maintenance,Yes,2,3,90,70,115,TASK_COMPLETION_BASED,"Size or amount of work, Condition of the item/property/site, Complexity of the problem",,5,No
2026-09-25 10:56:18,P201,Cleaning,Sofa/Carpet/Curtain Cleaning,Clean Sofa,Yes,2,1,95,75,105,TASK_COMPLETION_BASED,"Size or amount of work, Condition of the item/property/site, Complexity of the problem",,5,No
2026-09-25 10:58:24,P201,Cleaning,Sofa/Carpet/Curtain Cleaning,Deep Clean Sofa,Yes,2,1,125,105,160,TASK_COMPLETION_BASED,"Size or amount of work, Condition of the item/property/site, Complexity of the problem",,5,No
2026-09-25 11:41:58,P201,Cleaning,Sofa/Carpet/Curtain Cleaning,Clean Carpet,Yes,4,1,70,60,85,TASK_COMPLETION_BASED,"Size or amount of work, Condition of the item/property/site, Complexity of the problem",,5,No
2026-09-25 12:10:37,P201,Cleaning,Sofa/Carpet/Curtain Cleaning,Clean Mattress,Yes,4,1,55,45,65,TASK_COMPLETION_BASED,"Size or amount of work, Condition of the item/property/site, Complexity of the problem",,5,No
2026-09-25 12:11:28,P201,Cleaning,Sofa/Carpet/Curtain Cleaning,Deep Clean Mattress,Yes,5,1,95,80,110,TASK_COMPLETION_BASED,"Size or amount of work, Condition of the item/property/site, Complexity of the problem",,5,No
2026-09-25 12:16:57,P202,Gardening,Garden Maintenance,Water Plants,Yes,15,2,35,30,40,TASK_COMPLETION_BASED,"Size or amount of work, Condition of the item/property/site, Complexity of the problem",,5,No
2026-09-25 12:29:59,P202,Gardening,Garden Maintenance,Cut Grass,Yes,7,2,100,90,115,TASK_COMPLETION_BASED,"Size or amount of work, Condition of the item/property/site, Complexity of the problem",,5,No
2026-09-25 12:39:13,P202,Gardening,Garden Maintenance,Mow Lawn,Yes,7,2,70,60,90,TASK_COMPLETION_BASED,"Size or amount of work, Condition of the item/property/site, Complexity of the problem",,5,No
2026-09-25 12:46:26,P202,Gardening,Garden Maintenance,Remove Weeds,Yes,4,2,70,50,80,TASK_COMPLETION_BASED,"Size or amount of work, Condition of the item/property/site, Complexity of the problem",,5,No
2026-09-25 12:48:17,P202,Gardening,Garden Maintenance,Prune Plants,Yes,9,2,70,50,90,TASK_COMPLETION_BASED,"Size or amount of work, Condition of the item/property/site, Complexity of the problem",,5,No
2026-09-25 13:01:39,P203,Cleaning,House Cleaning,Mop and Clean Floors,Yes,7,5,55,45,65,TASK_COMPLETION_BASED,"Size or amount of work, Condition of the item/property/site, Complexity of the problem",,5,No
2026-09-25 13:04:44,P203,Cleaning,House Cleaning,Full Home Cleaning,Yes,6,5,205,165,240,TASK_COMPLETION_BASED,"Size or amount of work, Condition of the item/property/site, Complexity of the problem",,5,No
2026-09-25 13:26:51,P203,Cleaning,Sofa/Carpet/Curtain Cleaning,Clean Sofa,Yes,5,5,65,55,70,TASK_COMPLETION_BASED,"Size or amount of work, Condition of the item/property/site, Complexity of the problem",,5,No
2026-09-25 13:59:02,P203,Cleaning,Sofa/Carpet/Curtain Cleaning,Steam Clean Curtains,Yes,4,5,100,85,115,TASK_COMPLETION_BASED,"Size or amount of work, Condition of the item/property/site, Complexity of the problem",,5,No
2026-09-25 14:04:29,P203,Cleaning,Sofa/Carpet/Curtain Cleaning,Deep Clean Mattress,Yes,4,5,85,70,100,TASK_COMPLETION_BASED,"Size or amount of work, Condition of the item/property/site, Complexity of the problem",,5,No
2026-09-25 14:32:25,P204,Repairing,Furniture Repair,Repair Bed Frame,Yes,4,1,100,85,130,TASK_COMPLETION_BASED,"Size or amount of work, Condition of the item/property/site, Complexity of the problem",,5,No
2026-09-25 14:33:40,P204,Repairing,Furniture Repair,Repair Cupboard,Yes,4,1,105,85,140,TASK_COMPLETION_BASED,"Size or amount of work, Condition of the item/property/site, Complexity of the problem",,5,No
2026-09-25 15:08:31,P204,Repairing,Furniture Repair,Repair Cabinet,Yes,5,1,70,55,90,TASK_COMPLETION_BASED,"Size or amount of work, Condition of the item/property/site, Complexity of the problem",,5,No
2026-09-25 15:11:57,P204,Repairing,Furniture Repair,Repair Wooden Door,Yes,4,1,90,65,110,TASK_COMPLETION_BASED,"Size or amount of work, Condition of the item/property/site, Complexity of the problem",,5,No
2026-09-25 15:14:09,P204,Repairing,Furniture Repair,Replace Furniture Hardware,Yes,7,1,25,20,30,TASK_COMPLETION_BASED,"Size or amount of work, Condition of the item/property/site, Complexity of the problem",,5,No
2026-09-25 15:21:40,P205,Cleaning,House Cleaning,General House Cleaning,Yes,11,2,125,100,150,TASK_COMPLETION_BASED,"Size or amount of work, Condition of the item/property/site, Complexity of the problem",,5,No
2026-09-25 15:34:13,P205,Cleaning,House Cleaning,Deep Clean House,Yes,8,2,245,205,315,TASK_COMPLETION_BASED,"Size or amount of work, Condition of the item/property/site, Complexity of the problem",,5,No
2026-09-25 15:36:53,P205,Cleaning,House Cleaning,Clean Single Room,Yes,7,2,55,50,65,TASK_COMPLETION_BASED,"Size or amount of work, Condition of the item/property/site, Complexity of the problem",,5,No
2026-09-25 15:50:26,P205,Cleaning,House Cleaning,Mop and Clean Floors,Yes,12,2,60,50,70,TASK_COMPLETION_BASED,"Size or amount of work, Condition of the item/property/site, Complexity of the problem",,5,No
2026-09-25 16:03:29,P205,Cleaning,House Cleaning,Dust and Surface Cleaning,Yes,12,2,50,45,60,TASK_COMPLETION_BASED,"Size or amount of work, Condition of the item/property/site, Complexity of the problem",,5,No
2026-09-25 16:27:29,P205,Cleaning,House Cleaning,Full Home Cleaning,Yes,6,2,220,175,270,TASK_COMPLETION_BASED,"Size or amount of work, Condition of the item/property/site, Complexity of the problem",,5,No
2026-09-25 16:34:33,P206,Care Support,Personal Assistance,Home Helper Session,Yes,8,1,290,255,330,FIXED_DURATION,"Size or amount of work, Condition of the item/property/site, Complexity of the problem",,5,No
2026-09-25 16:35:54,P206,Care Support,Personal Assistance,Personal Assistance,Yes,5,1,330,295,365,SHIFT_BASED,"Size or amount of work, Condition of the item/property/site, Complexity of the problem",,5,No
2026-09-25 17:14:50,P206,Care Support,Personal Assistance,Daily Household Assistance,Yes,6,1,175,145,210,TASK_COMPLETION_BASED,"Size or amount of work, Condition of the item/property/site, Complexity of the problem",,5,No
2026-09-25 17:24:32,P206,Care Support,Personal Assistance,Errand Assistance,Yes,11,1,75,55,105,TASK_COMPLETION_BASED,"Size or amount of work, Condition of the item/property/site, Complexity of the problem",,5,No
2026-09-25 17:27:44,P206,Care Support,Personal Assistance,Daily Task Support,Yes,8,1,125,110,145,FIXED_DURATION,"Size or amount of work, Condition of the item/property/site, Complexity of the problem",,5,No
2026-09-25 17:36:27,P207,Care Support,Child Care,Babysitting,Yes,8,3,285,255,335,SHIFT_BASED,"Size or amount of work, Condition of the item/property/site, Complexity of the problem",,5,No
2026-09-25 17:44:23,P207,Care Support,Child Care,Baby Care Session,Yes,5,3,175,155,195,FIXED_DURATION,"Size or amount of work, Condition of the item/property/site, Complexity of the problem",,5,No
2026-09-25 18:02:56,P207,Care Support,Personal Assistance,Personal Assistance,Yes,5,3,330,290,365,SHIFT_BASED,"Size or amount of work, Condition of the item/property/site, Complexity of the problem",,5,No
2026-09-25 18:05:22,P208,Repairing,Electrical Repair,Repair Ceiling Fan,Yes,9,3,45,35,55,TASK_COMPLETION_BASED,"Size or amount of work, Condition of the item/property/site, Complexity of the problem",,5,No
2026-09-25 18:19:24,P208,Repairing,Electrical Repair,Install Light Fitting,Yes,12,3,30,25,35,TASK_COMPLETION_BASED,"Size or amount of work, Condition of the item/property/site, Complexity of the problem",,5,No
2026-09-25 18:25:25,P208,Repairing,Electrical Repair,Install Switch,Yes,6,3,30,25,35,TASK_COMPLETION_BASED,"Size or amount of work, Condition of the item/property/site, Complexity of the problem",,5,No
2026-09-25 18:37:24,P208,Repairing,Electrical Repair,Repair Refrigerator,Yes,4,3,95,75,130,TASK_COMPLETION_BASED,"Size or amount of work, Condition of the item/property/site, Complexity of the problem",,5,No
2026-09-25 18:48:09,P209,Cleaning,Sofa/Carpet/Curtain Cleaning,Clean Sofa,Yes,4,3,80,65,90,TASK_COMPLETION_BASED,"Size or amount of work, Condition of the item/property/site, Complexity of the problem",,5,No
2026-09-25 18:51:05,P209,Cleaning,Sofa/Carpet/Curtain Cleaning,Deep Clean Sofa,Yes,5,3,100,80,130,TASK_COMPLETION_BASED,"Size or amount of work, Condition of the item/property/site, Complexity of the problem",,5,No
2026-09-25 19:28:54,P209,Cleaning,Sofa/Carpet/Curtain Cleaning,Clean Carpet,Yes,5,3,75,65,90,TASK_COMPLETION_BASED,"Size or amount of work, Condition of the item/property/site, Complexity of the problem",,5,No
2026-09-25 19:40:56,P209,Cleaning,Sofa/Carpet/Curtain Cleaning,Deep Clean Carpet,Yes,4,3,120,95,150,TASK_COMPLETION_BASED,"Size or amount of work, Condition of the item/property/site, Complexity of the problem",,5,No
2026-09-25 19:59:38,P209,Cleaning,Sofa/Carpet/Curtain Cleaning,Clean Curtains,Yes,3,3,65,60,75,TASK_COMPLETION_BASED,"Size or amount of work, Condition of the item/property/site, Complexity of the problem",,5,No
2026-09-25 20:05:26,P209,Cleaning,Sofa/Carpet/Curtain Cleaning,Steam Clean Curtains,Yes,4,3,95,85,110,TASK_COMPLETION_BASED,"Size or amount of work, Condition of the item/property/site, Complexity of the problem",,5,No
2026-09-25 20:22:05,P209,Cleaning,Sofa/Carpet/Curtain Cleaning,Clean Mattress,Yes,2,3,45,35,55,TASK_COMPLETION_BASED,"Size or amount of work, Condition of the item/property/site, Complexity of the problem",,5,No
2026-09-25 20:23:22,P209,Cleaning,Sofa/Carpet/Curtain Cleaning,Deep Clean Mattress,Yes,4,3,90,75,105,TASK_COMPLETION_BASED,"Size or amount of work, Condition of the item/property/site, Complexity of the problem",,5,No
2026-09-25 20:51:29,P210,Gardening,Garden Maintenance,Water Plants,Yes,14,1,40,35,45,TASK_COMPLETION_BASED,"Size or amount of work, Condition of the item/property/site, Complexity of the problem",,5,No
2026-09-25 21:19:54,P210,Gardening,Garden Maintenance,Cut Grass,Yes,9,1,105,95,125,TASK_COMPLETION_BASED,"Size or amount of work, Condition of the item/property/site, Complexity of the problem",,5,No
2026-09-25 21:24:40,P210,Gardening,Garden Maintenance,Mow Lawn,Yes,10,1,70,60,90,TASK_COMPLETION_BASED,"Size or amount of work, Condition of the item/property/site, Complexity of the problem",,5,No
2026-09-26 08:03:13,P211,Cleaning,Kitchen Cleaning,General Kitchen Cleaning,Yes,5,3,60,50,70,TASK_COMPLETION_BASED,"Size or amount of work, Condition of the item/property/site, Complexity of the problem",,5,No
2026-09-26 08:18:25,P211,Cleaning,Kitchen Cleaning,Deep Clean Kitchen,Yes,6,3,130,105,165,TASK_COMPLETION_BASED,"Size or amount of work, Condition of the item/property/site, Complexity of the problem",,5,No
2026-09-26 08:25:19,P211,Cleaning,Kitchen Cleaning,Clean Kitchen Floor,Yes,6,3,30,25,35,TASK_COMPLETION_BASED,"Size or amount of work, Condition of the item/property/site, Complexity of the problem",,5,No
2026-09-26 08:40:26,P212,Cleaning,House Cleaning,General House Cleaning,Yes,7,3,130,105,155,TASK_COMPLETION_BASED,"Size or amount of work, Condition of the item/property/site, Complexity of the problem",,5,No
2026-09-26 08:55:21,P212,Cleaning,Move In/Out Cleaning,Move-In Cleaning,Yes,3,3,180,150,225,TASK_COMPLETION_BASED,"Size or amount of work, Condition of the item/property/site, Complexity of the problem",,5,No
2026-09-26 09:02:40,P212,Cleaning,Move In/Out Cleaning,Move-Out Cleaning,Yes,8,3,225,185,275,TASK_COMPLETION_BASED,"Size or amount of work, Condition of the item/property/site, Complexity of the problem",,5,No
2026-09-26 09:45:18,P212,Cleaning,Move In/Out Cleaning,Empty Property Deep Cleaning,Yes,2,3,300,225,385,TASK_COMPLETION_BASED,"Size or amount of work, Condition of the item/property/site, Complexity of the problem",,5,No
2026-09-26 09:49:51,P212,Cleaning,Post-Construction Cleaning,Remove Construction Dust,Yes,3,3,165,125,205,TASK_COMPLETION_BASED,"Size or amount of work, Condition of the item/property/site, Complexity of the problem",,5,No
2026-09-26 09:59:16,P212,Cleaning,Post-Construction Cleaning,Clean Newly Built Property,Yes,2,3,355,295,490,TASK_COMPLETION_BASED,"Size or amount of work, Condition of the item/property/site, Complexity of the problem",,5,No
2026-09-26 10:04:40,P213,Cleaning,Move In/Out Cleaning,Move-In Cleaning,Yes,3,1,210,175,255,TASK_COMPLETION_BASED,"Size or amount of work, Condition of the item/property/site, Complexity of the problem",,5,No
2026-09-26 10:10:12,P213,Cleaning,Move In/Out Cleaning,Move-Out Cleaning,Yes,2,1,240,200,310,TASK_COMPLETION_BASED,"Size or amount of work, Condition of the item/property/site, Complexity of the problem",,5,No
2026-09-26 10:30:31,P213,Cleaning,Move In/Out Cleaning,Empty Property Deep Cleaning,Yes,2,1,385,290,500,TASK_COMPLETION_BASED,"Size or amount of work, Condition of the item/property/site, Complexity of the problem",,5,No
2026-09-26 10:50:38,P213,Cleaning,Post-Construction Cleaning,Post-Construction House Cleaning,Yes,1,1,355,255,470,TASK_COMPLETION_BASED,"Size or amount of work, Condition of the item/property/site, Complexity of the problem",,5,No
2026-09-26 10:54:47,P213,Cleaning,Post-Construction Cleaning,Remove Construction Dust,Yes,2,1,170,125,220,TASK_COMPLETION_BASED,"Size or amount of work, Condition of the item/property/site, Complexity of the problem",,5,No
2026-09-26 11:05:20,P213,Cleaning,Post-Construction Cleaning,Clean Post-Renovation Area,Yes,3,1,200,155,270,TASK_COMPLETION_BASED,"Size or amount of work, Condition of the item/property/site, Complexity of the problem",,5,No
2026-09-26 11:08:56,P213,Cleaning,Post-Construction Cleaning,Clean Newly Built Property,Yes,2,1,375,310,480,TASK_COMPLETION_BASED,"Size or amount of work, Condition of the item/property/site, Complexity of the problem",,5,No
2026-09-26 11:15:07,P214,Gardening,Planting Services,Plant Flowers,Yes,4,4,50,40,60,TASK_COMPLETION_BASED,"Size or amount of work, Condition of the item/property/site, Complexity of the problem",,5,No
2026-09-26 11:24:57,P214,Gardening,Planting Services,Plant Vegetables,Yes,9,4,75,60,95,TASK_COMPLETION_BASED,"Size or amount of work, Condition of the item/property/site, Complexity of the problem",,5,No
2026-09-26 11:35:05,P214,Gardening,Planting Services,Plant Small Tree,Yes,5,4,35,30,40,TASK_COMPLETION_BASED,"Size or amount of work, Condition of the item/property/site, Complexity of the problem",,5,No
2026-09-26 11:40:30,P214,Gardening,Planting Services,Plant Large Tree,Yes,4,4,85,65,110,TASK_COMPLETION_BASED,"Size or amount of work, Condition of the item/property/site, Complexity of the problem",,5,No
2026-09-26 11:58:16,P214,Gardening,Planting Services,Plant Garden Plants,Yes,6,4,70,55,85,TASK_COMPLETION_BASED,"Size or amount of work, Condition of the item/property/site, Complexity of the problem",,5,No
2026-09-26 12:18:34,P214,Gardening,Planting Services,Prepare Planting Area,Yes,3,4,80,65,100,TASK_COMPLETION_BASED,"Size or amount of work, Condition of the item/property/site, Complexity of the problem",,5,No
2026-09-26 12:19:56,P215,Gardening,Garden Maintenance,Water Plants,Yes,15,5,35,30,40,TASK_COMPLETION_BASED,"Size or amount of work, Condition of the item/property/site, Complexity of the problem",,5,No
2026-09-26 12:24:47,P215,Gardening,Garden Maintenance,Trim Shrubs,Yes,11,5,70,60,85,TASK_COMPLETION_BASED,"Size or amount of work, Condition of the item/property/site, Complexity of the problem",,5,No
2026-09-26 12:40:35,P215,Gardening,Garden Maintenance,Mow Lawn,Yes,9,5,75,65,95,TASK_COMPLETION_BASED,"Size or amount of work, Condition of the item/property/site, Complexity of the problem",,5,No
2026-09-26 12:51:48,P215,Gardening,Garden Maintenance,General Garden Maintenance,Yes,7,5,150,120,180,TASK_COMPLETION_BASED,"Size or amount of work, Condition of the item/property/site, Complexity of the problem",,5,No
2026-09-26 13:04:17,P216,Cleaning,House Cleaning,Clean Single Room,Yes,17,2,50,45,60,TASK_COMPLETION_BASED,"Size or amount of work, Condition of the item/property/site, Complexity of the problem",,5,No
2026-09-26 13:19:27,P216,Cleaning,House Cleaning,Mop and Clean Floors,Yes,8,2,70,60,80,TASK_COMPLETION_BASED,"Size or amount of work, Condition of the item/property/site, Complexity of the problem",,5,No
2026-09-26 13:24:37,P216,Cleaning,House Cleaning,Dust and Surface Cleaning,Yes,10,2,60,55,70,TASK_COMPLETION_BASED,"Size or amount of work, Condition of the item/property/site, Complexity of the problem",,5,No
2026-09-26 13:30:40,P216,Cleaning,House Cleaning,Full Home Cleaning,Yes,5,2,205,160,250,TASK_COMPLETION_BASED,"Size or amount of work, Condition of the item/property/site, Complexity of the problem",,5,No
2026-09-26 14:19:06,P216,Cleaning,Sofa/Carpet/Curtain Cleaning,Clean Carpet,Yes,3,2,75,65,90,TASK_COMPLETION_BASED,"Size or amount of work, Condition of the item/property/site, Complexity of the problem",,5,No
2026-09-26 14:35:36,P216,Cleaning,Sofa/Carpet/Curtain Cleaning,Steam Clean Curtains,Yes,3,2,110,95,125,TASK_COMPLETION_BASED,"Size or amount of work, Condition of the item/property/site, Complexity of the problem",,5,No
2026-09-26 14:51:30,P216,Cleaning,Sofa/Carpet/Curtain Cleaning,Clean Mattress,Yes,4,2,55,45,65,TASK_COMPLETION_BASED,"Size or amount of work, Condition of the item/property/site, Complexity of the problem",,5,No
2026-09-26 14:52:09,P217,Care Support,Child Care,Babysitting,Yes,16,1,250,225,290,FIXED_DURATION,"Size or amount of work, Condition of the item/property/site, Complexity of the problem",,5,No
2026-09-26 15:32:08,P217,Care Support,Child Care,Child Supervision,Yes,7,1,205,185,230,FIXED_DURATION,"Size or amount of work, Condition of the item/property/site, Complexity of the problem",,5,No
2026-09-26 15:39:46,P217,Care Support,Elderly Care,Mobility Assistance,Yes,13,1,85,75,100,FIXED_DURATION,"Size or amount of work, Condition of the item/property/site, Complexity of the problem",,5,No
2026-09-26 16:32:30,P217,Care Support,Personal Assistance,Personal Assistance,Yes,7,1,315,280,350,SHIFT_BASED,"Size or amount of work, Condition of the item/property/site, Complexity of the problem",,5,No
2026-09-26 16:42:17,P217,Care Support,Personal Assistance,Daily Household Assistance,Yes,10,1,180,145,210,TASK_COMPLETION_BASED,"Size or amount of work, Condition of the item/property/site, Complexity of the problem",,5,No
2026-09-26 16:55:15,P217,Care Support,Personal Assistance,Errand Assistance,Yes,13,1,85,60,120,TASK_COMPLETION_BASED,"Size or amount of work, Condition of the item/property/site, Complexity of the problem",,5,No
2026-09-26 17:29:08,P217,Care Support,Personal Assistance,Daily Task Support,Yes,16,1,120,105,145,FIXED_DURATION,"Size or amount of work, Condition of the item/property/site, Complexity of the problem",,5,No
2026-09-26 17:32:04,P218,Cleaning,Bathroom Cleaning,Clean Washroom,Yes,10,1,40,35,45,TASK_COMPLETION_BASED,"Size or amount of work, Condition of the item/property/site, Complexity of the problem",,5,No
2026-09-26 17:40:32,P218,Cleaning,House Cleaning,Clean Single Room,Yes,14,1,55,50,65,TASK_COMPLETION_BASED,"Size or amount of work, Condition of the item/property/site, Complexity of the problem",,5,No
2026-09-26 18:07:49,P218,Cleaning,House Cleaning,Dust and Surface Cleaning,Yes,14,1,50,45,60,TASK_COMPLETION_BASED,"Size or amount of work, Condition of the item/property/site, Complexity of the problem",,5,No
2026-09-26 18:53:20,P218,Cleaning,House Cleaning,Full Home Cleaning,Yes,11,1,190,155,230,TASK_COMPLETION_BASED,"Size or amount of work, Condition of the item/property/site, Complexity of the problem",,5,No
2026-09-26 18:55:32,P219,Repairing,Painting & Renovation,Paint Exterior Wall,Yes,1,2,285,215,365,TASK_COMPLETION_BASED,"Size or amount of work, Condition of the item/property/site, Complexity of the problem",,5,No
2026-09-26 19:18:38,P219,Repairing,Painting & Renovation,Paint Room,Yes,2,2,190,155,240,TASK_COMPLETION_BASED,"Size or amount of work, Condition of the item/property/site, Complexity of the problem",,5,No
2026-09-26 19:30:58,P219,Repairing,Painting & Renovation,Paint Ceiling,Yes,2,2,140,120,165,TASK_COMPLETION_BASED,"Size or amount of work, Condition of the item/property/site, Complexity of the problem",,5,No
2026-09-26 19:33:25,P219,Repairing,Painting & Renovation,Prepare Wall Surface,Yes,2,2,120,85,145,TASK_COMPLETION_BASED,"Size or amount of work, Condition of the item/property/site, Complexity of the problem",,5,No
2026-09-26 20:02:50,P219,Repairing,Painting & Renovation,Repair Ceiling,Yes,2,2,140,105,185,TASK_COMPLETION_BASED,"Size or amount of work, Condition of the item/property/site, Complexity of the problem",,5,No
2026-09-26 20:11:24,P219,Repairing,Painting & Renovation,Replace Damaged Tile,Yes,5,2,100,80,120,TASK_COMPLETION_BASED,"Size or amount of work, Condition of the item/property/site, Complexity of the problem",,5,No
2026-09-26 20:18:53,P219,Repairing,Painting & Renovation,Minor Renovation Work,Yes,2,2,270,175,385,TASK_COMPLETION_BASED,"Size or amount of work, Condition of the item/property/site, Complexity of the problem",,5,No
2026-09-26 21:07:01,P220,Care Support,Personal Assistance,Errand Assistance,Yes,9,1,80,55,110,TASK_COMPLETION_BASED,"Size or amount of work, Condition of the item/property/site, Complexity of the problem",,5,No
2026-09-26 21:16:15,P220,Care Support,Pet Care,Dog Walking,Yes,13,1,45,40,55,FIXED_DURATION,"Size or amount of work, Condition of the item/property/site, Complexity of the problem",,5,No
2026-09-26 21:32:46,P220,Care Support,Pet Care,Pet Grooming,Yes,7,1,90,80,110,TASK_COMPLETION_BASED,"Size or amount of work, Condition of the item/property/site, Complexity of the problem",,5,No
2026-09-27 08:02:18,P220,Care Support,Pet Care,Bathe Pet,Yes,7,1,55,45,75,TASK_COMPLETION_BASED,"Size or amount of work, Condition of the item/property/site, Complexity of the problem",,5,No
2026-09-27 08:14:19,P220,Care Support,Pet Care,Pet Cleaning,Yes,7,1,55,50,65,TASK_COMPLETION_BASED,"Size or amount of work, Condition of the item/property/site, Complexity of the problem",,5,No
2026-09-27 08:18:18,P220,Care Support,Pet Care,Pet Sitting,Yes,5,1,390,335,465,SHIFT_BASED,"Size or amount of work, Condition of the item/property/site, Complexity of the problem",,5,No
2026-09-27 08:32:00,P221,Cleaning,Kitchen Cleaning,General Kitchen Cleaning,Yes,7,4,50,45,60,TASK_COMPLETION_BASED,"Size or amount of work, Condition of the item/property/site, Complexity of the problem",,5,No
2026-09-27 08:39:12,P221,Cleaning,Move In/Out Cleaning,Move-In Cleaning,Yes,4,4,175,145,215,TASK_COMPLETION_BASED,"Size or amount of work, Condition of the item/property/site, Complexity of the problem",,5,No
2026-09-27 08:45:08,P221,Cleaning,Move In/Out Cleaning,Move-Out Cleaning,Yes,6,4,185,145,225,TASK_COMPLETION_BASED,"Size or amount of work, Condition of the item/property/site, Complexity of the problem",,5,No
2026-09-27 09:17:28,P221,Cleaning,Move In/Out Cleaning,Empty Property Deep Cleaning,Yes,3,4,230,180,290,TASK_COMPLETION_BASED,"Size or amount of work, Condition of the item/property/site, Complexity of the problem",,5,No
2026-09-27 09:23:17,P221,Cleaning,Post-Construction Cleaning,Clean Post-Renovation Area,Yes,3,4,150,115,210,TASK_COMPLETION_BASED,"Size or amount of work, Condition of the item/property/site, Complexity of the problem",,5,No
2026-09-27 09:37:07,P222,Repairing,Furniture Repair,Repair Wooden Chair,Yes,8,1,45,35,55,TASK_COMPLETION_BASED,"Size or amount of work, Condition of the item/property/site, Complexity of the problem",,5,No
2026-09-27 09:38:59,P222,Repairing,Furniture Repair,Repair Dining Table,Yes,4,1,75,65,90,TASK_COMPLETION_BASED,"Size or amount of work, Condition of the item/property/site, Complexity of the problem",,5,No
2026-09-27 10:04:21,P222,Repairing,Furniture Repair,Repair Sofa Frame,Yes,3,1,100,80,145,TASK_COMPLETION_BASED,"Size or amount of work, Condition of the item/property/site, Complexity of the problem",,5,No
2026-09-27 10:17:24,P222,Repairing,Furniture Repair,Repair Bed Frame,Yes,3,1,80,70,100,TASK_COMPLETION_BASED,"Size or amount of work, Condition of the item/property/site, Complexity of the problem",,5,No
2026-09-27 11:09:41,P222,Repairing,Furniture Repair,Repair Wooden Door,Yes,4,1,80,55,100,TASK_COMPLETION_BASED,"Size or amount of work, Condition of the item/property/site, Complexity of the problem",,5,No
2026-09-27 11:41:23,P222,Repairing,Furniture Repair,Replace Door Hinges,Yes,6,1,30,25,35,TASK_COMPLETION_BASED,"Size or amount of work, Condition of the item/property/site, Complexity of the problem",,5,No
2026-09-27 12:25:50,P222,Repairing,Furniture Repair,Repair Window Frame,Yes,3,1,80,65,100,TASK_COMPLETION_BASED,"Size or amount of work, Condition of the item/property/site, Complexity of the problem",,5,No
2026-09-27 12:49:33,P222,Repairing,Furniture Repair,Replace Furniture Hardware,Yes,9,1,25,20,30,TASK_COMPLETION_BASED,"Size or amount of work, Condition of the item/property/site, Complexity of the problem",,5,No
2026-09-27 12:57:19,P223,Care Support,Pet Care,Feed Pet,Yes,18,1,25,20,30,TASK_COMPLETION_BASED,"Size or amount of work, Condition of the item/property/site, Complexity of the problem",,5,No
2026-09-27 13:14:48,P223,Care Support,Pet Care,Dog Walking,Yes,14,1,45,40,55,FIXED_DURATION,"Size or amount of work, Condition of the item/property/site, Complexity of the problem",,5,No
2026-09-27 13:39:44,P223,Care Support,Pet Care,Pet Grooming,Yes,9,1,90,80,105,TASK_COMPLETION_BASED,"Size or amount of work, Condition of the item/property/site, Complexity of the problem",,5,No
2026-09-27 13:48:56,P223,Care Support,Pet Care,Bathe Pet,Yes,3,1,55,45,70,TASK_COMPLETION_BASED,"Size or amount of work, Condition of the item/property/site, Complexity of the problem",,5,No
2026-09-27 14:32:24,P223,Care Support,Pet Care,Pet Sitting,Yes,4,1,360,305,435,SHIFT_BASED,"Size or amount of work, Condition of the item/property/site, Complexity of the problem",,5,No
2026-09-27 14:45:35,P224,Gardening,Garden Cleaning,General Garden Cleaning,Yes,7,2,110,90,135,TASK_COMPLETION_BASED,"Size or amount of work, Condition of the item/property/site, Complexity of the problem",,5,No
2026-09-27 14:48:52,P224,Gardening,Garden Cleaning,Remove Garden Waste,Yes,6,2,100,80,130,TASK_COMPLETION_BASED,"Size or amount of work, Condition of the item/property/site, Complexity of the problem",,5,No
2026-09-27 15:00:32,P224,Gardening,Garden Cleaning,Clear Overgrown Garden,Yes,4,2,220,160,305,TASK_COMPLETION_BASED,"Size or amount of work, Condition of the item/property/site, Complexity of the problem",,5,No
2026-09-27 15:01:15,P225,Cleaning,Office Cleaning,Clean Small Office,Yes,13,1,110,95,130,TASK_COMPLETION_BASED,"Size or amount of work, Condition of the item/property/site, Complexity of the problem",,5,No
2026-09-27 15:05:21,P225,Cleaning,Office Cleaning,Clean Medium Office,Yes,5,1,205,160,270,TASK_COMPLETION_BASED,"Size or amount of work, Condition of the item/property/site, Complexity of the problem",,5,No
2026-09-27 15:22:44,P225,Cleaning,Office Cleaning,Clean Retail Shop,Yes,6,1,150,125,175,TASK_COMPLETION_BASED,"Size or amount of work, Condition of the item/property/site, Complexity of the problem",,5,No
2026-09-27 15:30:05,P225,Cleaning,Office Cleaning,Deep Clean Office,Yes,2,1,360,285,460,TASK_COMPLETION_BASED,"Size or amount of work, Condition of the item/property/site, Complexity of the problem",,5,No
2026-09-27 15:49:32,P225,Cleaning,Office Cleaning,Clean Office Floors,Yes,9,1,80,70,95,TASK_COMPLETION_BASED,"Size or amount of work, Condition of the item/property/site, Complexity of the problem",,5,No
2026-09-27 16:03:58,P225,Cleaning,Post-Construction Cleaning,Remove Construction Dust,Yes,4,1,200,155,255,TASK_COMPLETION_BASED,"Size or amount of work, Condition of the item/property/site, Complexity of the problem",,5,No
2026-09-27 16:07:20,P226,Gardening,Landscaping & Design,Design Small Garden,Yes,4,5,190,135,240,TASK_COMPLETION_BASED,"Size or amount of work, Condition of the item/property/site, Complexity of the problem",,5,No
2026-09-27 16:34:41,P226,Gardening,Landscaping & Design,Design Medium Garden,Yes,2,5,300,230,400,TASK_COMPLETION_BASED,"Size or amount of work, Condition of the item/property/site, Complexity of the problem",,5,No
2026-09-27 17:12:34,P226,Gardening,Landscaping & Design,Set Up New Garden,Yes,2,5,275,205,385,TASK_COMPLETION_BASED,"Size or amount of work, Condition of the item/property/site, Complexity of the problem",,5,No
2026-09-27 17:13:29,P226,Gardening,Landscaping & Design,Basic Landscaping,Yes,2,5,235,175,300,TASK_COMPLETION_BASED,"Size or amount of work, Condition of the item/property/site, Complexity of the problem",,5,No
2026-09-27 17:36:31,P226,Gardening,Landscaping & Design,Landscape Existing Garden,Yes,1,5,430,310,595,TASK_COMPLETION_BASED,"Size or amount of work, Condition of the item/property/site, Complexity of the problem",,5,No
2026-09-27 18:04:18,P227,Repairing,Plumbing Repair,Install Water Pipe,Yes,5,2,130,105,165,TASK_COMPLETION_BASED,"Size or amount of work, Condition of the item/property/site, Complexity of the problem",,5,No
2026-09-27 18:12:57,P227,Repairing,Plumbing Repair,Replace Tap,Yes,14,2,25,20,30,TASK_COMPLETION_BASED,"Size or amount of work, Condition of the item/property/site, Complexity of the problem",,5,No
2026-09-27 18:17:24,P227,Repairing,Plumbing Repair,Repair Tap,Yes,5,2,30,25,35,TASK_COMPLETION_BASED,"Size or amount of work, Condition of the item/property/site, Complexity of the problem",,5,No
2026-09-27 18:27:03,P227,Repairing,Plumbing Repair,Install Water Tank,Yes,2,2,160,120,205,TASK_COMPLETION_BASED,"Size or amount of work, Condition of the item/property/site, Complexity of the problem",,5,No
2026-09-27 18:33:31,P227,Repairing,Plumbing Repair,Repair Water Tank Connection,Yes,1,2,60,50,75,TASK_COMPLETION_BASED,"Size or amount of work, Condition of the item/property/site, Complexity of the problem",,5,No
2026-09-27 18:51:52,P227,Repairing,Plumbing Repair,Repair Sink Plumbing,Yes,3,2,50,40,65,TASK_COMPLETION_BASED,"Size or amount of work, Condition of the item/property/site, Complexity of the problem",,5,No
2026-09-27 19:04:12,P227,Repairing,Plumbing Repair,Repair Bathroom Pipe,Yes,5,2,65,55,85,TASK_COMPLETION_BASED,"Size or amount of work, Condition of the item/property/site, Complexity of the problem",,5,No
2026-09-27 19:52:16,P228,Gardening,Garden Maintenance,Water Plants,Yes,20,1,35,30,40,TASK_COMPLETION_BASED,"Size or amount of work, Condition of the item/property/site, Complexity of the problem",,5,No
2026-09-27 20:16:19,P228,Gardening,Garden Maintenance,Trim Shrubs,Yes,5,1,70,60,90,TASK_COMPLETION_BASED,"Size or amount of work, Condition of the item/property/site, Complexity of the problem",,5,No
2026-09-27 21:11:38,P228,Gardening,Garden Maintenance,Cut Grass,Yes,7,1,100,90,120,TASK_COMPLETION_BASED,"Size or amount of work, Condition of the item/property/site, Complexity of the problem",,5,No
2026-09-27 21:11:57,P228,Gardening,Garden Maintenance,Mow Lawn,Yes,11,1,85,75,105,TASK_COMPLETION_BASED,"Size or amount of work, Condition of the item/property/site, Complexity of the problem",,5,No
2026-09-27 21:47:58,P228,Gardening,Garden Maintenance,General Garden Maintenance,Yes,4,1,130,105,165,TASK_COMPLETION_BASED,"Size or amount of work, Condition of the item/property/site, Complexity of the problem",,5,No
2026-09-28 08:03:58,P228,Gardening,Garden Maintenance,Prune Plants,Yes,5,1,70,55,85,TASK_COMPLETION_BASED,"Size or amount of work, Condition of the item/property/site, Complexity of the problem",,5,No
2026-09-28 08:10:45,P229,Care Support,Personal Assistance,Home Helper Session,Yes,10,1,285,260,325,FIXED_DURATION,"Size or amount of work, Condition of the item/property/site, Complexity of the problem",,5,No
2026-09-28 08:37:41,P229,Care Support,Personal Assistance,Personal Assistance,Yes,6,1,330,290,375,SHIFT_BASED,"Size or amount of work, Condition of the item/property/site, Complexity of the problem",,5,No
2026-09-28 08:55:11,P229,Care Support,Personal Assistance,Errand Assistance,Yes,7,1,95,70,125,TASK_COMPLETION_BASED,"Size or amount of work, Condition of the item/property/site, Complexity of the problem",,5,No
2026-09-28 09:04:26,P229,Care Support,Personal Assistance,Daily Task Support,Yes,4,1,115,100,135,FIXED_DURATION,"Size or amount of work, Condition of the item/property/site, Complexity of the problem",,5,No
2026-09-28 10:21:12,P229,Care Support,Pet Care,Pet Cleaning,Yes,8,1,60,55,70,TASK_COMPLETION_BASED,"Size or amount of work, Condition of the item/property/site, Complexity of the problem",,5,No
2026-09-28 10:34:37,P230,Repairing,Plumbing Repair,Repair Water Leak,Yes,6,2,70,50,90,TASK_COMPLETION_BASED,"Size or amount of work, Condition of the item/property/site, Complexity of the problem",,5,No
2026-09-28 10:50:33,P230,Repairing,Plumbing Repair,Install Tap,Yes,11,2,40,35,45,TASK_COMPLETION_BASED,"Size or amount of work, Condition of the item/property/site, Complexity of the problem",,5,No
2026-09-28 10:56:01,P230,Repairing,Plumbing Repair,Repair Tap,Yes,7,2,30,25,35,TASK_COMPLETION_BASED,"Size or amount of work, Condition of the item/property/site, Complexity of the problem",,5,No
2026-09-28 11:19:10,P230,Repairing,Plumbing Repair,Clean Water Tank,Yes,4,2,165,135,195,TASK_COMPLETION_BASED,"Size or amount of work, Condition of the item/property/site, Complexity of the problem",,5,No
2026-09-28 11:27:32,P230,Repairing,Plumbing Repair,Replace Toilet Pipe,Yes,3,2,90,75,115,TASK_COMPLETION_BASED,"Size or amount of work, Condition of the item/property/site, Complexity of the problem",,5,No
2026-09-28 11:32:23,P231,Care Support,Disability Support,Personal Disability Assistance,Yes,8,1,180,160,200,SHIFT_BASED,"Size or amount of work, Condition of the item/property/site, Complexity of the problem",,5,No
2026-09-28 11:34:15,P231,Care Support,Disability Support,Special Needs Support Session,Yes,8,1,120,105,140,FIXED_DURATION,"Size or amount of work, Condition of the item/property/site, Complexity of the problem",,5,No
2026-09-28 11:43:42,P231,Care Support,Elderly Care,Elderly Assistance Session,Yes,13,1,135,120,160,FIXED_DURATION,"Size or amount of work, Condition of the item/property/site, Complexity of the problem",,5,No
2026-09-28 12:37:34,P231,Care Support,Elderly Care,Mobility Assistance,Yes,7,1,90,80,105,FIXED_DURATION,"Size or amount of work, Condition of the item/property/site, Complexity of the problem",,5,No
2026-09-28 12:37:58,P231,Care Support,Personal Assistance,Daily Task Support,Yes,8,1,110,95,130,FIXED_DURATION,"Size or amount of work, Condition of the item/property/site, Complexity of the problem",,5,No
2026-09-28 13:16:18,P232,Repairing,Roofing Repair,Inspect Roof Damage,Yes,3,3,55,40,65,TASK_COMPLETION_BASED,"Size or amount of work, Condition of the item/property/site, Complexity of the problem",,5,No
2026-09-28 13:16:30,P232,Repairing,Roofing Repair,Replace Roof Sheet,Yes,2,3,125,95,160,TASK_COMPLETION_BASED,"Size or amount of work, Condition of the item/property/site, Complexity of the problem",,5,No
2026-09-28 13:36:20,P232,Repairing,Roofing Repair,Replace Roof Tile,Yes,3,3,135,100,180,TASK_COMPLETION_BASED,"Size or amount of work, Condition of the item/property/site, Complexity of the problem",,5,No
2026-09-28 13:42:16,P232,Repairing,Roofing Repair,Seal Roof Leakage,Yes,3,3,110,80,140,TASK_COMPLETION_BASED,"Size or amount of work, Condition of the item/property/site, Complexity of the problem",,5,No
2026-09-28 13:43:04,P232,Repairing,Roofing Repair,Minor Roof Maintenance,Yes,2,3,90,70,110,TASK_COMPLETION_BASED,"Size or amount of work, Condition of the item/property/site, Complexity of the problem",,5,No
2026-09-28 13:47:58,P233,Repairing,Electrical Repair,Repair Ceiling Fan,Yes,4,2,60,50,70,TASK_COMPLETION_BASED,"Size or amount of work, Condition of the item/property/site, Complexity of the problem",,5,No
2026-09-28 14:06:45,P233,Repairing,Electrical Repair,Replace Ceiling Fan,Yes,2,2,70,60,80,TASK_COMPLETION_BASED,"Size or amount of work, Condition of the item/property/site, Complexity of the problem",,5,No
2026-09-28 15:22:16,P233,Repairing,Electrical Repair,Install Power Socket,Yes,3,2,40,35,45,TASK_COMPLETION_BASED,"Size or amount of work, Condition of the item/property/site, Complexity of the problem",,5,No
2026-09-28 15:38:38,P233,Repairing,Electrical Repair,Replace Distribution Board Component,Yes,2,2,75,55,100,TASK_COMPLETION_BASED,"Size or amount of work, Condition of the item/property/site, Complexity of the problem",,5,No
2026-09-28 15:59:55,P233,Repairing,Electrical Repair,Repair Rice Cooker,Yes,2,2,50,35,65,TASK_COMPLETION_BASED,"Size or amount of work, Condition of the item/property/site, Complexity of the problem",,5,No
2026-09-28 16:04:21,P234,Repairing,Electrical Repair,Install Power Socket,Yes,7,1,40,35,45,TASK_COMPLETION_BASED,"Size or amount of work, Condition of the item/property/site, Complexity of the problem",,5,No
2026-09-28 16:08:35,P234,Repairing,Electrical Repair,Repair Electrical Wiring,Yes,2,1,120,95,155,TASK_COMPLETION_BASED,"Size or amount of work, Condition of the item/property/site, Complexity of the problem",,5,No
2026-09-28 16:09:05,P234,Repairing,Electrical Repair,Repair Television,Yes,3,1,110,80,140,TASK_COMPLETION_BASED,"Size or amount of work, Condition of the item/property/site, Complexity of the problem",,5,No
2026-09-28 16:26:13,P235,Cleaning,House Cleaning,Clean Single Room,Yes,14,4,45,40,55,TASK_COMPLETION_BASED,"Size or amount of work, Condition of the item/property/site, Complexity of the problem",,5,No
2026-09-28 17:09:23,P235,Cleaning,House Cleaning,Dust and Surface Cleaning,Yes,11,4,55,50,65,TASK_COMPLETION_BASED,"Size or amount of work, Condition of the item/property/site, Complexity of the problem",,5,No
2026-09-28 17:35:18,P235,Cleaning,Sofa/Carpet/Curtain Cleaning,Deep Clean Sofa,Yes,4,4,90,75,115,TASK_COMPLETION_BASED,"Size or amount of work, Condition of the item/property/site, Complexity of the problem",,5,No
2026-09-28 17:37:04,P235,Cleaning,Sofa/Carpet/Curtain Cleaning,Clean Carpet,Yes,5,4,70,60,85,TASK_COMPLETION_BASED,"Size or amount of work, Condition of the item/property/site, Complexity of the problem",,5,No
2026-09-28 17:38:01,P235,Cleaning,Sofa/Carpet/Curtain Cleaning,Deep Clean Carpet,Yes,6,4,120,100,145,TASK_COMPLETION_BASED,"Size or amount of work, Condition of the item/property/site, Complexity of the problem",,5,No
2026-09-28 17:39:21,P236,Repairing,Painting & Renovation,Paint Interior Wall,Yes,4,2,145,110,170,TASK_COMPLETION_BASED,"Size or amount of work, Condition of the item/property/site, Complexity of the problem",,5,No
2026-09-28 17:50:36,P236,Repairing,Painting & Renovation,Paint Room,Yes,3,2,165,140,200,TASK_COMPLETION_BASED,"Size or amount of work, Condition of the item/property/site, Complexity of the problem",,5,No
2026-09-28 17:52:09,P236,Repairing,Painting & Renovation,Paint Whole House,Yes,1,2,485,345,655,TASK_COMPLETION_BASED,"Size or amount of work, Condition of the item/property/site, Complexity of the problem",,5,No
2026-09-28 18:07:35,P236,Repairing,Painting & Renovation,Repair Wall Crack,Yes,4,2,75,50,100,TASK_COMPLETION_BASED,"Size or amount of work, Condition of the item/property/site, Complexity of the problem",,5,No
2026-09-28 18:09:53,P236,Repairing,Painting & Renovation,Repair Ceiling,Yes,3,2,135,100,180,TASK_COMPLETION_BASED,"Size or amount of work, Condition of the item/property/site, Complexity of the problem",,5,No
2026-09-28 18:10:32,P236,Repairing,Painting & Renovation,Replace Damaged Tile,Yes,2,2,80,65,100,TASK_COMPLETION_BASED,"Size or amount of work, Condition of the item/property/site, Complexity of the problem",,5,No
2026-09-28 18:20:26,P237,Care Support,Child Care,Baby Care Session,Yes,6,1,180,165,205,FIXED_DURATION,"Size or amount of work, Condition of the item/property/site, Complexity of the problem",,5,No
2026-09-28 18:42:36,P237,Care Support,Child Care,After-School Child Care,Yes,13,1,200,175,225,FIXED_DURATION,"Size or amount of work, Condition of the item/property/site, Complexity of the problem",,5,No
2026-09-28 19:05:19,P237,Care Support,Personal Assistance,Home Helper Session,Yes,11,1,270,240,310,SHIFT_BASED,"Size or amount of work, Condition of the item/property/site, Complexity of the problem",,5,No
2026-09-28 19:05:54,P238,Cleaning,House Cleaning,General House Cleaning,Yes,8,2,135,110,165,TASK_COMPLETION_BASED,"Size or amount of work, Condition of the item/property/site, Complexity of the problem",,5,No
2026-09-28 19:15:10,P238,Cleaning,House Cleaning,Deep Clean House,Yes,8,2,255,205,335,TASK_COMPLETION_BASED,"Size or amount of work, Condition of the item/property/site, Complexity of the problem",,5,No
2026-09-28 19:16:31,P238,Cleaning,House Cleaning,Clean Single Room,Yes,14,2,50,45,60,TASK_COMPLETION_BASED,"Size or amount of work, Condition of the item/property/site, Complexity of the problem",,5,No
2026-09-28 19:25:57,P238,Cleaning,House Cleaning,Mop and Clean Floors,Yes,9,2,55,45,65,TASK_COMPLETION_BASED,"Size or amount of work, Condition of the item/property/site, Complexity of the problem",,5,No
2026-09-28 19:26:56,P238,Cleaning,House Cleaning,Full Home Cleaning,Yes,5,2,195,150,235,TASK_COMPLETION_BASED,"Size or amount of work, Condition of the item/property/site, Complexity of the problem",,5,No
2026-09-28 19:33:47,P238,Cleaning,Kitchen Cleaning,Clean Kitchen Cabinets,Yes,5,2,75,60,90,TASK_COMPLETION_BASED,"Size or amount of work, Condition of the item/property/site, Complexity of the problem",,5,No
2026-09-28 20:34:30,P239,Cleaning,House Cleaning,General House Cleaning,Yes,6,2,155,130,185,TASK_COMPLETION_BASED,"Size or amount of work, Condition of the item/property/site, Complexity of the problem",,5,No
2026-09-29 08:06:46,P239,Cleaning,House Cleaning,Deep Clean House,Yes,3,2,230,195,305,TASK_COMPLETION_BASED,"Size or amount of work, Condition of the item/property/site, Complexity of the problem",,5,No
2026-09-29 08:22:43,P239,Cleaning,House Cleaning,Dust and Surface Cleaning,Yes,20,2,50,45,60,TASK_COMPLETION_BASED,"Size or amount of work, Condition of the item/property/site, Complexity of the problem",,5,No
2026-09-29 08:29:17,P239,Cleaning,House Cleaning,Full Home Cleaning,Yes,5,2,180,140,220,TASK_COMPLETION_BASED,"Size or amount of work, Condition of the item/property/site, Complexity of the problem",,5,No
2026-09-29 08:34:53,P240,Care Support,Personal Assistance,Errand Assistance,Yes,4,1,90,65,125,TASK_COMPLETION_BASED,"Size or amount of work, Condition of the item/property/site, Complexity of the problem",,5,No
2026-09-29 09:03:22,P240,Care Support,Personal Assistance,Daily Task Support,Yes,12,1,115,100,135,FIXED_DURATION,"Size or amount of work, Condition of the item/property/site, Complexity of the problem",,5,No
2026-09-29 09:27:56,P240,Care Support,Pet Care,Feed Pet,Yes,14,1,25,20,30,TASK_COMPLETION_BASED,"Size or amount of work, Condition of the item/property/site, Complexity of the problem",,5,No
2026-09-29 09:46:10,P240,Care Support,Pet Care,Dog Walking,Yes,10,1,45,40,55,FIXED_DURATION,"Size or amount of work, Condition of the item/property/site, Complexity of the problem",,5,No
2026-09-29 10:34:40,P240,Care Support,Pet Care,Pet Grooming,Yes,9,1,90,80,105,TASK_COMPLETION_BASED,"Size or amount of work, Condition of the item/property/site, Complexity of the problem",,5,No
2026-09-29 10:56:22,P241,Repairing,Electrical Repair,Install Ceiling Fan,Yes,4,1,85,75,100,TASK_COMPLETION_BASED,"Size or amount of work, Condition of the item/property/site, Complexity of the problem",,5,No
2026-09-29 11:12:08,P241,Repairing,Electrical Repair,Repair Light Circuit,Yes,4,1,50,40,65,TASK_COMPLETION_BASED,"Size or amount of work, Condition of the item/property/site, Complexity of the problem",,5,No
2026-09-29 11:15:38,P241,Repairing,Electrical Repair,Repair Rice Cooker,Yes,2,1,45,35,60,TASK_COMPLETION_BASED,"Size or amount of work, Condition of the item/property/site, Complexity of the problem",,5,No
2026-09-29 11:27:04,P241,Repairing,Electrical Repair,Repair Microwave Oven,Yes,1,1,60,50,75,TASK_COMPLETION_BASED,"Size or amount of work, Condition of the item/property/site, Complexity of the problem",,5,No
2026-09-29 11:51:33,P242,Cleaning,Sofa/Carpet/Curtain Cleaning,Deep Clean Sofa,Yes,4,5,90,75,115,TASK_COMPLETION_BASED,"Size or amount of work, Condition of the item/property/site, Complexity of the problem",,5,No
2026-09-29 12:07:04,P242,Cleaning,Sofa/Carpet/Curtain Cleaning,Clean Curtains,Yes,5,5,60,55,70,TASK_COMPLETION_BASED,"Size or amount of work, Condition of the item/property/site, Complexity of the problem",,5,No
2026-09-29 12:33:10,P242,Cleaning,Sofa/Carpet/Curtain Cleaning,Clean Mattress,Yes,4,5,45,35,55,TASK_COMPLETION_BASED,"Size or amount of work, Condition of the item/property/site, Complexity of the problem",,5,No
2026-09-29 12:55:09,P243,Cleaning,House Cleaning,Clean Single Room,Yes,9,2,60,55,70,TASK_COMPLETION_BASED,"Size or amount of work, Condition of the item/property/site, Complexity of the problem",,5,No
2026-09-29 13:04:47,P243,Cleaning,House Cleaning,Mop and Clean Floors,Yes,15,2,60,50,70,TASK_COMPLETION_BASED,"Size or amount of work, Condition of the item/property/site, Complexity of the problem",,5,No
2026-09-29 13:12:33,P243,Cleaning,House Cleaning,Dust and Surface Cleaning,Yes,7,2,55,50,65,TASK_COMPLETION_BASED,"Size or amount of work, Condition of the item/property/site, Complexity of the problem",,5,No
2026-09-29 13:55:00,P243,Cleaning,Post-Construction Cleaning,Clean Post-Renovation Area,Yes,2,2,205,150,280,TASK_COMPLETION_BASED,"Size or amount of work, Condition of the item/property/site, Complexity of the problem",,5,No
2026-09-29 14:10:07,P243,Cleaning,Sofa/Carpet/Curtain Cleaning,Deep Clean Sofa,Yes,4,2,115,95,140,TASK_COMPLETION_BASED,"Size or amount of work, Condition of the item/property/site, Complexity of the problem",,5,No
2026-09-29 14:11:53,P243,Cleaning,Sofa/Carpet/Curtain Cleaning,Steam Clean Curtains,Yes,6,2,105,90,120,TASK_COMPLETION_BASED,"Size or amount of work, Condition of the item/property/site, Complexity of the problem",,5,No
2026-09-29 14:26:13,P243,Cleaning,Sofa/Carpet/Curtain Cleaning,Clean Mattress,Yes,5,2,60,50,70,TASK_COMPLETION_BASED,"Size or amount of work, Condition of the item/property/site, Complexity of the problem",,5,No
2026-09-29 14:52:50,P243,Cleaning,Sofa/Carpet/Curtain Cleaning,Deep Clean Mattress,Yes,3,2,100,85,115,TASK_COMPLETION_BASED,"Size or amount of work, Condition of the item/property/site, Complexity of the problem",,5,No
2026-09-29 14:53:40,P244,Care Support,Elderly Care,Elderly Home Care,Yes,7,1,285,250,315,SHIFT_BASED,"Size or amount of work, Condition of the item/property/site, Complexity of the problem",,5,No
2026-09-29 15:05:18,P244,Care Support,Elderly Care,Elderly Assistance Session,Yes,6,1,135,120,160,FIXED_DURATION,"Size or amount of work, Condition of the item/property/site, Complexity of the problem",,5,No
2026-09-29 15:24:09,P244,Care Support,Elderly Care,Medication Assistance,Yes,8,1,30,25,35,TASK_COMPLETION_BASED,"Size or amount of work, Condition of the item/property/site, Complexity of the problem",,5,No
2026-09-29 15:43:14,P244,Care Support,Personal Assistance,Daily Household Assistance,Yes,5,1,170,140,200,TASK_COMPLETION_BASED,"Size or amount of work, Condition of the item/property/site, Complexity of the problem",,5,No
2026-09-29 15:44:46,P244,Care Support,Personal Assistance,Errand Assistance,Yes,8,1,105,75,140,TASK_COMPLETION_BASED,"Size or amount of work, Condition of the item/property/site, Complexity of the problem",,5,No
2026-09-29 15:49:11,P245,Care Support,Child Care,Babysitting,Yes,11,1,270,245,315,FIXED_DURATION,"Size or amount of work, Condition of the item/property/site, Complexity of the problem",,5,No
2026-09-29 15:54:42,P245,Care Support,Child Care,Baby Care Session,Yes,7,1,175,160,200,FIXED_DURATION,"Size or amount of work, Condition of the item/property/site, Complexity of the problem",,5,No
2026-09-29 16:20:49,P245,Care Support,Child Care,Child Supervision,Yes,4,1,210,185,235,FIXED_DURATION,"Size or amount of work, Condition of the item/property/site, Complexity of the problem",,5,No
2026-09-29 16:26:43,P245,Care Support,Child Care,After-School Child Care,Yes,22,1,190,165,215,FIXED_DURATION,"Size or amount of work, Condition of the item/property/site, Complexity of the problem",,5,No
2026-09-29 16:27:24,P246,Repairing,Painting & Renovation,Paint Exterior Wall,Yes,4,3,215,160,275,TASK_COMPLETION_BASED,"Size or amount of work, Condition of the item/property/site, Complexity of the problem",,5,No
2026-09-29 16:37:10,P246,Repairing,Painting & Renovation,Repair Floor Tile,Yes,6,3,85,70,120,TASK_COMPLETION_BASED,"Size or amount of work, Condition of the item/property/site, Complexity of the problem",,5,No
2026-09-29 16:56:14,P246,Repairing,Painting & Renovation,Minor Renovation Work,Yes,3,3,265,185,380,TASK_COMPLETION_BASED,"Size or amount of work, Condition of the item/property/site, Complexity of the problem",,5,No
2026-09-29 16:56:22,P246,Repairing,Roofing Repair,Inspect Roof Damage,Yes,5,3,50,35,55,TASK_COMPLETION_BASED,"Size or amount of work, Condition of the item/property/site, Complexity of the problem",,5,No
2026-09-29 17:00:41,P246,Repairing,Roofing Repair,Repair Roof Leak,Yes,3,3,100,75,135,TASK_COMPLETION_BASED,"Size or amount of work, Condition of the item/property/site, Complexity of the problem",,5,No
2026-09-29 17:08:54,P246,Repairing,Roofing Repair,Replace Roof Sheet,Yes,4,3,125,90,165,TASK_COMPLETION_BASED,"Size or amount of work, Condition of the item/property/site, Complexity of the problem",,5,No
2026-09-29 17:11:50,P246,Repairing,Roofing Repair,Replace Roof Tile,Yes,2,3,125,95,165,TASK_COMPLETION_BASED,"Size or amount of work, Condition of the item/property/site, Complexity of the problem",,5,No
2026-09-29 17:46:32,P247,Gardening,Garden Maintenance,Water Plants,Yes,11,1,40,35,45,TASK_COMPLETION_BASED,"Size or amount of work, Condition of the item/property/site, Complexity of the problem",,5,No
2026-09-29 18:10:09,P247,Gardening,Garden Maintenance,Trim Shrubs,Yes,12,1,80,70,100,TASK_COMPLETION_BASED,"Size or amount of work, Condition of the item/property/site, Complexity of the problem",,5,No
2026-09-29 18:21:31,P247,Gardening,Garden Maintenance,Cut Grass,Yes,5,1,110,95,130,TASK_COMPLETION_BASED,"Size or amount of work, Condition of the item/property/site, Complexity of the problem",,5,No
2026-09-29 18:35:15,P247,Gardening,Garden Maintenance,Mow Lawn,Yes,6,1,85,75,105,TASK_COMPLETION_BASED,"Size or amount of work, Condition of the item/property/site, Complexity of the problem",,5,No
2026-09-29 18:41:02,P247,Gardening,Garden Maintenance,Remove Weeds,Yes,6,1,90,70,105,TASK_COMPLETION_BASED,"Size or amount of work, Condition of the item/property/site, Complexity of the problem",,5,No
2026-09-29 18:49:35,P247,Gardening,Garden Maintenance,Trim Tree Branches,Yes,4,1,135,100,165,TASK_COMPLETION_BASED,"Size or amount of work, Condition of the item/property/site, Complexity of the problem",,5,No
2026-09-29 18:51:45,P247,Gardening,Garden Maintenance,Prune Plants,Yes,8,1,75,55,90,TASK_COMPLETION_BASED,"Size or amount of work, Condition of the item/property/site, Complexity of the problem",,5,No
2026-09-29 19:04:50,P248,Care Support,Personal Assistance,Personal Assistance,Yes,6,1,330,290,370,SHIFT_BASED,"Size or amount of work, Condition of the item/property/site, Complexity of the problem",,5,No
2026-09-29 19:39:05,P248,Care Support,Personal Assistance,Errand Assistance,Yes,4,1,95,70,130,TASK_COMPLETION_BASED,"Size or amount of work, Condition of the item/property/site, Complexity of the problem",,5,No
2026-09-29 19:41:32,P248,Care Support,Pet Care,Dog Walking,Yes,12,1,45,40,55,FIXED_DURATION,"Size or amount of work, Condition of the item/property/site, Complexity of the problem",,5,No
2026-09-29 19:42:17,P248,Care Support,Pet Care,Pet Cleaning,Yes,7,1,55,50,65,TASK_COMPLETION_BASED,"Size or amount of work, Condition of the item/property/site, Complexity of the problem",,5,No
2026-09-29 20:28:18,P248,Care Support,Pet Care,Pet Sitting,Yes,4,1,370,315,430,FIXED_DURATION,"Size or amount of work, Condition of the item/property/site, Complexity of the problem",,5,No
2026-09-29 20:43:34,P249,Cleaning,Office Cleaning,Clean Small Office,Yes,11,3,110,100,130,TASK_COMPLETION_BASED,"Size or amount of work, Condition of the item/property/site, Complexity of the problem",,5,No
2026-09-29 20:46:42,P249,Cleaning,Office Cleaning,Clean Retail Shop,Yes,7,3,145,120,170,TASK_COMPLETION_BASED,"Size or amount of work, Condition of the item/property/site, Complexity of the problem",,5,No
2026-09-29 20:46:45,P249,Cleaning,Office Cleaning,Clean Office Floors,Yes,9,3,80,70,95,TASK_COMPLETION_BASED,"Size or amount of work, Condition of the item/property/site, Complexity of the problem",,5,No
2026-09-29 21:05:53,P250,Cleaning,Sofa/Carpet/Curtain Cleaning,Clean Sofa,Yes,5,1,95,80,105,TASK_COMPLETION_BASED,"Size or amount of work, Condition of the item/property/site, Complexity of the problem",,5,No
2026-09-29 21:10:06,P250,Cleaning,Sofa/Carpet/Curtain Cleaning,Deep Clean Sofa,Yes,4,1,125,100,160,TASK_COMPLETION_BASED,"Size or amount of work, Condition of the item/property/site, Complexity of the problem",,5,No
2026-09-29 21:33:01,P250,Cleaning,Sofa/Carpet/Curtain Cleaning,Clean Curtains,Yes,9,1,80,70,90,TASK_COMPLETION_BASED,"Size or amount of work, Condition of the item/property/site, Complexity of the problem",,5,No
2026-09-29 21:39:30,P250,Cleaning,Sofa/Carpet/Curtain Cleaning,Steam Clean Curtains,Yes,3,1,120,100,140,TASK_COMPLETION_BASED,"Size or amount of work, Condition of the item/property/site, Complexity of the problem",,5,No
2026-09-30 08:05:58,P250,Cleaning,Sofa/Carpet/Curtain Cleaning,Clean Mattress,Yes,6,1,60,50,70,TASK_COMPLETION_BASED,"Size or amount of work, Condition of the item/property/site, Complexity of the problem",,5,No
2026-09-30 08:32:38,P251,Gardening,Garden Maintenance,Water Plants,Yes,10,1,40,35,45,TASK_COMPLETION_BASED,"Size or amount of work, Condition of the item/property/site, Complexity of the problem",,5,No
2026-09-30 08:43:17,P251,Gardening,Garden Maintenance,Trim Shrubs,Yes,9,1,90,75,110,TASK_COMPLETION_BASED,"Size or amount of work, Condition of the item/property/site, Complexity of the problem",,5,No
2026-09-30 09:20:57,P251,Gardening,Garden Maintenance,Remove Weeds,Yes,6,1,85,65,100,TASK_COMPLETION_BASED,"Size or amount of work, Condition of the item/property/site, Complexity of the problem",,5,No
2026-09-30 09:25:03,P251,Gardening,Garden Maintenance,Trim Tree Branches,Yes,3,1,115,80,140,TASK_COMPLETION_BASED,"Size or amount of work, Condition of the item/property/site, Complexity of the problem",,5,No
2026-09-30 09:35:44,P251,Gardening,Garden Maintenance,General Garden Maintenance,Yes,7,1,150,125,185,TASK_COMPLETION_BASED,"Size or amount of work, Condition of the item/property/site, Complexity of the problem",,5,No
2026-09-30 09:46:56,P251,Gardening,Planting Services,Plant Flowers,Yes,4,1,70,60,80,TASK_COMPLETION_BASED,"Size or amount of work, Condition of the item/property/site, Complexity of the problem",,5,No
2026-09-30 09:53:16,P251,Gardening,Planting Services,Plant Vegetables,Yes,5,1,90,70,115,TASK_COMPLETION_BASED,"Size or amount of work, Condition of the item/property/site, Complexity of the problem",,5,No
2026-09-30 09:56:08,P251,Gardening,Planting Services,Plant Garden Plants,Yes,5,1,65,50,80,TASK_COMPLETION_BASED,"Size or amount of work, Condition of the item/property/site, Complexity of the problem",,5,No
2026-09-30 10:16:19,P252,Repairing,Plumbing Repair,Repair Sink Plumbing,Yes,8,3,60,50,75,TASK_COMPLETION_BASED,"Size or amount of work, Condition of the item/property/site, Complexity of the problem",,5,No
2026-09-30 10:25:11,P252,Repairing,Plumbing Repair,Install Sink Plumbing,Yes,3,3,75,65,90,TASK_COMPLETION_BASED,"Size or amount of work, Condition of the item/property/site, Complexity of the problem",,5,No
2026-09-30 10:26:51,P252,Repairing,Plumbing Repair,Replace Toilet Pipe,Yes,3,3,80,65,100,TASK_COMPLETION_BASED,"Size or amount of work, Condition of the item/property/site, Complexity of the problem",,5,No
2026-09-30 10:39:29,P252,Repairing,Plumbing Repair,Repair Bathroom Pipe,Yes,3,3,70,60,95,TASK_COMPLETION_BASED,"Size or amount of work, Condition of the item/property/site, Complexity of the problem",,5,No
2026-09-30 10:56:16,P253,Repairing,Roofing Repair,Inspect Roof Damage,Yes,4,2,55,40,65,TASK_COMPLETION_BASED,"Size or amount of work, Condition of the item/property/site, Complexity of the problem",,5,No
2026-09-30 11:05:01,P253,Repairing,Roofing Repair,Repair Roof Leak,Yes,2,2,125,90,165,TASK_COMPLETION_BASED,"Size or amount of work, Condition of the item/property/site, Complexity of the problem",,5,No
2026-09-30 11:10:39,P253,Repairing,Roofing Repair,Replace Roof Sheet,Yes,2,2,125,95,170,TASK_COMPLETION_BASED,"Size or amount of work, Condition of the item/property/site, Complexity of the problem",,5,No
2026-09-30 11:29:36,P253,Repairing,Roofing Repair,Replace Roof Tile,Yes,4,2,140,105,195,TASK_COMPLETION_BASED,"Size or amount of work, Condition of the item/property/site, Complexity of the problem",,5,No
2026-09-30 11:37:54,P253,Repairing,Roofing Repair,Seal Roof Leakage,Yes,2,2,90,70,120,TASK_COMPLETION_BASED,"Size or amount of work, Condition of the item/property/site, Complexity of the problem",,5,No
2026-09-30 11:42:59,P253,Repairing,Roofing Repair,Repair Roof Structure,Yes,2,2,280,185,370,TASK_COMPLETION_BASED,"Size or amount of work, Condition of the item/property/site, Complexity of the problem",,5,No
2026-09-30 11:52:27,P253,Repairing,Roofing Repair,Minor Roof Maintenance,Yes,3,2,75,60,95,TASK_COMPLETION_BASED,"Size or amount of work, Condition of the item/property/site, Complexity of the problem",,5,No
2026-09-30 12:05:43,P254,Cleaning,Office Cleaning,Clean Small Office,Yes,7,3,110,95,130,TASK_COMPLETION_BASED,"Size or amount of work, Condition of the item/property/site, Complexity of the problem",,5,No
2026-09-30 12:07:32,P254,Cleaning,Office Cleaning,Clean Retail Shop,Yes,6,3,120,100,140,TASK_COMPLETION_BASED,"Size or amount of work, Condition of the item/property/site, Complexity of the problem",,5,No
2026-09-30 12:11:54,P254,Cleaning,Office Cleaning,Clean Office Floors,Yes,11,3,75,65,90,TASK_COMPLETION_BASED,"Size or amount of work, Condition of the item/property/site, Complexity of the problem",,5,No
2026-09-30 12:13:53,P254,Cleaning,Post-Construction Cleaning,Post-Construction House Cleaning,Yes,2,3,365,255,490,TASK_COMPLETION_BASED,"Size or amount of work, Condition of the item/property/site, Complexity of the problem",,5,No
2026-09-30 12:23:32,P254,Cleaning,Post-Construction Cleaning,Remove Construction Dust,Yes,3,3,165,125,215,TASK_COMPLETION_BASED,"Size or amount of work, Condition of the item/property/site, Complexity of the problem",,5,No
2026-09-30 12:52:48,P254,Cleaning,Post-Construction Cleaning,Clean Newly Built Property,Yes,2,3,320,265,435,TASK_COMPLETION_BASED,"Size or amount of work, Condition of the item/property/site, Complexity of the problem",,5,No
2026-09-30 13:20:25,P255,Cleaning,Office Cleaning,Clean Small Office,Yes,6,2,115,95,135,TASK_COMPLETION_BASED,"Size or amount of work, Condition of the item/property/site, Complexity of the problem",,5,No
2026-09-30 13:23:09,P255,Cleaning,Office Cleaning,Clean Retail Shop,Yes,10,2,150,130,175,TASK_COMPLETION_BASED,"Size or amount of work, Condition of the item/property/site, Complexity of the problem",,5,No
2026-09-30 13:29:59,P255,Cleaning,Office Cleaning,Clean Office Floors,Yes,4,2,85,75,105,TASK_COMPLETION_BASED,"Size or amount of work, Condition of the item/property/site, Complexity of the problem",,5,No
2026-09-30 13:36:48,P255,Cleaning,Post-Construction Cleaning,Post-Construction House Cleaning,Yes,2,2,385,295,515,TASK_COMPLETION_BASED,"Size or amount of work, Condition of the item/property/site, Complexity of the problem",,5,No
2026-09-30 13:46:48,P255,Cleaning,Post-Construction Cleaning,Remove Construction Dust,Yes,1,2,195,155,250,TASK_COMPLETION_BASED,"Size or amount of work, Condition of the item/property/site, Complexity of the problem",,5,No
2026-09-30 13:55:12,P256,Cleaning,House Cleaning,Mop and Clean Floors,Yes,11,2,65,55,75,TASK_COMPLETION_BASED,"Size or amount of work, Condition of the item/property/site, Complexity of the problem",,5,No
2026-09-30 14:05:04,P256,Cleaning,House Cleaning,Dust and Surface Cleaning,Yes,11,2,50,45,60,TASK_COMPLETION_BASED,"Size or amount of work, Condition of the item/property/site, Complexity of the problem",,5,No
2026-09-30 14:07:32,P256,Cleaning,Kitchen Cleaning,Clean Kitchen Cabinets,Yes,4,2,80,65,100,TASK_COMPLETION_BASED,"Size or amount of work, Condition of the item/property/site, Complexity of the problem",,5,No
2026-09-30 14:07:34,P256,Cleaning,Kitchen Cleaning,Clean Kitchen Floor,Yes,8,2,30,25,35,TASK_COMPLETION_BASED,"Size or amount of work, Condition of the item/property/site, Complexity of the problem",,5,No
2026-09-30 14:28:19,P257,Repairing,Electrical Repair,Install Light Fitting,Yes,4,1,40,35,45,TASK_COMPLETION_BASED,"Size or amount of work, Condition of the item/property/site, Complexity of the problem",,5,No
2026-09-30 15:03:18,P257,Repairing,Electrical Repair,Install Power Socket,Yes,7,1,40,35,45,TASK_COMPLETION_BASED,"Size or amount of work, Condition of the item/property/site, Complexity of the problem",,5,No
2026-09-30 15:24:32,P257,Repairing,Electrical Repair,Repair Electrical Wiring,Yes,2,1,110,80,140,TASK_COMPLETION_BASED,"Size or amount of work, Condition of the item/property/site, Complexity of the problem",,5,No
2026-09-30 15:28:04,P258,Cleaning,House Cleaning,General House Cleaning,Yes,6,3,125,105,150,TASK_COMPLETION_BASED,"Size or amount of work, Condition of the item/property/site, Complexity of the problem",,5,No
2026-09-30 15:41:31,P258,Cleaning,House Cleaning,Mop and Clean Floors,Yes,19,3,55,45,65,TASK_COMPLETION_BASED,"Size or amount of work, Condition of the item/property/site, Complexity of the problem",,5,No
2026-09-30 16:28:39,P258,Cleaning,House Cleaning,Dust and Surface Cleaning,Yes,19,3,50,45,60,TASK_COMPLETION_BASED,"Size or amount of work, Condition of the item/property/site, Complexity of the problem",,5,No
2026-09-30 16:41:52,P258,Cleaning,Post-Construction Cleaning,Remove Construction Dust,Yes,4,3,160,125,205,TASK_COMPLETION_BASED,"Size or amount of work, Condition of the item/property/site, Complexity of the problem",,5,No
2026-09-30 16:44:46,P259,Care Support,Pet Care,Feed Pet,Yes,15,2,25,20,30,TASK_COMPLETION_BASED,"Size or amount of work, Condition of the item/property/site, Complexity of the problem",,5,No
2026-09-30 16:45:52,P259,Care Support,Pet Care,Dog Walking,Yes,17,2,50,45,60,FIXED_DURATION,"Size or amount of work, Condition of the item/property/site, Complexity of the problem",,5,No
2026-09-30 16:51:10,P259,Care Support,Pet Care,Pet Grooming,Yes,9,2,85,75,100,TASK_COMPLETION_BASED,"Size or amount of work, Condition of the item/property/site, Complexity of the problem",,5,No
2026-09-30 16:53:46,P259,Care Support,Pet Care,Bathe Pet,Yes,4,2,45,40,60,TASK_COMPLETION_BASED,"Size or amount of work, Condition of the item/property/site, Complexity of the problem",,5,No
2026-09-30 17:03:18,P259,Care Support,Pet Care,Pet Cleaning,Yes,5,2,50,45,60,TASK_COMPLETION_BASED,"Size or amount of work, Condition of the item/property/site, Complexity of the problem",,5,No
2026-09-30 17:12:12,P259,Care Support,Pet Care,Pet Sitting,Yes,4,2,375,330,450,SHIFT_BASED,"Size or amount of work, Condition of the item/property/site, Complexity of the problem",,5,No
2026-09-30 17:18:07,P260,Cleaning,Sofa/Carpet/Curtain Cleaning,Deep Clean Sofa,Yes,4,1,105,85,125,TASK_COMPLETION_BASED,"Size or amount of work, Condition of the item/property/site, Complexity of the problem",,5,No
2026-09-30 18:09:58,P260,Cleaning,Sofa/Carpet/Curtain Cleaning,Clean Carpet,Yes,4,1,75,65,90,TASK_COMPLETION_BASED,"Size or amount of work, Condition of the item/property/site, Complexity of the problem",,5,No
2026-09-30 18:22:07,P260,Cleaning,Sofa/Carpet/Curtain Cleaning,Steam Clean Curtains,Yes,8,1,105,85,125,TASK_COMPLETION_BASED,"Size or amount of work, Condition of the item/property/site, Complexity of the problem",,5,No
2026-09-30 18:52:01,P261,Repairing,Electrical Repair,Install Ceiling Fan,Yes,8,4,70,65,80,TASK_COMPLETION_BASED,"Size or amount of work, Condition of the item/property/site, Complexity of the problem",,5,No
2026-09-30 18:53:08,P261,Repairing,Electrical Repair,Install Light Fitting,Yes,10,4,35,30,40,TASK_COMPLETION_BASED,"Size or amount of work, Condition of the item/property/site, Complexity of the problem",,5,No
2026-09-30 20:38:16,P261,Repairing,Electrical Repair,Repair Light Circuit,Yes,4,4,45,40,60,TASK_COMPLETION_BASED,"Size or amount of work, Condition of the item/property/site, Complexity of the problem",,5,No
2026-09-30 20:48:07,P261,Repairing,Electrical Repair,Repair Switch,Yes,6,4,25,20,30,TASK_COMPLETION_BASED,"Size or amount of work, Condition of the item/property/site, Complexity of the problem",,5,No
2026-09-30 20:57:08,P261,Repairing,Electrical Repair,Install Power Socket,Yes,8,4,35,30,40,TASK_COMPLETION_BASED,"Size or amount of work, Condition of the item/property/site, Complexity of the problem",,5,No
2026-09-30 21:02:56,P261,Repairing,Electrical Repair,Repair Electrical Wiring,Yes,2,4,110,85,145,TASK_COMPLETION_BASED,"Size or amount of work, Condition of the item/property/site, Complexity of the problem",,5,No
2026-09-30 21:43:36,P262,Repairing,Painting & Renovation,Paint Interior Wall,Yes,2,4,115,95,140,TASK_COMPLETION_BASED,"Size or amount of work, Condition of the item/property/site, Complexity of the problem",,5,No
2026-10-01 08:24:41,P262,Repairing,Roofing Repair,Inspect Roof Damage,Yes,6,4,50,35,60,TASK_COMPLETION_BASED,"Size or amount of work, Condition of the item/property/site, Complexity of the problem",,5,No
2026-10-01 08:32:12,P262,Repairing,Roofing Repair,Repair Roof Leak,Yes,2,4,120,90,160,TASK_COMPLETION_BASED,"Size or amount of work, Condition of the item/property/site, Complexity of the problem",,5,No
2026-10-01 09:23:59,P262,Repairing,Roofing Repair,Replace Roof Sheet,Yes,2,4,140,105,185,TASK_COMPLETION_BASED,"Size or amount of work, Condition of the item/property/site, Complexity of the problem",,5,No
2026-10-01 09:56:20,P262,Repairing,Roofing Repair,Repair Roof Structure,Yes,1,4,275,195,370,TASK_COMPLETION_BASED,"Size or amount of work, Condition of the item/property/site, Complexity of the problem",,5,No
2026-10-01 09:56:56,P263,Gardening,Planting Services,Plant Flowers,Yes,6,2,60,50,70,TASK_COMPLETION_BASED,"Size or amount of work, Condition of the item/property/site, Complexity of the problem",,5,No
2026-10-01 10:14:28,P263,Gardening,Planting Services,Plant Vegetables,Yes,6,2,95,75,120,TASK_COMPLETION_BASED,"Size or amount of work, Condition of the item/property/site, Complexity of the problem",,5,No
2026-10-01 10:26:10,P263,Gardening,Planting Services,Plant Small Tree,Yes,4,2,50,40,60,TASK_COMPLETION_BASED,"Size or amount of work, Condition of the item/property/site, Complexity of the problem",,5,No
2026-10-01 10:42:32,P263,Gardening,Planting Services,Plant Large Tree,Yes,2,2,115,85,160,TASK_COMPLETION_BASED,"Size or amount of work, Condition of the item/property/site, Complexity of the problem",,5,No
2026-10-01 10:52:12,P263,Gardening,Planting Services,Plant Garden Plants,Yes,3,2,70,60,85,TASK_COMPLETION_BASED,"Size or amount of work, Condition of the item/property/site, Complexity of the problem",,5,No
2026-10-01 11:19:11,P263,Gardening,Planting Services,Prepare Planting Area,Yes,5,2,80,65,100,TASK_COMPLETION_BASED,"Size or amount of work, Condition of the item/property/site, Complexity of the problem",,5,No
2026-10-01 11:36:17,P264,Repairing,Furniture Repair,Repair Wooden Chair,Yes,7,2,45,40,55,TASK_COMPLETION_BASED,"Size or amount of work, Condition of the item/property/site, Complexity of the problem",,5,No
2026-10-01 12:14:31,P264,Repairing,Furniture Repair,Repair Cupboard,Yes,3,2,105,80,135,TASK_COMPLETION_BASED,"Size or amount of work, Condition of the item/property/site, Complexity of the problem",,5,No
2026-10-01 12:18:54,P264,Repairing,Furniture Repair,Repair Cabinet,Yes,3,2,90,70,115,TASK_COMPLETION_BASED,"Size or amount of work, Condition of the item/property/site, Complexity of the problem",,5,No
2026-10-01 12:34:06,P264,Repairing,Furniture Repair,Repair Wooden Door,Yes,7,2,95,70,115,TASK_COMPLETION_BASED,"Size or amount of work, Condition of the item/property/site, Complexity of the problem",,5,No
2026-10-01 12:37:53,P264,Repairing,Furniture Repair,Replace Door Hinges,Yes,6,2,30,25,35,TASK_COMPLETION_BASED,"Size or amount of work, Condition of the item/property/site, Complexity of the problem",,5,No
2026-10-01 13:01:00,P264,Repairing,Furniture Repair,Replace Furniture Hardware,Yes,5,2,25,20,30,TASK_COMPLETION_BASED,"Size or amount of work, Condition of the item/property/site, Complexity of the problem",,5,No
2026-10-01 13:20:38,P264,Repairing,Furniture Repair,Assemble Furniture,Yes,5,2,80,65,105,TASK_COMPLETION_BASED,"Size or amount of work, Condition of the item/property/site, Complexity of the problem",,5,No
2026-10-01 13:40:52,P265,Repairing,Painting & Renovation,Paint Interior Wall,Yes,3,4,130,105,155,TASK_COMPLETION_BASED,"Size or amount of work, Condition of the item/property/site, Complexity of the problem",,5,No
2026-10-01 14:09:33,P265,Repairing,Painting & Renovation,Paint Exterior Wall,Yes,2,4,245,190,315,TASK_COMPLETION_BASED,"Size or amount of work, Condition of the item/property/site, Complexity of the problem",,5,No
2026-10-01 14:20:52,P265,Repairing,Painting & Renovation,Paint Room,Yes,2,4,165,135,205,TASK_COMPLETION_BASED,"Size or amount of work, Condition of the item/property/site, Complexity of the problem",,5,No
2026-10-01 15:03:14,P265,Repairing,Painting & Renovation,Prepare Wall Surface,Yes,2,4,90,70,110,TASK_COMPLETION_BASED,"Size or amount of work, Condition of the item/property/site, Complexity of the problem",,5,No
2026-10-01 15:10:17,P265,Repairing,Painting & Renovation,Replace Damaged Tile,Yes,4,4,75,60,95,TASK_COMPLETION_BASED,"Size or amount of work, Condition of the item/property/site, Complexity of the problem",,5,No
2026-10-01 16:16:23,P266,Cleaning,Office Cleaning,Clean Small Office,Yes,8,4,115,100,130,TASK_COMPLETION_BASED,"Size or amount of work, Condition of the item/property/site, Complexity of the problem",,5,No
2026-10-01 16:21:49,P266,Cleaning,Office Cleaning,Clean Office Floors,Yes,5,4,80,70,95,TASK_COMPLETION_BASED,"Size or amount of work, Condition of the item/property/site, Complexity of the problem",,5,No
2026-10-01 17:00:02,P266,Cleaning,Post-Construction Cleaning,Clean Post-Renovation Area,Yes,1,4,175,135,235,TASK_COMPLETION_BASED,"Size or amount of work, Condition of the item/property/site, Complexity of the problem",,5,No
2026-10-01 17:18:59,P266,Cleaning,Post-Construction Cleaning,Clean Newly Built Property,Yes,2,4,350,290,485,TASK_COMPLETION_BASED,"Size or amount of work, Condition of the item/property/site, Complexity of the problem",,5,No
2026-10-01 18:15:32,P267,Cleaning,House Cleaning,General House Cleaning,Yes,12,5,125,100,155,TASK_COMPLETION_BASED,"Size or amount of work, Condition of the item/property/site, Complexity of the problem",,5,No
2026-10-01 20:02:41,P267,Cleaning,House Cleaning,Deep Clean House,Yes,8,5,215,175,275,TASK_COMPLETION_BASED,"Size or amount of work, Condition of the item/property/site, Complexity of the problem",,5,No
2026-10-01 20:16:39,P267,Cleaning,House Cleaning,Mop and Clean Floors,Yes,13,5,60,55,70,TASK_COMPLETION_BASED,"Size or amount of work, Condition of the item/property/site, Complexity of the problem",,5,No
2026-10-01 20:19:23,P267,Cleaning,House Cleaning,Dust and Surface Cleaning,Yes,8,5,50,45,60,TASK_COMPLETION_BASED,"Size or amount of work, Condition of the item/property/site, Complexity of the problem",,5,No
2026-10-01 20:30:46,P267,Cleaning,House Cleaning,Full Home Cleaning,Yes,10,5,185,150,225,TASK_COMPLETION_BASED,"Size or amount of work, Condition of the item/property/site, Complexity of the problem",,5,No
2026-10-01 20:49:42,P267,Cleaning,Office Cleaning,Clean Medium Office,Yes,3,5,170,135,220,TASK_COMPLETION_BASED,"Size or amount of work, Condition of the item/property/site, Complexity of the problem",,5,No
2026-10-01 20:55:46,P268,Repairing,Painting & Renovation,Paint Room,Yes,2,1,230,190,300,TASK_COMPLETION_BASED,"Size or amount of work, Condition of the item/property/site, Complexity of the problem",,5,No
2026-10-01 21:28:31,P268,Repairing,Painting & Renovation,Prepare Wall Surface,Yes,3,1,100,75,115,TASK_COMPLETION_BASED,"Size or amount of work, Condition of the item/property/site, Complexity of the problem",,5,No
2026-10-02 08:03:12,P268,Repairing,Painting & Renovation,Repair Wall Crack,Yes,3,1,80,50,110,TASK_COMPLETION_BASED,"Size or amount of work, Condition of the item/property/site, Complexity of the problem",,5,No
2026-10-02 08:49:11,P268,Repairing,Painting & Renovation,Replace Damaged Tile,Yes,1,1,85,70,105,TASK_COMPLETION_BASED,"Size or amount of work, Condition of the item/property/site, Complexity of the problem",,5,No
2026-10-02 09:00:06,P268,Repairing,Painting & Renovation,Repair Floor Tile,Yes,1,1,135,110,180,TASK_COMPLETION_BASED,"Size or amount of work, Condition of the item/property/site, Complexity of the problem",,5,No
2026-10-02 09:02:11,P269,Repairing,Painting & Renovation,Prepare Wall Surface,Yes,2,5,90,65,110,TASK_COMPLETION_BASED,"Size or amount of work, Condition of the item/property/site, Complexity of the problem",,5,No
2026-10-02 09:37:25,P269,Repairing,Painting & Renovation,Minor Renovation Work,Yes,4,5,225,155,305,TASK_COMPLETION_BASED,"Size or amount of work, Condition of the item/property/site, Complexity of the problem",,5,No
2026-10-02 09:47:30,P269,Repairing,Roofing Repair,Inspect Roof Damage,Yes,5,5,50,35,60,TASK_COMPLETION_BASED,"Size or amount of work, Condition of the item/property/site, Complexity of the problem",,5,No
2026-10-02 10:38:48,P269,Repairing,Roofing Repair,Minor Roof Maintenance,Yes,3,5,95,75,120,TASK_COMPLETION_BASED,"Size or amount of work, Condition of the item/property/site, Complexity of the problem",,5,No
2026-10-02 10:53:53,P270,Cleaning,Move In/Out Cleaning,Move-In Cleaning,Yes,4,4,205,175,250,TASK_COMPLETION_BASED,"Size or amount of work, Condition of the item/property/site, Complexity of the problem",,5,No
2026-10-02 10:58:13,P270,Cleaning,Move In/Out Cleaning,Move-Out Cleaning,Yes,3,4,170,140,210,TASK_COMPLETION_BASED,"Size or amount of work, Condition of the item/property/site, Complexity of the problem",,5,No
2026-10-02 11:00:25,P270,Cleaning,Post-Construction Cleaning,Post-Construction House Cleaning,Yes,2,4,335,255,450,TASK_COMPLETION_BASED,"Size or amount of work, Condition of the item/property/site, Complexity of the problem",,5,No
2026-10-02 11:17:47,P270,Cleaning,Post-Construction Cleaning,Remove Construction Dust,Yes,3,4,175,130,230,TASK_COMPLETION_BASED,"Size or amount of work, Condition of the item/property/site, Complexity of the problem",,5,No
2026-10-02 11:24:13,P270,Cleaning,Post-Construction Cleaning,Clean Post-Renovation Area,Yes,2,4,215,165,280,TASK_COMPLETION_BASED,"Size or amount of work, Condition of the item/property/site, Complexity of the problem",,5,No
2026-10-02 11:24:57,P271,Care Support,Child Care,Baby Care Session,Yes,5,1,175,155,200,FIXED_DURATION,"Size or amount of work, Condition of the item/property/site, Complexity of the problem",,5,No
2026-10-02 11:33:48,P271,Care Support,Child Care,Child Supervision,Yes,7,1,210,185,235,SHIFT_BASED,"Size or amount of work, Condition of the item/property/site, Complexity of the problem",,5,No
2026-10-02 11:34:26,P271,Care Support,Personal Assistance,Daily Household Assistance,Yes,11,1,165,130,200,TASK_COMPLETION_BASED,"Size or amount of work, Condition of the item/property/site, Complexity of the problem",,5,No
2026-10-02 13:29:04,P272,Cleaning,Bathroom Cleaning,General Bathroom Cleaning,Yes,11,1,60,55,70,TASK_COMPLETION_BASED,"Size or amount of work, Condition of the item/property/site, Complexity of the problem",,5,No
2026-10-02 13:48:49,P272,Cleaning,Bathroom Cleaning,Deep Clean Bathroom,Yes,3,1,85,75,110,TASK_COMPLETION_BASED,"Size or amount of work, Condition of the item/property/site, Complexity of the problem",,5,No
2026-10-02 14:09:21,P272,Cleaning,Bathroom Cleaning,Clean Toilet,Yes,5,1,30,25,35,TASK_COMPLETION_BASED,"Size or amount of work, Condition of the item/property/site, Complexity of the problem",,5,No
2026-10-02 14:09:50,P272,Cleaning,Bathroom Cleaning,Clean Washroom,Yes,12,1,40,35,45,TASK_COMPLETION_BASED,"Size or amount of work, Condition of the item/property/site, Complexity of the problem",,5,No
2026-10-02 14:12:37,P272,Cleaning,Move In/Out Cleaning,Move-In Cleaning,Yes,4,1,235,190,285,TASK_COMPLETION_BASED,"Size or amount of work, Condition of the item/property/site, Complexity of the problem",,5,No
2026-10-02 14:13:32,P272,Cleaning,Move In/Out Cleaning,Move-Out Cleaning,Yes,4,1,225,185,285,TASK_COMPLETION_BASED,"Size or amount of work, Condition of the item/property/site, Complexity of the problem",,5,No
2026-10-02 14:19:45,P272,Cleaning,Move In/Out Cleaning,Empty Property Deep Cleaning,Yes,3,1,320,255,410,TASK_COMPLETION_BASED,"Size or amount of work, Condition of the item/property/site, Complexity of the problem",,5,No
2026-10-02 14:42:22,P273,Repairing,Roofing Repair,Inspect Roof Damage,Yes,4,2,55,40,65,TASK_COMPLETION_BASED,"Size or amount of work, Condition of the item/property/site, Complexity of the problem",,5,No
2026-10-02 14:45:06,P273,Repairing,Roofing Repair,Repair Roof Leak,Yes,2,2,115,80,150,TASK_COMPLETION_BASED,"Size or amount of work, Condition of the item/property/site, Complexity of the problem",,5,No
2026-10-02 14:45:51,P273,Repairing,Roofing Repair,Replace Roof Sheet,Yes,1,2,170,130,230,TASK_COMPLETION_BASED,"Size or amount of work, Condition of the item/property/site, Complexity of the problem",,5,No
2026-10-02 15:43:28,P273,Repairing,Roofing Repair,Replace Roof Tile,Yes,2,2,160,120,215,TASK_COMPLETION_BASED,"Size or amount of work, Condition of the item/property/site, Complexity of the problem",,5,No
2026-10-02 15:51:13,P273,Repairing,Roofing Repair,Seal Roof Leakage,Yes,2,2,85,65,110,TASK_COMPLETION_BASED,"Size or amount of work, Condition of the item/property/site, Complexity of the problem",,5,No
2026-10-02 15:56:12,P273,Repairing,Roofing Repair,Repair Roof Structure,Yes,2,2,300,200,410,TASK_COMPLETION_BASED,"Size or amount of work, Condition of the item/property/site, Complexity of the problem",,5,No
2026-10-02 16:28:22,P274,Cleaning,Sofa/Carpet/Curtain Cleaning,Clean Sofa,Yes,5,3,80,65,90,TASK_COMPLETION_BASED,"Size or amount of work, Condition of the item/property/site, Complexity of the problem",,5,No
2026-10-02 17:06:33,P274,Cleaning,Sofa/Carpet/Curtain Cleaning,Deep Clean Sofa,Yes,3,3,115,95,150,TASK_COMPLETION_BASED,"Size or amount of work, Condition of the item/property/site, Complexity of the problem",,5,No
2026-10-02 17:09:32,P274,Cleaning,Sofa/Carpet/Curtain Cleaning,Clean Carpet,Yes,3,3,75,65,90,TASK_COMPLETION_BASED,"Size or amount of work, Condition of the item/property/site, Complexity of the problem",,5,No
2026-10-02 17:44:58,P274,Cleaning,Sofa/Carpet/Curtain Cleaning,Steam Clean Curtains,Yes,3,3,105,90,120,TASK_COMPLETION_BASED,"Size or amount of work, Condition of the item/property/site, Complexity of the problem",,5,No
2026-10-02 18:23:03,P274,Cleaning,Sofa/Carpet/Curtain Cleaning,Clean Mattress,Yes,3,3,45,35,55,TASK_COMPLETION_BASED,"Size or amount of work, Condition of the item/property/site, Complexity of the problem",,5,No
2026-10-02 18:39:56,P275,Cleaning,House Cleaning,Deep Clean House,Yes,4,4,215,175,280,TASK_COMPLETION_BASED,"Size or amount of work, Condition of the item/property/site, Complexity of the problem",,5,No
2026-10-02 18:53:14,P275,Cleaning,House Cleaning,Clean Single Room,Yes,20,4,45,40,55,TASK_COMPLETION_BASED,"Size or amount of work, Condition of the item/property/site, Complexity of the problem",,5,No
2026-10-02 19:04:34,P275,Cleaning,House Cleaning,Mop and Clean Floors,Yes,17,4,55,45,65,TASK_COMPLETION_BASED,"Size or amount of work, Condition of the item/property/site, Complexity of the problem",,5,No
2026-10-02 19:05:30,P275,Cleaning,Move In/Out Cleaning,Move-Out Cleaning,Yes,4,4,190,160,235,TASK_COMPLETION_BASED,"Size or amount of work, Condition of the item/property/site, Complexity of the problem",,5,No
2026-10-02 19:11:52,P275,Cleaning,Office Cleaning,Clean Office Floors,Yes,11,4,80,70,95,TASK_COMPLETION_BASED,"Size or amount of work, Condition of the item/property/site, Complexity of the problem",,5,No
2026-10-02 19:46:49,P276,Repairing,Painting & Renovation,Paint Interior Wall,Yes,2,2,130,105,155,TASK_COMPLETION_BASED,"Size or amount of work, Condition of the item/property/site, Complexity of the problem",,5,No
2026-10-02 19:46:57,P276,Repairing,Painting & Renovation,Paint Ceiling,Yes,4,2,110,90,130,TASK_COMPLETION_BASED,"Size or amount of work, Condition of the item/property/site, Complexity of the problem",,5,No
2026-10-02 20:02:49,P276,Repairing,Painting & Renovation,Paint Whole House,Yes,3,2,505,360,710,TASK_COMPLETION_BASED,"Size or amount of work, Condition of the item/property/site, Complexity of the problem",,5,No
2026-10-02 20:09:58,P276,Repairing,Painting & Renovation,Repair Floor Tile,Yes,3,2,105,85,140,TASK_COMPLETION_BASED,"Size or amount of work, Condition of the item/property/site, Complexity of the problem",,5,No
2026-10-02 21:02:36,P276,Repairing,Painting & Renovation,Minor Renovation Work,Yes,2,2,240,150,325,TASK_COMPLETION_BASED,"Size or amount of work, Condition of the item/property/site, Complexity of the problem",,5,No
2026-10-02 21:38:51,P276,Repairing,Roofing Repair,Minor Roof Maintenance,Yes,4,2,80,60,100,TASK_COMPLETION_BASED,"Size or amount of work, Condition of the item/property/site, Complexity of the problem",,5,No
2026-10-03 08:02:39,P277,Care Support,Personal Assistance,Home Helper Session,Yes,9,1,270,245,305,SHIFT_BASED,"Size or amount of work, Condition of the item/property/site, Complexity of the problem",,5,No
2026-10-03 08:19:56,P277,Care Support,Personal Assistance,Daily Task Support,Yes,6,1,120,105,140,FIXED_DURATION,"Size or amount of work, Condition of the item/property/site, Complexity of the problem",,5,No
2026-10-03 08:32:40,P277,Care Support,Pet Care,Feed Pet,Yes,23,1,25,20,30,TASK_COMPLETION_BASED,"Size or amount of work, Condition of the item/property/site, Complexity of the problem",,5,No
2026-10-03 08:34:04,P277,Care Support,Pet Care,Dog Walking,Yes,14,1,45,40,55,FIXED_DURATION,"Size or amount of work, Condition of the item/property/site, Complexity of the problem",,5,No
2026-10-03 08:37:04,P277,Care Support,Pet Care,Bathe Pet,Yes,5,1,45,35,60,TASK_COMPLETION_BASED,"Size or amount of work, Condition of the item/property/site, Complexity of the problem",,5,No
2026-10-03 09:40:33,P277,Care Support,Pet Care,Pet Cleaning,Yes,5,1,60,55,70,TASK_COMPLETION_BASED,"Size or amount of work, Condition of the item/property/site, Complexity of the problem",,5,No
2026-10-03 09:42:22,P277,Care Support,Pet Care,Pet Sitting,Yes,5,1,390,335,475,SHIFT_BASED,"Size or amount of work, Condition of the item/property/site, Complexity of the problem",,5,No
2026-10-03 09:56:29,P278,Cleaning,House Cleaning,General House Cleaning,Yes,8,2,150,120,180,TASK_COMPLETION_BASED,"Size or amount of work, Condition of the item/property/site, Complexity of the problem",,5,No
2026-10-03 09:56:46,P278,Cleaning,House Cleaning,Clean Single Room,Yes,8,2,55,50,65,TASK_COMPLETION_BASED,"Size or amount of work, Condition of the item/property/site, Complexity of the problem",,5,No
2026-10-03 11:18:28,P278,Cleaning,House Cleaning,Dust and Surface Cleaning,Yes,6,2,60,55,70,TASK_COMPLETION_BASED,"Size or amount of work, Condition of the item/property/site, Complexity of the problem",,5,No
2026-10-03 11:41:01,P278,Cleaning,Post-Construction Cleaning,Post-Construction House Cleaning,Yes,2,2,340,255,480,TASK_COMPLETION_BASED,"Size or amount of work, Condition of the item/property/site, Complexity of the problem",,5,No
2026-10-03 11:49:54,P279,Repairing,Furniture Repair,Repair Dining Table,Yes,5,1,75,65,90,TASK_COMPLETION_BASED,"Size or amount of work, Condition of the item/property/site, Complexity of the problem",,5,No
2026-10-03 11:55:22,P279,Repairing,Furniture Repair,Repair Sofa Frame,Yes,2,1,100,80,140,TASK_COMPLETION_BASED,"Size or amount of work, Condition of the item/property/site, Complexity of the problem",,5,No
2026-10-03 12:10:36,P279,Repairing,Furniture Repair,Repair Cabinet,Yes,3,1,70,55,90,TASK_COMPLETION_BASED,"Size or amount of work, Condition of the item/property/site, Complexity of the problem",,5,No
2026-10-03 12:44:47,P279,Repairing,Furniture Repair,Replace Door Hinges,Yes,10,1,30,25,35,TASK_COMPLETION_BASED,"Size or amount of work, Condition of the item/property/site, Complexity of the problem",,5,No
2026-10-03 12:45:54,P279,Repairing,Furniture Repair,Repair Window Frame,Yes,2,1,100,80,120,TASK_COMPLETION_BASED,"Size or amount of work, Condition of the item/property/site, Complexity of the problem",,5,No
2026-10-03 12:57:42,P279,Repairing,Furniture Repair,Replace Furniture Hardware,Yes,9,1,20,15,25,TASK_COMPLETION_BASED,"Size or amount of work, Condition of the item/property/site, Complexity of the problem",,5,No
2026-10-03 13:08:34,P279,Repairing,Furniture Repair,Assemble Furniture,Yes,11,1,80,65,100,TASK_COMPLETION_BASED,"Size or amount of work, Condition of the item/property/site, Complexity of the problem",,5,No
2026-10-03 13:25:40,P280,Care Support,Disability Support,Mobility Support,Yes,6,2,90,75,100,FIXED_DURATION,"Size or amount of work, Condition of the item/property/site, Complexity of the problem",,5,No
2026-10-03 13:27:23,P280,Care Support,Disability Support,Daily Living Assistance,Yes,8,2,360,320,405,SHIFT_BASED,"Size or amount of work, Condition of the item/property/site, Complexity of the problem",,5,No
2026-10-03 13:43:40,P280,Care Support,Disability Support,Special Needs Support Session,Yes,12,2,125,110,150,FIXED_DURATION,"Size or amount of work, Condition of the item/property/site, Complexity of the problem",,5,No
2026-10-03 13:52:42,P280,Care Support,Elderly Care,Elderly Home Care,Yes,7,2,275,250,305,FIXED_DURATION,"Size or amount of work, Condition of the item/property/site, Complexity of the problem",,5,No
2026-10-03 14:24:31,P280,Care Support,Elderly Care,Medication Assistance,Yes,7,2,25,20,30,TASK_COMPLETION_BASED,"Size or amount of work, Condition of the item/property/site, Complexity of the problem",,5,No
2026-10-03 14:27:28,P280,Care Support,Elderly Care,Mobility Assistance,Yes,8,2,95,85,110,FIXED_DURATION,"Size or amount of work, Condition of the item/property/site, Complexity of the problem",,5,No
2026-10-03 14:50:18,P280,Care Support,Personal Assistance,Home Helper Session,Yes,6,2,265,240,305,FIXED_DURATION,"Size or amount of work, Condition of the item/property/site, Complexity of the problem",,5,No
2026-10-03 14:52:45,P280,Care Support,Personal Assistance,Errand Assistance,Yes,14,2,95,75,130,TASK_COMPLETION_BASED,"Size or amount of work, Condition of the item/property/site, Complexity of the problem",,5,No
2026-10-03 15:21:25,P281,Repairing,Painting & Renovation,Paint Interior Wall,Yes,4,3,130,105,155,TASK_COMPLETION_BASED,"Size or amount of work, Condition of the item/property/site, Complexity of the problem",,5,No
2026-10-03 15:21:52,P281,Repairing,Painting & Renovation,Paint Exterior Wall,Yes,2,3,255,185,320,TASK_COMPLETION_BASED,"Size or amount of work, Condition of the item/property/site, Complexity of the problem",,5,No
2026-10-03 15:30:45,P281,Repairing,Painting & Renovation,Paint Room,Yes,4,3,155,130,195,TASK_COMPLETION_BASED,"Size or amount of work, Condition of the item/property/site, Complexity of the problem",,5,No
2026-10-03 15:44:00,P281,Repairing,Painting & Renovation,Paint Ceiling,Yes,2,3,110,90,135,TASK_COMPLETION_BASED,"Size or amount of work, Condition of the item/property/site, Complexity of the problem",,5,No
2026-10-03 15:51:18,P281,Repairing,Painting & Renovation,Prepare Wall Surface,Yes,3,3,90,65,105,TASK_COMPLETION_BASED,"Size or amount of work, Condition of the item/property/site, Complexity of the problem",,5,No
2026-10-03 16:02:13,P281,Repairing,Painting & Renovation,Repair Floor Tile,Yes,3,3,105,80,140,TASK_COMPLETION_BASED,"Size or amount of work, Condition of the item/property/site, Complexity of the problem",,5,No
2026-10-03 16:33:15,P281,Repairing,Painting & Renovation,Minor Renovation Work,Yes,2,3,250,170,350,TASK_COMPLETION_BASED,"Size or amount of work, Condition of the item/property/site, Complexity of the problem",,5,No
2026-10-03 16:36:21,P282,Repairing,Furniture Repair,Repair Dining Table,Yes,3,1,85,70,100,TASK_COMPLETION_BASED,"Size or amount of work, Condition of the item/property/site, Complexity of the problem",,5,No
2026-10-03 16:42:11,P282,Repairing,Furniture Repair,Repair Bed Frame,Yes,4,1,115,100,145,TASK_COMPLETION_BASED,"Size or amount of work, Condition of the item/property/site, Complexity of the problem",,5,No
2026-10-03 17:00:02,P282,Repairing,Furniture Repair,Repair Cabinet,Yes,5,1,90,75,120,TASK_COMPLETION_BASED,"Size or amount of work, Condition of the item/property/site, Complexity of the problem",,5,No
2026-10-03 17:13:30,P282,Repairing,Furniture Repair,Repair Wooden Door,Yes,3,1,95,65,115,TASK_COMPLETION_BASED,"Size or amount of work, Condition of the item/property/site, Complexity of the problem",,5,No
2026-10-03 17:22:35,P283,Care Support,Personal Assistance,Home Helper Session,Yes,11,3,285,255,325,SHIFT_BASED,"Size or amount of work, Condition of the item/property/site, Complexity of the problem",,5,No
2026-10-03 17:35:42,P283,Care Support,Personal Assistance,Personal Assistance,Yes,4,3,330,295,370,FIXED_DURATION,"Size or amount of work, Condition of the item/property/site, Complexity of the problem",,5,No
2026-10-03 17:50:26,P283,Care Support,Personal Assistance,Daily Household Assistance,Yes,7,3,145,115,175,TASK_COMPLETION_BASED,"Size or amount of work, Condition of the item/property/site, Complexity of the problem",,5,No
2026-10-03 18:01:21,P283,Care Support,Personal Assistance,Errand Assistance,Yes,12,3,85,65,115,TASK_COMPLETION_BASED,"Size or amount of work, Condition of the item/property/site, Complexity of the problem",,5,No
2026-10-03 18:10:36,P283,Care Support,Personal Assistance,Daily Task Support,Yes,15,3,115,100,135,FIXED_DURATION,"Size or amount of work, Condition of the item/property/site, Complexity of the problem",,5,No
2026-10-03 18:21:01,P284,Repairing,Furniture Repair,Repair Cupboard,Yes,4,2,80,65,110,TASK_COMPLETION_BASED,"Size or amount of work, Condition of the item/property/site, Complexity of the problem",,5,No
2026-10-03 18:28:25,P284,Repairing,Furniture Repair,Repair Cabinet,Yes,4,2,85,70,110,TASK_COMPLETION_BASED,"Size or amount of work, Condition of the item/property/site, Complexity of the problem",,5,No
2026-10-03 18:40:54,P284,Repairing,Furniture Repair,Repair Wooden Door,Yes,3,2,75,55,90,TASK_COMPLETION_BASED,"Size or amount of work, Condition of the item/property/site, Complexity of the problem",,5,No
2026-10-03 18:46:51,P284,Repairing,Furniture Repair,Replace Furniture Hardware,Yes,5,2,25,20,30,TASK_COMPLETION_BASED,"Size or amount of work, Condition of the item/property/site, Complexity of the problem",,5,No
2026-10-03 18:46:54,P285,Care Support,Pet Care,Feed Pet,Yes,15,1,25,20,30,TASK_COMPLETION_BASED,"Size or amount of work, Condition of the item/property/site, Complexity of the problem",,5,No
2026-10-03 18:57:00,P285,Care Support,Pet Care,Dog Walking,Yes,15,1,45,40,55,FIXED_DURATION,"Size or amount of work, Condition of the item/property/site, Complexity of the problem",,5,No
2026-10-03 19:24:05,P285,Care Support,Pet Care,Pet Cleaning,Yes,5,1,50,45,60,TASK_COMPLETION_BASED,"Size or amount of work, Condition of the item/property/site, Complexity of the problem",,5,No
2026-10-03 20:26:56,P285,Care Support,Pet Care,Pet Sitting,Yes,7,1,385,330,460,FIXED_DURATION,"Size or amount of work, Condition of the item/property/site, Complexity of the problem",,5,No
2026-10-03 20:48:19,P286,Cleaning,House Cleaning,General House Cleaning,Yes,16,3,135,110,160,TASK_COMPLETION_BASED,"Size or amount of work, Condition of the item/property/site, Complexity of the problem",,5,No
2026-10-03 20:48:29,P286,Cleaning,House Cleaning,Deep Clean House,Yes,5,3,215,170,270,TASK_COMPLETION_BASED,"Size or amount of work, Condition of the item/property/site, Complexity of the problem",,5,No
2026-10-03 20:55:20,P286,Cleaning,House Cleaning,Clean Single Room,Yes,14,3,55,50,65,TASK_COMPLETION_BASED,"Size or amount of work, Condition of the item/property/site, Complexity of the problem",,5,No
2026-10-03 21:40:01,P286,Cleaning,House Cleaning,Mop and Clean Floors,Yes,12,3,60,50,70,TASK_COMPLETION_BASED,"Size or amount of work, Condition of the item/property/site, Complexity of the problem",,5,No
2026-10-04 08:36:27,P286,Cleaning,House Cleaning,Full Home Cleaning,Yes,5,3,240,180,290,TASK_COMPLETION_BASED,"Size or amount of work, Condition of the item/property/site, Complexity of the problem",,5,No
2026-10-04 09:08:58,P286,Cleaning,Sofa/Carpet/Curtain Cleaning,Clean Carpet,Yes,4,3,75,65,90,TASK_COMPLETION_BASED,"Size or amount of work, Condition of the item/property/site, Complexity of the problem",,5,No
2026-10-04 09:18:47,P286,Cleaning,Sofa/Carpet/Curtain Cleaning,Deep Clean Carpet,Yes,8,3,115,95,140,TASK_COMPLETION_BASED,"Size or amount of work, Condition of the item/property/site, Complexity of the problem",,5,No
2026-10-04 09:45:44,P287,Cleaning,Office Cleaning,Clean Small Office,Yes,5,2,95,80,110,TASK_COMPLETION_BASED,"Size or amount of work, Condition of the item/property/site, Complexity of the problem",,5,No
2026-10-04 09:59:26,P287,Cleaning,Office Cleaning,Clean Medium Office,Yes,3,2,200,165,260,TASK_COMPLETION_BASED,"Size or amount of work, Condition of the item/property/site, Complexity of the problem",,5,No
2026-10-04 10:26:27,P287,Cleaning,Office Cleaning,Clean Retail Shop,Yes,8,2,125,105,145,TASK_COMPLETION_BASED,"Size or amount of work, Condition of the item/property/site, Complexity of the problem",,5,No
2026-10-04 10:32:51,P287,Cleaning,Office Cleaning,Deep Clean Office,Yes,3,2,310,255,400,TASK_COMPLETION_BASED,"Size or amount of work, Condition of the item/property/site, Complexity of the problem",,5,No
2026-10-04 10:32:51,P287,Cleaning,Office Cleaning,Clean Office Floors,Yes,7,2,75,65,90,TASK_COMPLETION_BASED,"Size or amount of work, Condition of the item/property/site, Complexity of the problem",,5,No
2026-10-04 10:44:45,P288,Gardening,Garden Cleaning,General Garden Cleaning,Yes,3,2,135,110,165,TASK_COMPLETION_BASED,"Size or amount of work, Condition of the item/property/site, Complexity of the problem",,5,No
2026-10-04 10:57:31,P288,Gardening,Garden Cleaning,Remove Garden Waste,Yes,2,2,105,85,135,TASK_COMPLETION_BASED,"Size or amount of work, Condition of the item/property/site, Complexity of the problem",,5,No
2026-10-04 11:21:49,P288,Gardening,Planting Services,Plant Flowers,Yes,3,2,65,55,75,TASK_COMPLETION_BASED,"Size or amount of work, Condition of the item/property/site, Complexity of the problem",,5,No
2026-10-04 11:25:56,P288,Gardening,Planting Services,Plant Large Tree,Yes,2,2,100,75,135,TASK_COMPLETION_BASED,"Size or amount of work, Condition of the item/property/site, Complexity of the problem",,5,No
2026-10-04 12:08:21,P288,Gardening,Planting Services,Plant Garden Plants,Yes,4,2,65,50,80,TASK_COMPLETION_BASED,"Size or amount of work, Condition of the item/property/site, Complexity of the problem",,5,No
2026-10-04 12:17:18,P289,Care Support,Disability Support,Personal Disability Assistance,Yes,5,2,190,165,215,FIXED_DURATION,"Size or amount of work, Condition of the item/property/site, Complexity of the problem",,5,No
2026-10-04 12:29:14,P289,Care Support,Elderly Care,Medication Assistance,Yes,11,2,20,15,25,TASK_COMPLETION_BASED,"Size or amount of work, Condition of the item/property/site, Complexity of the problem",,5,No
2026-10-04 12:42:57,P289,Care Support,Elderly Care,Mobility Assistance,Yes,10,2,95,85,110,FIXED_DURATION,"Size or amount of work, Condition of the item/property/site, Complexity of the problem",,5,No
2026-10-04 13:00:19,P290,Repairing,Furniture Repair,Repair Bed Frame,Yes,3,2,100,85,130,TASK_COMPLETION_BASED,"Size or amount of work, Condition of the item/property/site, Complexity of the problem",,5,No
2026-10-04 13:07:05,P290,Repairing,Furniture Repair,Replace Door Hinges,Yes,12,2,30,25,35,TASK_COMPLETION_BASED,"Size or amount of work, Condition of the item/property/site, Complexity of the problem",,5,No
2026-10-04 13:18:06,P290,Repairing,Furniture Repair,Assemble Furniture,Yes,6,2,85,65,110,TASK_COMPLETION_BASED,"Size or amount of work, Condition of the item/property/site, Complexity of the problem",,5,No
2026-10-04 13:27:04,P290,Repairing,Painting & Renovation,Paint Whole House,Yes,2,2,535,365,735,TASK_COMPLETION_BASED,"Size or amount of work, Condition of the item/property/site, Complexity of the problem",,5,No
2026-10-04 13:40:11,P290,Repairing,Painting & Renovation,Prepare Wall Surface,Yes,3,2,95,70,115,TASK_COMPLETION_BASED,"Size or amount of work, Condition of the item/property/site, Complexity of the problem",,5,No
2026-10-04 14:22:43,P290,Repairing,Painting & Renovation,Replace Damaged Tile,Yes,2,2,80,65,100,TASK_COMPLETION_BASED,"Size or amount of work, Condition of the item/property/site, Complexity of the problem",,5,No
2026-10-04 14:24:24,P291,Repairing,Furniture Repair,Repair Cupboard,Yes,6,1,75,60,100,TASK_COMPLETION_BASED,"Size or amount of work, Condition of the item/property/site, Complexity of the problem",,5,No
2026-10-04 14:43:37,P291,Repairing,Furniture Repair,Replace Door Hinges,Yes,6,1,30,25,35,TASK_COMPLETION_BASED,"Size or amount of work, Condition of the item/property/site, Complexity of the problem",,5,No
2026-10-04 14:56:12,P291,Repairing,Furniture Repair,Repair Window Frame,Yes,4,1,95,75,120,TASK_COMPLETION_BASED,"Size or amount of work, Condition of the item/property/site, Complexity of the problem",,5,No
2026-10-04 15:00:42,P291,Repairing,Furniture Repair,Replace Furniture Hardware,Yes,9,1,25,20,30,TASK_COMPLETION_BASED,"Size or amount of work, Condition of the item/property/site, Complexity of the problem",,5,No
2026-10-04 15:25:11,P292,Repairing,Electrical Repair,Replace Switch,Yes,9,2,25,20,30,TASK_COMPLETION_BASED,"Size or amount of work, Condition of the item/property/site, Complexity of the problem",,5,No
2026-10-04 15:38:11,P292,Repairing,Electrical Repair,Repair Switch,Yes,8,2,25,20,30,TASK_COMPLETION_BASED,"Size or amount of work, Condition of the item/property/site, Complexity of the problem",,5,No
2026-10-04 15:51:48,P292,Repairing,Electrical Repair,Install Power Socket,Yes,5,2,40,35,45,TASK_COMPLETION_BASED,"Size or amount of work, Condition of the item/property/site, Complexity of the problem",,5,No
2026-10-04 16:40:59,P292,Repairing,Electrical Repair,Repair Distribution Board,Yes,2,2,110,85,155,TASK_COMPLETION_BASED,"Size or amount of work, Condition of the item/property/site, Complexity of the problem",,5,No
2026-10-04 16:54:48,P292,Repairing,Electrical Repair,Service Air Conditioner,Yes,6,2,65,55,75,TASK_COMPLETION_BASED,"Size or amount of work, Condition of the item/property/site, Complexity of the problem",,5,No
2026-10-04 17:03:22,P293,Repairing,Painting & Renovation,Paint Interior Wall,Yes,1,2,145,120,175,TASK_COMPLETION_BASED,"Size or amount of work, Condition of the item/property/site, Complexity of the problem",,5,No
2026-10-04 17:08:40,P293,Repairing,Painting & Renovation,Paint Exterior Wall,Yes,1,2,235,180,295,TASK_COMPLETION_BASED,"Size or amount of work, Condition of the item/property/site, Complexity of the problem",,5,No
2026-10-04 17:14:32,P293,Repairing,Painting & Renovation,Paint Room,Yes,2,2,215,175,280,TASK_COMPLETION_BASED,"Size or amount of work, Condition of the item/property/site, Complexity of the problem",,5,No
2026-10-04 17:41:59,P293,Repairing,Painting & Renovation,Paint Whole House,Yes,2,2,550,390,740,TASK_COMPLETION_BASED,"Size or amount of work, Condition of the item/property/site, Complexity of the problem",,5,No
2026-10-04 17:53:05,P294,Cleaning,House Cleaning,General House Cleaning,Yes,8,2,135,110,165,TASK_COMPLETION_BASED,"Size or amount of work, Condition of the item/property/site, Complexity of the problem",,5,No
2026-10-04 18:16:22,P294,Cleaning,House Cleaning,Dust and Surface Cleaning,Yes,14,2,60,55,70,TASK_COMPLETION_BASED,"Size or amount of work, Condition of the item/property/site, Complexity of the problem",,5,No
2026-10-04 18:36:51,P294,Cleaning,Kitchen Cleaning,Deep Clean Kitchen,Yes,5,2,145,115,185,TASK_COMPLETION_BASED,"Size or amount of work, Condition of the item/property/site, Complexity of the problem",,5,No
2026-10-04 18:42:58,P294,Cleaning,Kitchen Cleaning,Clean Kitchen Floor,Yes,5,2,35,30,40,TASK_COMPLETION_BASED,"Size or amount of work, Condition of the item/property/site, Complexity of the problem",,5,No
2026-10-04 18:43:55,P295,Repairing,Plumbing Repair,Repair Leaking Pipe,Yes,6,5,55,45,65,TASK_COMPLETION_BASED,"Size or amount of work, Condition of the item/property/site, Complexity of the problem",,5,No
2026-10-04 19:02:38,P295,Repairing,Plumbing Repair,Repair Tap,Yes,4,5,30,25,35,TASK_COMPLETION_BASED,"Size or amount of work, Condition of the item/property/site, Complexity of the problem",,5,No
2026-10-04 19:09:02,P295,Repairing,Plumbing Repair,Clean Water Tank,Yes,4,5,125,100,150,TASK_COMPLETION_BASED,"Size or amount of work, Condition of the item/property/site, Complexity of the problem",,5,No
2026-10-04 19:30:30,P295,Repairing,Plumbing Repair,Repair Water Tank Connection,Yes,4,5,60,50,70,TASK_COMPLETION_BASED,"Size or amount of work, Condition of the item/property/site, Complexity of the problem",,5,No
2026-10-04 19:37:49,P296,Cleaning,Sofa/Carpet/Curtain Cleaning,Clean Sofa,Yes,4,2,80,65,90,TASK_COMPLETION_BASED,"Size or amount of work, Condition of the item/property/site, Complexity of the problem",,5,No
2026-10-04 20:23:25,P296,Cleaning,Sofa/Carpet/Curtain Cleaning,Clean Carpet,Yes,5,2,80,70,95,TASK_COMPLETION_BASED,"Size or amount of work, Condition of the item/property/site, Complexity of the problem",,5,No
2026-10-04 20:38:06,P296,Cleaning,Sofa/Carpet/Curtain Cleaning,Clean Curtains,Yes,5,2,70,65,80,TASK_COMPLETION_BASED,"Size or amount of work, Condition of the item/property/site, Complexity of the problem",,5,No
2026-10-04 20:38:25,P296,Cleaning,Sofa/Carpet/Curtain Cleaning,Clean Mattress,Yes,3,2,55,45,65,TASK_COMPLETION_BASED,"Size or amount of work, Condition of the item/property/site, Complexity of the problem",,5,No
2026-10-04 20:53:23,P297,Repairing,Electrical Repair,Install Switch,Yes,6,4,30,25,35,TASK_COMPLETION_BASED,"Size or amount of work, Condition of the item/property/site, Complexity of the problem",,5,No
2026-10-04 21:27:34,P297,Repairing,Electrical Repair,Replace Switch,Yes,15,4,25,20,30,TASK_COMPLETION_BASED,"Size or amount of work, Condition of the item/property/site, Complexity of the problem",,5,No
2026-10-04 21:30:51,P297,Repairing,Electrical Repair,Replace Power Socket,Yes,7,4,30,25,35,TASK_COMPLETION_BASED,"Size or amount of work, Condition of the item/property/site, Complexity of the problem",,5,No
2026-10-04 21:55:24,P297,Repairing,Electrical Repair,Repair Rice Cooker,Yes,2,4,45,35,60,TASK_COMPLETION_BASED,"Size or amount of work, Condition of the item/property/site, Complexity of the problem",,5,No
2026-10-05 08:12:58,P298,Repairing,Plumbing Repair,Repair Water Leak,Yes,6,1,60,45,80,TASK_COMPLETION_BASED,"Size or amount of work, Condition of the item/property/site, Complexity of the problem",,5,No
2026-10-05 08:23:01,P298,Repairing,Plumbing Repair,Clear Blocked Drain,Yes,7,1,75,50,100,TASK_COMPLETION_BASED,"Size or amount of work, Condition of the item/property/site, Complexity of the problem",,5,No
2026-10-05 08:33:08,P298,Repairing,Plumbing Repair,Repair Sink Plumbing,Yes,5,1,60,50,75,TASK_COMPLETION_BASED,"Size or amount of work, Condition of the item/property/site, Complexity of the problem",,5,No
2026-10-05 09:08:37,P298,Repairing,Plumbing Repair,Repair Bathroom Pipe,Yes,7,1,75,60,100,TASK_COMPLETION_BASED,"Size or amount of work, Condition of the item/property/site, Complexity of the problem",,5,No
2026-10-05 09:09:33,P299,Cleaning,House Cleaning,General House Cleaning,Yes,14,1,145,120,175,TASK_COMPLETION_BASED,"Size or amount of work, Condition of the item/property/site, Complexity of the problem",,5,No
2026-10-05 09:10:49,P299,Cleaning,House Cleaning,Clean Single Room,Yes,12,1,55,50,65,TASK_COMPLETION_BASED,"Size or amount of work, Condition of the item/property/site, Complexity of the problem",,5,No
2026-10-05 09:28:03,P299,Cleaning,House Cleaning,Mop and Clean Floors,Yes,17,1,60,50,70,TASK_COMPLETION_BASED,"Size or amount of work, Condition of the item/property/site, Complexity of the problem",,5,No
2026-10-05 09:37:12,P299,Cleaning,Sofa/Carpet/Curtain Cleaning,Deep Clean Mattress,Yes,3,1,100,80,115,TASK_COMPLETION_BASED,"Size or amount of work, Condition of the item/property/site, Complexity of the problem",,5,No
2026-10-05 09:44:56,P300,Repairing,Electrical Repair,Replace Switch,Yes,8,2,25,20,30,TASK_COMPLETION_BASED,"Size or amount of work, Condition of the item/property/site, Complexity of the problem",,5,No
2026-10-05 11:03:53,P300,Repairing,Electrical Repair,Replace Power Socket,Yes,5,2,30,25,35,TASK_COMPLETION_BASED,"Size or amount of work, Condition of the item/property/site, Complexity of the problem",,5,No
2026-10-05 11:13:00,P300,Repairing,Electrical Repair,Repair Refrigerator,Yes,2,2,125,100,170,TASK_COMPLETION_BASED,"Size or amount of work, Condition of the item/property/site, Complexity of the problem",,5,No
2026-10-05 11:27:29,P301,Cleaning,Bathroom Cleaning,Clean Washroom,Yes,9,1,40,35,45,TASK_COMPLETION_BASED,"Size or amount of work, Condition of the item/property/site, Complexity of the problem",,5,No
2026-10-05 11:48:23,P301,Cleaning,Bathroom Cleaning,Remove Bathroom Stains,Yes,4,1,55,40,75,TASK_COMPLETION_BASED,"Size or amount of work, Condition of the item/property/site, Complexity of the problem",,5,No
2026-10-05 12:28:07,P301,Cleaning,House Cleaning,General House Cleaning,Yes,10,1,115,95,140,TASK_COMPLETION_BASED,"Size or amount of work, Condition of the item/property/site, Complexity of the problem",,5,No
2026-10-05 12:38:44,P301,Cleaning,Kitchen Cleaning,Degrease Cooking Area,Yes,2,1,55,45,70,TASK_COMPLETION_BASED,"Size or amount of work, Condition of the item/property/site, Complexity of the problem",,5,No
2026-10-05 13:02:15,P302,Care Support,Child Care,Baby Care Session,Yes,6,1,170,155,190,FIXED_DURATION,"Size or amount of work, Condition of the item/property/site, Complexity of the problem",,5,No
2026-10-05 13:05:51,P302,Care Support,Child Care,Child Supervision,Yes,5,1,230,210,255,FIXED_DURATION,"Size or amount of work, Condition of the item/property/site, Complexity of the problem",,5,No
2026-10-05 13:20:18,P302,Care Support,Child Care,After-School Child Care,Yes,10,1,200,175,230,FIXED_DURATION,"Size or amount of work, Condition of the item/property/site, Complexity of the problem",,5,No
2026-10-05 13:30:35,P303,Repairing,Furniture Repair,Repair Sofa Frame,Yes,5,2,120,95,170,TASK_COMPLETION_BASED,"Size or amount of work, Condition of the item/property/site, Complexity of the problem",,5,No
2026-10-05 13:31:13,P303,Repairing,Furniture Repair,Repair Cabinet,Yes,4,2,80,65,105,TASK_COMPLETION_BASED,"Size or amount of work, Condition of the item/property/site, Complexity of the problem",,5,No
2026-10-05 13:31:14,P303,Repairing,Furniture Repair,Repair Wooden Door,Yes,4,2,85,60,105,TASK_COMPLETION_BASED,"Size or amount of work, Condition of the item/property/site, Complexity of the problem",,5,No
2026-10-05 13:33:45,P303,Repairing,Furniture Repair,Replace Door Hinges,Yes,5,2,25,20,30,TASK_COMPLETION_BASED,"Size or amount of work, Condition of the item/property/site, Complexity of the problem",,5,No
2026-10-05 13:34:18,P303,Repairing,Furniture Repair,Repair Window Frame,Yes,4,2,95,75,120,TASK_COMPLETION_BASED,"Size or amount of work, Condition of the item/property/site, Complexity of the problem",,5,No
2026-10-05 13:36:59,P304,Care Support,Child Care,Babysitting,Yes,8,1,265,240,310,FIXED_DURATION,"Size or amount of work, Condition of the item/property/site, Complexity of the problem",,5,No
2026-10-05 13:39:49,P304,Care Support,Child Care,Child Supervision,Yes,6,1,210,185,230,FIXED_DURATION,"Size or amount of work, Condition of the item/property/site, Complexity of the problem",,5,No
2026-10-05 15:18:13,P304,Care Support,Child Care,After-School Child Care,Yes,12,1,180,155,205,FIXED_DURATION,"Size or amount of work, Condition of the item/property/site, Complexity of the problem",,5,No
2026-10-05 15:41:56,P305,Cleaning,House Cleaning,Dust and Surface Cleaning,Yes,16,1,55,50,65,TASK_COMPLETION_BASED,"Size or amount of work, Condition of the item/property/site, Complexity of the problem",,5,No
2026-10-05 15:46:02,P305,Cleaning,House Cleaning,Full Home Cleaning,Yes,6,1,220,165,265,TASK_COMPLETION_BASED,"Size or amount of work, Condition of the item/property/site, Complexity of the problem",,5,No
2026-10-05 17:09:15,P305,Cleaning,Sofa/Carpet/Curtain Cleaning,Deep Clean Carpet,Yes,7,1,130,105,155,TASK_COMPLETION_BASED,"Size or amount of work, Condition of the item/property/site, Complexity of the problem",,5,No
2026-10-05 17:35:10,P305,Cleaning,Sofa/Carpet/Curtain Cleaning,Deep Clean Mattress,Yes,4,1,100,80,115,TASK_COMPLETION_BASED,"Size or amount of work, Condition of the item/property/site, Complexity of the problem",,5,No
2026-10-05 18:23:57,P306,Repairing,Electrical Repair,Replace Light Fitting,Yes,10,1,25,20,30,TASK_COMPLETION_BASED,"Size or amount of work, Condition of the item/property/site, Complexity of the problem",,5,No
2026-10-05 18:56:22,P306,Repairing,Electrical Repair,Install Power Socket,Yes,4,1,40,35,45,TASK_COMPLETION_BASED,"Size or amount of work, Condition of the item/property/site, Complexity of the problem",,5,No
2026-10-05 19:49:25,P306,Repairing,Electrical Repair,Repair Refrigerator,Yes,3,1,85,65,115,TASK_COMPLETION_BASED,"Size or amount of work, Condition of the item/property/site, Complexity of the problem",,5,No
2026-10-05 19:49:49,P306,Repairing,Electrical Repair,Repair Washing Machine,Yes,2,1,95,60,125,TASK_COMPLETION_BASED,"Size or amount of work, Condition of the item/property/site, Complexity of the problem",,5,No
2026-10-05 19:54:24,P306,Repairing,Electrical Repair,Repair Microwave Oven,Yes,2,1,60,50,75,TASK_COMPLETION_BASED,"Size or amount of work, Condition of the item/property/site, Complexity of the problem",,5,No
2026-10-05 20:05:27,P306,Repairing,Electrical Repair,Service Air Conditioner,Yes,6,1,65,55,75,TASK_COMPLETION_BASED,"Size or amount of work, Condition of the item/property/site, Complexity of the problem",,5,No
2026-10-05 20:09:51,P307,Cleaning,House Cleaning,General House Cleaning,Yes,8,4,145,120,175,TASK_COMPLETION_BASED,"Size or amount of work, Condition of the item/property/site, Complexity of the problem",,5,No
2026-10-05 20:26:54,P307,Cleaning,House Cleaning,Deep Clean House,Yes,3,4,200,170,255,TASK_COMPLETION_BASED,"Size or amount of work, Condition of the item/property/site, Complexity of the problem",,5,No
2026-10-05 21:43:13,P307,Cleaning,House Cleaning,Clean Single Room,Yes,20,4,50,45,60,TASK_COMPLETION_BASED,"Size or amount of work, Condition of the item/property/site, Complexity of the problem",,5,No
2026-10-06 08:02:16,P307,Cleaning,House Cleaning,Mop and Clean Floors,Yes,17,4,55,45,60,TASK_COMPLETION_BASED,"Size or amount of work, Condition of the item/property/site, Complexity of the problem",,5,No
2026-10-06 08:05:40,P307,Cleaning,House Cleaning,Full Home Cleaning,Yes,12,4,170,135,205,TASK_COMPLETION_BASED,"Size or amount of work, Condition of the item/property/site, Complexity of the problem",,5,No
2026-10-06 08:30:13,P308,Care Support,Elderly Care,Elderly Home Care,Yes,11,1,285,255,315,FIXED_DURATION,"Size or amount of work, Condition of the item/property/site, Complexity of the problem",,5,No
2026-10-06 08:38:02,P308,Care Support,Elderly Care,Medication Assistance,Yes,13,1,25,20,30,TASK_COMPLETION_BASED,"Size or amount of work, Condition of the item/property/site, Complexity of the problem",,5,No
2026-10-06 08:49:54,P308,Care Support,Personal Assistance,Personal Assistance,Yes,8,1,330,295,370,SHIFT_BASED,"Size or amount of work, Condition of the item/property/site, Complexity of the problem",,5,No
2026-10-06 09:04:09,P308,Care Support,Personal Assistance,Daily Household Assistance,Yes,8,1,170,145,205,TASK_COMPLETION_BASED,"Size or amount of work, Condition of the item/property/site, Complexity of the problem",,5,No
2026-10-06 09:22:26,P309,Repairing,Painting & Renovation,Paint Room,Yes,3,3,200,165,260,TASK_COMPLETION_BASED,"Size or amount of work, Condition of the item/property/site, Complexity of the problem",,5,No
2026-10-06 09:35:55,P309,Repairing,Painting & Renovation,Paint Ceiling,Yes,2,3,110,95,135,TASK_COMPLETION_BASED,"Size or amount of work, Condition of the item/property/site, Complexity of the problem",,5,No
2026-10-06 10:00:14,P309,Repairing,Painting & Renovation,Paint Whole House,Yes,1,3,500,345,660,TASK_COMPLETION_BASED,"Size or amount of work, Condition of the item/property/site, Complexity of the problem",,5,No
2026-10-06 10:08:04,P309,Repairing,Painting & Renovation,Prepare Wall Surface,Yes,3,3,105,80,125,TASK_COMPLETION_BASED,"Size or amount of work, Condition of the item/property/site, Complexity of the problem",,5,No
2026-10-06 10:17:55,P309,Repairing,Painting & Renovation,Minor Renovation Work,Yes,3,3,230,155,320,TASK_COMPLETION_BASED,"Size or amount of work, Condition of the item/property/site, Complexity of the problem",,5,No
2026-10-06 10:31:23,P310,Care Support,Child Care,Baby Care Session,Yes,5,1,170,155,195,FIXED_DURATION,"Size or amount of work, Condition of the item/property/site, Complexity of the problem",,5,No
2026-10-06 10:42:44,P310,Care Support,Child Care,After-School Child Care,Yes,11,1,195,175,215,FIXED_DURATION,"Size or amount of work, Condition of the item/property/site, Complexity of the problem",,5,No
2026-10-06 10:57:35,P310,Care Support,Personal Assistance,Home Helper Session,Yes,8,1,265,235,300,FIXED_DURATION,"Size or amount of work, Condition of the item/property/site, Complexity of the problem",,5,No
2026-10-06 11:21:52,P310,Care Support,Personal Assistance,Personal Assistance,Yes,10,1,330,290,365,SHIFT_BASED,"Size or amount of work, Condition of the item/property/site, Complexity of the problem",,5,No
2026-10-06 11:26:00,P311,Gardening,Landscaping & Design,Set Up New Garden,Yes,2,2,225,170,310,TASK_COMPLETION_BASED,"Size or amount of work, Condition of the item/property/site, Complexity of the problem",,5,No
2026-10-06 11:33:40,P311,Gardening,Landscaping & Design,Landscape Existing Garden,Yes,1,2,370,260,505,TASK_COMPLETION_BASED,"Size or amount of work, Condition of the item/property/site, Complexity of the problem",,5,No
2026-10-06 11:55:14,P311,Gardening,Planting Services,Plant Vegetables,Yes,5,2,90,70,115,TASK_COMPLETION_BASED,"Size or amount of work, Condition of the item/property/site, Complexity of the problem",,5,No
2026-10-06 12:10:42,P311,Gardening,Planting Services,Plant Large Tree,Yes,2,2,100,75,130,TASK_COMPLETION_BASED,"Size or amount of work, Condition of the item/property/site, Complexity of the problem",,5,No
2026-10-06 12:20:49,P311,Gardening,Planting Services,Plant Garden Plants,Yes,3,2,70,55,90,TASK_COMPLETION_BASED,"Size or amount of work, Condition of the item/property/site, Complexity of the problem",,5,No
2026-10-06 12:29:54,P312,Cleaning,House Cleaning,General House Cleaning,Yes,5,1,155,125,190,TASK_COMPLETION_BASED,"Size or amount of work, Condition of the item/property/site, Complexity of the problem",,5,No
2026-10-06 12:30:37,P312,Cleaning,House Cleaning,Clean Single Room,Yes,14,1,60,55,70,TASK_COMPLETION_BASED,"Size or amount of work, Condition of the item/property/site, Complexity of the problem",,5,No
2026-10-06 14:03:46,P312,Cleaning,Sofa/Carpet/Curtain Cleaning,Clean Sofa,Yes,3,1,90,75,100,TASK_COMPLETION_BASED,"Size or amount of work, Condition of the item/property/site, Complexity of the problem",,5,No
2026-10-06 14:07:11,P312,Cleaning,Sofa/Carpet/Curtain Cleaning,Deep Clean Sofa,Yes,2,1,125,105,155,TASK_COMPLETION_BASED,"Size or amount of work, Condition of the item/property/site, Complexity of the problem",,5,No
2026-10-06 14:45:22,P312,Cleaning,Sofa/Carpet/Curtain Cleaning,Deep Clean Carpet,Yes,3,1,155,125,190,TASK_COMPLETION_BASED,"Size or amount of work, Condition of the item/property/site, Complexity of the problem",,5,No
2026-10-06 14:46:04,P312,Cleaning,Sofa/Carpet/Curtain Cleaning,Clean Curtains,Yes,3,1,75,70,85,TASK_COMPLETION_BASED,"Size or amount of work, Condition of the item/property/site, Complexity of the problem",,5,No
2026-10-06 14:51:43,P313,Repairing,Plumbing Repair,Replace Water Pipe,Yes,1,1,130,100,170,TASK_COMPLETION_BASED,"Size or amount of work, Condition of the item/property/site, Complexity of the problem",,5,No
2026-10-06 14:56:35,P313,Repairing,Plumbing Repair,Repair Leaking Pipe,Yes,4,1,65,50,80,TASK_COMPLETION_BASED,"Size or amount of work, Condition of the item/property/site, Complexity of the problem",,5,No
2026-10-06 15:02:31,P313,Repairing,Plumbing Repair,Install Tap,Yes,6,1,35,30,40,TASK_COMPLETION_BASED,"Size or amount of work, Condition of the item/property/site, Complexity of the problem",,5,No
2026-10-06 15:05:52,P313,Repairing,Plumbing Repair,Replace Tap,Yes,8,1,30,25,35,TASK_COMPLETION_BASED,"Size or amount of work, Condition of the item/property/site, Complexity of the problem",,5,No
2026-10-06 15:06:39,P313,Repairing,Plumbing Repair,Repair Tap,Yes,5,1,30,25,35,TASK_COMPLETION_BASED,"Size or amount of work, Condition of the item/property/site, Complexity of the problem",,5,No
2026-10-06 15:27:09,P313,Repairing,Plumbing Repair,Repair Sink Plumbing,Yes,4,1,70,60,85,TASK_COMPLETION_BASED,"Size or amount of work, Condition of the item/property/site, Complexity of the problem",,5,No
2026-10-06 15:30:56,P313,Repairing,Plumbing Repair,Replace Toilet Pipe,Yes,2,1,80,65,100,TASK_COMPLETION_BASED,"Size or amount of work, Condition of the item/property/site, Complexity of the problem",,5,No
2026-10-06 15:54:14,P314,Care Support,Personal Assistance,Personal Assistance,Yes,7,3,315,275,360,SHIFT_BASED,"Size or amount of work, Condition of the item/property/site, Complexity of the problem",,5,No
2026-10-06 16:21:52,P314,Care Support,Personal Assistance,Daily Task Support,Yes,7,3,120,105,140,FIXED_DURATION,"Size or amount of work, Condition of the item/property/site, Complexity of the problem",,5,No
2026-10-06 16:22:11,P314,Care Support,Pet Care,Feed Pet,Yes,12,3,25,20,30,TASK_COMPLETION_BASED,"Size or amount of work, Condition of the item/property/site, Complexity of the problem",,5,No
2026-10-06 16:30:22,P314,Care Support,Pet Care,Dog Walking,Yes,21,3,40,35,50,FIXED_DURATION,"Size or amount of work, Condition of the item/property/site, Complexity of the problem",,5,No
2026-10-06 16:51:21,P314,Care Support,Pet Care,Bathe Pet,Yes,7,3,45,35,60,TASK_COMPLETION_BASED,"Size or amount of work, Condition of the item/property/site, Complexity of the problem",,5,No
2026-10-06 16:57:25,P314,Care Support,Pet Care,Pet Sitting,Yes,3,3,390,335,460,SHIFT_BASED,"Size or amount of work, Condition of the item/property/site, Complexity of the problem",,5,No
2026-10-06 18:00:21,P315,Cleaning,Bathroom Cleaning,General Bathroom Cleaning,Yes,9,2,50,45,60,TASK_COMPLETION_BASED,"Size or amount of work, Condition of the item/property/site, Complexity of the problem",,5,No
2026-10-06 18:01:56,P315,Cleaning,Bathroom Cleaning,Clean Toilet,Yes,16,2,25,20,30,TASK_COMPLETION_BASED,"Size or amount of work, Condition of the item/property/site, Complexity of the problem",,5,No
2026-10-06 18:17:35,P315,Cleaning,House Cleaning,General House Cleaning,Yes,12,2,135,115,170,TASK_COMPLETION_BASED,"Size or amount of work, Condition of the item/property/site, Complexity of the problem",,5,No
2026-10-06 18:51:22,P315,Cleaning,House Cleaning,Clean Single Room,Yes,10,2,50,45,60,TASK_COMPLETION_BASED,"Size or amount of work, Condition of the item/property/site, Complexity of the problem",,5,No
2026-10-06 19:14:46,P316,Repairing,Plumbing Repair,Repair Water Leak,Yes,7,2,60,40,80,TASK_COMPLETION_BASED,"Size or amount of work, Condition of the item/property/site, Complexity of the problem",,5,No
2026-10-06 19:16:25,P316,Repairing,Plumbing Repair,Repair Tap,Yes,5,2,30,25,35,TASK_COMPLETION_BASED,"Size or amount of work, Condition of the item/property/site, Complexity of the problem",,5,No
2026-10-06 19:22:08,P316,Repairing,Plumbing Repair,Repair Water Tank Connection,Yes,3,2,55,45,70,TASK_COMPLETION_BASED,"Size or amount of work, Condition of the item/property/site, Complexity of the problem",,5,No
2026-10-06 19:55:03,P316,Repairing,Plumbing Repair,Repair Sink Plumbing,Yes,3,2,60,50,75,TASK_COMPLETION_BASED,"Size or amount of work, Condition of the item/property/site, Complexity of the problem",,5,No
2026-10-06 20:23:39,P317,Gardening,Planting Services,Plant Flowers,Yes,4,2,60,50,70,TASK_COMPLETION_BASED,"Size or amount of work, Condition of the item/property/site, Complexity of the problem",,5,No
2026-10-06 20:26:09,P317,Gardening,Planting Services,Plant Vegetables,Yes,6,2,90,70,115,TASK_COMPLETION_BASED,"Size or amount of work, Condition of the item/property/site, Complexity of the problem",,5,No
2026-10-06 20:58:57,P317,Gardening,Planting Services,Plant Small Tree,Yes,7,2,40,35,45,TASK_COMPLETION_BASED,"Size or amount of work, Condition of the item/property/site, Complexity of the problem",,5,No
2026-10-06 21:42:33,P317,Gardening,Planting Services,Plant Large Tree,Yes,3,2,115,85,155,TASK_COMPLETION_BASED,"Size or amount of work, Condition of the item/property/site, Complexity of the problem",,5,No
2026-10-06 21:54:41,P317,Gardening,Planting Services,Plant Garden Plants,Yes,3,2,70,55,90,TASK_COMPLETION_BASED,"Size or amount of work, Condition of the item/property/site, Complexity of the problem",,5,No
2026-10-07 08:18:52,P318,Repairing,Electrical Repair,Replace Light Fitting,Yes,6,1,25,20,30,TASK_COMPLETION_BASED,"Size or amount of work, Condition of the item/property/site, Complexity of the problem",,5,No
2026-10-07 08:37:37,P318,Repairing,Electrical Repair,Replace Power Socket,Yes,5,1,30,25,35,TASK_COMPLETION_BASED,"Size or amount of work, Condition of the item/property/site, Complexity of the problem",,5,No
2026-10-07 08:48:15,P318,Repairing,Electrical Repair,Diagnose Television Fault,Yes,3,1,40,30,55,TASK_COMPLETION_BASED,"Size or amount of work, Condition of the item/property/site, Complexity of the problem",,5,No
2026-10-07 09:17:38,P318,Repairing,Electrical Repair,Diagnose Refrigerator Fault,Yes,2,1,50,30,65,TASK_COMPLETION_BASED,"Size or amount of work, Condition of the item/property/site, Complexity of the problem",,5,No
2026-10-07 09:32:00,P318,Repairing,Electrical Repair,Repair Microwave Oven,Yes,3,1,65,55,80,TASK_COMPLETION_BASED,"Size or amount of work, Condition of the item/property/site, Complexity of the problem",,5,No
2026-10-07 09:34:28,P319,Gardening,Garden Maintenance,Water Plants,Yes,20,2,40,35,45,TASK_COMPLETION_BASED,"Size or amount of work, Condition of the item/property/site, Complexity of the problem",,5,No
2026-10-07 09:37:22,P319,Gardening,Garden Maintenance,Mow Lawn,Yes,9,2,75,65,95,TASK_COMPLETION_BASED,"Size or amount of work, Condition of the item/property/site, Complexity of the problem",,5,No
2026-10-07 09:42:35,P319,Gardening,Landscaping & Design,Basic Landscaping,Yes,1,2,320,250,405,TASK_COMPLETION_BASED,"Size or amount of work, Condition of the item/property/site, Complexity of the problem",,5,No
2026-10-07 09:45:17,P319,Gardening,Landscaping & Design,Landscape Existing Garden,Yes,1,2,430,310,600,TASK_COMPLETION_BASED,"Size or amount of work, Condition of the item/property/site, Complexity of the problem",,5,No
2026-10-07 09:47:19,P320,Repairing,Electrical Repair,Install Switch,Yes,6,2,25,20,30,TASK_COMPLETION_BASED,"Size or amount of work, Condition of the item/property/site, Complexity of the problem",,5,No
2026-10-07 11:04:53,P320,Repairing,Electrical Repair,Repair Switch,Yes,6,2,25,20,30,TASK_COMPLETION_BASED,"Size or amount of work, Condition of the item/property/site, Complexity of the problem",,5,No
2026-10-07 11:07:20,P320,Repairing,Electrical Repair,Replace Damaged Wiring,Yes,2,2,135,100,190,TASK_COMPLETION_BASED,"Size or amount of work, Condition of the item/property/site, Complexity of the problem",,5,No
2026-10-07 11:42:04,P320,Repairing,Electrical Repair,Repair Washing Machine,Yes,2,2,105,75,140,TASK_COMPLETION_BASED,"Size or amount of work, Condition of the item/property/site, Complexity of the problem",,5,No
2026-10-07 11:55:40,P320,Repairing,Electrical Repair,Repair Air Conditioner,Yes,6,2,85,60,110,TASK_COMPLETION_BASED,"Size or amount of work, Condition of the item/property/site, Complexity of the problem",,5,No
2026-10-07 12:10:38,P321,Care Support,Disability Support,Mobility Support,Yes,4,1,90,75,100,FIXED_DURATION,"Size or amount of work, Condition of the item/property/site, Complexity of the problem",,5,No
2026-10-07 12:16:13,P321,Care Support,Elderly Care,Elderly Home Care,Yes,5,1,285,260,315,FIXED_DURATION,"Size or amount of work, Condition of the item/property/site, Complexity of the problem",,5,No
2026-10-07 12:18:43,P321,Care Support,Elderly Care,Elderly Assistance Session,Yes,9,1,130,120,155,FIXED_DURATION,"Size or amount of work, Condition of the item/property/site, Complexity of the problem",,5,No
2026-10-07 12:22:01,P321,Care Support,Elderly Care,Medication Assistance,Yes,12,1,30,25,35,TASK_COMPLETION_BASED,"Size or amount of work, Condition of the item/property/site, Complexity of the problem",,5,No
2026-10-07 12:33:22,P321,Care Support,Elderly Care,Mobility Assistance,Yes,14,1,90,80,105,FIXED_DURATION,"Size or amount of work, Condition of the item/property/site, Complexity of the problem",,5,No
2026-10-07 12:39:49,P322,Repairing,Painting & Renovation,Paint Exterior Wall,Yes,4,4,200,150,250,TASK_COMPLETION_BASED,"Size or amount of work, Condition of the item/property/site, Complexity of the problem",,5,No
2026-10-07 12:52:23,P322,Repairing,Painting & Renovation,Paint Room,Yes,2,4,195,160,250,TASK_COMPLETION_BASED,"Size or amount of work, Condition of the item/property/site, Complexity of the problem",,5,No
2026-10-07 13:49:40,P322,Repairing,Painting & Renovation,Paint Whole House,Yes,2,4,485,335,660,TASK_COMPLETION_BASED,"Size or amount of work, Condition of the item/property/site, Complexity of the problem",,5,No
2026-10-07 14:13:52,P322,Repairing,Painting & Renovation,Prepare Wall Surface,Yes,3,4,85,60,100,TASK_COMPLETION_BASED,"Size or amount of work, Condition of the item/property/site, Complexity of the problem",,5,No
2026-10-07 14:47:53,P322,Repairing,Painting & Renovation,Repair Ceiling,Yes,2,4,120,90,160,TASK_COMPLETION_BASED,"Size or amount of work, Condition of the item/property/site, Complexity of the problem",,5,No
2026-10-07 14:54:45,P322,Repairing,Painting & Renovation,Replace Damaged Tile,Yes,5,4,80,65,95,TASK_COMPLETION_BASED,"Size or amount of work, Condition of the item/property/site, Complexity of the problem",,5,No
2026-10-07 15:03:16,P322,Repairing,Painting & Renovation,Repair Floor Tile,Yes,3,4,105,85,145,TASK_COMPLETION_BASED,"Size or amount of work, Condition of the item/property/site, Complexity of the problem",,5,No
2026-10-07 15:10:33,P322,Repairing,Painting & Renovation,Minor Renovation Work,Yes,2,4,265,190,365,TASK_COMPLETION_BASED,"Size or amount of work, Condition of the item/property/site, Complexity of the problem",,5,No
2026-10-07 15:20:21,P323,Cleaning,House Cleaning,Deep Clean House,Yes,4,3,245,195,325,TASK_COMPLETION_BASED,"Size or amount of work, Condition of the item/property/site, Complexity of the problem",,5,No
2026-10-07 15:26:59,P323,Cleaning,House Cleaning,Clean Single Room,Yes,8,3,60,55,70,TASK_COMPLETION_BASED,"Size or amount of work, Condition of the item/property/site, Complexity of the problem",,5,No
2026-10-07 15:27:33,P323,Cleaning,House Cleaning,Mop and Clean Floors,Yes,11,3,65,55,75,TASK_COMPLETION_BASED,"Size or amount of work, Condition of the item/property/site, Complexity of the problem",,5,No
2026-10-07 15:29:16,P323,Cleaning,House Cleaning,Dust and Surface Cleaning,Yes,12,3,50,45,60,TASK_COMPLETION_BASED,"Size or amount of work, Condition of the item/property/site, Complexity of the problem",,5,No
2026-10-07 16:29:41,P323,Cleaning,House Cleaning,Full Home Cleaning,Yes,10,3,210,170,255,TASK_COMPLETION_BASED,"Size or amount of work, Condition of the item/property/site, Complexity of the problem",,5,No
2026-10-07 16:58:47,P324,Cleaning,Office Cleaning,Clean Medium Office,Yes,7,3,165,140,215,TASK_COMPLETION_BASED,"Size or amount of work, Condition of the item/property/site, Complexity of the problem",,5,No
2026-10-07 17:09:43,P324,Cleaning,Office Cleaning,Clean Retail Shop,Yes,6,3,120,100,140,TASK_COMPLETION_BASED,"Size or amount of work, Condition of the item/property/site, Complexity of the problem",,5,No
2026-10-07 17:14:36,P324,Cleaning,Office Cleaning,Deep Clean Office,Yes,4,3,290,235,375,TASK_COMPLETION_BASED,"Size or amount of work, Condition of the item/property/site, Complexity of the problem",,5,No
2026-10-07 17:51:08,P324,Cleaning,Post-Construction Cleaning,Post-Construction House Cleaning,Yes,2,3,335,240,450,TASK_COMPLETION_BASED,"Size or amount of work, Condition of the item/property/site, Complexity of the problem",,5,No
2026-10-07 18:30:53,P324,Cleaning,Post-Construction Cleaning,Remove Construction Dust,Yes,3,3,150,115,185,TASK_COMPLETION_BASED,"Size or amount of work, Condition of the item/property/site, Complexity of the problem",,5,No
2026-10-07 18:31:05,P324,Cleaning,Post-Construction Cleaning,Clean Post-Renovation Area,Yes,2,3,195,150,270,TASK_COMPLETION_BASED,"Size or amount of work, Condition of the item/property/site, Complexity of the problem",,5,No
2026-10-07 18:39:02,P325,Gardening,Planting Services,Plant Flowers,Yes,5,1,65,55,75,TASK_COMPLETION_BASED,"Size or amount of work, Condition of the item/property/site, Complexity of the problem",,5,No
2026-10-07 18:39:52,P325,Gardening,Planting Services,Plant Vegetables,Yes,5,1,95,75,120,TASK_COMPLETION_BASED,"Size or amount of work, Condition of the item/property/site, Complexity of the problem",,5,No
2026-10-07 18:47:41,P325,Gardening,Planting Services,Plant Small Tree,Yes,5,1,50,45,60,TASK_COMPLETION_BASED,"Size or amount of work, Condition of the item/property/site, Complexity of the problem",,5,No
2026-10-07 19:26:00,P325,Gardening,Planting Services,Plant Large Tree,Yes,2,1,135,100,180,TASK_COMPLETION_BASED,"Size or amount of work, Condition of the item/property/site, Complexity of the problem",,5,No
2026-10-07 19:56:38,P325,Gardening,Planting Services,Plant Garden Plants,Yes,5,1,80,65,95,TASK_COMPLETION_BASED,"Size or amount of work, Condition of the item/property/site, Complexity of the problem",,5,No
2026-10-07 20:02:35,P325,Gardening,Planting Services,Prepare Planting Area,Yes,2,1,105,85,130,TASK_COMPLETION_BASED,"Size or amount of work, Condition of the item/property/site, Complexity of the problem",,5,No
2026-10-07 20:39:40,P326,Repairing,Electrical Repair,Replace Switch,Yes,5,1,25,20,30,TASK_COMPLETION_BASED,"Size or amount of work, Condition of the item/property/site, Complexity of the problem",,5,No
2026-10-07 20:41:54,P326,Repairing,Electrical Repair,Repair Power Socket,Yes,5,1,40,35,45,TASK_COMPLETION_BASED,"Size or amount of work, Condition of the item/property/site, Complexity of the problem",,5,No
2026-10-07 20:49:39,P326,Repairing,Electrical Repair,Diagnose Refrigerator Fault,Yes,2,1,50,35,65,TASK_COMPLETION_BASED,"Size or amount of work, Condition of the item/property/site, Complexity of the problem",,5,No
2026-10-07 21:26:47,P326,Repairing,Electrical Repair,Repair Microwave Oven,Yes,1,1,65,55,85,TASK_COMPLETION_BASED,"Size or amount of work, Condition of the item/property/site, Complexity of the problem",,5,No
2026-10-07 21:37:48,P327,Care Support,Child Care,Babysitting,Yes,6,1,260,230,295,FIXED_DURATION,"Size or amount of work, Condition of the item/property/site, Complexity of the problem",,5,No
2026-10-07 21:50:31,P327,Care Support,Child Care,Baby Care Session,Yes,4,1,165,150,185,FIXED_DURATION,"Size or amount of work, Condition of the item/property/site, Complexity of the problem",,5,No
2026-10-08 08:02:21,P327,Care Support,Child Care,After-School Child Care,Yes,12,1,200,175,220,FIXED_DURATION,"Size or amount of work, Condition of the item/property/site, Complexity of the problem",,5,No
2026-10-08 08:23:44,P328,Gardening,Garden Maintenance,Water Plants,Yes,11,1,40,35,45,TASK_COMPLETION_BASED,"Size or amount of work, Condition of the item/property/site, Complexity of the problem",,5,No
2026-10-08 08:36:09,P328,Gardening,Garden Maintenance,Cut Grass,Yes,10,1,110,95,130,TASK_COMPLETION_BASED,"Size or amount of work, Condition of the item/property/site, Complexity of the problem",,5,No
2026-10-08 08:40:54,P328,Gardening,Garden Maintenance,Remove Weeds,Yes,6,1,80,60,95,TASK_COMPLETION_BASED,"Size or amount of work, Condition of the item/property/site, Complexity of the problem",,5,No
2026-10-08 09:03:52,P328,Gardening,Garden Maintenance,Prune Plants,Yes,7,1,75,55,95,TASK_COMPLETION_BASED,"Size or amount of work, Condition of the item/property/site, Complexity of the problem",,5,No
2026-10-08 09:19:29,P329,Repairing,Painting & Renovation,Paint Exterior Wall,Yes,4,3,230,170,295,TASK_COMPLETION_BASED,"Size or amount of work, Condition of the item/property/site, Complexity of the problem",,5,No
2026-10-08 09:36:58,P329,Repairing,Painting & Renovation,Paint Room,Yes,2,3,190,155,235,TASK_COMPLETION_BASED,"Size or amount of work, Condition of the item/property/site, Complexity of the problem",,5,No
2026-10-08 10:10:46,P329,Repairing,Painting & Renovation,Paint Ceiling,Yes,2,3,125,100,155,TASK_COMPLETION_BASED,"Size or amount of work, Condition of the item/property/site, Complexity of the problem",,5,No
2026-10-08 10:11:06,P329,Repairing,Painting & Renovation,Replace Damaged Tile,Yes,2,3,85,70,105,TASK_COMPLETION_BASED,"Size or amount of work, Condition of the item/property/site, Complexity of the problem",,5,No
2026-10-08 10:16:50,P329,Repairing,Painting & Renovation,Repair Floor Tile,Yes,2,3,130,100,170,TASK_COMPLETION_BASED,"Size or amount of work, Condition of the item/property/site, Complexity of the problem",,5,No
2026-10-08 10:20:38,P330,Cleaning,House Cleaning,Deep Clean House,Yes,2,4,240,190,310,TASK_COMPLETION_BASED,"Size or amount of work, Condition of the item/property/site, Complexity of the problem",,5,No
2026-10-08 10:54:45,P330,Cleaning,House Cleaning,Mop and Clean Floors,Yes,15,4,50,45,55,TASK_COMPLETION_BASED,"Size or amount of work, Condition of the item/property/site, Complexity of the problem",,5,No
2026-10-08 11:28:17,P330,Cleaning,House Cleaning,Dust and Surface Cleaning,Yes,11,4,45,40,55,TASK_COMPLETION_BASED,"Size or amount of work, Condition of the item/property/site, Complexity of the problem",,5,No
2026-10-08 11:34:27,P330,Cleaning,Post-Construction Cleaning,Post-Construction House Cleaning,Yes,2,4,255,195,345,TASK_COMPLETION_BASED,"Size or amount of work, Condition of the item/property/site, Complexity of the problem",,5,No
2026-10-08 11:35:35,P330,Cleaning,Post-Construction Cleaning,Remove Construction Dust,Yes,2,4,145,110,185,TASK_COMPLETION_BASED,"Size or amount of work, Condition of the item/property/site, Complexity of the problem",,5,No
2026-10-08 11:37:25,P330,Cleaning,Post-Construction Cleaning,Clean Post-Renovation Area,Yes,3,4,155,125,215,TASK_COMPLETION_BASED,"Size or amount of work, Condition of the item/property/site, Complexity of the problem",,5,No
2026-10-08 11:46:55,P331,Repairing,Electrical Repair,Install Light Fitting,Yes,4,1,40,35,45,TASK_COMPLETION_BASED,"Size or amount of work, Condition of the item/property/site, Complexity of the problem",,5,No
2026-10-08 12:31:39,P331,Repairing,Electrical Repair,Replace Light Fitting,Yes,9,1,30,25,35,TASK_COMPLETION_BASED,"Size or amount of work, Condition of the item/property/site, Complexity of the problem",,5,No
2026-10-08 12:39:03,P331,Repairing,Electrical Repair,Repair Switch,Yes,4,1,35,30,40,TASK_COMPLETION_BASED,"Size or amount of work, Condition of the item/property/site, Complexity of the problem",,5,No
2026-10-08 13:00:20,P331,Repairing,Electrical Repair,Replace Power Socket,Yes,8,1,30,25,35,TASK_COMPLETION_BASED,"Size or amount of work, Condition of the item/property/site, Complexity of the problem",,5,No
2026-10-08 13:13:20,P332,Gardening,Planting Services,Plant Flowers,Yes,4,1,65,55,75,TASK_COMPLETION_BASED,"Size or amount of work, Condition of the item/property/site, Complexity of the problem",,5,No
2026-10-08 13:15:51,P332,Gardening,Planting Services,Plant Vegetables,Yes,3,1,115,90,145,TASK_COMPLETION_BASED,"Size or amount of work, Condition of the item/property/site, Complexity of the problem",,5,No
2026-10-08 13:16:30,P332,Gardening,Planting Services,Plant Small Tree,Yes,7,1,50,45,60,TASK_COMPLETION_BASED,"Size or amount of work, Condition of the item/property/site, Complexity of the problem",,5,No
2026-10-08 14:37:34,P332,Gardening,Planting Services,Plant Large Tree,Yes,2,1,115,85,155,TASK_COMPLETION_BASED,"Size or amount of work, Condition of the item/property/site, Complexity of the problem",,5,No
2026-10-08 14:44:57,P332,Gardening,Planting Services,Plant Garden Plants,Yes,4,1,75,60,90,TASK_COMPLETION_BASED,"Size or amount of work, Condition of the item/property/site, Complexity of the problem",,5,No
2026-10-08 14:52:14,P332,Gardening,Planting Services,Prepare Planting Area,Yes,6,1,85,65,110,TASK_COMPLETION_BASED,"Size or amount of work, Condition of the item/property/site, Complexity of the problem",,5,No
2026-10-08 15:13:59,P333,Care Support,Elderly Care,Elderly Assistance Session,Yes,9,2,135,120,160,FIXED_DURATION,"Size or amount of work, Condition of the item/property/site, Complexity of the problem",,5,No
2026-10-08 15:16:10,P333,Care Support,Elderly Care,Home Nursing Visit,Yes,8,2,75,70,85,FIXED_DURATION,"Size or amount of work, Condition of the item/property/site, Complexity of the problem",,5,No
2026-10-08 15:17:29,P333,Care Support,Elderly Care,Mobility Assistance,Yes,12,2,90,80,105,FIXED_DURATION,"Size or amount of work, Condition of the item/property/site, Complexity of the problem",,5,No
2026-10-08 15:29:03,P333,Care Support,Personal Assistance,Home Helper Session,Yes,6,2,285,250,315,FIXED_DURATION,"Size or amount of work, Condition of the item/property/site, Complexity of the problem",,5,No
2026-10-08 15:32:07,P334,Repairing,Electrical Repair,Install New Wiring,Yes,4,1,205,155,255,TASK_COMPLETION_BASED,"Size or amount of work, Condition of the item/property/site, Complexity of the problem",,5,No
2026-10-08 15:47:18,P334,Repairing,Electrical Repair,Replace Distribution Board Component,Yes,3,1,75,55,95,TASK_COMPLETION_BASED,"Size or amount of work, Condition of the item/property/site, Complexity of the problem",,5,No
2026-10-08 15:57:49,P334,Repairing,Electrical Repair,Diagnose Television Fault,Yes,2,1,35,25,50,TASK_COMPLETION_BASED,"Size or amount of work, Condition of the item/property/site, Complexity of the problem",,5,No
2026-10-08 16:46:06,P334,Repairing,Electrical Repair,Repair Microwave Oven,Yes,4,1,55,45,70,TASK_COMPLETION_BASED,"Size or amount of work, Condition of the item/property/site, Complexity of the problem",,5,No
2026-10-08 17:25:05,P334,Repairing,Electrical Repair,Repair Air Conditioner,Yes,4,1,95,70,120,TASK_COMPLETION_BASED,"Size or amount of work, Condition of the item/property/site, Complexity of the problem",,5,No
2026-10-08 17:34:01,P335,Care Support,Pet Care,Feed Pet,Yes,15,1,25,20,30,TASK_COMPLETION_BASED,"Size or amount of work, Condition of the item/property/site, Complexity of the problem",,5,No
2026-10-08 17:39:33,P335,Care Support,Pet Care,Dog Walking,Yes,9,1,45,40,55,FIXED_DURATION,"Size or amount of work, Condition of the item/property/site, Complexity of the problem",,5,No
2026-10-08 17:44:20,P335,Care Support,Pet Care,Pet Grooming,Yes,9,1,90,80,105,TASK_COMPLETION_BASED,"Size or amount of work, Condition of the item/property/site, Complexity of the problem",,5,No
2026-10-08 17:46:45,P335,Care Support,Pet Care,Bathe Pet,Yes,5,1,50,40,65,TASK_COMPLETION_BASED,"Size or amount of work, Condition of the item/property/site, Complexity of the problem",,5,No
2026-10-08 17:48:43,P335,Care Support,Pet Care,Pet Sitting,Yes,4,1,375,325,445,SHIFT_BASED,"Size or amount of work, Condition of the item/property/site, Complexity of the problem",,5,No
2026-10-08 18:06:52,P336,Cleaning,Office Cleaning,Clean Small Office,Yes,9,3,120,105,140,TASK_COMPLETION_BASED,"Size or amount of work, Condition of the item/property/site, Complexity of the problem",,5,No
2026-10-08 18:20:12,P336,Cleaning,Office Cleaning,Clean Medium Office,Yes,5,3,225,180,290,TASK_COMPLETION_BASED,"Size or amount of work, Condition of the item/property/site, Complexity of the problem",,5,No
2026-10-08 18:31:27,P336,Cleaning,Office Cleaning,Clean Office Floors,Yes,7,3,100,90,120,TASK_COMPLETION_BASED,"Size or amount of work, Condition of the item/property/site, Complexity of the problem",,5,No
2026-10-08 18:37:36,P336,Cleaning,Post-Construction Cleaning,Remove Construction Dust,Yes,2,3,190,140,245,TASK_COMPLETION_BASED,"Size or amount of work, Condition of the item/property/site, Complexity of the problem",,5,No
2026-10-08 19:32:00,P337,Repairing,Plumbing Repair,Repair Water Leak,Yes,4,1,55,35,70,TASK_COMPLETION_BASED,"Size or amount of work, Condition of the item/property/site, Complexity of the problem",,5,No
2026-10-08 19:37:35,P337,Repairing,Plumbing Repair,Install Tap,Yes,6,1,35,30,40,TASK_COMPLETION_BASED,"Size or amount of work, Condition of the item/property/site, Complexity of the problem",,5,No
2026-10-08 19:37:42,P337,Repairing,Plumbing Repair,Replace Tap,Yes,12,1,30,25,35,TASK_COMPLETION_BASED,"Size or amount of work, Condition of the item/property/site, Complexity of the problem",,5,No
2026-10-08 20:02:40,P337,Repairing,Plumbing Repair,Repair Toilet Plumbing,Yes,4,1,60,45,75,TASK_COMPLETION_BASED,"Size or amount of work, Condition of the item/property/site, Complexity of the problem",,5,No
2026-10-08 20:13:34,P338,Repairing,Electrical Repair,Install Ceiling Fan,Yes,4,2,75,65,85,TASK_COMPLETION_BASED,"Size or amount of work, Condition of the item/property/site, Complexity of the problem",,5,No
2026-10-08 20:14:09,P338,Repairing,Electrical Repair,Replace Light Fitting,Yes,11,2,25,20,30,TASK_COMPLETION_BASED,"Size or amount of work, Condition of the item/property/site, Complexity of the problem",,5,No
2026-10-08 20:38:56,P338,Repairing,Electrical Repair,Repair Light Circuit,Yes,5,2,50,40,65,TASK_COMPLETION_BASED,"Size or amount of work, Condition of the item/property/site, Complexity of the problem",,5,No
2026-10-08 20:48:21,P338,Repairing,Electrical Repair,Install Switch,Yes,8,2,25,20,30,TASK_COMPLETION_BASED,"Size or amount of work, Condition of the item/property/site, Complexity of the problem",,5,No
2026-10-08 21:04:53,P338,Repairing,Electrical Repair,Replace Switch,Yes,7,2,25,20,30,TASK_COMPLETION_BASED,"Size or amount of work, Condition of the item/property/site, Complexity of the problem",,5,No
2026-10-08 21:21:17,P338,Repairing,Electrical Repair,Repair Electrical Wiring,Yes,4,2,105,75,135,TASK_COMPLETION_BASED,"Size or amount of work, Condition of the item/property/site, Complexity of the problem",,5,No
2026-10-08 21:49:08,P338,Repairing,Electrical Repair,Replace Distribution Board Component,Yes,4,2,70,55,95,TASK_COMPLETION_BASED,"Size or amount of work, Condition of the item/property/site, Complexity of the problem",,5,No
2026-10-08 21:50:47,P338,Repairing,Electrical Repair,Repair Rice Cooker,Yes,2,2,40,30,55,TASK_COMPLETION_BASED,"Size or amount of work, Condition of the item/property/site, Complexity of the problem",,5,No
2026-10-09 08:13:05,P338,Repairing,Electrical Repair,Service Air Conditioner,Yes,7,2,65,55,75,TASK_COMPLETION_BASED,"Size or amount of work, Condition of the item/property/site, Complexity of the problem",,5,No
2026-10-09 08:14:29,P339,Repairing,Painting & Renovation,Paint Interior Wall,Yes,3,3,130,110,160,TASK_COMPLETION_BASED,"Size or amount of work, Condition of the item/property/site, Complexity of the problem",,5,No
2026-10-09 08:18:54,P339,Repairing,Painting & Renovation,Paint Exterior Wall,Yes,3,3,220,165,275,TASK_COMPLETION_BASED,"Size or amount of work, Condition of the item/property/site, Complexity of the problem",,5,No
2026-10-09 08:20:07,P339,Repairing,Painting & Renovation,Paint Whole House,Yes,2,3,475,350,640,TASK_COMPLETION_BASED,"Size or amount of work, Condition of the item/property/site, Complexity of the problem",,5,No
2026-10-09 08:23:21,P339,Repairing,Painting & Renovation,Prepare Wall Surface,Yes,3,3,90,70,105,TASK_COMPLETION_BASED,"Size or amount of work, Condition of the item/property/site, Complexity of the problem",,5,No
2026-10-09 08:36:19,P340,Cleaning,House Cleaning,General House Cleaning,Yes,6,2,135,110,160,TASK_COMPLETION_BASED,"Size or amount of work, Condition of the item/property/site, Complexity of the problem",,5,No
2026-10-09 08:36:44,P340,Cleaning,House Cleaning,Deep Clean House,Yes,4,2,230,195,300,TASK_COMPLETION_BASED,"Size or amount of work, Condition of the item/property/site, Complexity of the problem",,5,No
2026-10-09 08:39:44,P340,Cleaning,House Cleaning,Clean Single Room,Yes,9,2,55,50,65,TASK_COMPLETION_BASED,"Size or amount of work, Condition of the item/property/site, Complexity of the problem",,5,No
2026-10-09 08:41:30,P340,Cleaning,House Cleaning,Full Home Cleaning,Yes,5,2,230,180,275,TASK_COMPLETION_BASED,"Size or amount of work, Condition of the item/property/site, Complexity of the problem",,5,No
2026-10-09 08:46:27,P340,Cleaning,Office Cleaning,Clean Small Office,Yes,7,2,110,95,130,TASK_COMPLETION_BASED,"Size or amount of work, Condition of the item/property/site, Complexity of the problem",,5,No
2026-10-09 08:59:11,P340,Cleaning,Office Cleaning,Clean Retail Shop,Yes,10,2,140,110,160,TASK_COMPLETION_BASED,"Size or amount of work, Condition of the item/property/site, Complexity of the problem",,5,No
2026-10-09 09:14:52,P340,Cleaning,Office Cleaning,Deep Clean Office,Yes,4,2,290,225,375,TASK_COMPLETION_BASED,"Size or amount of work, Condition of the item/property/site, Complexity of the problem",,5,No
2026-10-09 09:23:06,P340,Cleaning,Office Cleaning,Clean Office Floors,Yes,6,2,90,80,110,TASK_COMPLETION_BASED,"Size or amount of work, Condition of the item/property/site, Complexity of the problem",,5,No
2026-10-09 09:29:26,P341,Cleaning,House Cleaning,General House Cleaning,Yes,8,3,150,125,180,TASK_COMPLETION_BASED,"Size or amount of work, Condition of the item/property/site, Complexity of the problem",,5,No
2026-10-09 09:33:10,P341,Cleaning,House Cleaning,Deep Clean House,Yes,4,3,220,180,285,TASK_COMPLETION_BASED,"Size or amount of work, Condition of the item/property/site, Complexity of the problem",,5,No
2026-10-09 10:01:36,P341,Cleaning,House Cleaning,Mop and Clean Floors,Yes,11,3,70,60,80,TASK_COMPLETION_BASED,"Size or amount of work, Condition of the item/property/site, Complexity of the problem",,5,No
2026-10-09 10:06:37,P341,Cleaning,House Cleaning,Dust and Surface Cleaning,Yes,10,3,60,55,70,TASK_COMPLETION_BASED,"Size or amount of work, Condition of the item/property/site, Complexity of the problem",,5,No
2026-10-09 10:10:51,P341,Cleaning,Kitchen Cleaning,Deep Clean Kitchen,Yes,6,3,130,100,165,TASK_COMPLETION_BASED,"Size or amount of work, Condition of the item/property/site, Complexity of the problem",,5,No
2026-10-09 10:24:00,P341,Cleaning,Kitchen Cleaning,Degrease Cooking Area,Yes,3,3,70,60,85,TASK_COMPLETION_BASED,"Size or amount of work, Condition of the item/property/site, Complexity of the problem",,5,No
2026-10-09 10:37:09,P342,Care Support,Disability Support,Daily Living Assistance,Yes,14,5,360,325,400,SHIFT_BASED,"Size or amount of work, Condition of the item/property/site, Complexity of the problem",,5,No
2026-10-09 10:58:48,P342,Care Support,Disability Support,Special Needs Support Session,Yes,12,5,115,100,135,FIXED_DURATION,"Size or amount of work, Condition of the item/property/site, Complexity of the problem",,5,No
2026-10-09 11:00:08,P342,Care Support,Personal Assistance,Home Helper Session,Yes,12,5,270,240,305,FIXED_DURATION,"Size or amount of work, Condition of the item/property/site, Complexity of the problem",,5,No
2026-10-09 11:55:38,P342,Care Support,Personal Assistance,Daily Household Assistance,Yes,10,5,150,120,180,TASK_COMPLETION_BASED,"Size or amount of work, Condition of the item/property/site, Complexity of the problem",,5,No
2026-10-09 12:02:14,P342,Care Support,Personal Assistance,Daily Task Support,Yes,8,5,120,105,140,FIXED_DURATION,"Size or amount of work, Condition of the item/property/site, Complexity of the problem",,5,No
2026-10-09 12:14:35,P343,Repairing,Plumbing Repair,Install Water Pipe,Yes,3,1,130,110,170,TASK_COMPLETION_BASED,"Size or amount of work, Condition of the item/property/site, Complexity of the problem",,5,No
2026-10-09 12:17:14,P343,Repairing,Plumbing Repair,Install Tap,Yes,7,1,35,30,40,TASK_COMPLETION_BASED,"Size or amount of work, Condition of the item/property/site, Complexity of the problem",,5,No
2026-10-09 12:21:57,P343,Repairing,Plumbing Repair,Repair Water Tank Connection,Yes,3,1,60,50,75,TASK_COMPLETION_BASED,"Size or amount of work, Condition of the item/property/site, Complexity of the problem",,5,No
2026-10-09 12:43:18,P343,Repairing,Plumbing Repair,Clear Blocked Drain,Yes,3,1,75,50,100,TASK_COMPLETION_BASED,"Size or amount of work, Condition of the item/property/site, Complexity of the problem",,5,No
2026-10-09 13:13:13,P343,Repairing,Plumbing Repair,Repair Toilet Plumbing,Yes,7,1,70,55,90,TASK_COMPLETION_BASED,"Size or amount of work, Condition of the item/property/site, Complexity of the problem",,5,No
2026-10-09 13:26:21,P343,Repairing,Plumbing Repair,Replace Toilet Pipe,Yes,2,1,80,65,95,TASK_COMPLETION_BASED,"Size or amount of work, Condition of the item/property/site, Complexity of the problem",,5,No
2026-10-09 13:26:35,P344,Repairing,Electrical Repair,Repair Light Circuit,Yes,4,1,45,35,60,TASK_COMPLETION_BASED,"Size or amount of work, Condition of the item/property/site, Complexity of the problem",,5,No
2026-10-09 13:37:18,P344,Repairing,Electrical Repair,Repair Switch,Yes,5,1,25,20,30,TASK_COMPLETION_BASED,"Size or amount of work, Condition of the item/property/site, Complexity of the problem",,5,No
2026-10-09 13:53:45,P344,Repairing,Electrical Repair,Install New Wiring,Yes,3,1,155,115,190,TASK_COMPLETION_BASED,"Size or amount of work, Condition of the item/property/site, Complexity of the problem",,5,No
2026-10-09 14:00:44,P344,Repairing,Electrical Repair,Repair Distribution Board,Yes,2,1,100,70,140,TASK_COMPLETION_BASED,"Size or amount of work, Condition of the item/property/site, Complexity of the problem",,5,No
2026-10-09 14:07:43,P344,Repairing,Electrical Repair,Diagnose Television Fault,Yes,2,1,40,30,50,TASK_COMPLETION_BASED,"Size or amount of work, Condition of the item/property/site, Complexity of the problem",,5,No
2026-10-09 14:40:35,P344,Repairing,Electrical Repair,Repair Washing Machine,Yes,2,1,80,55,100,TASK_COMPLETION_BASED,"Size or amount of work, Condition of the item/property/site, Complexity of the problem",,5,No
2026-10-09 15:07:14,P344,Repairing,Electrical Repair,Repair Rice Cooker,Yes,2,1,45,35,60,TASK_COMPLETION_BASED,"Size or amount of work, Condition of the item/property/site, Complexity of the problem",,5,No
2026-10-09 16:02:19,P345,Gardening,Planting Services,Plant Large Tree,Yes,2,1,100,80,135,TASK_COMPLETION_BASED,"Size or amount of work, Condition of the item/property/site, Complexity of the problem",,5,No
2026-10-09 16:46:40,P345,Gardening,Planting Services,Plant Garden Plants,Yes,5,1,75,60,95,TASK_COMPLETION_BASED,"Size or amount of work, Condition of the item/property/site, Complexity of the problem",,5,No
2026-10-09 16:57:32,P345,Gardening,Planting Services,Prepare Planting Area,Yes,4,1,90,75,110,TASK_COMPLETION_BASED,"Size or amount of work, Condition of the item/property/site, Complexity of the problem",,5,No
2026-10-09 17:09:29,P346,Cleaning,Bathroom Cleaning,General Bathroom Cleaning,Yes,10,1,60,55,70,TASK_COMPLETION_BASED,"Size or amount of work, Condition of the item/property/site, Complexity of the problem",,5,No
2026-10-09 17:24:00,P346,Cleaning,Bathroom Cleaning,Deep Clean Bathroom,Yes,7,1,80,70,100,TASK_COMPLETION_BASED,"Size or amount of work, Condition of the item/property/site, Complexity of the problem",,5,No
2026-10-09 17:27:19,P346,Cleaning,Bathroom Cleaning,Clean Toilet,Yes,5,1,25,20,30,TASK_COMPLETION_BASED,"Size or amount of work, Condition of the item/property/site, Complexity of the problem",,5,No
2026-10-09 18:11:43,P346,Cleaning,Bathroom Cleaning,Clean Washroom,Yes,8,1,45,40,50,TASK_COMPLETION_BASED,"Size or amount of work, Condition of the item/property/site, Complexity of the problem",,5,No
2026-10-09 18:22:26,P346,Cleaning,Bathroom Cleaning,Remove Bathroom Stains,Yes,3,1,70,55,90,TASK_COMPLETION_BASED,"Size or amount of work, Condition of the item/property/site, Complexity of the problem",,5,No
2026-10-09 18:34:15,P346,Cleaning,House Cleaning,Full Home Cleaning,Yes,9,1,215,165,260,TASK_COMPLETION_BASED,"Size or amount of work, Condition of the item/property/site, Complexity of the problem",,5,No
2026-10-09 19:55:46,P347,Care Support,Pet Care,Feed Pet,Yes,8,3,30,20,35,TASK_COMPLETION_BASED,"Size or amount of work, Condition of the item/property/site, Complexity of the problem",,5,No
2026-10-09 20:22:51,P347,Care Support,Pet Care,Dog Walking,Yes,23,3,45,40,55,FIXED_DURATION,"Size or amount of work, Condition of the item/property/site, Complexity of the problem",,5,No
2026-10-09 20:56:47,P347,Care Support,Pet Care,Bathe Pet,Yes,3,3,50,40,65,TASK_COMPLETION_BASED,"Size or amount of work, Condition of the item/property/site, Complexity of the problem",,5,No
2026-10-09 21:07:26,P347,Care Support,Pet Care,Pet Sitting,Yes,11,3,390,335,465,SHIFT_BASED,"Size or amount of work, Condition of the item/property/site, Complexity of the problem",,5,No
2026-10-09 21:36:20,P348,Care Support,Disability Support,Personal Disability Assistance,Yes,4,4,200,175,230,FIXED_DURATION,"Size or amount of work, Condition of the item/property/site, Complexity of the problem",,5,No
2026-10-09 21:49:56,P348,Care Support,Disability Support,Mobility Support,Yes,8,4,90,75,100,FIXED_DURATION,"Size or amount of work, Condition of the item/property/site, Complexity of the problem",,5,No
2026-10-10 08:01:52,P348,Care Support,Disability Support,Daily Living Assistance,Yes,8,4,355,315,400,FIXED_DURATION,"Size or amount of work, Condition of the item/property/site, Complexity of the problem",,5,No
2026-10-10 08:33:31,P348,Care Support,Elderly Care,Home Nursing Visit,Yes,5,4,75,70,85,FIXED_DURATION,"Size or amount of work, Condition of the item/property/site, Complexity of the problem",,5,No
2026-10-10 08:39:28,P348,Care Support,Elderly Care,Medication Assistance,Yes,14,4,25,20,30,TASK_COMPLETION_BASED,"Size or amount of work, Condition of the item/property/site, Complexity of the problem",,5,No
2026-10-10 08:59:43,P348,Care Support,Personal Assistance,Home Helper Session,Yes,9,4,270,240,305,FIXED_DURATION,"Size or amount of work, Condition of the item/property/site, Complexity of the problem",,5,No
2026-10-10 09:14:18,P348,Care Support,Personal Assistance,Personal Assistance,Yes,14,4,315,280,355,FIXED_DURATION,"Size or amount of work, Condition of the item/property/site, Complexity of the problem",,5,No
2026-10-10 09:21:52,P349,Repairing,Painting & Renovation,Paint Interior Wall,Yes,3,5,120,95,145,TASK_COMPLETION_BASED,"Size or amount of work, Condition of the item/property/site, Complexity of the problem",,5,No
2026-10-10 10:03:38,P349,Repairing,Painting & Renovation,Paint Exterior Wall,Yes,3,5,185,145,235,TASK_COMPLETION_BASED,"Size or amount of work, Condition of the item/property/site, Complexity of the problem",,5,No
2026-10-10 10:13:36,P349,Repairing,Painting & Renovation,Paint Room,Yes,4,5,165,140,210,TASK_COMPLETION_BASED,"Size or amount of work, Condition of the item/property/site, Complexity of the problem",,5,No
2026-10-10 10:17:32,P349,Repairing,Painting & Renovation,Paint Whole House,Yes,3,5,450,335,630,TASK_COMPLETION_BASED,"Size or amount of work, Condition of the item/property/site, Complexity of the problem",,5,No
2026-10-10 10:50:07,P349,Repairing,Painting & Renovation,Prepare Wall Surface,Yes,5,5,70,55,85,TASK_COMPLETION_BASED,"Size or amount of work, Condition of the item/property/site, Complexity of the problem",,5,No
2026-10-10 10:55:21,P349,Repairing,Painting & Renovation,Repair Wall Crack,Yes,7,5,70,45,95,TASK_COMPLETION_BASED,"Size or amount of work, Condition of the item/property/site, Complexity of the problem",,5,No
2026-10-10 10:59:59,P349,Repairing,Painting & Renovation,Replace Damaged Tile,Yes,5,5,70,60,85,TASK_COMPLETION_BASED,"Size or amount of work, Condition of the item/property/site, Complexity of the problem",,5,No
2026-10-10 11:17:06,P350,Gardening,Garden Maintenance,Water Plants,Yes,21,2,35,30,40,TASK_COMPLETION_BASED,"Size or amount of work, Condition of the item/property/site, Complexity of the problem",,5,No
2026-10-10 11:36:36,P350,Gardening,Garden Maintenance,Mow Lawn,Yes,10,2,65,55,80,TASK_COMPLETION_BASED,"Size or amount of work, Condition of the item/property/site, Complexity of the problem",,5,No
2026-10-10 12:16:09,P350,Gardening,Garden Maintenance,Trim Tree Branches,Yes,6,2,110,80,130,TASK_COMPLETION_BASED,"Size or amount of work, Condition of the item/property/site, Complexity of the problem",,5,No
2026-10-10 12:25:54,P350,Gardening,Garden Maintenance,Prune Plants,Yes,12,2,50,40,60,TASK_COMPLETION_BASED,"Size or amount of work, Condition of the item/property/site, Complexity of the problem",,5,No
2026-10-10 12:51:54,P351,Repairing,Electrical Repair,Replace Ceiling Fan,Yes,3,3,65,55,75,TASK_COMPLETION_BASED,"Size or amount of work, Condition of the item/property/site, Complexity of the problem",,5,No
2026-10-10 13:19:09,P351,Repairing,Electrical Repair,Install Switch,Yes,7,3,30,25,35,TASK_COMPLETION_BASED,"Size or amount of work, Condition of the item/property/site, Complexity of the problem",,5,No
2026-10-10 13:28:22,P351,Repairing,Electrical Repair,Replace Power Socket,Yes,6,3,35,25,40,TASK_COMPLETION_BASED,"Size or amount of work, Condition of the item/property/site, Complexity of the problem",,5,No
2026-10-10 13:33:42,P351,Repairing,Electrical Repair,Repair Electrical Wiring,Yes,3,3,95,70,120,TASK_COMPLETION_BASED,"Size or amount of work, Condition of the item/property/site, Complexity of the problem",,5,No
2026-10-10 13:40:47,P351,Repairing,Electrical Repair,Install New Wiring,Yes,3,3,190,150,230,TASK_COMPLETION_BASED,"Size or amount of work, Condition of the item/property/site, Complexity of the problem",,5,No
2026-10-10 13:49:23,P351,Repairing,Electrical Repair,Diagnose Television Fault,Yes,4,3,30,20,45,TASK_COMPLETION_BASED,"Size or amount of work, Condition of the item/property/site, Complexity of the problem",,5,No
2026-10-10 13:54:41,P351,Repairing,Electrical Repair,Repair Refrigerator,Yes,2,3,105,80,140,TASK_COMPLETION_BASED,"Size or amount of work, Condition of the item/property/site, Complexity of the problem",,5,No
2026-10-10 14:05:09,P352,Cleaning,House Cleaning,Clean Single Room,Yes,12,1,60,55,70,TASK_COMPLETION_BASED,"Size or amount of work, Condition of the item/property/site, Complexity of the problem",,5,No
2026-10-10 14:15:47,P352,Cleaning,House Cleaning,Dust and Surface Cleaning,Yes,10,1,60,55,70,TASK_COMPLETION_BASED,"Size or amount of work, Condition of the item/property/site, Complexity of the problem",,5,No
2026-10-10 14:40:00,P352,Cleaning,House Cleaning,Full Home Cleaning,Yes,7,1,205,160,245,TASK_COMPLETION_BASED,"Size or amount of work, Condition of the item/property/site, Complexity of the problem",,5,No
2026-10-10 15:12:46,P353,Cleaning,House Cleaning,Deep Clean House,Yes,5,2,205,170,265,TASK_COMPLETION_BASED,"Size or amount of work, Condition of the item/property/site, Complexity of the problem",,5,No
2026-10-10 15:29:50,P353,Cleaning,House Cleaning,Dust and Surface Cleaning,Yes,16,2,55,50,65,TASK_COMPLETION_BASED,"Size or amount of work, Condition of the item/property/site, Complexity of the problem",,5,No
2026-10-10 15:38:36,P353,Cleaning,Post-Construction Cleaning,Post-Construction House Cleaning,Yes,2,2,320,230,455,TASK_COMPLETION_BASED,"Size or amount of work, Condition of the item/property/site, Complexity of the problem",,5,No
2026-10-10 16:01:24,P354,Repairing,Plumbing Repair,Repair Leaking Pipe,Yes,6,2,60,45,75,TASK_COMPLETION_BASED,"Size or amount of work, Condition of the item/property/site, Complexity of the problem",,5,No
2026-10-10 16:03:53,P354,Repairing,Plumbing Repair,Replace Tap,Yes,8,2,30,25,35,TASK_COMPLETION_BASED,"Size or amount of work, Condition of the item/property/site, Complexity of the problem",,5,No
2026-10-10 16:04:35,P354,Repairing,Plumbing Repair,Clean Water Tank,Yes,2,2,150,125,180,TASK_COMPLETION_BASED,"Size or amount of work, Condition of the item/property/site, Complexity of the problem",,5,No
2026-10-10 16:49:41,P354,Repairing,Plumbing Repair,Repair Water Tank Connection,Yes,3,2,65,55,80,TASK_COMPLETION_BASED,"Size or amount of work, Condition of the item/property/site, Complexity of the problem",,5,No
2026-10-10 17:24:30,P354,Repairing,Plumbing Repair,Clear Blocked Drain,Yes,9,2,70,40,95,TASK_COMPLETION_BASED,"Size or amount of work, Condition of the item/property/site, Complexity of the problem",,5,No
2026-10-10 17:52:11,P354,Repairing,Plumbing Repair,Replace Toilet Pipe,Yes,3,2,80,65,100,TASK_COMPLETION_BASED,"Size or amount of work, Condition of the item/property/site, Complexity of the problem",,5,No
2026-10-10 18:07:12,P354,Repairing,Plumbing Repair,Install Bathroom Pipe,Yes,2,2,140,110,185,TASK_COMPLETION_BASED,"Size or amount of work, Condition of the item/property/site, Complexity of the problem",,5,No
2026-10-10 19:09:57,P355,Repairing,Painting & Renovation,Paint Interior Wall,Yes,4,3,110,90,130,TASK_COMPLETION_BASED,"Size or amount of work, Condition of the item/property/site, Complexity of the problem",,5,No
2026-10-10 19:35:01,P355,Repairing,Painting & Renovation,Paint Room,Yes,5,3,165,135,210,TASK_COMPLETION_BASED,"Size or amount of work, Condition of the item/property/site, Complexity of the problem",,5,No
2026-10-10 19:42:18,P355,Repairing,Painting & Renovation,Paint Ceiling,Yes,4,3,80,65,95,TASK_COMPLETION_BASED,"Size or amount of work, Condition of the item/property/site, Complexity of the problem",,5,No
2026-10-10 19:45:59,P355,Repairing,Painting & Renovation,Prepare Wall Surface,Yes,4,3,85,65,100,TASK_COMPLETION_BASED,"Size or amount of work, Condition of the item/property/site, Complexity of the problem",,5,No
2026-10-10 19:50:33,P355,Repairing,Painting & Renovation,Repair Wall Crack,Yes,7,3,70,50,90,TASK_COMPLETION_BASED,"Size or amount of work, Condition of the item/property/site, Complexity of the problem",,5,No
2026-10-10 20:18:34,P355,Repairing,Painting & Renovation,Minor Renovation Work,Yes,3,3,205,140,285,TASK_COMPLETION_BASED,"Size or amount of work, Condition of the item/property/site, Complexity of the problem",,5,No
2026-10-10 20:25:24,P356,Cleaning,House Cleaning,General House Cleaning,Yes,13,1,150,125,175,TASK_COMPLETION_BASED,"Size or amount of work, Condition of the item/property/site, Complexity of the problem",,5,No
2026-10-10 20:26:00,P356,Cleaning,House Cleaning,Deep Clean House,Yes,6,1,240,195,305,TASK_COMPLETION_BASED,"Size or amount of work, Condition of the item/property/site, Complexity of the problem",,5,No
2026-10-10 20:28:15,P356,Cleaning,House Cleaning,Clean Single Room,Yes,19,1,55,50,65,TASK_COMPLETION_BASED,"Size or amount of work, Condition of the item/property/site, Complexity of the problem",,5,No
2026-10-10 21:06:32,P356,Cleaning,House Cleaning,Mop and Clean Floors,Yes,9,1,55,45,60,TASK_COMPLETION_BASED,"Size or amount of work, Condition of the item/property/site, Complexity of the problem",,5,No
2026-10-10 21:15:17,P356,Cleaning,House Cleaning,Dust and Surface Cleaning,Yes,12,1,60,55,70,TASK_COMPLETION_BASED,"Size or amount of work, Condition of the item/property/site, Complexity of the problem",,5,No
2026-10-10 21:19:23,P356,Cleaning,House Cleaning,Full Home Cleaning,Yes,6,1,225,175,270,TASK_COMPLETION_BASED,"Size or amount of work, Condition of the item/property/site, Complexity of the problem",,5,No
2026-10-10 21:23:29,P356,Cleaning,Move In/Out Cleaning,Move-In Cleaning,Yes,4,1,220,180,265,TASK_COMPLETION_BASED,"Size or amount of work, Condition of the item/property/site, Complexity of the problem",,5,No
2026-10-10 21:34:21,P356,Cleaning,Post-Construction Cleaning,Clean Post-Renovation Area,Yes,2,1,235,185,315,TASK_COMPLETION_BASED,"Size or amount of work, Condition of the item/property/site, Complexity of the problem",,5,No
