Timestamp,Q1. Research Participant Code (provider_id),Q2. Job Record Number,Job ID (derived),Q3. Job Date,Q4. Service Category,Q5. Service Type,Q6. Task Name,Q7. Other Task Description,Q8. Duration Type,Q9. Single Session Job?,Q10. Multi-Session Type,Q11. Scheduled Start Time,Q12. Provider Estimated Duration (mins),Q13. Planned Team Size,Q14. Jobs Scheduled That Day,Q15. Job Sequence in Day,Q16. First Job of Day?,Q17. Previous Scheduled End Time,Q18. Expected Travel Time (mins),Q19. Direct from Previous Job?,Q20. Actual Arrival Time,Q21. Actual Start Time,Q22. Actual End Time,Q23. Actual Team Size,Q24. Previous Actual End Time,Q25. Actual Travel Time (mins),Q26. Provider Perceived Delay,Q27. Delay Causes,Q28. Provider Perceived Duration Overrun,Q29. Duration Overrun Causes,Q30. Rescheduled?,Q31. Final Scheduled Start Time,Q32. Timestamp Confidence,Q33. Record Source,Q34. Job Notes
2026-09-05 08:00:28,P001,1,P001-J01,2026-09-25,Gardening,Garden Cleaning,General Garden Cleaning,,TASK_COMPLETION_BASED,Yes,N/A — Single Session,08:00,110,2,3,First job,Yes,,0,Not applicable,08:10,08:10,10:05,2,,0,Yes,Traffic congestion,About the same,Not applicable,No,08:00,Exact — checked using calendar/message/booking records,"Calendar, Booking application/system",
2026-09-05 08:19:32,P001,2,P001-J02,2026-09-25,Gardening,Garden Maintenance,Water Plants,,TASK_COMPLETION_BASED,Yes,N/A — Single Session,09:00,35,2,3,Second job,No,09:30,20,Yes,09:05,09:05,09:45,2,,20,No,No meaningful delay occurred,About the same,Not applicable,No,09:00,Exact — checked using calendar/message/booking records,"Calendar, Booking application/system",
2026-09-05 09:13:43,P001,3,P001-J03,2026-09-25,Gardening,Garden Maintenance,Trim Tree Branches,,TASK_COMPLETION_BASED,Yes,N/A — Single Session,10:00,120,2,3,Second job,No,09:30,20,Yes,10:15,10:15,12:30,2,,20,Yes,Traffic congestion,Yes,Complexity of the problem,No,10:00,Exact — checked using calendar/message/booking records,"Calendar, Booking application/system",
2026-09-05 09:28:05,P001,4,P001-J04,2026-09-25,Gardening,Garden Maintenance,General Garden Maintenance,,TASK_COMPLETION_BASED,Yes,N/A — Single Session,11:00,145,2,3,Second job,No,09:30,20,Yes,11:00,11:00,13:25,2,,20,No,No meaningful delay occurred,About the same,Not applicable,No,11:00,Exact — checked using calendar/message/booking records,"Calendar, Booking application/system",
2026-09-05 09:53:45,P002,5,P002-J05,2026-09-25,Cleaning,Kitchen Cleaning,General Kitchen Cleaning,,TASK_COMPLETION_BASED,Yes,N/A — Single Session,12:00,65,1,3,Second job,No,09:30,20,Yes,12:05,12:05,13:10,1,,20,No,No meaningful delay occurred,About the same,Not applicable,No,12:00,Exact — checked using calendar/message/booking records,"Calendar, Booking application/system",
2026-09-05 10:06:50,P002,1,P002-J01,2026-09-25,Cleaning,Kitchen Cleaning,Deep Clean Kitchen,,TASK_COMPLETION_BASED,Yes,N/A — Single Session,13:00,115,1,3,First job,Yes,,0,Not applicable,13:15,13:15,15:10,1,,0,Yes,Traffic congestion,About the same,Not applicable,No,13:00,Exact — checked using calendar/message/booking records,"Calendar, Booking application/system",
2026-09-05 10:14:44,P002,2,P002-J02,2026-09-25,Cleaning,Kitchen Cleaning,Degrease Cooking Area,,TASK_COMPLETION_BASED,Yes,N/A — Single Session,14:00,65,1,3,Second job,No,09:30,20,Yes,14:05,14:05,15:20,1,,20,No,No meaningful delay occurred,Yes,Complexity of the problem,No,14:00,Exact — checked using calendar/message/booking records,"Calendar, Booking application/system",
2026-09-05 10:23:44,P002,3,P002-J03,2026-09-25,Cleaning,Kitchen Cleaning,Clean Kitchen Floor,,TASK_COMPLETION_BASED,Yes,N/A — Single Session,08:00,25,1,3,Second job,No,09:30,20,Yes,08:15,08:15,08:35,1,,20,Yes,Traffic congestion,About the same,Not applicable,No,08:00,Exact — checked using calendar/message/booking records,"Calendar, Booking application/system",
2026-09-05 10:39:49,P002,4,P002-J04,2026-09-25,Cleaning,Move In/Out Cleaning,Move-In Cleaning,,TASK_COMPLETION_BASED,Yes,N/A — Single Session,09:00,185,1,3,Second job,No,09:30,20,Yes,09:10,09:10,12:25,1,,20,Yes,Traffic congestion,Yes,Complexity of the problem,No,09:00,Exact — checked using calendar/message/booking records,"Calendar, Booking application/system",
2026-09-05 10:58:14,P002,5,P002-J05,2026-09-25,Cleaning,Move In/Out Cleaning,Move-Out Cleaning,,TASK_COMPLETION_BASED,Yes,N/A — Single Session,10:00,190,1,3,Second job,No,09:30,20,Yes,10:00,10:00,13:05,1,,20,No,No meaningful delay occurred,About the same,Not applicable,No,10:00,Exact — checked using calendar/message/booking records,"Calendar, Booking application/system",
2026-09-05 11:02:11,P002,1,P002-J01,2026-09-25,Cleaning,Move In/Out Cleaning,Empty Property Deep Cleaning,,TASK_COMPLETION_BASED,Yes,N/A — Single Session,11:00,310,1,3,First job,Yes,,0,Not applicable,11:10,11:10,16:25,1,,0,Yes,Traffic congestion,About the same,Not applicable,No,11:00,Exact — checked using calendar/message/booking records,"Calendar, Booking application/system",
2026-09-05 11:31:06,P003,2,P003-J02,2026-09-25,Gardening,Garden Maintenance,Water Plants,,TASK_COMPLETION_BASED,Yes,N/A — Single Session,12:00,40,1,3,Second job,No,09:30,20,Yes,12:00,12:00,12:40,1,,20,No,No meaningful delay occurred,About the same,Not applicable,No,12:00,Exact — checked using calendar/message/booking records,"Calendar, Booking application/system",
2026-09-05 11:53:41,P003,3,P003-J03,2026-09-25,Gardening,Garden Maintenance,Mow Lawn,,TASK_COMPLETION_BASED,Yes,N/A — Single Session,13:00,80,1,3,Second job,No,09:30,20,Yes,13:00,13:00,14:30,1,,20,No,No meaningful delay occurred,Yes,Complexity of the problem,No,13:00,Exact — checked using calendar/message/booking records,"Calendar, Booking application/system",
2026-09-05 12:34:19,P003,4,P003-J04,2026-09-25,Gardening,Garden Maintenance,Remove Weeds,,TASK_COMPLETION_BASED,Yes,N/A — Single Session,14:00,90,1,3,Second job,No,09:30,20,Yes,14:15,14:15,15:45,1,,20,Yes,Traffic congestion,About the same,Not applicable,No,14:00,Exact — checked using calendar/message/booking records,"Calendar, Booking application/system",
2026-09-05 13:04:19,P003,5,P003-J05,2026-09-25,Gardening,Garden Maintenance,General Garden Maintenance,,TASK_COMPLETION_BASED,Yes,N/A — Single Session,08:00,150,1,3,Second job,No,09:30,20,Yes,08:00,08:00,10:20,1,,20,No,No meaningful delay occurred,"No, it finished earlier",Not applicable,No,08:00,Exact — checked using calendar/message/booking records,"Calendar, Booking application/system",
2026-09-05 13:22:40,P003,1,P003-J01,2026-09-25,Gardening,Garden Maintenance,Prune Plants,,TASK_COMPLETION_BASED,Yes,N/A — Single Session,09:00,65,1,3,First job,Yes,,0,Not applicable,09:05,09:05,10:10,1,,0,No,No meaningful delay occurred,About the same,Not applicable,No,09:00,Exact — checked using calendar/message/booking records,"Calendar, Booking application/system",
2026-09-05 13:45:10,P004,2,P004-J02,2026-09-25,Gardening,Planting Services,Plant Flowers,,TASK_COMPLETION_BASED,Yes,N/A — Single Session,10:00,65,1,3,Second job,No,09:30,20,Yes,10:00,10:00,11:05,1,,20,No,No meaningful delay occurred,About the same,Not applicable,No,10:00,Exact — checked using calendar/message/booking records,"Calendar, Booking application/system",
2026-09-05 13:52:48,P004,3,P004-J03,2026-09-25,Gardening,Planting Services,Plant Small Tree,,TASK_COMPLETION_BASED,Yes,N/A — Single Session,11:00,45,1,3,Second job,No,09:30,20,Yes,11:10,11:10,12:10,1,,20,Yes,Traffic congestion,Yes,Complexity of the problem,No,11:00,Exact — checked using calendar/message/booking records,"Calendar, Booking application/system",
2026-09-05 13:56:40,P004,4,P004-J04,2026-09-25,Gardening,Planting Services,Prepare Planting Area,,TASK_COMPLETION_BASED,Yes,N/A — Single Session,12:00,120,1,3,Second job,No,09:30,20,Yes,12:00,12:00,14:10,1,,20,No,No meaningful delay occurred,Yes,Complexity of the problem,No,12:00,Exact — checked using calendar/message/booking records,"Calendar, Booking application/system",
2026-09-05 14:01:12,P005,5,P005-J05,2026-09-25,Cleaning,Kitchen Cleaning,Clean Kitchen Cabinets,,TASK_COMPLETION_BASED,Yes,N/A — Single Session,13:00,80,1,3,Second job,No,09:30,20,Yes,13:00,13:00,14:20,1,,20,No,No meaningful delay occurred,About the same,Not applicable,No,13:00,Exact — checked using calendar/message/booking records,"Calendar, Booking application/system",
2026-09-05 14:03:31,P005,1,P005-J01,2026-09-25,Cleaning,Kitchen Cleaning,Clean Kitchen Floor,,TASK_COMPLETION_BASED,Yes,N/A — Single Session,14:00,30,1,3,First job,Yes,,0,Not applicable,14:10,14:10,14:55,1,,0,Yes,Traffic congestion,Yes,Complexity of the problem,No,14:00,Exact — checked using calendar/message/booking records,"Calendar, Booking application/system",
2026-09-05 14:14:29,P005,2,P005-J02,2026-09-25,Cleaning,Move In/Out Cleaning,Move-In Cleaning,,TASK_COMPLETION_BASED,Yes,N/A — Single Session,08:00,245,1,3,Second job,No,09:30,20,Yes,08:10,08:10,12:05,1,,20,Yes,Traffic congestion,"No, it finished earlier",Not applicable,No,08:00,Exact — checked using calendar/message/booking records,"Calendar, Booking application/system",
2026-09-05 14:15:38,P005,3,P005-J03,2026-09-25,Cleaning,Move In/Out Cleaning,Move-Out Cleaning,,TASK_COMPLETION_BASED,Yes,N/A — Single Session,09:00,230,1,3,Second job,No,09:30,20,Yes,09:05,09:05,13:00,1,,20,No,No meaningful delay occurred,About the same,Not applicable,No,09:00,Exact — checked using calendar/message/booking records,"Calendar, Booking application/system",
2026-09-05 15:31:45,P006,4,P006-J04,2026-09-25,Gardening,Garden Cleaning,General Garden Cleaning,,TASK_COMPLETION_BASED,Yes,N/A — Single Session,10:00,125,1,3,Second job,No,09:30,20,Yes,10:05,10:05,12:25,1,,20,No,No meaningful delay occurred,Yes,Complexity of the problem,No,10:00,Exact — checked using calendar/message/booking records,"Calendar, Booking application/system",
2026-09-05 15:36:22,P006,5,P006-J05,2026-09-25,Gardening,Garden Maintenance,Mow Lawn,,TASK_COMPLETION_BASED,Yes,N/A — Single Session,11:00,75,1,3,Second job,No,09:30,20,Yes,11:15,11:15,12:20,1,,20,Yes,Traffic congestion,"No, it finished earlier",Not applicable,No,11:00,Exact — checked using calendar/message/booking records,"Calendar, Booking application/system",
2026-09-05 15:39:46,P006,1,P006-J01,2026-09-25,Gardening,Garden Maintenance,Remove Weeds,,TASK_COMPLETION_BASED,Yes,N/A — Single Session,12:00,80,1,3,First job,Yes,,0,Not applicable,12:00,12:00,13:20,1,,0,No,No meaningful delay occurred,About the same,Not applicable,No,12:00,Exact — checked using calendar/message/booking records,"Calendar, Booking application/system",
2026-09-05 15:54:37,P006,2,P006-J02,2026-09-25,Gardening,Garden Maintenance,Prune Plants,,TASK_COMPLETION_BASED,Yes,N/A — Single Session,13:00,65,1,3,Second job,No,09:30,20,Yes,13:00,13:00,14:05,1,,20,No,No meaningful delay occurred,About the same,Not applicable,No,13:00,Exact — checked using calendar/message/booking records,"Calendar, Booking application/system",
2026-09-05 15:59:00,P007,3,P007-J03,2026-09-25,Care Support,Child Care,Babysitting,,FIXED_DURATION,Yes,N/A — Single Session,14:00,260,1,3,Second job,No,09:30,20,Yes,14:00,14:00,18:15,1,,20,No,No meaningful delay occurred,About the same,Not applicable,No,14:00,Exact — checked using calendar/message/booking records,"Calendar, Booking application/system",
2026-09-05 16:02:28,P007,4,P007-J04,2026-09-25,Care Support,Child Care,Baby Care Session,,FIXED_DURATION,Yes,N/A — Single Session,08:00,155,1,3,Second job,No,09:30,20,Yes,08:00,08:00,10:25,1,,20,No,No meaningful delay occurred,"No, it finished earlier",Not applicable,No,08:00,Exact — checked using calendar/message/booking records,"Calendar, Booking application/system",
2026-09-05 16:08:19,P007,5,P007-J05,2026-09-25,Care Support,Child Care,Child Supervision,,FIXED_DURATION,Yes,N/A — Single Session,09:00,220,1,3,Second job,No,09:30,20,Yes,09:00,09:00,12:45,1,,20,No,No meaningful delay occurred,About the same,Not applicable,No,09:00,Exact — checked using calendar/message/booking records,"Calendar, Booking application/system",
2026-09-05 16:33:51,P008,1,P008-J01,2026-09-25,Care Support,Elderly Care,Elderly Assistance Session,,FIXED_DURATION,Yes,N/A — Single Session,10:00,125,3,3,First job,Yes,,0,Not applicable,10:00,10:00,12:05,3,,0,No,No meaningful delay occurred,About the same,Not applicable,No,10:00,Exact — checked using calendar/message/booking records,"Calendar, Booking application/system",
2026-09-05 16:38:19,P008,2,P008-J02,2026-09-25,Care Support,Elderly Care,Home Nursing Visit,,FIXED_DURATION,Yes,N/A — Single Session,11:00,75,3,3,Second job,No,09:30,20,Yes,11:10,11:10,12:40,3,,20,Yes,Traffic congestion,Yes,Complexity of the problem,No,11:00,Exact — checked using calendar/message/booking records,"Calendar, Booking application/system",
2026-09-05 17:22:17,P008,3,P008-J03,2026-09-25,Care Support,Elderly Care,Medication Assistance,,TASK_COMPLETION_BASED,Yes,N/A — Single Session,12:00,25,3,3,Second job,No,09:30,20,Yes,12:10,12:10,12:50,3,,20,Yes,Traffic congestion,Yes,Complexity of the problem,No,12:00,Exact — checked using calendar/message/booking records,"Calendar, Booking application/system",
2026-09-05 18:13:10,P008,4,P008-J04,2026-09-25,Care Support,Elderly Care,Mobility Assistance,,FIXED_DURATION,Yes,N/A — Single Session,13:00,95,3,3,Second job,No,09:30,20,Yes,13:10,13:10,14:50,3,,20,Yes,Traffic congestion,About the same,Not applicable,No,13:00,Exact — checked using calendar/message/booking records,"Calendar, Booking application/system",
2026-09-05 18:16:51,P009,5,P009-J05,2026-09-25,Repairing,Plumbing Repair,Repair Tap,,TASK_COMPLETION_BASED,Yes,N/A — Single Session,14:00,35,3,3,Second job,No,09:30,20,Yes,14:05,14:05,14:50,3,,20,No,No meaningful delay occurred,Yes,Complexity of the problem,No,14:00,Exact — checked using calendar/message/booking records,"Calendar, Booking application/system",
2026-09-05 18:34:43,P009,1,P009-J01,2026-09-25,Repairing,Plumbing Repair,Clean Water Tank,,TASK_COMPLETION_BASED,Yes,N/A — Single Session,08:00,155,3,3,First job,Yes,,0,Not applicable,08:00,08:00,10:35,3,,0,No,No meaningful delay occurred,About the same,Not applicable,No,08:00,Exact — checked using calendar/message/booking records,"Calendar, Booking application/system",
2026-09-05 18:41:47,P009,2,P009-J02,2026-09-25,Repairing,Plumbing Repair,Repair Water Tank Connection,,TASK_COMPLETION_BASED,Yes,N/A — Single Session,09:00,65,3,3,Second job,No,09:30,20,Yes,09:00,09:00,10:05,3,,20,No,No meaningful delay occurred,About the same,Not applicable,No,09:00,Exact — checked using calendar/message/booking records,"Calendar, Booking application/system",
2026-09-05 19:57:19,P009,3,P009-J03,2026-09-25,Repairing,Plumbing Repair,Install Sink Plumbing,,TASK_COMPLETION_BASED,Yes,N/A — Single Session,10:00,95,3,3,Second job,No,09:30,20,Yes,10:00,10:00,11:45,3,,20,No,No meaningful delay occurred,Yes,Complexity of the problem,No,10:00,Exact — checked using calendar/message/booking records,"Calendar, Booking application/system",
2026-09-05 19:57:56,P009,4,P009-J04,2026-09-25,Repairing,Plumbing Repair,Install Bathroom Pipe,,TASK_COMPLETION_BASED,Yes,N/A — Single Session,11:00,150,3,3,Second job,No,09:30,20,Yes,11:00,11:00,13:40,3,,20,No,No meaningful delay occurred,Yes,Complexity of the problem,No,11:00,Exact — checked using calendar/message/booking records,"Calendar, Booking application/system",
2026-09-05 20:10:13,P010,5,P010-J05,2026-09-25,Gardening,Planting Services,Plant Flowers,,TASK_COMPLETION_BASED,Yes,N/A — Single Session,12:00,60,2,3,Second job,No,09:30,20,Yes,12:00,12:00,13:00,2,,20,No,No meaningful delay occurred,About the same,Not applicable,No,12:00,Exact — checked using calendar/message/booking records,"Calendar, Booking application/system",
2026-09-05 20:22:44,P010,1,P010-J01,2026-09-25,Gardening,Planting Services,Plant Vegetables,,TASK_COMPLETION_BASED,Yes,N/A — Single Session,13:00,100,2,3,First job,Yes,,0,Not applicable,13:00,13:00,14:45,2,,0,No,No meaningful delay occurred,About the same,Not applicable,No,13:00,Exact — checked using calendar/message/booking records,"Calendar, Booking application/system",
2026-09-05 20:43:53,P010,2,P010-J02,2026-09-25,Gardening,Planting Services,Plant Small Tree,,TASK_COMPLETION_BASED,Yes,N/A — Single Session,14:00,40,2,3,Second job,No,09:30,20,Yes,14:00,14:00,14:35,2,,20,No,No meaningful delay occurred,About the same,Not applicable,No,14:00,Exact — checked using calendar/message/booking records,"Calendar, Booking application/system",
2026-09-05 21:14:23,P010,3,P010-J03,2026-09-25,Gardening,Planting Services,Plant Large Tree,,TASK_COMPLETION_BASED,Yes,N/A — Single Session,08:00,105,2,3,Second job,No,09:30,20,Yes,08:10,08:10,09:50,2,,20,Yes,Traffic congestion,About the same,Not applicable,No,08:00,Exact — checked using calendar/message/booking records,"Calendar, Booking application/system",
2026-09-05 21:16:19,P010,4,P010-J04,2026-09-25,Gardening,Planting Services,Plant Garden Plants,,TASK_COMPLETION_BASED,Yes,N/A — Single Session,09:00,80,2,3,Second job,No,09:30,20,Yes,09:00,09:00,10:30,2,,20,No,No meaningful delay occurred,Yes,Complexity of the problem,No,09:00,Exact — checked using calendar/message/booking records,"Calendar, Booking application/system",
2026-09-05 21:59:50,P010,5,P010-J05,2026-09-25,Gardening,Planting Services,Prepare Planting Area,,TASK_COMPLETION_BASED,Yes,N/A — Single Session,10:00,90,2,3,Second job,No,09:30,20,Yes,10:10,10:10,11:50,2,,20,Yes,Traffic congestion,Yes,Complexity of the problem,No,10:00,Exact — checked using calendar/message/booking records,"Calendar, Booking application/system",
2026-09-06 08:01:07,P011,1,P011-J01,2026-09-25,Repairing,Plumbing Repair,Install Water Pipe,,TASK_COMPLETION_BASED,Yes,N/A — Single Session,11:00,115,1,3,First job,Yes,,0,Not applicable,11:00,11:00,13:10,1,,0,No,No meaningful delay occurred,Yes,Complexity of the problem,No,11:00,Exact — checked using calendar/message/booking records,"Calendar, Booking application/system",
2026-09-06 08:32:16,P011,2,P011-J02,2026-09-25,Repairing,Plumbing Repair,Repair Water Tank Connection,,TASK_COMPLETION_BASED,Yes,N/A — Single Session,12:00,60,1,3,Second job,No,09:30,20,Yes,12:10,12:10,13:00,1,,20,Yes,Traffic congestion,"No, it finished earlier",Not applicable,No,12:00,Exact — checked using calendar/message/booking records,"Calendar, Booking application/system",
2026-09-06 09:06:30,P011,3,P011-J03,2026-09-25,Repairing,Plumbing Repair,Repair Sink Plumbing,,TASK_COMPLETION_BASED,Yes,N/A — Single Session,13:00,50,1,3,Second job,No,09:30,20,Yes,13:00,13:00,13:55,1,,20,No,No meaningful delay occurred,About the same,Not applicable,No,13:00,Exact — checked using calendar/message/booking records,"Calendar, Booking application/system",
2026-09-06 09:32:24,P011,4,P011-J04,2026-09-25,Repairing,Plumbing Repair,Install Sink Plumbing,,TASK_COMPLETION_BASED,Yes,N/A — Single Session,14:00,80,1,3,Second job,No,09:30,20,Yes,14:15,14:15,15:30,1,,20,Yes,Traffic congestion,About the same,Not applicable,No,14:00,Exact — checked using calendar/message/booking records,"Calendar, Booking application/system",
2026-09-06 10:10:53,P011,5,P011-J05,2026-09-25,Repairing,Plumbing Repair,Repair Toilet Plumbing,,TASK_COMPLETION_BASED,Yes,N/A — Single Session,08:00,70,1,3,Second job,No,09:30,20,Yes,08:15,08:15,09:20,1,,20,Yes,Traffic congestion,About the same,Not applicable,No,08:00,Exact — checked using calendar/message/booking records,"Calendar, Booking application/system",
2026-09-06 10:23:29,P011,1,P011-J01,2026-09-25,Repairing,Plumbing Repair,Replace Toilet Pipe,,TASK_COMPLETION_BASED,Yes,N/A — Single Session,09:00,80,1,3,First job,Yes,,0,Not applicable,09:00,09:00,10:20,1,,0,No,No meaningful delay occurred,About the same,Not applicable,No,09:00,Exact — checked using calendar/message/booking records,"Calendar, Booking application/system",
2026-09-06 10:38:13,P012,2,P012-J02,2026-09-25,Cleaning,House Cleaning,Deep Clean House,,TASK_COMPLETION_BASED,Yes,N/A — Single Session,10:00,250,2,3,Second job,No,09:30,20,Yes,10:10,10:10,14:20,2,,20,Yes,Traffic congestion,About the same,Not applicable,No,10:00,Exact — checked using calendar/message/booking records,"Calendar, Booking application/system",
2026-09-06 10:49:55,P012,3,P012-J03,2026-09-25,Cleaning,House Cleaning,Clean Single Room,,TASK_COMPLETION_BASED,Yes,N/A — Single Session,11:00,55,2,3,Second job,No,09:30,20,Yes,11:15,11:15,12:00,2,,20,Yes,Traffic congestion,"No, it finished earlier",Not applicable,No,11:00,Exact — checked using calendar/message/booking records,"Calendar, Booking application/system",
2026-09-06 11:36:22,P012,4,P012-J04,2026-09-25,Cleaning,House Cleaning,Mop and Clean Floors,,TASK_COMPLETION_BASED,Yes,N/A — Single Session,12:00,65,2,3,Second job,No,09:30,20,Yes,12:15,12:15,13:35,2,,20,Yes,Traffic congestion,Yes,Complexity of the problem,No,12:00,Exact — checked using calendar/message/booking records,"Calendar, Booking application/system",
2026-09-06 11:55:16,P012,5,P012-J05,2026-09-25,Cleaning,House Cleaning,Dust and Surface Cleaning,,TASK_COMPLETION_BASED,Yes,N/A — Single Session,13:00,60,2,3,Second job,No,09:30,20,Yes,13:15,13:15,14:05,2,,20,Yes,Traffic congestion,"No, it finished earlier",Not applicable,No,13:00,Exact — checked using calendar/message/booking records,"Calendar, Booking application/system",
2026-09-06 12:22:14,P013,1,P013-J01,2026-09-25,Repairing,Electrical Repair,Repair Ceiling Fan,,TASK_COMPLETION_BASED,Yes,N/A — Single Session,14:00,55,2,3,First job,Yes,,0,Not applicable,14:00,14:00,15:10,2,,0,No,No meaningful delay occurred,Yes,Complexity of the problem,No,14:00,Exact — checked using calendar/message/booking records,"Calendar, Booking application/system",
2026-09-06 12:35:35,P013,2,P013-J02,2026-09-25,Repairing,Electrical Repair,Install Light Fitting,,TASK_COMPLETION_BASED,Yes,N/A — Single Session,08:00,40,2,3,Second job,No,09:30,20,Yes,08:00,08:00,08:30,2,,20,No,No meaningful delay occurred,"No, it finished earlier",Not applicable,No,08:00,Exact — checked using calendar/message/booking records,"Calendar, Booking application/system",
2026-09-06 12:58:49,P013,3,P013-J03,2026-09-25,Repairing,Electrical Repair,Repair Power Socket,,TASK_COMPLETION_BASED,Yes,N/A — Single Session,09:00,35,2,3,Second job,No,09:30,20,Yes,09:10,09:10,10:00,2,,20,Yes,Traffic congestion,Yes,Complexity of the problem,No,09:00,Exact — checked using calendar/message/booking records,"Calendar, Booking application/system",
2026-09-06 13:26:25,P013,4,P013-J04,2026-09-25,Repairing,Electrical Repair,Replace Damaged Wiring,,TASK_COMPLETION_BASED,Yes,N/A — Single Session,10:00,150,2,3,Second job,No,09:30,20,Yes,10:05,10:05,12:35,2,,20,No,No meaningful delay occurred,About the same,Not applicable,No,10:00,Exact — checked using calendar/message/booking records,"Calendar, Booking application/system",
2026-09-06 13:43:39,P013,5,P013-J05,2026-09-25,Repairing,Electrical Repair,Repair Washing Machine,,TASK_COMPLETION_BASED,Yes,N/A — Single Session,11:00,95,2,3,Second job,No,09:30,20,Yes,11:00,11:00,12:35,2,,20,No,No meaningful delay occurred,About the same,Not applicable,No,11:00,Exact — checked using calendar/message/booking records,"Calendar, Booking application/system",
2026-09-06 13:48:26,P014,1,P014-J01,2026-09-25,Cleaning,Sofa/Carpet/Curtain Cleaning,Clean Carpet,,TASK_COMPLETION_BASED,Yes,N/A — Single Session,12:00,75,1,3,First job,Yes,,0,Not applicable,12:05,12:05,13:10,1,,0,No,No meaningful delay occurred,"No, it finished earlier",Not applicable,No,12:00,Exact — checked using calendar/message/booking records,"Calendar, Booking application/system",
2026-09-06 14:00:37,P014,2,P014-J02,2026-09-25,Cleaning,Sofa/Carpet/Curtain Cleaning,Clean Curtains,,TASK_COMPLETION_BASED,Yes,N/A — Single Session,13:00,75,1,3,Second job,No,09:30,20,Yes,13:05,13:05,14:25,1,,20,No,No meaningful delay occurred,About the same,Not applicable,No,13:00,Exact — checked using calendar/message/booking records,"Calendar, Booking application/system",
2026-09-06 14:25:21,P014,3,P014-J03,2026-09-25,Cleaning,Sofa/Carpet/Curtain Cleaning,Steam Clean Curtains,,TASK_COMPLETION_BASED,Yes,N/A — Single Session,14:00,95,1,3,Second job,No,09:30,20,Yes,14:00,14:00,15:50,1,,20,No,No meaningful delay occurred,Yes,Complexity of the problem,No,14:00,Exact — checked using calendar/message/booking records,"Calendar, Booking application/system",
2026-09-06 14:32:24,P014,4,P014-J04,2026-09-25,Cleaning,Sofa/Carpet/Curtain Cleaning,Deep Clean Mattress,,TASK_COMPLETION_BASED,Yes,N/A — Single Session,08:00,95,1,3,Second job,No,09:30,20,Yes,08:00,08:00,09:25,1,,20,No,No meaningful delay occurred,"No, it finished earlier",Not applicable,No,08:00,Exact — checked using calendar/message/booking records,"Calendar, Booking application/system",
2026-09-06 14:40:14,P015,5,P015-J05,2026-09-25,Cleaning,House Cleaning,Deep Clean House,,TASK_COMPLETION_BASED,Yes,N/A — Single Session,09:00,240,2,3,Second job,No,09:30,20,Yes,09:10,09:10,13:25,2,,20,Yes,Traffic congestion,Yes,Complexity of the problem,No,09:00,Exact — checked using calendar/message/booking records,"Calendar, Booking application/system",
2026-09-06 14:41:14,P015,1,P015-J01,2026-09-25,Cleaning,House Cleaning,Clean Single Room,,TASK_COMPLETION_BASED,Yes,N/A — Single Session,10:00,50,2,3,First job,Yes,,0,Not applicable,10:00,10:00,10:50,2,,0,No,No meaningful delay occurred,About the same,Not applicable,No,10:00,Exact — checked using calendar/message/booking records,"Calendar, Booking application/system",
2026-09-06 14:53:51,P015,2,P015-J02,2026-09-25,Cleaning,Kitchen Cleaning,General Kitchen Cleaning,,TASK_COMPLETION_BASED,Yes,N/A — Single Session,11:00,65,2,3,Second job,No,09:30,20,Yes,11:00,11:00,11:55,2,,20,No,No meaningful delay occurred,"No, it finished earlier",Not applicable,No,11:00,Exact — checked using calendar/message/booking records,"Calendar, Booking application/system",
2026-09-06 15:35:01,P016,3,P016-J03,2026-09-25,Cleaning,House Cleaning,General House Cleaning,,TASK_COMPLETION_BASED,Yes,N/A — Single Session,12:00,145,4,3,Second job,No,09:30,20,Yes,12:00,12:00,14:30,4,,20,No,No meaningful delay occurred,About the same,Not applicable,No,12:00,Exact — checked using calendar/message/booking records,"Calendar, Booking application/system",
2026-09-06 15:36:10,P016,4,P016-J04,2026-09-25,Cleaning,House Cleaning,Deep Clean House,,TASK_COMPLETION_BASED,Yes,N/A — Single Session,13:00,175,4,3,Second job,No,09:30,20,Yes,13:05,13:05,16:00,4,,20,No,No meaningful delay occurred,About the same,Not applicable,No,13:00,Exact — checked using calendar/message/booking records,"Calendar, Booking application/system",
2026-09-06 15:54:41,P016,5,P016-J05,2026-09-25,Cleaning,House Cleaning,Clean Single Room,,TASK_COMPLETION_BASED,Yes,N/A — Single Session,14:00,50,4,3,Second job,No,09:30,20,Yes,14:00,14:00,14:50,4,,20,No,No meaningful delay occurred,About the same,Not applicable,No,14:00,Exact — checked using calendar/message/booking records,"Calendar, Booking application/system",
2026-09-06 16:02:10,P016,1,P016-J01,2026-09-25,Cleaning,House Cleaning,Mop and Clean Floors,,TASK_COMPLETION_BASED,Yes,N/A — Single Session,08:00,60,4,3,First job,Yes,,0,Not applicable,08:05,08:05,08:55,4,,0,No,No meaningful delay occurred,"No, it finished earlier",Not applicable,No,08:00,Exact — checked using calendar/message/booking records,"Calendar, Booking application/system",
2026-09-06 16:11:23,P016,2,P016-J02,2026-09-25,Cleaning,House Cleaning,Dust and Surface Cleaning,,TASK_COMPLETION_BASED,Yes,N/A — Single Session,09:00,45,4,3,Second job,No,09:30,20,Yes,09:05,09:05,09:55,4,,20,No,No meaningful delay occurred,About the same,Not applicable,No,09:00,Exact — checked using calendar/message/booking records,"Calendar, Booking application/system",
2026-09-06 16:25:37,P016,3,P016-J03,2026-09-25,Cleaning,House Cleaning,Full Home Cleaning,,TASK_COMPLETION_BASED,Yes,N/A — Single Session,10:00,215,4,3,Second job,No,09:30,20,Yes,10:00,10:00,13:35,4,,20,No,No meaningful delay occurred,About the same,Not applicable,No,10:00,Exact — checked using calendar/message/booking records,"Calendar, Booking application/system",
2026-09-06 16:43:10,P017,4,P017-J04,2026-09-25,Repairing,Electrical Repair,Replace Ceiling Fan,,TASK_COMPLETION_BASED,Yes,N/A — Single Session,11:00,70,2,3,Second job,No,09:30,20,Yes,11:00,11:00,12:15,2,,20,No,No meaningful delay occurred,About the same,Not applicable,No,11:00,Exact — checked using calendar/message/booking records,"Calendar, Booking application/system",
2026-09-06 16:45:28,P017,5,P017-J05,2026-09-25,Repairing,Electrical Repair,Repair Light Circuit,,TASK_COMPLETION_BASED,Yes,N/A — Single Session,12:00,45,2,3,Second job,No,09:30,20,Yes,12:00,12:00,13:00,2,,20,No,No meaningful delay occurred,Yes,Complexity of the problem,No,12:00,Exact — checked using calendar/message/booking records,"Calendar, Booking application/system",
2026-09-06 16:45:56,P017,1,P017-J01,2026-09-25,Repairing,Electrical Repair,Repair Switch,,TASK_COMPLETION_BASED,Yes,N/A — Single Session,13:00,30,2,3,First job,Yes,,0,Not applicable,13:00,13:00,13:45,2,,0,No,No meaningful delay occurred,Yes,Complexity of the problem,No,13:00,Exact — checked using calendar/message/booking records,"Calendar, Booking application/system",
2026-09-06 17:19:46,P017,2,P017-J02,2026-09-25,Repairing,Electrical Repair,Replace Power Socket,,TASK_COMPLETION_BASED,Yes,N/A — Single Session,14:00,30,2,3,Second job,No,09:30,20,Yes,14:05,14:05,14:25,2,,20,No,No meaningful delay occurred,"No, it finished earlier",Not applicable,No,14:00,Exact — checked using calendar/message/booking records,"Calendar, Booking application/system",
2026-09-06 17:25:41,P017,3,P017-J03,2026-09-25,Repairing,Electrical Repair,Repair Washing Machine,,TASK_COMPLETION_BASED,Yes,N/A — Single Session,08:00,105,2,3,Second job,No,09:30,20,Yes,08:00,08:00,09:40,2,,20,No,No meaningful delay occurred,About the same,Not applicable,No,08:00,Exact — checked using calendar/message/booking records,"Calendar, Booking application/system",
2026-09-06 17:58:11,P018,4,P018-J04,2026-09-25,Repairing,Plumbing Repair,Install Water Pipe,,TASK_COMPLETION_BASED,Yes,N/A — Single Session,09:00,125,1,3,Second job,No,09:30,20,Yes,09:10,09:10,11:20,1,,20,Yes,Traffic congestion,About the same,Not applicable,No,09:00,Exact — checked using calendar/message/booking records,"Calendar, Booking application/system",
2026-09-06 17:58:17,P018,5,P018-J05,2026-09-25,Repairing,Plumbing Repair,Replace Water Pipe,,TASK_COMPLETION_BASED,Yes,N/A — Single Session,10:00,120,1,3,Second job,No,09:30,20,Yes,10:05,10:05,12:20,1,,20,No,No meaningful delay occurred,Yes,Complexity of the problem,No,10:00,Exact — checked using calendar/message/booking records,"Calendar, Booking application/system",
2026-09-06 18:00:11,P018,1,P018-J01,2026-09-25,Repairing,Plumbing Repair,Replace Tap,,TASK_COMPLETION_BASED,Yes,N/A — Single Session,11:00,30,1,3,First job,Yes,,0,Not applicable,11:00,11:00,11:30,1,,0,No,No meaningful delay occurred,About the same,Not applicable,No,11:00,Exact — checked using calendar/message/booking records,"Calendar, Booking application/system",
2026-09-06 18:00:18,P018,2,P018-J02,2026-09-25,Repairing,Plumbing Repair,Repair Tap,,TASK_COMPLETION_BASED,Yes,N/A — Single Session,12:00,30,1,3,Second job,No,09:30,20,Yes,12:15,12:15,12:45,1,,20,Yes,Traffic congestion,About the same,Not applicable,No,12:00,Exact — checked using calendar/message/booking records,"Calendar, Booking application/system",
2026-09-06 18:42:33,P018,3,P018-J03,2026-09-25,Repairing,Plumbing Repair,Repair Bathroom Pipe,,TASK_COMPLETION_BASED,Yes,N/A — Single Session,13:00,75,1,3,Second job,No,09:30,20,Yes,13:00,13:00,14:20,1,,20,No,No meaningful delay occurred,About the same,Not applicable,No,13:00,Exact — checked using calendar/message/booking records,"Calendar, Booking application/system",
2026-09-06 18:55:43,P019,4,P019-J04,2026-09-25,Care Support,Elderly Care,Elderly Home Care,,SHIFT_BASED,Yes,N/A — Single Session,14:00,270,1,3,Second job,No,09:30,20,Yes,14:15,14:15,19:00,1,,20,Yes,Traffic congestion,Yes,Complexity of the problem,No,14:00,Exact — checked using calendar/message/booking records,"Calendar, Booking application/system",
2026-09-06 19:34:22,P019,5,P019-J05,2026-09-25,Care Support,Elderly Care,Elderly Assistance Session,,FIXED_DURATION,Yes,N/A — Single Session,08:00,135,1,3,Second job,No,09:30,20,Yes,08:05,08:05,10:25,1,,20,No,No meaningful delay occurred,About the same,Not applicable,No,08:00,Exact — checked using calendar/message/booking records,"Calendar, Booking application/system",
2026-09-06 19:44:52,P019,1,P019-J01,2026-09-25,Care Support,Elderly Care,Home Nursing Visit,,FIXED_DURATION,Yes,N/A — Single Session,09:00,75,1,3,First job,Yes,,0,Not applicable,09:10,09:10,10:30,1,,0,Yes,Traffic congestion,About the same,Not applicable,No,09:00,Exact — checked using calendar/message/booking records,"Calendar, Booking application/system",
2026-09-06 20:08:50,P019,2,P019-J02,2026-09-25,Care Support,Elderly Care,Mobility Assistance,,FIXED_DURATION,Yes,N/A — Single Session,10:00,90,1,3,Second job,No,09:30,20,Yes,10:05,10:05,11:35,1,,20,No,No meaningful delay occurred,About the same,Not applicable,No,10:00,Exact — checked using calendar/message/booking records,"Calendar, Booking application/system",
2026-09-06 20:26:14,P020,3,P020-J03,2026-09-25,Gardening,Planting Services,Plant Small Tree,,TASK_COMPLETION_BASED,Yes,N/A — Single Session,11:00,40,2,3,Second job,No,09:30,20,Yes,11:00,11:00,11:40,2,,20,No,No meaningful delay occurred,About the same,Not applicable,No,11:00,Exact — checked using calendar/message/booking records,"Calendar, Booking application/system",
2026-09-06 20:41:29,P020,4,P020-J04,2026-09-25,Gardening,Planting Services,Plant Garden Plants,,TASK_COMPLETION_BASED,Yes,N/A — Single Session,12:00,65,2,3,Second job,No,09:30,20,Yes,12:00,12:00,13:00,2,,20,No,No meaningful delay occurred,About the same,Not applicable,No,12:00,Exact — checked using calendar/message/booking records,"Calendar, Booking application/system",
2026-09-06 20:47:21,P020,5,P020-J05,2026-09-25,Gardening,Planting Services,Prepare Planting Area,,TASK_COMPLETION_BASED,Yes,N/A — Single Session,13:00,85,2,3,Second job,No,09:30,20,Yes,13:15,13:15,14:50,2,,20,Yes,Traffic congestion,Yes,Complexity of the problem,No,13:00,Exact — checked using calendar/message/booking records,"Calendar, Booking application/system",
2026-09-06 21:09:16,P021,1,P021-J01,2026-09-25,Gardening,Garden Maintenance,Water Plants,,TASK_COMPLETION_BASED,Yes,N/A — Single Session,14:00,35,4,3,First job,Yes,,0,Not applicable,14:00,14:00,14:40,4,,0,No,No meaningful delay occurred,About the same,Not applicable,No,14:00,Exact — checked using calendar/message/booking records,"Calendar, Booking application/system",
2026-09-06 21:14:51,P021,2,P021-J02,2026-09-25,Gardening,Garden Maintenance,Trim Shrubs,,TASK_COMPLETION_BASED,Yes,N/A — Single Session,08:00,70,4,3,Second job,No,09:30,20,Yes,08:00,08:00,09:10,4,,20,No,No meaningful delay occurred,About the same,Not applicable,No,08:00,Exact — checked using calendar/message/booking records,"Calendar, Booking application/system",
2026-09-06 21:40:39,P021,3,P021-J03,2026-09-25,Gardening,Garden Maintenance,Cut Grass,,TASK_COMPLETION_BASED,Yes,N/A — Single Session,09:00,90,4,3,Second job,No,09:30,20,Yes,09:10,09:10,10:40,4,,20,Yes,Traffic congestion,About the same,Not applicable,No,09:00,Exact — checked using calendar/message/booking records,"Calendar, Booking application/system",
2026-09-07 08:06:03,P021,4,P021-J04,2026-09-25,Gardening,Garden Maintenance,Trim Tree Branches,,TASK_COMPLETION_BASED,Yes,N/A — Single Session,10:00,130,4,3,Second job,No,09:30,20,Yes,10:10,10:10,12:20,4,,20,Yes,Traffic congestion,About the same,Not applicable,No,10:00,Exact — checked using calendar/message/booking records,"Calendar, Booking application/system",
2026-09-07 08:29:30,P021,5,P021-J05,2026-09-25,Gardening,Garden Maintenance,General Garden Maintenance,,TASK_COMPLETION_BASED,Yes,N/A — Single Session,11:00,135,4,3,Second job,No,09:30,20,Yes,11:00,11:00,13:25,4,,20,No,No meaningful delay occurred,Yes,Complexity of the problem,No,11:00,Exact — checked using calendar/message/booking records,"Calendar, Booking application/system",
2026-09-07 08:47:13,P022,1,P022-J01,2026-09-25,Care Support,Personal Assistance,Personal Assistance,,SHIFT_BASED,Yes,N/A — Single Session,12:00,345,1,3,First job,Yes,,0,Not applicable,12:05,12:05,17:45,1,,0,No,No meaningful delay occurred,About the same,Not applicable,No,12:00,Exact — checked using calendar/message/booking records,"Calendar, Booking application/system",
2026-09-07 09:01:06,P022,2,P022-J02,2026-09-25,Care Support,Personal Assistance,Daily Household Assistance,,TASK_COMPLETION_BASED,Yes,N/A — Single Session,13:00,165,1,3,Second job,No,09:30,20,Yes,13:10,13:10,15:45,1,,20,Yes,Traffic congestion,"No, it finished earlier",Not applicable,No,13:00,Exact — checked using calendar/message/booking records,"Calendar, Booking application/system",
2026-09-07 09:02:00,P022,3,P022-J03,2026-09-25,Care Support,Pet Care,Feed Pet,,TASK_COMPLETION_BASED,Yes,N/A — Single Session,14:00,25,1,3,Second job,No,09:30,20,Yes,14:00,14:00,14:15,1,,20,No,No meaningful delay occurred,"No, it finished earlier",Not applicable,No,14:00,Exact — checked using calendar/message/booking records,"Calendar, Booking application/system",
2026-09-07 09:21:26,P022,4,P022-J04,2026-09-25,Care Support,Pet Care,Dog Walking,,FIXED_DURATION,Yes,N/A — Single Session,08:00,45,1,3,Second job,No,09:30,20,Yes,08:00,08:00,08:35,1,,20,No,No meaningful delay occurred,"No, it finished earlier",Not applicable,No,08:00,Exact — checked using calendar/message/booking records,"Calendar, Booking application/system",
2026-09-07 09:22:31,P022,5,P022-J05,2026-09-25,Care Support,Pet Care,Bathe Pet,,TASK_COMPLETION_BASED,Yes,N/A — Single Session,09:00,55,1,3,Second job,No,09:30,20,Yes,09:05,09:05,10:10,1,,20,No,No meaningful delay occurred,Yes,Complexity of the problem,No,09:00,Exact — checked using calendar/message/booking records,"Calendar, Booking application/system",
2026-09-07 09:51:59,P022,1,P022-J01,2026-09-25,Care Support,Pet Care,Pet Cleaning,,TASK_COMPLETION_BASED,Yes,N/A — Single Session,10:00,55,1,3,First job,Yes,,0,Not applicable,10:00,10:00,10:55,1,,0,No,No meaningful delay occurred,About the same,Not applicable,No,10:00,Exact — checked using calendar/message/booking records,"Calendar, Booking application/system",
2026-09-07 09:54:18,P022,2,P022-J02,2026-09-25,Care Support,Pet Care,Pet Sitting,,FIXED_DURATION,Yes,N/A — Single Session,11:00,370,1,3,Second job,No,09:30,20,Yes,11:15,11:15,17:15,1,,20,Yes,Traffic congestion,"No, it finished earlier",Not applicable,No,11:00,Exact — checked using calendar/message/booking records,"Calendar, Booking application/system",
2026-09-07 10:13:52,P023,3,P023-J03,2026-09-25,Gardening,Garden Cleaning,General Garden Cleaning,,TASK_COMPLETION_BASED,Yes,N/A — Single Session,12:00,125,2,3,Second job,No,09:30,20,Yes,12:05,12:05,14:25,2,,20,No,No meaningful delay occurred,Yes,Complexity of the problem,No,12:00,Exact — checked using calendar/message/booking records,"Calendar, Booking application/system",
2026-09-07 10:20:18,P023,4,P023-J04,2026-09-25,Gardening,Garden Cleaning,Remove Garden Waste,,TASK_COMPLETION_BASED,Yes,N/A — Single Session,13:00,85,2,3,Second job,No,09:30,20,Yes,13:00,13:00,14:25,2,,20,No,No meaningful delay occurred,About the same,Not applicable,No,13:00,Exact — checked using calendar/message/booking records,"Calendar, Booking application/system",
2026-09-07 10:26:27,P023,5,P023-J05,2026-09-25,Gardening,Garden Cleaning,Clear Overgrown Garden,,TASK_COMPLETION_BASED,Yes,N/A — Single Session,14:00,240,2,3,Second job,No,09:30,20,Yes,14:00,14:00,18:10,2,,20,No,No meaningful delay occurred,Yes,Complexity of the problem,No,14:00,Exact — checked using calendar/message/booking records,"Calendar, Booking application/system",
2026-09-07 10:30:45,P024,1,P024-J01,2026-09-25,Repairing,Plumbing Repair,Repair Water Leak,,TASK_COMPLETION_BASED,Yes,N/A — Single Session,08:00,65,2,3,First job,Yes,,0,Not applicable,08:15,08:15,09:10,2,,0,Yes,Traffic congestion,"No, it finished earlier",Not applicable,No,08:00,Exact — checked using calendar/message/booking records,"Calendar, Booking application/system",
2026-09-07 10:43:45,P024,2,P024-J02,2026-09-25,Repairing,Plumbing Repair,Install Tap,,TASK_COMPLETION_BASED,Yes,N/A — Single Session,09:00,35,2,3,Second job,No,09:30,20,Yes,09:05,09:05,09:35,2,,20,No,No meaningful delay occurred,About the same,Not applicable,No,09:00,Exact — checked using calendar/message/booking records,"Calendar, Booking application/system",
2026-09-07 11:05:54,P024,3,P024-J03,2026-09-25,Repairing,Plumbing Repair,Replace Tap,,TASK_COMPLETION_BASED,Yes,N/A — Single Session,10:00,30,2,3,Second job,No,09:30,20,Yes,10:10,10:10,10:55,2,,20,Yes,Traffic congestion,Yes,Complexity of the problem,No,10:00,Exact — checked using calendar/message/booking records,"Calendar, Booking application/system",
2026-09-07 11:40:37,P024,4,P024-J04,2026-09-25,Repairing,Plumbing Repair,Repair Tap,,TASK_COMPLETION_BASED,Yes,N/A — Single Session,11:00,30,2,3,Second job,No,09:30,20,Yes,11:05,11:05,11:45,2,,20,No,No meaningful delay occurred,Yes,Complexity of the problem,No,11:00,Exact — checked using calendar/message/booking records,"Calendar, Booking application/system",
2026-09-07 11:43:13,P024,5,P024-J05,2026-09-25,Repairing,Plumbing Repair,Install Water Tank,,TASK_COMPLETION_BASED,Yes,N/A — Single Session,12:00,165,2,3,Second job,No,09:30,20,Yes,12:00,12:00,14:45,2,,20,No,No meaningful delay occurred,About the same,Not applicable,No,12:00,Exact — checked using calendar/message/booking records,"Calendar, Booking application/system",
2026-09-07 11:43:56,P024,1,P024-J01,2026-09-25,Repairing,Plumbing Repair,Clean Water Tank,,TASK_COMPLETION_BASED,Yes,N/A — Single Session,13:00,120,2,3,First job,Yes,,0,Not applicable,13:00,13:00,15:10,2,,0,No,No meaningful delay occurred,Yes,Complexity of the problem,No,13:00,Exact — checked using calendar/message/booking records,"Calendar, Booking application/system",
2026-09-07 11:50:44,P024,2,P024-J02,2026-09-25,Repairing,Plumbing Repair,Repair Sink Plumbing,,TASK_COMPLETION_BASED,Yes,N/A — Single Session,14:00,60,2,3,Second job,No,09:30,20,Yes,14:00,14:00,14:55,2,,20,No,No meaningful delay occurred,About the same,Not applicable,No,14:00,Exact — checked using calendar/message/booking records,"Calendar, Booking application/system",
2026-09-07 12:11:56,P025,3,P025-J03,2026-09-25,Cleaning,Office Cleaning,Clean Small Office,,TASK_COMPLETION_BASED,Yes,N/A — Single Session,08:00,115,1,3,Second job,No,09:30,20,Yes,08:10,08:10,10:05,1,,20,Yes,Traffic congestion,About the same,Not applicable,No,08:00,Exact — checked using calendar/message/booking records,"Calendar, Booking application/system",
2026-09-07 12:21:36,P025,4,P025-J04,2026-09-25,Cleaning,Office Cleaning,Deep Clean Office,,TASK_COMPLETION_BASED,Yes,N/A — Single Session,09:00,355,1,3,Second job,No,09:30,20,Yes,09:00,09:00,15:10,1,,20,No,No meaningful delay occurred,Yes,Complexity of the problem,No,09:00,Exact — checked using calendar/message/booking records,"Calendar, Booking application/system",
2026-09-07 12:26:34,P025,5,P025-J05,2026-09-25,Cleaning,Post-Construction Cleaning,Remove Construction Dust,,TASK_COMPLETION_BASED,Yes,N/A — Single Session,10:00,175,1,3,Second job,No,09:30,20,Yes,10:00,10:00,12:55,1,,20,No,No meaningful delay occurred,About the same,Not applicable,No,10:00,Exact — checked using calendar/message/booking records,"Calendar, Booking application/system",
2026-09-07 12:38:12,P026,1,P026-J01,2026-09-25,Cleaning,House Cleaning,General House Cleaning,,TASK_COMPLETION_BASED,Yes,N/A — Single Session,11:00,125,3,3,First job,Yes,,0,Not applicable,11:00,11:00,13:10,3,,0,No,No meaningful delay occurred,About the same,Not applicable,No,11:00,Exact — checked using calendar/message/booking records,"Calendar, Booking application/system",
2026-09-07 13:30:10,P026,2,P026-J02,2026-09-25,Cleaning,House Cleaning,Deep Clean House,,TASK_COMPLETION_BASED,Yes,N/A — Single Session,12:00,225,3,3,Second job,No,09:30,20,Yes,12:00,12:00,15:35,3,,20,No,No meaningful delay occurred,"No, it finished earlier",Not applicable,No,12:00,Exact — checked using calendar/message/booking records,"Calendar, Booking application/system",
2026-09-07 14:26:45,P026,3,P026-J03,2026-09-25,Cleaning,House Cleaning,Clean Single Room,,TASK_COMPLETION_BASED,Yes,N/A — Single Session,13:00,50,3,3,Second job,No,09:30,20,Yes,13:05,13:05,13:45,3,,20,No,No meaningful delay occurred,"No, it finished earlier",Not applicable,No,13:00,Exact — checked using calendar/message/booking records,"Calendar, Booking application/system",
2026-09-07 14:46:38,P026,4,P026-J04,2026-09-25,Cleaning,House Cleaning,Mop and Clean Floors,,TASK_COMPLETION_BASED,Yes,N/A — Single Session,14:00,60,3,3,Second job,No,09:30,20,Yes,14:00,14:00,14:55,3,,20,No,No meaningful delay occurred,About the same,Not applicable,No,14:00,Exact — checked using calendar/message/booking records,"Calendar, Booking application/system",
2026-09-07 14:51:00,P026,5,P026-J05,2026-09-25,Cleaning,House Cleaning,Dust and Surface Cleaning,,TASK_COMPLETION_BASED,Yes,N/A — Single Session,08:00,50,3,3,Second job,No,09:30,20,Yes,08:10,08:10,09:10,3,,20,Yes,Traffic congestion,Yes,Complexity of the problem,No,08:00,Exact — checked using calendar/message/booking records,"Calendar, Booking application/system",
2026-09-07 14:55:18,P026,1,P026-J01,2026-09-25,Cleaning,House Cleaning,Full Home Cleaning,,TASK_COMPLETION_BASED,Yes,N/A — Single Session,09:00,180,3,3,First job,Yes,,0,Not applicable,09:15,09:15,12:05,3,,0,Yes,Traffic congestion,"No, it finished earlier",Not applicable,No,09:00,Exact — checked using calendar/message/booking records,"Calendar, Booking application/system",
2026-09-07 14:55:31,P027,2,P027-J02,2026-09-25,Cleaning,House Cleaning,Deep Clean House,,TASK_COMPLETION_BASED,Yes,N/A — Single Session,10:00,245,3,3,Second job,No,09:30,20,Yes,10:00,10:00,14:05,3,,20,No,No meaningful delay occurred,About the same,Not applicable,No,10:00,Exact — checked using calendar/message/booking records,"Calendar, Booking application/system",
2026-09-07 15:00:41,P027,3,P027-J03,2026-09-25,Cleaning,House Cleaning,Full Home Cleaning,,TASK_COMPLETION_BASED,Yes,N/A — Single Session,11:00,230,3,3,Second job,No,09:30,20,Yes,11:00,11:00,14:45,3,,20,No,No meaningful delay occurred,About the same,Not applicable,No,11:00,Exact — checked using calendar/message/booking records,"Calendar, Booking application/system",
2026-09-07 15:45:12,P027,4,P027-J04,2026-09-25,Cleaning,Sofa/Carpet/Curtain Cleaning,Clean Sofa,,TASK_COMPLETION_BASED,Yes,N/A — Single Session,12:00,90,3,3,Second job,No,09:30,20,Yes,12:15,12:15,13:45,3,,20,Yes,Traffic congestion,About the same,Not applicable,No,12:00,Exact — checked using calendar/message/booking records,"Calendar, Booking application/system",
2026-09-07 15:50:53,P027,5,P027-J05,2026-09-25,Cleaning,Sofa/Carpet/Curtain Cleaning,Clean Curtains,,TASK_COMPLETION_BASED,Yes,N/A — Single Session,13:00,70,3,3,Second job,No,09:30,20,Yes,13:00,13:00,14:20,3,,20,No,No meaningful delay occurred,Yes,Complexity of the problem,No,13:00,Exact — checked using calendar/message/booking records,"Calendar, Booking application/system",
2026-09-07 15:58:36,P027,1,P027-J01,2026-09-25,Cleaning,Sofa/Carpet/Curtain Cleaning,Deep Clean Mattress,,TASK_COMPLETION_BASED,Yes,N/A — Single Session,14:00,100,3,3,First job,Yes,,0,Not applicable,14:10,14:10,16:05,3,,0,Yes,Traffic congestion,Yes,Complexity of the problem,No,14:00,Exact — checked using calendar/message/booking records,"Calendar, Booking application/system",
2026-09-07 16:17:58,P028,2,P028-J02,2026-09-25,Repairing,Electrical Repair,Replace Ceiling Fan,,TASK_COMPLETION_BASED,Yes,N/A — Single Session,08:00,75,1,3,Second job,No,09:30,20,Yes,08:05,08:05,09:20,1,,20,No,No meaningful delay occurred,About the same,Not applicable,No,08:00,Exact — checked using calendar/message/booking records,"Calendar, Booking application/system",
2026-09-07 16:28:12,P028,3,P028-J03,2026-09-25,Repairing,Electrical Repair,Install Light Fitting,,TASK_COMPLETION_BASED,Yes,N/A — Single Session,09:00,45,1,3,Second job,No,09:30,20,Yes,09:00,09:00,10:00,1,,20,No,No meaningful delay occurred,Yes,Complexity of the problem,No,09:00,Exact — checked using calendar/message/booking records,"Calendar, Booking application/system",
2026-09-07 16:47:43,P028,4,P028-J04,2026-09-25,Repairing,Electrical Repair,Install Power Socket,,TASK_COMPLETION_BASED,Yes,N/A — Single Session,10:00,40,1,3,Second job,No,09:30,20,Yes,10:00,10:00,10:45,1,,20,No,No meaningful delay occurred,About the same,Not applicable,No,10:00,Exact — checked using calendar/message/booking records,"Calendar, Booking application/system",
2026-09-07 17:17:57,P028,5,P028-J05,2026-09-25,Repairing,Electrical Repair,Replace Power Socket,,TASK_COMPLETION_BASED,Yes,N/A — Single Session,11:00,30,1,3,Second job,No,09:30,20,Yes,11:10,11:10,11:35,1,,20,Yes,Traffic congestion,About the same,Not applicable,No,11:00,Exact — checked using calendar/message/booking records,"Calendar, Booking application/system",
2026-09-07 17:19:32,P028,1,P028-J01,2026-09-25,Repairing,Electrical Repair,Repair Distribution Board,,TASK_COMPLETION_BASED,Yes,N/A — Single Session,12:00,140,1,3,First job,Yes,,0,Not applicable,12:00,12:00,14:30,1,,0,No,No meaningful delay occurred,Yes,Complexity of the problem,No,12:00,Exact — checked using calendar/message/booking records,"Calendar, Booking application/system",
2026-09-07 18:23:40,P029,2,P029-J02,2026-09-25,Cleaning,Bathroom Cleaning,Deep Clean Bathroom,,TASK_COMPLETION_BASED,Yes,N/A — Single Session,13:00,75,1,3,Second job,No,09:30,20,Yes,13:05,13:05,14:35,1,,20,No,No meaningful delay occurred,Yes,Complexity of the problem,No,13:00,Exact — checked using calendar/message/booking records,"Calendar, Booking application/system",
2026-09-07 19:04:10,P029,3,P029-J03,2026-09-25,Cleaning,Bathroom Cleaning,Clean Toilet,,TASK_COMPLETION_BASED,Yes,N/A — Single Session,14:00,20,1,3,Second job,No,09:30,20,Yes,14:00,14:00,14:15,1,,20,No,No meaningful delay occurred,"No, it finished earlier",Not applicable,No,14:00,Exact — checked using calendar/message/booking records,"Calendar, Booking application/system",
2026-09-07 19:18:38,P029,4,P029-J04,2026-09-25,Cleaning,Bathroom Cleaning,Remove Bathroom Stains,,TASK_COMPLETION_BASED,Yes,N/A — Single Session,08:00,55,1,3,Second job,No,09:30,20,Yes,08:10,08:10,09:05,1,,20,Yes,Traffic congestion,About the same,Not applicable,No,08:00,Exact — checked using calendar/message/booking records,"Calendar, Booking application/system",
2026-09-07 21:43:54,P029,5,P029-J05,2026-09-25,Cleaning,House Cleaning,General House Cleaning,,TASK_COMPLETION_BASED,Yes,N/A — Single Session,09:00,130,1,3,Second job,No,09:30,20,Yes,09:00,09:00,11:15,1,,20,No,No meaningful delay occurred,About the same,Not applicable,No,09:00,Exact — checked using calendar/message/booking records,"Calendar, Booking application/system",
2026-09-07 21:48:12,P029,1,P029-J01,2026-09-25,Cleaning,House Cleaning,Clean Single Room,,TASK_COMPLETION_BASED,Yes,N/A — Single Session,10:00,45,1,3,First job,Yes,,0,Not applicable,10:05,10:05,10:50,1,,0,No,No meaningful delay occurred,About the same,Not applicable,No,10:00,Exact — checked using calendar/message/booking records,"Calendar, Booking application/system",
2026-09-07 21:50:53,P029,2,P029-J02,2026-09-25,Cleaning,House Cleaning,Dust and Surface Cleaning,,TASK_COMPLETION_BASED,Yes,N/A — Single Session,11:00,45,1,3,Second job,No,09:30,20,Yes,11:10,11:10,11:55,1,,20,Yes,Traffic congestion,About the same,Not applicable,No,11:00,Exact — checked using calendar/message/booking records,"Calendar, Booking application/system",
2026-09-07 21:59:35,P029,3,P029-J03,2026-09-25,Cleaning,House Cleaning,Full Home Cleaning,,TASK_COMPLETION_BASED,Yes,N/A — Single Session,12:00,195,1,3,Second job,No,09:30,20,Yes,12:10,12:10,15:25,1,,20,Yes,Traffic congestion,About the same,Not applicable,No,12:00,Exact — checked using calendar/message/booking records,"Calendar, Booking application/system",
2026-09-08 08:16:47,P030,4,P030-J04,2026-09-25,Repairing,Plumbing Repair,Replace Water Pipe,,TASK_COMPLETION_BASED,Yes,N/A — Single Session,13:00,130,2,3,Second job,No,09:30,20,Yes,13:00,13:00,15:10,2,,20,No,No meaningful delay occurred,About the same,Not applicable,No,13:00,Exact — checked using calendar/message/booking records,"Calendar, Booking application/system",
2026-09-08 08:21:09,P030,5,P030-J05,2026-09-25,Repairing,Plumbing Repair,Repair Leaking Pipe,,TASK_COMPLETION_BASED,Yes,N/A — Single Session,14:00,60,2,3,Second job,No,09:30,20,Yes,14:05,14:05,15:05,2,,20,No,No meaningful delay occurred,About the same,Not applicable,No,14:00,Exact — checked using calendar/message/booking records,"Calendar, Booking application/system",
2026-09-08 08:43:57,P030,1,P030-J01,2026-09-25,Repairing,Plumbing Repair,Install Tap,,TASK_COMPLETION_BASED,Yes,N/A — Single Session,08:00,35,2,3,First job,Yes,,0,Not applicable,08:10,08:10,08:35,2,,0,Yes,Traffic congestion,"No, it finished earlier",Not applicable,No,08:00,Exact — checked using calendar/message/booking records,"Calendar, Booking application/system",
2026-09-08 08:57:23,P030,2,P030-J02,2026-09-25,Repairing,Plumbing Repair,Clean Water Tank,,TASK_COMPLETION_BASED,Yes,N/A — Single Session,09:00,140,2,3,Second job,No,09:30,20,Yes,09:00,09:00,11:35,2,,20,No,No meaningful delay occurred,Yes,Complexity of the problem,No,09:00,Exact — checked using calendar/message/booking records,"Calendar, Booking application/system",
2026-09-08 09:01:21,P030,3,P030-J03,2026-09-25,Repairing,Plumbing Repair,Repair Bathroom Pipe,,TASK_COMPLETION_BASED,Yes,N/A — Single Session,10:00,75,2,3,Second job,No,09:30,20,Yes,10:00,10:00,11:05,2,,20,No,No meaningful delay occurred,"No, it finished earlier",Not applicable,No,10:00,Exact — checked using calendar/message/booking records,"Calendar, Booking application/system",
2026-09-08 09:02:07,P031,4,P031-J04,2026-09-25,Cleaning,House Cleaning,General House Cleaning,,TASK_COMPLETION_BASED,Yes,N/A — Single Session,11:00,130,3,3,Second job,No,09:30,20,Yes,11:05,11:05,13:15,3,,20,No,No meaningful delay occurred,About the same,Not applicable,No,11:00,Exact — checked using calendar/message/booking records,"Calendar, Booking application/system",
2026-09-08 09:03:35,P031,5,P031-J05,2026-09-25,Cleaning,House Cleaning,Dust and Surface Cleaning,,TASK_COMPLETION_BASED,Yes,N/A — Single Session,12:00,55,3,3,Second job,No,09:30,20,Yes,12:00,12:00,12:45,3,,20,No,No meaningful delay occurred,"No, it finished earlier",Not applicable,No,12:00,Exact — checked using calendar/message/booking records,"Calendar, Booking application/system",
2026-09-08 09:34:42,P031,1,P031-J01,2026-09-25,Cleaning,House Cleaning,Full Home Cleaning,,TASK_COMPLETION_BASED,Yes,N/A — Single Session,13:00,215,3,3,First job,Yes,,0,Not applicable,13:00,13:00,16:50,3,,0,No,No meaningful delay occurred,Yes,Complexity of the problem,No,13:00,Exact — checked using calendar/message/booking records,"Calendar, Booking application/system",
2026-09-08 09:48:43,P031,2,P031-J02,2026-09-25,Cleaning,Sofa/Carpet/Curtain Cleaning,Deep Clean Sofa,,TASK_COMPLETION_BASED,Yes,N/A — Single Session,14:00,115,3,3,Second job,No,09:30,20,Yes,14:00,14:00,15:50,3,,20,No,No meaningful delay occurred,About the same,Not applicable,No,14:00,Exact — checked using calendar/message/booking records,"Calendar, Booking application/system",
2026-09-08 10:09:37,P031,3,P031-J03,2026-09-25,Cleaning,Sofa/Carpet/Curtain Cleaning,Clean Carpet,,TASK_COMPLETION_BASED,Yes,N/A — Single Session,08:00,65,3,3,Second job,No,09:30,20,Yes,08:05,08:05,09:25,3,,20,No,No meaningful delay occurred,Yes,Complexity of the problem,No,08:00,Exact — checked using calendar/message/booking records,"Calendar, Booking application/system",
2026-09-08 10:27:44,P031,4,P031-J04,2026-09-25,Cleaning,Sofa/Carpet/Curtain Cleaning,Deep Clean Carpet,,TASK_COMPLETION_BASED,Yes,N/A — Single Session,09:00,120,3,3,Second job,No,09:30,20,Yes,09:10,09:10,11:05,3,,20,Yes,Traffic congestion,About the same,Not applicable,No,09:00,Exact — checked using calendar/message/booking records,"Calendar, Booking application/system",
2026-09-08 10:48:36,P031,5,P031-J05,2026-09-25,Cleaning,Sofa/Carpet/Curtain Cleaning,Steam Clean Curtains,,TASK_COMPLETION_BASED,Yes,N/A — Single Session,10:00,90,3,3,Second job,No,09:30,20,Yes,10:00,10:00,11:30,3,,20,No,No meaningful delay occurred,About the same,Not applicable,No,10:00,Exact — checked using calendar/message/booking records,"Calendar, Booking application/system",
2026-09-08 11:16:54,P032,1,P032-J01,2026-09-25,Repairing,Plumbing Repair,Replace Tap,,TASK_COMPLETION_BASED,Yes,N/A — Single Session,11:00,30,2,3,First job,Yes,,0,Not applicable,11:10,11:10,11:30,2,,0,Yes,Traffic congestion,"No, it finished earlier",Not applicable,No,11:00,Exact — checked using calendar/message/booking records,"Calendar, Booking application/system",
2026-09-08 11:25:16,P032,2,P032-J02,2026-09-25,Repairing,Plumbing Repair,Clear Blocked Drain,,TASK_COMPLETION_BASED,Yes,N/A — Single Session,12:00,80,2,3,Second job,No,09:30,20,Yes,12:00,12:00,13:10,2,,20,No,No meaningful delay occurred,"No, it finished earlier",Not applicable,No,12:00,Exact — checked using calendar/message/booking records,"Calendar, Booking application/system",
2026-09-08 11:43:59,P032,3,P032-J03,2026-09-25,Repairing,Plumbing Repair,Repair Sink Plumbing,,TASK_COMPLETION_BASED,Yes,N/A — Single Session,13:00,65,2,3,Second job,No,09:30,20,Yes,13:00,13:00,14:05,2,,20,No,No meaningful delay occurred,About the same,Not applicable,No,13:00,Exact — checked using calendar/message/booking records,"Calendar, Booking application/system",
2026-09-08 11:50:33,P032,4,P032-J04,2026-09-25,Repairing,Plumbing Repair,Install Bathroom Pipe,,TASK_COMPLETION_BASED,Yes,N/A — Single Session,14:00,120,2,3,Second job,No,09:30,20,Yes,14:15,14:15,16:20,2,,20,Yes,Traffic congestion,About the same,Not applicable,No,14:00,Exact — checked using calendar/message/booking records,"Calendar, Booking application/system",
2026-09-08 11:53:53,P033,5,P033-J05,2026-09-25,Gardening,Landscaping & Design,Design Medium Garden,,TASK_COMPLETION_BASED,Yes,N/A — Single Session,08:00,250,2,3,Second job,No,09:30,20,Yes,08:05,08:05,12:30,2,,20,No,No meaningful delay occurred,Yes,Complexity of the problem,No,08:00,Exact — checked using calendar/message/booking records,"Calendar, Booking application/system",
2026-09-08 11:57:46,P033,1,P033-J01,2026-09-25,Gardening,Landscaping & Design,Basic Landscaping,,TASK_COMPLETION_BASED,Yes,N/A — Single Session,09:00,280,2,3,First job,Yes,,0,Not applicable,09:00,09:00,13:30,2,,0,No,No meaningful delay occurred,"No, it finished earlier",Not applicable,No,09:00,Exact — checked using calendar/message/booking records,"Calendar, Booking application/system",
2026-09-08 13:31:07,P033,2,P033-J02,2026-09-25,Gardening,Planting Services,Plant Flowers,,TASK_COMPLETION_BASED,Yes,N/A — Single Session,10:00,60,2,3,Second job,No,09:30,20,Yes,10:05,10:05,11:05,2,,20,No,No meaningful delay occurred,About the same,Not applicable,No,10:00,Exact — checked using calendar/message/booking records,"Calendar, Booking application/system",
2026-09-08 13:32:30,P034,3,P034-J03,2026-09-25,Repairing,Furniture Repair,Repair Wooden Door,,TASK_COMPLETION_BASED,Yes,N/A — Single Session,11:00,100,1,3,Second job,No,09:30,20,Yes,11:05,11:05,12:45,1,,20,No,No meaningful delay occurred,About the same,Not applicable,No,11:00,Exact — checked using calendar/message/booking records,"Calendar, Booking application/system",
2026-09-08 13:54:31,P034,4,P034-J04,2026-09-25,Repairing,Furniture Repair,Replace Door Hinges,,TASK_COMPLETION_BASED,Yes,N/A — Single Session,12:00,30,1,3,Second job,No,09:30,20,Yes,12:00,12:00,12:20,1,,20,No,No meaningful delay occurred,"No, it finished earlier",Not applicable,No,12:00,Exact — checked using calendar/message/booking records,"Calendar, Booking application/system",
2026-09-08 13:56:35,P034,5,P034-J05,2026-09-25,Repairing,Furniture Repair,Replace Furniture Hardware,,TASK_COMPLETION_BASED,Yes,N/A — Single Session,13:00,25,1,3,Second job,No,09:30,20,Yes,13:10,13:10,13:35,1,,20,Yes,Traffic congestion,About the same,Not applicable,No,13:00,Exact — checked using calendar/message/booking records,"Calendar, Booking application/system",
2026-09-08 14:11:42,P034,1,P034-J01,2026-09-25,Repairing,Furniture Repair,Assemble Furniture,,TASK_COMPLETION_BASED,Yes,N/A — Single Session,14:00,90,1,3,First job,Yes,,0,Not applicable,14:00,14:00,15:30,1,,0,No,No meaningful delay occurred,About the same,Not applicable,No,14:00,Exact — checked using calendar/message/booking records,"Calendar, Booking application/system",
2026-09-08 14:29:05,P034,2,P034-J02,2026-09-25,Repairing,Painting & Renovation,Paint Room,,TASK_COMPLETION_BASED,Yes,N/A — Single Session,08:00,220,1,3,Second job,No,09:30,20,Yes,08:00,08:00,11:40,1,,20,No,No meaningful delay occurred,About the same,Not applicable,No,08:00,Exact — checked using calendar/message/booking records,"Calendar, Booking application/system",
2026-09-08 14:36:57,P035,3,P035-J03,2026-09-25,Care Support,Pet Care,Feed Pet,,TASK_COMPLETION_BASED,Yes,N/A — Single Session,09:00,25,2,3,Second job,No,09:30,20,Yes,09:00,09:00,09:25,2,,20,No,No meaningful delay occurred,About the same,Not applicable,No,09:00,Exact — checked using calendar/message/booking records,"Calendar, Booking application/system",
2026-09-08 15:15:28,P035,4,P035-J04,2026-09-25,Care Support,Pet Care,Dog Walking,,FIXED_DURATION,Yes,N/A — Single Session,10:00,45,2,3,Second job,No,09:30,20,Yes,10:00,10:00,10:35,2,,20,No,No meaningful delay occurred,"No, it finished earlier",Not applicable,No,10:00,Exact — checked using calendar/message/booking records,"Calendar, Booking application/system",
2026-09-08 15:24:20,P035,5,P035-J05,2026-09-25,Care Support,Pet Care,Pet Grooming,,TASK_COMPLETION_BASED,Yes,N/A — Single Session,11:00,80,2,3,Second job,No,09:30,20,Yes,11:05,11:05,12:15,2,,20,No,No meaningful delay occurred,"No, it finished earlier",Not applicable,No,11:00,Exact — checked using calendar/message/booking records,"Calendar, Booking application/system",
2026-09-08 15:25:08,P035,1,P035-J01,2026-09-25,Care Support,Pet Care,Bathe Pet,,TASK_COMPLETION_BASED,Yes,N/A — Single Session,12:00,55,2,3,First job,Yes,,0,Not applicable,12:15,12:15,13:05,2,,0,Yes,Traffic congestion,About the same,Not applicable,No,12:00,Exact — checked using calendar/message/booking records,"Calendar, Booking application/system",
2026-09-08 16:12:33,P035,2,P035-J02,2026-09-25,Care Support,Pet Care,Pet Sitting,,SHIFT_BASED,Yes,N/A — Single Session,13:00,390,2,3,Second job,No,09:30,20,Yes,13:00,13:00,19:25,2,,20,No,No meaningful delay occurred,About the same,Not applicable,No,13:00,Exact — checked using calendar/message/booking records,"Calendar, Booking application/system",
2026-09-08 16:32:46,P036,3,P036-J03,2026-09-25,Care Support,Child Care,Baby Care Session,,FIXED_DURATION,Yes,N/A — Single Session,14:00,170,1,3,Second job,No,09:30,20,Yes,14:00,14:00,17:00,1,,20,No,No meaningful delay occurred,Yes,Complexity of the problem,No,14:00,Exact — checked using calendar/message/booking records,"Calendar, Booking application/system",
2026-09-08 17:01:03,P036,4,P036-J04,2026-09-25,Care Support,Child Care,Child Supervision,,FIXED_DURATION,Yes,N/A — Single Session,08:00,220,1,3,Second job,No,09:30,20,Yes,08:05,08:05,11:50,1,,20,No,No meaningful delay occurred,About the same,Not applicable,No,08:00,Exact — checked using calendar/message/booking records,"Calendar, Booking application/system",
2026-09-08 17:15:32,P036,5,P036-J05,2026-09-25,Care Support,Child Care,After-School Child Care,,FIXED_DURATION,Yes,N/A — Single Session,09:00,190,1,3,Second job,No,09:30,20,Yes,09:00,09:00,12:10,1,,20,No,No meaningful delay occurred,About the same,Not applicable,No,09:00,Exact — checked using calendar/message/booking records,"Calendar, Booking application/system",
2026-09-08 17:40:41,P036,1,P036-J01,2026-09-25,Care Support,Personal Assistance,Personal Assistance,,FIXED_DURATION,Yes,N/A — Single Session,10:00,345,1,3,First job,Yes,,0,Not applicable,10:00,10:00,15:45,1,,0,No,No meaningful delay occurred,About the same,Not applicable,No,10:00,Exact — checked using calendar/message/booking records,"Calendar, Booking application/system",
2026-09-08 17:48:32,P036,2,P036-J02,2026-09-25,Care Support,Personal Assistance,Daily Household Assistance,,TASK_COMPLETION_BASED,Yes,N/A — Single Session,11:00,160,1,3,Second job,No,09:30,20,Yes,11:00,11:00,13:50,1,,20,No,No meaningful delay occurred,Yes,Complexity of the problem,No,11:00,Exact — checked using calendar/message/booking records,"Calendar, Booking application/system",
2026-09-08 17:49:22,P037,3,P037-J03,2026-09-25,Cleaning,House Cleaning,General House Cleaning,,TASK_COMPLETION_BASED,Yes,N/A — Single Session,12:00,145,2,3,Second job,No,09:30,20,Yes,12:15,12:15,14:40,2,,20,Yes,Traffic congestion,About the same,Not applicable,No,12:00,Exact — checked using calendar/message/booking records,"Calendar, Booking application/system",
2026-09-08 18:16:15,P037,4,P037-J04,2026-09-25,Cleaning,House Cleaning,Deep Clean House,,TASK_COMPLETION_BASED,Yes,N/A — Single Session,13:00,210,2,3,Second job,No,09:30,20,Yes,13:05,13:05,16:25,2,,20,No,No meaningful delay occurred,"No, it finished earlier",Not applicable,No,13:00,Exact — checked using calendar/message/booking records,"Calendar, Booking application/system",
2026-09-08 18:21:08,P037,5,P037-J05,2026-09-25,Cleaning,House Cleaning,Clean Single Room,,TASK_COMPLETION_BASED,Yes,N/A — Single Session,14:00,55,2,3,Second job,No,09:30,20,Yes,14:00,14:00,14:55,2,,20,No,No meaningful delay occurred,About the same,Not applicable,No,14:00,Exact — checked using calendar/message/booking records,"Calendar, Booking application/system",
2026-09-08 18:25:00,P037,1,P037-J01,2026-09-25,Cleaning,House Cleaning,Mop and Clean Floors,,TASK_COMPLETION_BASED,Yes,N/A — Single Session,08:00,60,2,3,First job,Yes,,0,Not applicable,08:05,08:05,09:05,2,,0,No,No meaningful delay occurred,About the same,Not applicable,No,08:00,Exact — checked using calendar/message/booking records,"Calendar, Booking application/system",
2026-09-08 18:38:10,P037,2,P037-J02,2026-09-25,Cleaning,House Cleaning,Dust and Surface Cleaning,,TASK_COMPLETION_BASED,Yes,N/A — Single Session,09:00,50,2,3,Second job,No,09:30,20,Yes,09:00,09:00,10:05,2,,20,No,No meaningful delay occurred,Yes,Complexity of the problem,No,09:00,Exact — checked using calendar/message/booking records,"Calendar, Booking application/system",
2026-09-08 18:52:12,P037,3,P037-J03,2026-09-25,Cleaning,House Cleaning,Full Home Cleaning,,TASK_COMPLETION_BASED,Yes,N/A — Single Session,10:00,200,2,3,Second job,No,09:30,20,Yes,10:00,10:00,13:30,2,,20,No,No meaningful delay occurred,Yes,Complexity of the problem,No,10:00,Exact — checked using calendar/message/booking records,"Calendar, Booking application/system",
2026-09-08 19:09:47,P038,4,P038-J04,2026-09-25,Gardening,Garden Cleaning,General Garden Cleaning,,TASK_COMPLETION_BASED,Yes,N/A — Single Session,11:00,100,2,3,Second job,No,09:30,20,Yes,11:00,11:00,12:50,2,,20,No,No meaningful delay occurred,Yes,Complexity of the problem,No,11:00,Exact — checked using calendar/message/booking records,"Calendar, Booking application/system",
2026-09-08 19:14:55,P038,5,P038-J05,2026-09-25,Gardening,Garden Cleaning,Remove Garden Waste,,TASK_COMPLETION_BASED,Yes,N/A — Single Session,12:00,85,2,3,Second job,No,09:30,20,Yes,12:00,12:00,13:30,2,,20,No,No meaningful delay occurred,About the same,Not applicable,No,12:00,Exact — checked using calendar/message/booking records,"Calendar, Booking application/system",
2026-09-08 19:16:03,P038,1,P038-J01,2026-09-25,Gardening,Garden Cleaning,Clear Overgrown Garden,,TASK_COMPLETION_BASED,Yes,N/A — Single Session,13:00,210,2,3,First job,Yes,,0,Not applicable,13:05,13:05,16:45,2,,0,No,No meaningful delay occurred,Yes,Complexity of the problem,No,13:00,Exact — checked using calendar/message/booking records,"Calendar, Booking application/system",
2026-09-08 20:19:30,P039,2,P039-J02,2026-09-25,Care Support,Child Care,Babysitting,,FIXED_DURATION,Yes,N/A — Single Session,14:00,250,1,3,Second job,No,09:30,20,Yes,14:05,14:05,18:15,1,,20,No,No meaningful delay occurred,About the same,Not applicable,No,14:00,Exact — checked using calendar/message/booking records,"Calendar, Booking application/system",
2026-09-08 20:53:41,P039,3,P039-J03,2026-09-25,Care Support,Child Care,Baby Care Session,,FIXED_DURATION,Yes,N/A — Single Session,08:00,165,1,3,Second job,No,09:30,20,Yes,08:00,08:00,10:50,1,,20,No,No meaningful delay occurred,About the same,Not applicable,No,08:00,Exact — checked using calendar/message/booking records,"Calendar, Booking application/system",
2026-09-08 21:00:58,P039,4,P039-J04,2026-09-25,Care Support,Child Care,Child Supervision,,SHIFT_BASED,Yes,N/A — Single Session,09:00,225,1,3,Second job,No,09:30,20,Yes,09:00,09:00,12:35,1,,20,No,No meaningful delay occurred,"No, it finished earlier",Not applicable,No,09:00,Exact — checked using calendar/message/booking records,"Calendar, Booking application/system",
2026-09-08 21:13:19,P039,5,P039-J05,2026-09-25,Care Support,Child Care,After-School Child Care,,FIXED_DURATION,Yes,N/A — Single Session,10:00,185,1,3,Second job,No,09:30,20,Yes,10:10,10:10,13:30,1,,20,Yes,Traffic congestion,Yes,Complexity of the problem,No,10:00,Exact — checked using calendar/message/booking records,"Calendar, Booking application/system",
2026-09-08 21:18:35,P039,1,P039-J01,2026-09-25,Care Support,Personal Assistance,Home Helper Session,,FIXED_DURATION,Yes,N/A — Single Session,11:00,280,1,3,First job,Yes,,0,Not applicable,11:00,11:00,15:45,1,,0,No,No meaningful delay occurred,About the same,Not applicable,No,11:00,Exact — checked using calendar/message/booking records,"Calendar, Booking application/system",
2026-09-08 21:45:38,P039,2,P039-J02,2026-09-25,Care Support,Personal Assistance,Errand Assistance,,TASK_COMPLETION_BASED,Yes,N/A — Single Session,12:00,90,1,3,Second job,No,09:30,20,Yes,12:10,12:10,13:45,1,,20,Yes,Traffic congestion,About the same,Not applicable,No,12:00,Exact — checked using calendar/message/booking records,"Calendar, Booking application/system",
2026-09-09 08:01:18,P039,3,P039-J03,2026-09-25,Care Support,Personal Assistance,Daily Task Support,,FIXED_DURATION,Yes,N/A — Single Session,13:00,120,1,3,Second job,No,09:30,20,Yes,13:05,13:05,15:05,1,,20,No,No meaningful delay occurred,About the same,Not applicable,No,13:00,Exact — checked using calendar/message/booking records,"Calendar, Booking application/system",
2026-09-09 08:12:06,P040,4,P040-J04,2026-09-25,Repairing,Electrical Repair,Repair Ceiling Fan,,TASK_COMPLETION_BASED,Yes,N/A — Single Session,14:00,60,1,3,Second job,No,09:30,20,Yes,14:05,14:05,14:55,1,,20,No,No meaningful delay occurred,"No, it finished earlier",Not applicable,No,14:00,Exact — checked using calendar/message/booking records,"Calendar, Booking application/system",
2026-09-09 08:48:59,P040,5,P040-J05,2026-09-25,Repairing,Electrical Repair,Repair Switch,,TASK_COMPLETION_BASED,Yes,N/A — Single Session,08:00,25,1,3,Second job,No,09:30,20,Yes,08:00,08:00,08:25,1,,20,No,No meaningful delay occurred,About the same,Not applicable,No,08:00,Exact — checked using calendar/message/booking records,"Calendar, Booking application/system",
2026-09-09 10:04:49,P040,1,P040-J01,2026-09-25,Repairing,Electrical Repair,Replace Damaged Wiring,,TASK_COMPLETION_BASED,Yes,N/A — Single Session,09:00,130,1,3,First job,Yes,,0,Not applicable,09:10,09:10,11:30,1,,0,Yes,Traffic congestion,Yes,Complexity of the problem,No,09:00,Exact — checked using calendar/message/booking records,"Calendar, Booking application/system",
2026-09-09 10:20:12,P040,2,P040-J02,2026-09-25,Repairing,Electrical Repair,Diagnose Refrigerator Fault,,TASK_COMPLETION_BASED,Yes,N/A — Single Session,10:00,55,1,3,Second job,No,09:30,20,Yes,10:15,10:15,11:20,1,,20,Yes,Traffic congestion,Yes,Complexity of the problem,No,10:00,Exact — checked using calendar/message/booking records,"Calendar, Booking application/system",
2026-09-09 10:20:33,P040,3,P040-J03,2026-09-25,Repairing,Electrical Repair,Repair Rice Cooker,,TASK_COMPLETION_BASED,Yes,N/A — Single Session,11:00,50,1,3,Second job,No,09:30,20,Yes,11:15,11:15,12:15,1,,20,Yes,Traffic congestion,Yes,Complexity of the problem,No,11:00,Exact — checked using calendar/message/booking records,"Calendar, Booking application/system",
2026-09-09 10:22:38,P040,4,P040-J04,2026-09-25,Repairing,Electrical Repair,Repair Air Conditioner,,TASK_COMPLETION_BASED,Yes,N/A — Single Session,12:00,100,1,3,Second job,No,09:30,20,Yes,12:05,12:05,13:45,1,,20,No,No meaningful delay occurred,About the same,Not applicable,No,12:00,Exact — checked using calendar/message/booking records,"Calendar, Booking application/system",
2026-09-09 10:53:06,P040,5,P040-J05,2026-09-25,Repairing,Electrical Repair,Service Air Conditioner,,TASK_COMPLETION_BASED,Yes,N/A — Single Session,13:00,60,1,3,Second job,No,09:30,20,Yes,13:00,13:00,14:05,1,,20,No,No meaningful delay occurred,About the same,Not applicable,No,13:00,Exact — checked using calendar/message/booking records,"Calendar, Booking application/system",
2026-09-09 11:15:25,P041,1,P041-J01,2026-09-25,Gardening,Landscaping & Design,Design Small Garden,,TASK_COMPLETION_BASED,Yes,N/A — Single Session,14:00,185,3,3,First job,Yes,,0,Not applicable,14:15,14:15,17:10,3,,0,Yes,Traffic congestion,"No, it finished earlier",Not applicable,No,14:00,Exact — checked using calendar/message/booking records,"Calendar, Booking application/system",
2026-09-09 11:31:05,P041,2,P041-J02,2026-09-25,Gardening,Landscaping & Design,Design Medium Garden,,TASK_COMPLETION_BASED,Yes,N/A — Single Session,08:00,280,3,3,Second job,No,09:30,20,Yes,08:00,08:00,12:45,3,,20,No,No meaningful delay occurred,About the same,Not applicable,No,08:00,Exact — checked using calendar/message/booking records,"Calendar, Booking application/system",
2026-09-09 12:00:19,P041,3,P041-J03,2026-09-25,Gardening,Landscaping & Design,Set Up New Garden,,TASK_COMPLETION_BASED,Yes,N/A — Single Session,09:00,280,3,3,Second job,No,09:30,20,Yes,09:05,09:05,13:45,3,,20,No,No meaningful delay occurred,About the same,Not applicable,No,09:00,Exact — checked using calendar/message/booking records,"Calendar, Booking application/system",
2026-09-09 12:06:39,P041,4,P041-J04,2026-09-25,Gardening,Landscaping & Design,Basic Landscaping,,TASK_COMPLETION_BASED,Yes,N/A — Single Session,10:00,255,3,3,Second job,No,09:30,20,Yes,10:00,10:00,14:15,3,,20,No,No meaningful delay occurred,About the same,Not applicable,No,10:00,Exact — checked using calendar/message/booking records,"Calendar, Booking application/system",
2026-09-09 12:52:28,P041,5,P041-J05,2026-09-25,Gardening,Landscaping & Design,Landscape Existing Garden,,TASK_COMPLETION_BASED,Yes,N/A — Single Session,11:00,415,3,3,Second job,No,09:30,20,Yes,11:15,11:15,18:15,3,,20,Yes,Traffic congestion,About the same,Not applicable,No,11:00,Exact — checked using calendar/message/booking records,"Calendar, Booking application/system",
2026-09-09 13:25:06,P042,1,P042-J01,2026-09-25,Repairing,Electrical Repair,Install Ceiling Fan,,TASK_COMPLETION_BASED,Yes,N/A — Single Session,12:00,75,1,3,First job,Yes,,0,Not applicable,12:00,12:00,13:15,1,,0,No,No meaningful delay occurred,About the same,Not applicable,No,12:00,Exact — checked using calendar/message/booking records,"Calendar, Booking application/system",
2026-09-09 14:19:20,P042,2,P042-J02,2026-09-25,Repairing,Electrical Repair,Repair Light Circuit,,TASK_COMPLETION_BASED,Yes,N/A — Single Session,13:00,50,1,3,Second job,No,09:30,20,Yes,13:00,13:00,13:40,1,,20,No,No meaningful delay occurred,"No, it finished earlier",Not applicable,No,13:00,Exact — checked using calendar/message/booking records,"Calendar, Booking application/system",
2026-09-09 14:20:21,P042,3,P042-J03,2026-09-25,Repairing,Electrical Repair,Install Switch,,TASK_COMPLETION_BASED,Yes,N/A — Single Session,14:00,30,1,3,Second job,No,09:30,20,Yes,14:00,14:00,14:45,1,,20,No,No meaningful delay occurred,Yes,Complexity of the problem,No,14:00,Exact — checked using calendar/message/booking records,"Calendar, Booking application/system",
2026-09-09 14:31:55,P042,4,P042-J04,2026-09-25,Repairing,Electrical Repair,Replace Distribution Board Component,,TASK_COMPLETION_BASED,Yes,N/A — Single Session,08:00,80,1,3,Second job,No,09:30,20,Yes,08:00,08:00,09:15,1,,20,No,No meaningful delay occurred,About the same,Not applicable,No,08:00,Exact — checked using calendar/message/booking records,"Calendar, Booking application/system",
2026-09-09 14:33:15,P043,5,P043-J05,2026-09-25,Cleaning,Office Cleaning,Clean Small Office,,TASK_COMPLETION_BASED,Yes,N/A — Single Session,09:00,110,4,3,Second job,No,09:30,20,Yes,09:05,09:05,11:05,4,,20,No,No meaningful delay occurred,Yes,Complexity of the problem,No,09:00,Exact — checked using calendar/message/booking records,"Calendar, Booking application/system",
2026-09-09 15:13:13,P043,1,P043-J01,2026-09-25,Cleaning,Office Cleaning,Clean Retail Shop,,TASK_COMPLETION_BASED,Yes,N/A — Single Session,10:00,125,4,3,First job,Yes,,0,Not applicable,10:00,10:00,12:20,4,,0,No,No meaningful delay occurred,Yes,Complexity of the problem,No,10:00,Exact — checked using calendar/message/booking records,"Calendar, Booking application/system",
2026-09-09 15:41:15,P043,2,P043-J02,2026-09-25,Cleaning,Office Cleaning,Deep Clean Office,,TASK_COMPLETION_BASED,Yes,N/A — Single Session,11:00,280,4,3,Second job,No,09:30,20,Yes,11:00,11:00,15:55,4,,20,No,No meaningful delay occurred,Yes,Complexity of the problem,No,11:00,Exact — checked using calendar/message/booking records,"Calendar, Booking application/system",
2026-09-09 16:53:38,P043,3,P043-J03,2026-09-25,Cleaning,Office Cleaning,Clean Office Floors,,TASK_COMPLETION_BASED,Yes,N/A — Single Session,12:00,70,4,3,Second job,No,09:30,20,Yes,12:00,12:00,13:25,4,,20,No,No meaningful delay occurred,Yes,Complexity of the problem,No,12:00,Exact — checked using calendar/message/booking records,"Calendar, Booking application/system",
2026-09-09 17:22:45,P043,4,P043-J04,2026-09-25,Cleaning,Post-Construction Cleaning,Post-Construction House Cleaning,,TASK_COMPLETION_BASED,Yes,N/A — Single Session,13:00,270,4,3,Second job,No,09:30,20,Yes,13:05,13:05,17:30,4,,20,No,No meaningful delay occurred,About the same,Not applicable,No,13:00,Exact — checked using calendar/message/booking records,"Calendar, Booking application/system",
2026-09-09 17:42:12,P043,5,P043-J05,2026-09-25,Cleaning,Post-Construction Cleaning,Remove Construction Dust,,TASK_COMPLETION_BASED,Yes,N/A — Single Session,14:00,180,4,3,Second job,No,09:30,20,Yes,14:00,14:00,16:55,4,,20,No,No meaningful delay occurred,About the same,Not applicable,No,14:00,Exact — checked using calendar/message/booking records,"Calendar, Booking application/system",
2026-09-09 17:46:48,P043,1,P043-J01,2026-09-25,Cleaning,Post-Construction Cleaning,Clean Post-Renovation Area,,TASK_COMPLETION_BASED,Yes,N/A — Single Session,08:00,165,4,3,First job,Yes,,0,Not applicable,08:00,08:00,10:35,4,,0,No,No meaningful delay occurred,"No, it finished earlier",Not applicable,No,08:00,Exact — checked using calendar/message/booking records,"Calendar, Booking application/system",
2026-09-09 17:54:20,P044,2,P044-J02,2026-09-25,Cleaning,Bathroom Cleaning,Deep Clean Bathroom,,TASK_COMPLETION_BASED,Yes,N/A — Single Session,09:00,95,1,3,Second job,No,09:30,20,Yes,09:00,09:00,10:35,1,,20,No,No meaningful delay occurred,About the same,Not applicable,No,09:00,Exact — checked using calendar/message/booking records,"Calendar, Booking application/system",
2026-09-09 18:11:44,P044,3,P044-J03,2026-09-25,Cleaning,Kitchen Cleaning,General Kitchen Cleaning,,TASK_COMPLETION_BASED,Yes,N/A — Single Session,10:00,80,1,3,Second job,No,09:30,20,Yes,10:00,10:00,11:35,1,,20,No,No meaningful delay occurred,Yes,Complexity of the problem,No,10:00,Exact — checked using calendar/message/booking records,"Calendar, Booking application/system",
2026-09-09 18:15:53,P044,4,P044-J04,2026-09-25,Cleaning,Kitchen Cleaning,Clean Kitchen Cabinets,,TASK_COMPLETION_BASED,Yes,N/A — Single Session,11:00,75,1,3,Second job,No,09:30,20,Yes,11:15,11:15,12:25,1,,20,Yes,Traffic congestion,About the same,Not applicable,No,11:00,Exact — checked using calendar/message/booking records,"Calendar, Booking application/system",
2026-09-09 18:30:41,P044,5,P044-J05,2026-09-25,Cleaning,Kitchen Cleaning,Degrease Cooking Area,,TASK_COMPLETION_BASED,Yes,N/A — Single Session,12:00,65,1,3,Second job,No,09:30,20,Yes,12:00,12:00,13:05,1,,20,No,No meaningful delay occurred,About the same,Not applicable,No,12:00,Exact — checked using calendar/message/booking records,"Calendar, Booking application/system",
2026-09-09 18:31:19,P044,1,P044-J01,2026-09-25,Cleaning,Kitchen Cleaning,Clean Kitchen Floor,,TASK_COMPLETION_BASED,Yes,N/A — Single Session,13:00,30,1,3,First job,Yes,,0,Not applicable,13:00,13:00,13:20,1,,0,No,No meaningful delay occurred,"No, it finished earlier",Not applicable,No,13:00,Exact — checked using calendar/message/booking records,"Calendar, Booking application/system",
2026-09-09 19:21:10,P045,2,P045-J02,2026-09-25,Repairing,Plumbing Repair,Install Tap,,TASK_COMPLETION_BASED,Yes,N/A — Single Session,14:00,35,2,3,Second job,No,09:30,20,Yes,14:15,14:15,14:50,2,,20,Yes,Traffic congestion,About the same,Not applicable,No,14:00,Exact — checked using calendar/message/booking records,"Calendar, Booking application/system",
2026-09-09 19:22:15,P045,3,P045-J03,2026-09-25,Repairing,Plumbing Repair,Replace Tap,,TASK_COMPLETION_BASED,Yes,N/A — Single Session,08:00,30,2,3,Second job,No,09:30,20,Yes,08:00,08:00,08:45,2,,20,No,No meaningful delay occurred,Yes,Complexity of the problem,No,08:00,Exact — checked using calendar/message/booking records,"Calendar, Booking application/system",
2026-09-09 19:25:15,P045,4,P045-J04,2026-09-25,Repairing,Plumbing Repair,Clean Water Tank,,TASK_COMPLETION_BASED,Yes,N/A — Single Session,09:00,135,2,3,Second job,No,09:30,20,Yes,09:00,09:00,11:15,2,,20,No,No meaningful delay occurred,About the same,Not applicable,No,09:00,Exact — checked using calendar/message/booking records,"Calendar, Booking application/system",
2026-09-09 19:27:46,P045,5,P045-J05,2026-09-25,Repairing,Plumbing Repair,Install Bathroom Pipe,,TASK_COMPLETION_BASED,Yes,N/A — Single Session,10:00,140,2,3,Second job,No,09:30,20,Yes,10:15,10:15,12:35,2,,20,Yes,Traffic congestion,About the same,Not applicable,No,10:00,Exact — checked using calendar/message/booking records,"Calendar, Booking application/system",
2026-09-09 19:59:18,P046,1,P046-J01,2026-09-25,Cleaning,Bathroom Cleaning,General Bathroom Cleaning,,TASK_COMPLETION_BASED,Yes,N/A — Single Session,11:00,60,2,3,First job,Yes,,0,Not applicable,11:00,11:00,12:10,2,,0,No,No meaningful delay occurred,Yes,Complexity of the problem,No,11:00,Exact — checked using calendar/message/booking records,"Calendar, Booking application/system",
2026-09-09 19:59:45,P046,2,P046-J02,2026-09-25,Cleaning,Bathroom Cleaning,Clean Toilet,,TASK_COMPLETION_BASED,Yes,N/A — Single Session,12:00,25,2,3,Second job,No,09:30,20,Yes,12:00,12:00,12:25,2,,20,No,No meaningful delay occurred,About the same,Not applicable,No,12:00,Exact — checked using calendar/message/booking records,"Calendar, Booking application/system",
2026-09-09 20:52:59,P046,3,P046-J03,2026-09-25,Cleaning,Bathroom Cleaning,Clean Washroom,,TASK_COMPLETION_BASED,Yes,N/A — Single Session,13:00,40,2,3,Second job,No,09:30,20,Yes,13:05,13:05,14:00,2,,20,No,No meaningful delay occurred,Yes,Complexity of the problem,No,13:00,Exact — checked using calendar/message/booking records,"Calendar, Booking application/system",
2026-09-09 21:30:40,P046,4,P046-J04,2026-09-25,Cleaning,Bathroom Cleaning,Remove Bathroom Stains,,TASK_COMPLETION_BASED,Yes,N/A — Single Session,14:00,55,2,3,Second job,No,09:30,20,Yes,14:10,14:10,15:00,2,,20,Yes,Traffic congestion,About the same,Not applicable,No,14:00,Exact — checked using calendar/message/booking records,"Calendar, Booking application/system",
2026-09-09 21:59:01,P046,5,P046-J05,2026-09-25,Cleaning,Kitchen Cleaning,Clean Kitchen Floor,,TASK_COMPLETION_BASED,Yes,N/A — Single Session,08:00,30,2,3,Second job,No,09:30,20,Yes,08:00,08:00,08:45,2,,20,No,No meaningful delay occurred,Yes,Complexity of the problem,No,08:00,Exact — checked using calendar/message/booking records,"Calendar, Booking application/system",
2026-09-10 08:02:23,P047,1,P047-J01,2026-09-25,Gardening,Garden Maintenance,Mow Lawn,,TASK_COMPLETION_BASED,Yes,N/A — Single Session,09:00,80,1,3,First job,Yes,,0,Not applicable,09:00,09:00,10:20,1,,0,No,No meaningful delay occurred,About the same,Not applicable,No,09:00,Exact — checked using calendar/message/booking records,"Calendar, Booking application/system",
2026-09-10 08:25:02,P047,2,P047-J02,2026-09-25,Gardening,Garden Maintenance,Remove Weeds,,TASK_COMPLETION_BASED,Yes,N/A — Single Session,10:00,95,1,3,Second job,No,09:30,20,Yes,10:00,10:00,11:30,1,,20,No,No meaningful delay occurred,About the same,Not applicable,No,10:00,Exact — checked using calendar/message/booking records,"Calendar, Booking application/system",
2026-09-10 08:25:48,P047,3,P047-J03,2026-09-25,Gardening,Garden Maintenance,Trim Tree Branches,,TASK_COMPLETION_BASED,Yes,N/A — Single Session,11:00,130,1,3,Second job,No,09:30,20,Yes,11:00,11:00,13:15,1,,20,No,No meaningful delay occurred,About the same,Not applicable,No,11:00,Exact — checked using calendar/message/booking records,"Calendar, Booking application/system",
2026-09-10 09:15:51,P048,4,P048-J04,2026-09-25,Repairing,Painting & Renovation,Paint Interior Wall,,TASK_COMPLETION_BASED,Yes,N/A — Single Session,12:00,125,2,3,Second job,No,09:30,20,Yes,12:00,12:00,14:00,2,,20,No,No meaningful delay occurred,About the same,Not applicable,No,12:00,Exact — checked using calendar/message/booking records,"Calendar, Booking application/system",
2026-09-10 09:19:33,P048,5,P048-J05,2026-09-25,Repairing,Painting & Renovation,Paint Exterior Wall,,TASK_COMPLETION_BASED,Yes,N/A — Single Session,13:00,220,2,3,Second job,No,09:30,20,Yes,13:00,13:00,16:50,2,,20,No,No meaningful delay occurred,Yes,Complexity of the problem,No,13:00,Exact — checked using calendar/message/booking records,"Calendar, Booking application/system",
2026-09-10 10:07:13,P048,1,P048-J01,2026-09-25,Repairing,Painting & Renovation,Paint Ceiling,,TASK_COMPLETION_BASED,Yes,N/A — Single Session,14:00,110,2,3,First job,Yes,,0,Not applicable,14:00,14:00,15:50,2,,0,No,No meaningful delay occurred,About the same,Not applicable,No,14:00,Exact — checked using calendar/message/booking records,"Calendar, Booking application/system",
2026-09-10 10:14:15,P048,2,P048-J02,2026-09-25,Repairing,Painting & Renovation,Repair Wall Crack,,TASK_COMPLETION_BASED,Yes,N/A — Single Session,08:00,70,2,3,Second job,No,09:30,20,Yes,08:00,08:00,09:20,2,,20,No,No meaningful delay occurred,Yes,Complexity of the problem,No,08:00,Exact — checked using calendar/message/booking records,"Calendar, Booking application/system",
2026-09-10 11:22:06,P048,3,P048-J03,2026-09-25,Repairing,Painting & Renovation,Minor Renovation Work,,TASK_COMPLETION_BASED,Yes,N/A — Single Session,09:00,250,2,3,Second job,No,09:30,20,Yes,09:00,09:00,13:10,2,,20,No,No meaningful delay occurred,About the same,Not applicable,No,09:00,Exact — checked using calendar/message/booking records,"Calendar, Booking application/system",
2026-09-10 11:39:46,P049,4,P049-J04,2026-09-25,Care Support,Disability Support,Mobility Support,,FIXED_DURATION,Yes,N/A — Single Session,10:00,95,3,3,Second job,No,09:30,20,Yes,10:10,10:10,11:50,3,,20,Yes,Traffic congestion,About the same,Not applicable,No,10:00,Exact — checked using calendar/message/booking records,"Calendar, Booking application/system",
2026-09-10 11:48:51,P049,5,P049-J05,2026-09-25,Care Support,Disability Support,Daily Living Assistance,,SHIFT_BASED,Yes,N/A — Single Session,11:00,375,3,3,Second job,No,09:30,20,Yes,11:00,11:00,17:20,3,,20,No,No meaningful delay occurred,About the same,Not applicable,No,11:00,Exact — checked using calendar/message/booking records,"Calendar, Booking application/system",
2026-09-10 12:00:44,P049,1,P049-J01,2026-09-25,Care Support,Elderly Care,Elderly Home Care,,FIXED_DURATION,Yes,N/A — Single Session,12:00,290,3,3,First job,Yes,,0,Not applicable,12:10,12:10,17:00,3,,0,Yes,Traffic congestion,About the same,Not applicable,No,12:00,Exact — checked using calendar/message/booking records,"Calendar, Booking application/system",
2026-09-10 12:18:24,P049,2,P049-J02,2026-09-25,Care Support,Elderly Care,Elderly Assistance Session,,FIXED_DURATION,Yes,N/A — Single Session,13:00,135,3,3,Second job,No,09:30,20,Yes,13:10,13:10,15:30,3,,20,Yes,Traffic congestion,About the same,Not applicable,No,13:00,Exact — checked using calendar/message/booking records,"Calendar, Booking application/system",
2026-09-10 12:22:08,P049,3,P049-J03,2026-09-25,Care Support,Elderly Care,Mobility Assistance,,FIXED_DURATION,Yes,N/A — Single Session,14:00,90,3,3,Second job,No,09:30,20,Yes,14:10,14:10,15:50,3,,20,Yes,Traffic congestion,Yes,Complexity of the problem,No,14:00,Exact — checked using calendar/message/booking records,"Calendar, Booking application/system",
2026-09-10 12:25:58,P050,4,P050-J04,2026-09-25,Repairing,Furniture Repair,Repair Wooden Chair,,TASK_COMPLETION_BASED,Yes,N/A — Single Session,08:00,50,3,3,Second job,No,09:30,20,Yes,08:15,08:15,09:05,3,,20,Yes,Traffic congestion,About the same,Not applicable,No,08:00,Exact — checked using calendar/message/booking records,"Calendar, Booking application/system",
2026-09-10 12:45:38,P050,5,P050-J05,2026-09-25,Repairing,Furniture Repair,Repair Dining Table,,TASK_COMPLETION_BASED,Yes,N/A — Single Session,09:00,80,3,3,Second job,No,09:30,20,Yes,09:00,09:00,10:35,3,,20,No,No meaningful delay occurred,Yes,Complexity of the problem,No,09:00,Exact — checked using calendar/message/booking records,"Calendar, Booking application/system",
2026-09-10 13:03:16,P050,1,P050-J01,2026-09-25,Repairing,Furniture Repair,Repair Cabinet,,TASK_COMPLETION_BASED,Yes,N/A — Single Session,10:00,90,3,3,First job,Yes,,0,Not applicable,10:05,10:05,11:50,3,,0,No,No meaningful delay occurred,Yes,Complexity of the problem,No,10:00,Exact — checked using calendar/message/booking records,"Calendar, Booking application/system",
2026-09-10 13:13:45,P051,2,P051-J02,2026-09-25,Repairing,Painting & Renovation,Paint Ceiling,,TASK_COMPLETION_BASED,Yes,N/A — Single Session,11:00,115,4,3,Second job,No,09:30,20,Yes,11:10,11:10,13:10,4,,20,Yes,Traffic congestion,About the same,Not applicable,No,11:00,Exact — checked using calendar/message/booking records,"Calendar, Booking application/system",
2026-09-10 13:43:32,P051,3,P051-J03,2026-09-25,Repairing,Painting & Renovation,Repair Ceiling,,TASK_COMPLETION_BASED,Yes,N/A — Single Session,12:00,135,4,3,Second job,No,09:30,20,Yes,12:00,12:00,14:15,4,,20,No,No meaningful delay occurred,About the same,Not applicable,No,12:00,Exact — checked using calendar/message/booking records,"Calendar, Booking application/system",
2026-09-10 14:19:45,P051,4,P051-J04,2026-09-25,Repairing,Painting & Renovation,Repair Floor Tile,,TASK_COMPLETION_BASED,Yes,N/A — Single Session,13:00,120,4,3,Second job,No,09:30,20,Yes,13:00,13:00,15:10,4,,20,No,No meaningful delay occurred,Yes,Complexity of the problem,No,13:00,Exact — checked using calendar/message/booking records,"Calendar, Booking application/system",
2026-09-10 14:35:23,P052,5,P052-J05,2026-09-25,Gardening,Garden Maintenance,Water Plants,,TASK_COMPLETION_BASED,Yes,N/A — Single Session,14:00,35,1,3,Second job,No,09:30,20,Yes,14:05,14:05,14:30,1,,20,No,No meaningful delay occurred,"No, it finished earlier",Not applicable,No,14:00,Exact — checked using calendar/message/booking records,"Calendar, Booking application/system",
2026-09-10 14:52:27,P052,1,P052-J01,2026-09-25,Gardening,Garden Maintenance,Cut Grass,,TASK_COMPLETION_BASED,Yes,N/A — Single Session,08:00,90,1,3,First job,Yes,,0,Not applicable,08:05,08:05,09:35,1,,0,No,No meaningful delay occurred,About the same,Not applicable,No,08:00,Exact — checked using calendar/message/booking records,"Calendar, Booking application/system",
2026-09-10 15:13:08,P052,2,P052-J02,2026-09-25,Gardening,Garden Maintenance,Prune Plants,,TASK_COMPLETION_BASED,Yes,N/A — Single Session,09:00,70,1,3,Second job,No,09:30,20,Yes,09:00,09:00,10:25,1,,20,No,No meaningful delay occurred,Yes,Complexity of the problem,No,09:00,Exact — checked using calendar/message/booking records,"Calendar, Booking application/system",
2026-09-10 15:22:15,P053,3,P053-J03,2026-09-25,Repairing,Electrical Repair,Replace Switch,,TASK_COMPLETION_BASED,Yes,N/A — Single Session,10:00,20,1,3,Second job,No,09:30,20,Yes,10:00,10:00,10:25,1,,20,No,No meaningful delay occurred,About the same,Not applicable,No,10:00,Exact — checked using calendar/message/booking records,"Calendar, Booking application/system",
2026-09-10 15:41:58,P053,4,P053-J04,2026-09-25,Repairing,Electrical Repair,Repair Power Socket,,TASK_COMPLETION_BASED,Yes,N/A — Single Session,11:00,35,1,3,Second job,No,09:30,20,Yes,11:00,11:00,11:40,1,,20,No,No meaningful delay occurred,About the same,Not applicable,No,11:00,Exact — checked using calendar/message/booking records,"Calendar, Booking application/system",
2026-09-10 16:00:10,P053,5,P053-J05,2026-09-25,Repairing,Electrical Repair,Replace Damaged Wiring,,TASK_COMPLETION_BASED,Yes,N/A — Single Session,12:00,125,1,3,Second job,No,09:30,20,Yes,12:00,12:00,14:20,1,,20,No,No meaningful delay occurred,Yes,Complexity of the problem,No,12:00,Exact — checked using calendar/message/booking records,"Calendar, Booking application/system",
2026-09-10 16:01:42,P053,1,P053-J01,2026-09-25,Repairing,Electrical Repair,Repair Distribution Board,,TASK_COMPLETION_BASED,Yes,N/A — Single Session,13:00,125,1,3,First job,Yes,,0,Not applicable,13:00,13:00,15:05,1,,0,No,No meaningful delay occurred,About the same,Not applicable,No,13:00,Exact — checked using calendar/message/booking records,"Calendar, Booking application/system",
2026-09-10 16:05:50,P053,2,P053-J02,2026-09-25,Repairing,Electrical Repair,Repair Microwave Oven,,TASK_COMPLETION_BASED,Yes,N/A — Single Session,14:00,60,1,3,Second job,No,09:30,20,Yes,14:15,14:15,15:05,1,,20,Yes,Traffic congestion,"No, it finished earlier",Not applicable,No,14:00,Exact — checked using calendar/message/booking records,"Calendar, Booking application/system",
2026-09-10 16:36:28,P053,3,P053-J03,2026-09-25,Repairing,Electrical Repair,Repair Air Conditioner,,TASK_COMPLETION_BASED,Yes,N/A — Single Session,08:00,85,1,3,Second job,No,09:30,20,Yes,08:00,08:00,09:20,1,,20,No,No meaningful delay occurred,About the same,Not applicable,No,08:00,Exact — checked using calendar/message/booking records,"Calendar, Booking application/system",
2026-09-10 16:56:07,P054,4,P054-J04,2026-09-25,Care Support,Disability Support,Mobility Support,,FIXED_DURATION,Yes,N/A — Single Session,09:00,90,1,3,Second job,No,09:30,20,Yes,09:00,09:00,10:45,1,,20,No,No meaningful delay occurred,Yes,Complexity of the problem,No,09:00,Exact — checked using calendar/message/booking records,"Calendar, Booking application/system",
2026-09-10 17:09:51,P054,5,P054-J05,2026-09-25,Care Support,Elderly Care,Medication Assistance,,TASK_COMPLETION_BASED,Yes,N/A — Single Session,10:00,20,1,3,Second job,No,09:30,20,Yes,10:00,10:00,10:30,1,,20,No,No meaningful delay occurred,Yes,Complexity of the problem,No,10:00,Exact — checked using calendar/message/booking records,"Calendar, Booking application/system",
2026-09-10 17:11:48,P054,1,P054-J01,2026-09-25,Care Support,Personal Assistance,Daily Household Assistance,,TASK_COMPLETION_BASED,Yes,N/A — Single Session,11:00,180,1,3,First job,Yes,,0,Not applicable,11:00,11:00,13:50,1,,0,No,No meaningful delay occurred,"No, it finished earlier",Not applicable,No,11:00,Exact — checked using calendar/message/booking records,"Calendar, Booking application/system",
2026-09-10 17:15:42,P054,2,P054-J02,2026-09-25,Care Support,Personal Assistance,Daily Task Support,,FIXED_DURATION,Yes,N/A — Single Session,12:00,125,1,3,Second job,No,09:30,20,Yes,12:15,12:15,14:25,1,,20,Yes,Traffic congestion,About the same,Not applicable,No,12:00,Exact — checked using calendar/message/booking records,"Calendar, Booking application/system",
2026-09-10 17:21:55,P055,3,P055-J03,2026-09-25,Repairing,Furniture Repair,Repair Wooden Chair,,TASK_COMPLETION_BASED,Yes,N/A — Single Session,13:00,50,1,3,Second job,No,09:30,20,Yes,13:00,13:00,13:55,1,,20,No,No meaningful delay occurred,About the same,Not applicable,No,13:00,Exact — checked using calendar/message/booking records,"Calendar, Booking application/system",
2026-09-10 18:02:55,P055,4,P055-J04,2026-09-25,Repairing,Furniture Repair,Repair Dining Table,,TASK_COMPLETION_BASED,Yes,N/A — Single Session,14:00,85,1,3,Second job,No,09:30,20,Yes,14:15,14:15,15:50,1,,20,Yes,Traffic congestion,Yes,Complexity of the problem,No,14:00,Exact — checked using calendar/message/booking records,"Calendar, Booking application/system",
2026-09-10 18:10:43,P055,5,P055-J05,2026-09-25,Repairing,Furniture Repair,Repair Sofa Frame,,TASK_COMPLETION_BASED,Yes,N/A — Single Session,08:00,115,1,3,Second job,No,09:30,20,Yes,08:15,08:15,10:25,1,,20,Yes,Traffic congestion,Yes,Complexity of the problem,No,08:00,Exact — checked using calendar/message/booking records,"Calendar, Booking application/system",
2026-09-10 18:35:04,P055,1,P055-J01,2026-09-25,Repairing,Furniture Repair,Repair Bed Frame,,TASK_COMPLETION_BASED,Yes,N/A — Single Session,09:00,120,1,3,First job,Yes,,0,Not applicable,09:05,09:05,11:05,1,,0,No,No meaningful delay occurred,About the same,Not applicable,No,09:00,Exact — checked using calendar/message/booking records,"Calendar, Booking application/system",
2026-09-10 18:38:48,P055,2,P055-J02,2026-09-25,Repairing,Furniture Repair,Repair Cabinet,,TASK_COMPLETION_BASED,Yes,N/A — Single Session,10:00,85,1,3,Second job,No,09:30,20,Yes,10:00,10:00,11:25,1,,20,No,No meaningful delay occurred,About the same,Not applicable,No,10:00,Exact — checked using calendar/message/booking records,"Calendar, Booking application/system",
2026-09-10 18:43:27,P055,3,P055-J03,2026-09-25,Repairing,Furniture Repair,Replace Furniture Hardware,,TASK_COMPLETION_BASED,Yes,N/A — Single Session,11:00,25,1,3,Second job,No,09:30,20,Yes,11:15,11:15,11:50,1,,20,Yes,Traffic congestion,Yes,Complexity of the problem,No,11:00,Exact — checked using calendar/message/booking records,"Calendar, Booking application/system",
2026-09-10 19:03:48,P055,4,P055-J04,2026-09-25,Repairing,Furniture Repair,Assemble Furniture,,TASK_COMPLETION_BASED,Yes,N/A — Single Session,12:00,90,1,3,Second job,No,09:30,20,Yes,12:00,12:00,13:35,1,,20,No,No meaningful delay occurred,About the same,Not applicable,No,12:00,Exact — checked using calendar/message/booking records,"Calendar, Booking application/system",
2026-09-10 19:04:57,P056,5,P056-J05,2026-09-25,Care Support,Disability Support,Personal Disability Assistance,,FIXED_DURATION,Yes,N/A — Single Session,13:00,195,1,3,Second job,No,09:30,20,Yes,13:00,13:00,16:15,1,,20,No,No meaningful delay occurred,About the same,Not applicable,No,13:00,Exact — checked using calendar/message/booking records,"Calendar, Booking application/system",
2026-09-10 19:20:43,P056,1,P056-J01,2026-09-25,Care Support,Disability Support,Mobility Support,,FIXED_DURATION,Yes,N/A — Single Session,14:00,90,1,3,First job,Yes,,0,Not applicable,14:15,14:15,16:00,1,,0,Yes,Traffic congestion,Yes,Complexity of the problem,No,14:00,Exact — checked using calendar/message/booking records,"Calendar, Booking application/system",
2026-09-10 19:20:57,P056,2,P056-J02,2026-09-25,Care Support,Disability Support,Daily Living Assistance,,SHIFT_BASED,Yes,N/A — Single Session,08:00,345,1,3,Second job,No,09:30,20,Yes,08:00,08:00,13:55,1,,20,No,No meaningful delay occurred,Yes,Complexity of the problem,No,08:00,Exact — checked using calendar/message/booking records,"Calendar, Booking application/system",
2026-09-10 19:32:56,P056,3,P056-J03,2026-09-25,Care Support,Disability Support,Special Needs Support Session,,FIXED_DURATION,Yes,N/A — Single Session,09:00,120,1,3,Second job,No,09:30,20,Yes,09:00,09:00,11:10,1,,20,No,No meaningful delay occurred,Yes,Complexity of the problem,No,09:00,Exact — checked using calendar/message/booking records,"Calendar, Booking application/system",
2026-09-10 19:38:25,P057,4,P057-J04,2026-09-25,Cleaning,Bathroom Cleaning,General Bathroom Cleaning,,TASK_COMPLETION_BASED,Yes,N/A — Single Session,10:00,55,2,3,Second job,No,09:30,20,Yes,10:10,10:10,11:10,2,,20,Yes,Traffic congestion,About the same,Not applicable,No,10:00,Exact — checked using calendar/message/booking records,"Calendar, Booking application/system",
2026-09-10 20:00:26,P057,5,P057-J05,2026-09-25,Cleaning,Bathroom Cleaning,Deep Clean Bathroom,,TASK_COMPLETION_BASED,Yes,N/A — Single Session,11:00,95,2,3,Second job,No,09:30,20,Yes,11:10,11:10,12:40,2,,20,Yes,Traffic congestion,About the same,Not applicable,No,11:00,Exact — checked using calendar/message/booking records,"Calendar, Booking application/system",
2026-09-10 20:34:14,P057,1,P057-J01,2026-09-25,Cleaning,Bathroom Cleaning,Clean Toilet,,TASK_COMPLETION_BASED,Yes,N/A — Single Session,12:00,30,2,3,First job,Yes,,0,Not applicable,12:00,12:00,12:35,2,,0,No,No meaningful delay occurred,About the same,Not applicable,No,12:00,Exact — checked using calendar/message/booking records,"Calendar, Booking application/system",
2026-09-10 20:50:02,P057,2,P057-J02,2026-09-25,Cleaning,Bathroom Cleaning,Clean Washroom,,TASK_COMPLETION_BASED,Yes,N/A — Single Session,13:00,45,2,3,Second job,No,09:30,20,Yes,13:10,13:10,13:45,2,,20,Yes,Traffic congestion,"No, it finished earlier",Not applicable,No,13:00,Exact — checked using calendar/message/booking records,"Calendar, Booking application/system",
2026-09-10 20:50:40,P057,3,P057-J03,2026-09-25,Cleaning,Bathroom Cleaning,Remove Bathroom Stains,,TASK_COMPLETION_BASED,Yes,N/A — Single Session,14:00,60,2,3,Second job,No,09:30,20,Yes,14:00,14:00,15:10,2,,20,No,No meaningful delay occurred,Yes,Complexity of the problem,No,14:00,Exact — checked using calendar/message/booking records,"Calendar, Booking application/system",
2026-09-10 21:24:48,P058,4,P058-J04,2026-09-25,Gardening,Garden Cleaning,General Garden Cleaning,,TASK_COMPLETION_BASED,Yes,N/A — Single Session,08:00,120,2,3,Second job,No,09:30,20,Yes,08:15,08:15,10:30,2,,20,Yes,Traffic congestion,Yes,Complexity of the problem,No,08:00,Exact — checked using calendar/message/booking records,"Calendar, Booking application/system",
2026-09-10 21:33:04,P058,5,P058-J05,2026-09-25,Gardening,Garden Cleaning,Remove Garden Waste,,TASK_COMPLETION_BASED,Yes,N/A — Single Session,09:00,90,2,3,Second job,No,09:30,20,Yes,09:00,09:00,10:25,2,,20,No,No meaningful delay occurred,About the same,Not applicable,No,09:00,Exact — checked using calendar/message/booking records,"Calendar, Booking application/system",
2026-09-10 21:40:52,P058,1,P058-J01,2026-09-25,Gardening,Planting Services,Plant Vegetables,,TASK_COMPLETION_BASED,Yes,N/A — Single Session,10:00,90,2,3,First job,Yes,,0,Not applicable,10:00,10:00,11:35,2,,0,No,No meaningful delay occurred,About the same,Not applicable,No,10:00,Exact — checked using calendar/message/booking records,"Calendar, Booking application/system",
2026-09-10 21:46:37,P058,2,P058-J02,2026-09-25,Gardening,Planting Services,Plant Small Tree,,TASK_COMPLETION_BASED,Yes,N/A — Single Session,11:00,50,2,3,Second job,No,09:30,20,Yes,11:10,11:10,11:55,2,,20,Yes,Traffic congestion,About the same,Not applicable,No,11:00,Exact — checked using calendar/message/booking records,"Calendar, Booking application/system",
2026-09-11 08:31:33,P058,3,P058-J03,2026-09-25,Gardening,Planting Services,Plant Large Tree,,TASK_COMPLETION_BASED,Yes,N/A — Single Session,12:00,115,2,3,Second job,No,09:30,20,Yes,12:10,12:10,14:20,2,,20,Yes,Traffic congestion,Yes,Complexity of the problem,No,12:00,Exact — checked using calendar/message/booking records,"Calendar, Booking application/system",
2026-09-11 08:31:46,P058,4,P058-J04,2026-09-25,Gardening,Planting Services,Plant Garden Plants,,TASK_COMPLETION_BASED,Yes,N/A — Single Session,13:00,95,2,3,Second job,No,09:30,20,Yes,13:00,13:00,14:30,2,,20,No,No meaningful delay occurred,About the same,Not applicable,No,13:00,Exact — checked using calendar/message/booking records,"Calendar, Booking application/system",
2026-09-11 08:37:24,P058,5,P058-J05,2026-09-25,Gardening,Planting Services,Prepare Planting Area,,TASK_COMPLETION_BASED,Yes,N/A — Single Session,14:00,105,2,3,Second job,No,09:30,20,Yes,14:05,14:05,15:45,2,,20,No,No meaningful delay occurred,About the same,Not applicable,No,14:00,Exact — checked using calendar/message/booking records,"Calendar, Booking application/system",
2026-09-11 09:09:10,P059,1,P059-J01,2026-09-25,Cleaning,House Cleaning,General House Cleaning,,TASK_COMPLETION_BASED,Yes,N/A — Single Session,08:00,110,3,3,First job,Yes,,0,Not applicable,08:00,08:00,09:55,3,,0,No,No meaningful delay occurred,About the same,Not applicable,No,08:00,Exact — checked using calendar/message/booking records,"Calendar, Booking application/system",
2026-09-11 09:19:52,P059,2,P059-J02,2026-09-25,Cleaning,House Cleaning,Deep Clean House,,TASK_COMPLETION_BASED,Yes,N/A — Single Session,09:00,195,3,3,Second job,No,09:30,20,Yes,09:15,09:15,12:30,3,,20,Yes,Traffic congestion,About the same,Not applicable,No,09:00,Exact — checked using calendar/message/booking records,"Calendar, Booking application/system",
2026-09-11 09:34:26,P059,3,P059-J03,2026-09-25,Cleaning,House Cleaning,Mop and Clean Floors,,TASK_COMPLETION_BASED,Yes,N/A — Single Session,10:00,55,3,3,Second job,No,09:30,20,Yes,10:00,10:00,10:45,3,,20,No,No meaningful delay occurred,"No, it finished earlier",Not applicable,No,10:00,Exact — checked using calendar/message/booking records,"Calendar, Booking application/system",
2026-09-11 09:54:01,P059,4,P059-J04,2026-09-25,Cleaning,House Cleaning,Dust and Surface Cleaning,,TASK_COMPLETION_BASED,Yes,N/A — Single Session,11:00,50,3,3,Second job,No,09:30,20,Yes,11:10,11:10,12:00,3,,20,Yes,Traffic congestion,About the same,Not applicable,No,11:00,Exact — checked using calendar/message/booking records,"Calendar, Booking application/system",
2026-09-11 09:54:22,P059,5,P059-J05,2026-09-25,Cleaning,House Cleaning,Full Home Cleaning,,TASK_COMPLETION_BASED,Yes,N/A — Single Session,12:00,185,3,3,Second job,No,09:30,20,Yes,12:10,12:10,15:15,3,,20,Yes,Traffic congestion,About the same,Not applicable,No,12:00,Exact — checked using calendar/message/booking records,"Calendar, Booking application/system",
2026-09-11 10:14:30,P059,1,P059-J01,2026-09-25,Cleaning,Kitchen Cleaning,General Kitchen Cleaning,,TASK_COMPLETION_BASED,Yes,N/A — Single Session,13:00,65,3,3,First job,Yes,,0,Not applicable,13:00,13:00,14:05,3,,0,No,No meaningful delay occurred,About the same,Not applicable,No,13:00,Exact — checked using calendar/message/booking records,"Calendar, Booking application/system",
2026-09-11 10:28:46,P059,2,P059-J02,2026-09-25,Cleaning,Kitchen Cleaning,Clean Kitchen Cabinets,,TASK_COMPLETION_BASED,Yes,N/A — Single Session,14:00,65,3,3,Second job,No,09:30,20,Yes,14:10,14:10,15:05,3,,20,Yes,Traffic congestion,"No, it finished earlier",Not applicable,No,14:00,Exact — checked using calendar/message/booking records,"Calendar, Booking application/system",
2026-09-11 10:35:27,P059,3,P059-J03,2026-09-25,Cleaning,Kitchen Cleaning,Degrease Cooking Area,,TASK_COMPLETION_BASED,Yes,N/A — Single Session,08:00,65,3,3,Second job,No,09:30,20,Yes,08:00,08:00,09:10,3,,20,No,No meaningful delay occurred,About the same,Not applicable,No,08:00,Exact — checked using calendar/message/booking records,"Calendar, Booking application/system",
2026-09-11 10:39:43,P060,4,P060-J04,2026-09-25,Gardening,Landscaping & Design,Basic Landscaping,,TASK_COMPLETION_BASED,Yes,N/A — Single Session,09:00,270,4,3,Second job,No,09:30,20,Yes,09:05,09:05,13:35,4,,20,No,No meaningful delay occurred,About the same,Not applicable,No,09:00,Exact — checked using calendar/message/booking records,"Calendar, Booking application/system",
2026-09-11 10:42:32,P060,5,P060-J05,2026-09-25,Gardening,Landscaping & Design,Landscape Existing Garden,,TASK_COMPLETION_BASED,Yes,N/A — Single Session,10:00,360,4,3,Second job,No,09:30,20,Yes,10:15,10:15,16:15,4,,20,Yes,Traffic congestion,About the same,Not applicable,No,10:00,Exact — checked using calendar/message/booking records,"Calendar, Booking application/system",
2026-09-11 11:01:11,P060,1,P060-J01,2026-09-25,Gardening,Planting Services,Plant Flowers,,TASK_COMPLETION_BASED,Yes,N/A — Single Session,11:00,60,4,3,First job,Yes,,0,Not applicable,11:05,11:05,11:55,4,,0,No,No meaningful delay occurred,"No, it finished earlier",Not applicable,No,11:00,Exact — checked using calendar/message/booking records,"Calendar, Booking application/system",
2026-09-11 11:08:54,P060,2,P060-J02,2026-09-25,Gardening,Planting Services,Plant Vegetables,,TASK_COMPLETION_BASED,Yes,N/A — Single Session,12:00,75,4,3,Second job,No,09:30,20,Yes,12:00,12:00,13:10,4,,20,No,No meaningful delay occurred,About the same,Not applicable,No,12:00,Exact — checked using calendar/message/booking records,"Calendar, Booking application/system",
2026-09-11 11:59:05,P060,3,P060-J03,2026-09-25,Gardening,Planting Services,Plant Garden Plants,,TASK_COMPLETION_BASED,Yes,N/A — Single Session,13:00,70,4,3,Second job,No,09:30,20,Yes,13:05,13:05,14:15,4,,20,No,No meaningful delay occurred,About the same,Not applicable,No,13:00,Exact — checked using calendar/message/booking records,"Calendar, Booking application/system",
2026-09-11 12:05:44,P061,4,P061-J04,2026-09-25,Care Support,Elderly Care,Elderly Home Care,,SHIFT_BASED,Yes,N/A — Single Session,14:00,285,1,3,Second job,No,09:30,20,Yes,14:15,14:15,19:05,1,,20,Yes,Traffic congestion,About the same,Not applicable,No,14:00,Exact — checked using calendar/message/booking records,"Calendar, Booking application/system",
2026-09-11 12:20:30,P061,5,P061-J05,2026-09-25,Care Support,Elderly Care,Elderly Assistance Session,,FIXED_DURATION,Yes,N/A — Single Session,08:00,135,1,3,Second job,No,09:30,20,Yes,08:10,08:10,10:40,1,,20,Yes,Traffic congestion,Yes,Complexity of the problem,No,08:00,Exact — checked using calendar/message/booking records,"Calendar, Booking application/system",
2026-09-11 12:45:07,P061,1,P061-J01,2026-09-25,Care Support,Elderly Care,Mobility Assistance,,FIXED_DURATION,Yes,N/A — Single Session,09:00,90,1,3,First job,Yes,,0,Not applicable,09:00,09:00,10:25,1,,0,No,No meaningful delay occurred,About the same,Not applicable,No,09:00,Exact — checked using calendar/message/booking records,"Calendar, Booking application/system",
2026-09-11 13:18:48,P061,2,P061-J02,2026-09-25,Care Support,Personal Assistance,Home Helper Session,,FIXED_DURATION,Yes,N/A — Single Session,10:00,275,1,3,Second job,No,09:30,20,Yes,10:15,10:15,14:50,1,,20,Yes,Traffic congestion,About the same,Not applicable,No,10:00,Exact — checked using calendar/message/booking records,"Calendar, Booking application/system",
2026-09-11 13:49:41,P061,3,P061-J03,2026-09-25,Care Support,Personal Assistance,Personal Assistance,,SHIFT_BASED,Yes,N/A — Single Session,11:00,330,1,3,Second job,No,09:30,20,Yes,11:00,11:00,16:30,1,,20,No,No meaningful delay occurred,About the same,Not applicable,No,11:00,Exact — checked using calendar/message/booking records,"Calendar, Booking application/system",
2026-09-11 13:52:00,P061,4,P061-J04,2026-09-25,Care Support,Personal Assistance,Daily Household Assistance,,TASK_COMPLETION_BASED,Yes,N/A — Single Session,12:00,175,1,3,Second job,No,09:30,20,Yes,12:00,12:00,14:50,1,,20,No,No meaningful delay occurred,About the same,Not applicable,No,12:00,Exact — checked using calendar/message/booking records,"Calendar, Booking application/system",
2026-09-11 13:56:27,P061,5,P061-J05,2026-09-25,Care Support,Personal Assistance,Daily Task Support,,FIXED_DURATION,Yes,N/A — Single Session,13:00,115,1,3,Second job,No,09:30,20,Yes,13:15,13:15,15:05,1,,20,Yes,Traffic congestion,About the same,Not applicable,No,13:00,Exact — checked using calendar/message/booking records,"Calendar, Booking application/system",
2026-09-11 14:25:04,P062,1,P062-J01,2026-09-25,Cleaning,Office Cleaning,Clean Small Office,,TASK_COMPLETION_BASED,Yes,N/A — Single Session,14:00,105,2,3,First job,Yes,,0,Not applicable,14:00,14:00,15:40,2,,0,No,No meaningful delay occurred,About the same,Not applicable,No,14:00,Exact — checked using calendar/message/booking records,"Calendar, Booking application/system",
2026-09-11 14:41:39,P062,2,P062-J02,2026-09-25,Cleaning,Office Cleaning,Clean Medium Office,,TASK_COMPLETION_BASED,Yes,N/A — Single Session,08:00,160,2,3,Second job,No,09:30,20,Yes,08:00,08:00,10:35,2,,20,No,No meaningful delay occurred,About the same,Not applicable,No,08:00,Exact — checked using calendar/message/booking records,"Calendar, Booking application/system",
2026-09-11 14:42:07,P062,3,P062-J03,2026-09-25,Cleaning,Office Cleaning,Clean Retail Shop,,TASK_COMPLETION_BASED,Yes,N/A — Single Session,09:00,130,2,3,Second job,No,09:30,20,Yes,09:05,09:05,11:05,2,,20,No,No meaningful delay occurred,"No, it finished earlier",Not applicable,No,09:00,Exact — checked using calendar/message/booking records,"Calendar, Booking application/system",
2026-09-11 14:44:11,P062,4,P062-J04,2026-09-25,Cleaning,Office Cleaning,Deep Clean Office,,TASK_COMPLETION_BASED,Yes,N/A — Single Session,10:00,245,2,3,Second job,No,09:30,20,Yes,10:10,10:10,14:10,2,,20,Yes,Traffic congestion,About the same,Not applicable,No,10:00,Exact — checked using calendar/message/booking records,"Calendar, Booking application/system",
2026-09-11 15:30:43,P062,5,P062-J05,2026-09-25,Cleaning,Office Cleaning,Clean Office Floors,,TASK_COMPLETION_BASED,Yes,N/A — Single Session,11:00,85,2,3,Second job,No,09:30,20,Yes,11:15,11:15,12:35,2,,20,Yes,Traffic congestion,About the same,Not applicable,No,11:00,Exact — checked using calendar/message/booking records,"Calendar, Booking application/system",
2026-09-11 15:33:01,P062,1,P062-J01,2026-09-25,Cleaning,Post-Construction Cleaning,Post-Construction House Cleaning,,TASK_COMPLETION_BASED,Yes,N/A — Single Session,12:00,345,2,3,First job,Yes,,0,Not applicable,12:15,12:15,18:00,2,,0,Yes,Traffic congestion,About the same,Not applicable,No,12:00,Exact — checked using calendar/message/booking records,"Calendar, Booking application/system",
2026-09-11 15:47:16,P062,2,P062-J02,2026-09-25,Cleaning,Post-Construction Cleaning,Remove Construction Dust,,TASK_COMPLETION_BASED,Yes,N/A — Single Session,13:00,185,2,3,Second job,No,09:30,20,Yes,13:15,13:15,16:20,2,,20,Yes,Traffic congestion,About the same,Not applicable,No,13:00,Exact — checked using calendar/message/booking records,"Calendar, Booking application/system",
2026-09-11 16:14:40,P062,3,P062-J03,2026-09-25,Cleaning,Post-Construction Cleaning,Clean Post-Renovation Area,,TASK_COMPLETION_BASED,Yes,N/A — Single Session,14:00,155,2,3,Second job,No,09:30,20,Yes,14:00,14:00,16:40,2,,20,No,No meaningful delay occurred,About the same,Not applicable,No,14:00,Exact — checked using calendar/message/booking records,"Calendar, Booking application/system",
2026-09-11 16:50:26,P063,4,P063-J04,2026-09-25,Repairing,Electrical Repair,Repair Light Circuit,,TASK_COMPLETION_BASED,Yes,N/A — Single Session,08:00,50,2,3,Second job,No,09:30,20,Yes,08:15,08:15,08:55,2,,20,Yes,Traffic congestion,"No, it finished earlier",Not applicable,No,08:00,Exact — checked using calendar/message/booking records,"Calendar, Booking application/system",
2026-09-11 17:11:25,P063,5,P063-J05,2026-09-25,Repairing,Electrical Repair,Replace Switch,,TASK_COMPLETION_BASED,Yes,N/A — Single Session,09:00,20,2,3,Second job,No,09:30,20,Yes,09:10,09:10,09:25,2,,20,Yes,Traffic congestion,About the same,Not applicable,No,09:00,Exact — checked using calendar/message/booking records,"Calendar, Booking application/system",
2026-09-11 17:12:03,P063,1,P063-J01,2026-09-25,Repairing,Electrical Repair,Replace Damaged Wiring,,TASK_COMPLETION_BASED,Yes,N/A — Single Session,10:00,125,2,3,First job,Yes,,0,Not applicable,10:15,10:15,12:10,2,,0,Yes,Traffic congestion,"No, it finished earlier",Not applicable,No,10:00,Exact — checked using calendar/message/booking records,"Calendar, Booking application/system",
2026-09-11 17:22:17,P063,2,P063-J02,2026-09-25,Repairing,Electrical Repair,Repair Television,,TASK_COMPLETION_BASED,Yes,N/A — Single Session,11:00,110,2,3,Second job,No,09:30,20,Yes,11:05,11:05,12:45,2,,20,No,No meaningful delay occurred,"No, it finished earlier",Not applicable,No,11:00,Exact — checked using calendar/message/booking records,"Calendar, Booking application/system",
2026-09-11 17:26:20,P063,3,P063-J03,2026-09-25,Repairing,Electrical Repair,Repair Air Conditioner,,TASK_COMPLETION_BASED,Yes,N/A — Single Session,12:00,105,2,3,Second job,No,09:30,20,Yes,12:05,12:05,13:50,2,,20,No,No meaningful delay occurred,About the same,Not applicable,No,12:00,Exact — checked using calendar/message/booking records,"Calendar, Booking application/system",
2026-09-11 17:30:06,P063,4,P063-J04,2026-09-25,Repairing,Electrical Repair,Service Air Conditioner,,TASK_COMPLETION_BASED,Yes,N/A — Single Session,13:00,65,2,3,Second job,No,09:30,20,Yes,13:00,13:00,13:55,2,,20,No,No meaningful delay occurred,"No, it finished earlier",Not applicable,No,13:00,Exact — checked using calendar/message/booking records,"Calendar, Booking application/system",
2026-09-11 17:43:51,P064,5,P064-J05,2026-09-25,Gardening,Garden Maintenance,Water Plants,,TASK_COMPLETION_BASED,Yes,N/A — Single Session,14:00,35,5,3,Second job,No,09:30,20,Yes,14:00,14:00,14:40,5,,20,No,No meaningful delay occurred,About the same,Not applicable,No,14:00,Exact — checked using calendar/message/booking records,"Calendar, Booking application/system",
2026-09-11 17:48:14,P064,1,P064-J01,2026-09-25,Gardening,Garden Maintenance,Mow Lawn,,TASK_COMPLETION_BASED,Yes,N/A — Single Session,08:00,70,5,3,First job,Yes,,0,Not applicable,08:10,08:10,09:10,5,,0,Yes,Traffic congestion,"No, it finished earlier",Not applicable,No,08:00,Exact — checked using calendar/message/booking records,"Calendar, Booking application/system",
2026-09-11 18:31:03,P064,2,P064-J02,2026-09-25,Gardening,Garden Maintenance,Remove Weeds,,TASK_COMPLETION_BASED,Yes,N/A — Single Session,09:00,70,5,3,Second job,No,09:30,20,Yes,09:15,09:15,10:40,5,,20,Yes,Traffic congestion,Yes,Complexity of the problem,No,09:00,Exact — checked using calendar/message/booking records,"Calendar, Booking application/system",
2026-09-11 18:32:40,P064,3,P064-J03,2026-09-25,Gardening,Landscaping & Design,Design Small Garden,,TASK_COMPLETION_BASED,Yes,N/A — Single Session,10:00,225,5,3,Second job,No,09:30,20,Yes,10:00,10:00,13:45,5,,20,No,No meaningful delay occurred,About the same,Not applicable,No,10:00,Exact — checked using calendar/message/booking records,"Calendar, Booking application/system",
2026-09-11 18:52:11,P064,4,P064-J04,2026-09-25,Gardening,Landscaping & Design,Landscape Existing Garden,,TASK_COMPLETION_BASED,Yes,N/A — Single Session,11:00,390,5,3,Second job,No,09:30,20,Yes,11:00,11:00,17:40,5,,20,No,No meaningful delay occurred,Yes,Complexity of the problem,No,11:00,Exact — checked using calendar/message/booking records,"Calendar, Booking application/system",
2026-09-11 19:25:39,P064,5,P064-J05,2026-09-25,Gardening,Planting Services,Plant Vegetables,,TASK_COMPLETION_BASED,Yes,N/A — Single Session,12:00,80,5,3,Second job,No,09:30,20,Yes,12:00,12:00,13:10,5,,20,No,No meaningful delay occurred,"No, it finished earlier",Not applicable,No,12:00,Exact — checked using calendar/message/booking records,"Calendar, Booking application/system",
2026-09-11 19:32:50,P064,1,P064-J01,2026-09-25,Gardening,Planting Services,Prepare Planting Area,,TASK_COMPLETION_BASED,Yes,N/A — Single Session,13:00,85,5,3,First job,Yes,,0,Not applicable,13:00,13:00,14:25,5,,0,No,No meaningful delay occurred,About the same,Not applicable,No,13:00,Exact — checked using calendar/message/booking records,"Calendar, Booking application/system",
2026-09-11 19:40:25,P065,2,P065-J02,2026-09-25,Care Support,Pet Care,Feed Pet,,TASK_COMPLETION_BASED,Yes,N/A — Single Session,14:00,25,1,3,Second job,No,09:30,20,Yes,14:00,14:00,14:35,1,,20,No,No meaningful delay occurred,Yes,Complexity of the problem,No,14:00,Exact — checked using calendar/message/booking records,"Calendar, Booking application/system",
2026-09-11 20:50:33,P065,3,P065-J03,2026-09-25,Care Support,Pet Care,Pet Grooming,,TASK_COMPLETION_BASED,Yes,N/A — Single Session,08:00,85,1,3,Second job,No,09:30,20,Yes,08:15,08:15,09:40,1,,20,Yes,Traffic congestion,About the same,Not applicable,No,08:00,Exact — checked using calendar/message/booking records,"Calendar, Booking application/system",
2026-09-11 20:59:37,P065,4,P065-J04,2026-09-25,Care Support,Pet Care,Pet Cleaning,,TASK_COMPLETION_BASED,Yes,N/A — Single Session,09:00,60,1,3,Second job,No,09:30,20,Yes,09:05,09:05,09:55,1,,20,No,No meaningful delay occurred,"No, it finished earlier",Not applicable,No,09:00,Exact — checked using calendar/message/booking records,"Calendar, Booking application/system",
2026-09-11 21:22:31,P066,5,P066-J05,2026-09-25,Gardening,Planting Services,Plant Vegetables,,TASK_COMPLETION_BASED,Yes,N/A — Single Session,10:00,75,3,3,Second job,No,09:30,20,Yes,10:10,10:10,11:25,3,,20,Yes,Traffic congestion,About the same,Not applicable,No,10:00,Exact — checked using calendar/message/booking records,"Calendar, Booking application/system",
2026-09-12 08:01:06,P066,1,P066-J01,2026-09-25,Gardening,Planting Services,Plant Small Tree,,TASK_COMPLETION_BASED,Yes,N/A — Single Session,11:00,50,3,3,First job,Yes,,0,Not applicable,11:15,11:15,11:55,3,,0,Yes,Traffic congestion,"No, it finished earlier",Not applicable,No,11:00,Exact — checked using calendar/message/booking records,"Calendar, Booking application/system",
2026-09-12 08:02:33,P066,2,P066-J02,2026-09-25,Gardening,Planting Services,Plant Large Tree,,TASK_COMPLETION_BASED,Yes,N/A — Single Session,12:00,90,3,3,Second job,No,09:30,20,Yes,12:05,12:05,13:35,3,,20,No,No meaningful delay occurred,About the same,Not applicable,No,12:00,Exact — checked using calendar/message/booking records,"Calendar, Booking application/system",
2026-09-12 08:18:52,P067,3,P067-J03,2026-09-25,Care Support,Disability Support,Special Needs Support Session,,FIXED_DURATION,Yes,N/A — Single Session,13:00,120,1,3,Second job,No,09:30,20,Yes,13:00,13:00,15:15,1,,20,No,No meaningful delay occurred,Yes,Complexity of the problem,No,13:00,Exact — checked using calendar/message/booking records,"Calendar, Booking application/system",
2026-09-12 08:47:03,P067,4,P067-J04,2026-09-25,Care Support,Elderly Care,Elderly Assistance Session,,FIXED_DURATION,Yes,N/A — Single Session,14:00,140,1,3,Second job,No,09:30,20,Yes,14:10,14:10,16:40,1,,20,Yes,Traffic congestion,Yes,Complexity of the problem,No,14:00,Exact — checked using calendar/message/booking records,"Calendar, Booking application/system",
2026-09-12 08:50:52,P067,5,P067-J05,2026-09-25,Care Support,Elderly Care,Home Nursing Visit,,FIXED_DURATION,Yes,N/A — Single Session,08:00,80,1,3,Second job,No,09:30,20,Yes,08:10,08:10,09:30,1,,20,Yes,Traffic congestion,About the same,Not applicable,No,08:00,Exact — checked using calendar/message/booking records,"Calendar, Booking application/system",
2026-09-12 09:01:10,P067,1,P067-J01,2026-09-25,Care Support,Elderly Care,Medication Assistance,,TASK_COMPLETION_BASED,Yes,N/A — Single Session,09:00,20,1,3,First job,Yes,,0,Not applicable,09:00,09:00,09:35,1,,0,No,No meaningful delay occurred,Yes,Complexity of the problem,No,09:00,Exact — checked using calendar/message/booking records,"Calendar, Booking application/system",
2026-09-12 09:03:35,P067,2,P067-J02,2026-09-25,Care Support,Elderly Care,Mobility Assistance,,FIXED_DURATION,Yes,N/A — Single Session,10:00,95,1,3,Second job,No,09:30,20,Yes,10:15,10:15,11:55,1,,20,Yes,Traffic congestion,About the same,Not applicable,No,10:00,Exact — checked using calendar/message/booking records,"Calendar, Booking application/system",
2026-09-12 09:08:56,P067,3,P067-J03,2026-09-25,Care Support,Personal Assistance,Home Helper Session,,SHIFT_BASED,Yes,N/A — Single Session,11:00,270,1,3,Second job,No,09:30,20,Yes,11:05,11:05,15:35,1,,20,No,No meaningful delay occurred,About the same,Not applicable,No,11:00,Exact — checked using calendar/message/booking records,"Calendar, Booking application/system",
2026-09-12 09:34:30,P068,4,P068-J04,2026-09-25,Repairing,Painting & Renovation,Paint Interior Wall,,TASK_COMPLETION_BASED,Yes,N/A — Single Session,12:00,120,5,3,Second job,No,09:30,20,Yes,12:00,12:00,14:00,5,,20,No,No meaningful delay occurred,About the same,Not applicable,No,12:00,Exact — checked using calendar/message/booking records,"Calendar, Booking application/system",
2026-09-12 10:24:29,P068,5,P068-J05,2026-09-25,Repairing,Painting & Renovation,Paint Exterior Wall,,TASK_COMPLETION_BASED,Yes,N/A — Single Session,13:00,225,5,3,Second job,No,09:30,20,Yes,13:05,13:05,16:55,5,,20,No,No meaningful delay occurred,About the same,Not applicable,No,13:00,Exact — checked using calendar/message/booking records,"Calendar, Booking application/system",
2026-09-12 10:37:45,P068,1,P068-J01,2026-09-25,Repairing,Painting & Renovation,Paint Whole House,,TASK_COMPLETION_BASED,Yes,N/A — Single Session,14:00,470,5,3,First job,Yes,,0,Not applicable,14:10,14:10,22:05,5,,0,Yes,Traffic congestion,About the same,Not applicable,No,14:00,Exact — checked using calendar/message/booking records,"Calendar, Booking application/system",
2026-09-12 11:01:29,P068,2,P068-J02,2026-09-25,Repairing,Painting & Renovation,Replace Damaged Tile,,TASK_COMPLETION_BASED,Yes,N/A — Single Session,08:00,75,5,3,Second job,No,09:30,20,Yes,08:00,08:00,09:30,5,,20,No,No meaningful delay occurred,Yes,Complexity of the problem,No,08:00,Exact — checked using calendar/message/booking records,"Calendar, Booking application/system",
2026-09-12 11:19:58,P069,3,P069-J03,2026-09-25,Cleaning,House Cleaning,Clean Single Room,,TASK_COMPLETION_BASED,Yes,N/A — Single Session,09:00,50,5,3,Second job,No,09:30,20,Yes,09:15,09:15,10:10,5,,20,Yes,Traffic congestion,About the same,Not applicable,No,09:00,Exact — checked using calendar/message/booking records,"Calendar, Booking application/system",
2026-09-12 11:26:32,P069,4,P069-J04,2026-09-25,Cleaning,House Cleaning,Dust and Surface Cleaning,,TASK_COMPLETION_BASED,Yes,N/A — Single Session,10:00,55,5,3,Second job,No,09:30,20,Yes,10:00,10:00,10:50,5,,20,No,No meaningful delay occurred,About the same,Not applicable,No,10:00,Exact — checked using calendar/message/booking records,"Calendar, Booking application/system",
2026-09-12 11:43:23,P069,5,P069-J05,2026-09-25,Cleaning,House Cleaning,Full Home Cleaning,,TASK_COMPLETION_BASED,Yes,N/A — Single Session,11:00,200,5,3,Second job,No,09:30,20,Yes,11:00,11:00,14:35,5,,20,No,No meaningful delay occurred,Yes,Complexity of the problem,No,11:00,Exact — checked using calendar/message/booking records,"Calendar, Booking application/system",
2026-09-12 12:02:29,P070,1,P070-J01,2026-09-25,Repairing,Electrical Repair,Replace Ceiling Fan,,TASK_COMPLETION_BASED,Yes,N/A — Single Session,12:00,65,1,3,First job,Yes,,0,Not applicable,12:00,12:00,13:10,1,,0,No,No meaningful delay occurred,About the same,Not applicable,No,12:00,Exact — checked using calendar/message/booking records,"Calendar, Booking application/system",
2026-09-12 12:10:32,P070,2,P070-J02,2026-09-25,Repairing,Electrical Repair,Install Light Fitting,,TASK_COMPLETION_BASED,Yes,N/A — Single Session,13:00,40,1,3,Second job,No,09:30,20,Yes,13:05,13:05,14:00,1,,20,No,No meaningful delay occurred,Yes,Complexity of the problem,No,13:00,Exact — checked using calendar/message/booking records,"Calendar, Booking application/system",
2026-09-12 12:16:12,P070,3,P070-J03,2026-09-25,Repairing,Electrical Repair,Install Power Socket,,TASK_COMPLETION_BASED,Yes,N/A — Single Session,14:00,40,1,3,Second job,No,09:30,20,Yes,14:15,14:15,14:55,1,,20,Yes,Traffic congestion,About the same,Not applicable,No,14:00,Exact — checked using calendar/message/booking records,"Calendar, Booking application/system",
2026-09-12 12:19:37,P070,4,P070-J04,2026-09-25,Repairing,Electrical Repair,Repair Distribution Board,,TASK_COMPLETION_BASED,Yes,N/A — Single Session,08:00,115,1,3,Second job,No,09:30,20,Yes,08:05,08:05,09:55,1,,20,No,No meaningful delay occurred,About the same,Not applicable,No,08:00,Exact — checked using calendar/message/booking records,"Calendar, Booking application/system",
2026-09-12 13:05:12,P070,5,P070-J05,2026-09-25,Repairing,Electrical Repair,Repair Television,,TASK_COMPLETION_BASED,Yes,N/A — Single Session,09:00,80,1,3,Second job,No,09:30,20,Yes,09:10,09:10,10:20,1,,20,Yes,Traffic congestion,"No, it finished earlier",Not applicable,No,09:00,Exact — checked using calendar/message/booking records,"Calendar, Booking application/system",
2026-09-12 13:19:19,P070,1,P070-J01,2026-09-25,Repairing,Electrical Repair,Repair Air Conditioner,,TASK_COMPLETION_BASED,Yes,N/A — Single Session,10:00,115,1,3,First job,Yes,,0,Not applicable,10:00,10:00,11:50,1,,0,No,No meaningful delay occurred,About the same,Not applicable,No,10:00,Exact — checked using calendar/message/booking records,"Calendar, Booking application/system",
2026-09-12 13:26:59,P071,2,P071-J02,2026-09-25,Repairing,Plumbing Repair,Install Water Pipe,,TASK_COMPLETION_BASED,Yes,N/A — Single Session,11:00,150,2,3,Second job,No,09:30,20,Yes,11:10,11:10,13:30,2,,20,Yes,Traffic congestion,"No, it finished earlier",Not applicable,No,11:00,Exact — checked using calendar/message/booking records,"Calendar, Booking application/system",
2026-09-12 13:30:30,P071,3,P071-J03,2026-09-25,Repairing,Plumbing Repair,Repair Leaking Pipe,,TASK_COMPLETION_BASED,Yes,N/A — Single Session,12:00,70,2,3,Second job,No,09:30,20,Yes,12:15,12:15,13:35,2,,20,Yes,Traffic congestion,Yes,Complexity of the problem,No,12:00,Exact — checked using calendar/message/booking records,"Calendar, Booking application/system",
2026-09-12 13:35:16,P071,4,P071-J04,2026-09-25,Repairing,Plumbing Repair,Repair Tap,,TASK_COMPLETION_BASED,Yes,N/A — Single Session,13:00,30,2,3,Second job,No,09:30,20,Yes,13:00,13:00,13:35,2,,20,No,No meaningful delay occurred,About the same,Not applicable,No,13:00,Exact — checked using calendar/message/booking records,"Calendar, Booking application/system",
2026-09-12 13:46:00,P071,5,P071-J05,2026-09-25,Repairing,Plumbing Repair,Clear Blocked Drain,,TASK_COMPLETION_BASED,Yes,N/A — Single Session,14:00,95,2,3,Second job,No,09:30,20,Yes,14:00,14:00,15:25,2,,20,No,No meaningful delay occurred,"No, it finished earlier",Not applicable,No,14:00,Exact — checked using calendar/message/booking records,"Calendar, Booking application/system",
2026-09-12 13:52:17,P071,1,P071-J01,2026-09-25,Repairing,Plumbing Repair,Repair Sink Plumbing,,TASK_COMPLETION_BASED,Yes,N/A — Single Session,08:00,65,2,3,First job,Yes,,0,Not applicable,08:00,08:00,09:05,2,,0,No,No meaningful delay occurred,About the same,Not applicable,No,08:00,Exact — checked using calendar/message/booking records,"Calendar, Booking application/system",
2026-09-12 14:01:13,P071,2,P071-J02,2026-09-25,Repairing,Plumbing Repair,Repair Toilet Plumbing,,TASK_COMPLETION_BASED,Yes,N/A — Single Session,09:00,65,2,3,Second job,No,09:30,20,Yes,09:00,09:00,10:00,2,,20,No,No meaningful delay occurred,About the same,Not applicable,No,09:00,Exact — checked using calendar/message/booking records,"Calendar, Booking application/system",
2026-09-12 14:12:20,P071,3,P071-J03,2026-09-25,Repairing,Plumbing Repair,Replace Toilet Pipe,,TASK_COMPLETION_BASED,Yes,N/A — Single Session,10:00,80,2,3,Second job,No,09:30,20,Yes,10:15,10:15,11:40,2,,20,Yes,Traffic congestion,About the same,Not applicable,No,10:00,Exact — checked using calendar/message/booking records,"Calendar, Booking application/system",
2026-09-12 14:32:28,P071,4,P071-J04,2026-09-25,Repairing,Plumbing Repair,Install Bathroom Pipe,,TASK_COMPLETION_BASED,Yes,N/A — Single Session,11:00,150,2,3,Second job,No,09:30,20,Yes,11:15,11:15,13:55,2,,20,Yes,Traffic congestion,Yes,Complexity of the problem,No,11:00,Exact — checked using calendar/message/booking records,"Calendar, Booking application/system",
2026-09-12 15:02:25,P072,5,P072-J05,2026-09-25,Cleaning,Bathroom Cleaning,General Bathroom Cleaning,,TASK_COMPLETION_BASED,Yes,N/A — Single Session,12:00,50,3,3,Second job,No,09:30,20,Yes,12:05,12:05,13:00,3,,20,No,No meaningful delay occurred,About the same,Not applicable,No,12:00,Exact — checked using calendar/message/booking records,"Calendar, Booking application/system",
2026-09-12 15:05:02,P072,1,P072-J01,2026-09-25,Cleaning,Bathroom Cleaning,Clean Toilet,,TASK_COMPLETION_BASED,Yes,N/A — Single Session,13:00,20,3,3,First job,Yes,,0,Not applicable,13:00,13:00,13:30,3,,0,No,No meaningful delay occurred,Yes,Complexity of the problem,No,13:00,Exact — checked using calendar/message/booking records,"Calendar, Booking application/system",
2026-09-12 15:38:38,P072,2,P072-J02,2026-09-25,Cleaning,Bathroom Cleaning,Remove Bathroom Stains,,TASK_COMPLETION_BASED,Yes,N/A — Single Session,14:00,55,3,3,Second job,No,09:30,20,Yes,14:10,14:10,14:55,3,,20,Yes,Traffic congestion,"No, it finished earlier",Not applicable,No,14:00,Exact — checked using calendar/message/booking records,"Calendar, Booking application/system",
2026-09-12 15:53:32,P072,3,P072-J03,2026-09-25,Cleaning,Kitchen Cleaning,Deep Clean Kitchen,,TASK_COMPLETION_BASED,Yes,N/A — Single Session,08:00,130,3,3,Second job,No,09:30,20,Yes,08:00,08:00,10:15,3,,20,No,No meaningful delay occurred,About the same,Not applicable,No,08:00,Exact — checked using calendar/message/booking records,"Calendar, Booking application/system",
2026-09-12 16:32:05,P073,4,P073-J04,2026-09-25,Cleaning,Kitchen Cleaning,General Kitchen Cleaning,,TASK_COMPLETION_BASED,Yes,N/A — Single Session,09:00,65,2,3,Second job,No,09:30,20,Yes,09:10,09:10,10:15,2,,20,Yes,Traffic congestion,About the same,Not applicable,No,09:00,Exact — checked using calendar/message/booking records,"Calendar, Booking application/system",
2026-09-12 16:42:14,P073,5,P073-J05,2026-09-25,Cleaning,Kitchen Cleaning,Deep Clean Kitchen,,TASK_COMPLETION_BASED,Yes,N/A — Single Session,10:00,135,2,3,Second job,No,09:30,20,Yes,10:00,10:00,12:15,2,,20,No,No meaningful delay occurred,About the same,Not applicable,No,10:00,Exact — checked using calendar/message/booking records,"Calendar, Booking application/system",
2026-09-12 17:22:37,P073,1,P073-J01,2026-09-25,Cleaning,Kitchen Cleaning,Clean Kitchen Cabinets,,TASK_COMPLETION_BASED,Yes,N/A — Single Session,11:00,80,2,3,First job,Yes,,0,Not applicable,11:05,11:05,12:30,2,,0,No,No meaningful delay occurred,About the same,Not applicable,No,11:00,Exact — checked using calendar/message/booking records,"Calendar, Booking application/system",
2026-09-12 18:09:51,P073,2,P073-J02,2026-09-25,Cleaning,Kitchen Cleaning,Degrease Cooking Area,,TASK_COMPLETION_BASED,Yes,N/A — Single Session,12:00,65,2,3,Second job,No,09:30,20,Yes,12:10,12:10,13:25,2,,20,Yes,Traffic congestion,Yes,Complexity of the problem,No,12:00,Exact — checked using calendar/message/booking records,"Calendar, Booking application/system",
2026-09-12 18:21:00,P073,3,P073-J03,2026-09-25,Cleaning,Kitchen Cleaning,Clean Kitchen Floor,,TASK_COMPLETION_BASED,Yes,N/A — Single Session,13:00,30,2,3,Second job,No,09:30,20,Yes,13:05,13:05,13:30,2,,20,No,No meaningful delay occurred,About the same,Not applicable,No,13:00,Exact — checked using calendar/message/booking records,"Calendar, Booking application/system",
2026-09-12 18:42:03,P073,4,P073-J04,2026-09-25,Cleaning,Move In/Out Cleaning,Move-In Cleaning,,TASK_COMPLETION_BASED,Yes,N/A — Single Session,14:00,210,2,3,Second job,No,09:30,20,Yes,14:00,14:00,17:30,2,,20,No,No meaningful delay occurred,About the same,Not applicable,No,14:00,Exact — checked using calendar/message/booking records,"Calendar, Booking application/system",
2026-09-12 18:46:39,P073,5,P073-J05,2026-09-25,Cleaning,Move In/Out Cleaning,Move-Out Cleaning,,TASK_COMPLETION_BASED,Yes,N/A — Single Session,08:00,210,2,3,Second job,No,09:30,20,Yes,08:00,08:00,11:30,2,,20,No,No meaningful delay occurred,About the same,Not applicable,No,08:00,Exact — checked using calendar/message/booking records,"Calendar, Booking application/system",
2026-09-12 19:01:31,P073,1,P073-J01,2026-09-25,Cleaning,Move In/Out Cleaning,Empty Property Deep Cleaning,,TASK_COMPLETION_BASED,Yes,N/A — Single Session,09:00,315,2,3,First job,Yes,,0,Not applicable,09:15,09:15,14:35,2,,0,Yes,Traffic congestion,About the same,Not applicable,No,09:00,Exact — checked using calendar/message/booking records,"Calendar, Booking application/system",
2026-09-12 19:13:07,P074,2,P074-J02,2026-09-25,Cleaning,House Cleaning,General House Cleaning,,TASK_COMPLETION_BASED,Yes,N/A — Single Session,10:00,145,2,3,Second job,No,09:30,20,Yes,10:00,10:00,12:25,2,,20,No,No meaningful delay occurred,About the same,Not applicable,No,10:00,Exact — checked using calendar/message/booking records,"Calendar, Booking application/system",
2026-09-12 19:17:40,P074,3,P074-J03,2026-09-25,Cleaning,House Cleaning,Mop and Clean Floors,,TASK_COMPLETION_BASED,Yes,N/A — Single Session,11:00,65,2,3,Second job,No,09:30,20,Yes,11:00,11:00,12:00,2,,20,No,No meaningful delay occurred,About the same,Not applicable,No,11:00,Exact — checked using calendar/message/booking records,"Calendar, Booking application/system",
2026-09-12 19:22:07,P074,4,P074-J04,2026-09-25,Cleaning,Office Cleaning,Clean Small Office,,TASK_COMPLETION_BASED,Yes,N/A — Single Session,12:00,125,2,3,Second job,No,09:30,20,Yes,12:10,12:10,14:15,2,,20,Yes,Traffic congestion,About the same,Not applicable,No,12:00,Exact — checked using calendar/message/booking records,"Calendar, Booking application/system",
2026-09-12 20:25:55,P074,5,P074-J05,2026-09-25,Cleaning,Office Cleaning,Clean Medium Office,,TASK_COMPLETION_BASED,Yes,N/A — Single Session,13:00,235,2,3,Second job,No,09:30,20,Yes,13:15,13:15,17:25,2,,20,Yes,Traffic congestion,Yes,Complexity of the problem,No,13:00,Exact — checked using calendar/message/booking records,"Calendar, Booking application/system",
2026-09-12 21:16:41,P074,1,P074-J01,2026-09-25,Cleaning,Office Cleaning,Clean Retail Shop,,TASK_COMPLETION_BASED,Yes,N/A — Single Session,14:00,145,2,3,First job,Yes,,0,Not applicable,14:00,14:00,16:40,2,,0,No,No meaningful delay occurred,Yes,Complexity of the problem,No,14:00,Exact — checked using calendar/message/booking records,"Calendar, Booking application/system",
2026-09-12 21:18:14,P075,2,P075-J02,2026-09-25,Cleaning,House Cleaning,General House Cleaning,,TASK_COMPLETION_BASED,Yes,N/A — Single Session,08:00,170,1,3,Second job,No,09:30,20,Yes,08:00,08:00,10:50,1,,20,No,No meaningful delay occurred,About the same,Not applicable,No,08:00,Exact — checked using calendar/message/booking records,"Calendar, Booking application/system",
2026-09-12 21:34:27,P075,3,P075-J03,2026-09-25,Cleaning,House Cleaning,Clean Single Room,,TASK_COMPLETION_BASED,Yes,N/A — Single Session,09:00,60,1,3,Second job,No,09:30,20,Yes,09:15,09:15,10:15,1,,20,Yes,Traffic congestion,About the same,Not applicable,No,09:00,Exact — checked using calendar/message/booking records,"Calendar, Booking application/system",
2026-09-13 08:29:58,P075,4,P075-J04,2026-09-25,Cleaning,House Cleaning,Mop and Clean Floors,,TASK_COMPLETION_BASED,Yes,N/A — Single Session,10:00,70,1,3,Second job,No,09:30,20,Yes,10:00,10:00,11:00,1,,20,No,No meaningful delay occurred,"No, it finished earlier",Not applicable,No,10:00,Exact — checked using calendar/message/booking records,"Calendar, Booking application/system",
2026-09-13 08:35:48,P075,5,P075-J05,2026-09-25,Cleaning,House Cleaning,Dust and Surface Cleaning,,TASK_COMPLETION_BASED,Yes,N/A — Single Session,11:00,60,1,3,Second job,No,09:30,20,Yes,11:10,11:10,12:00,1,,20,Yes,Traffic congestion,"No, it finished earlier",Not applicable,No,11:00,Exact — checked using calendar/message/booking records,"Calendar, Booking application/system",
2026-09-13 08:41:49,P075,1,P075-J01,2026-09-25,Cleaning,House Cleaning,Full Home Cleaning,,TASK_COMPLETION_BASED,Yes,N/A — Single Session,12:00,240,1,3,First job,Yes,,0,Not applicable,12:00,12:00,15:50,1,,0,No,No meaningful delay occurred,"No, it finished earlier",Not applicable,No,12:00,Exact — checked using calendar/message/booking records,"Calendar, Booking application/system",
2026-09-13 08:48:12,P075,2,P075-J02,2026-09-25,Cleaning,Kitchen Cleaning,General Kitchen Cleaning,,TASK_COMPLETION_BASED,Yes,N/A — Single Session,13:00,70,1,3,Second job,No,09:30,20,Yes,13:00,13:00,14:15,1,,20,No,No meaningful delay occurred,About the same,Not applicable,No,13:00,Exact — checked using calendar/message/booking records,"Calendar, Booking application/system",
2026-09-13 09:37:00,P075,3,P075-J03,2026-09-25,Cleaning,Post-Construction Cleaning,Clean Post-Renovation Area,,TASK_COMPLETION_BASED,Yes,N/A — Single Session,14:00,220,1,3,Second job,No,09:30,20,Yes,14:00,14:00,17:35,1,,20,No,No meaningful delay occurred,About the same,Not applicable,No,14:00,Exact — checked using calendar/message/booking records,"Calendar, Booking application/system",
2026-09-13 10:22:01,P076,4,P076-J04,2026-09-25,Repairing,Electrical Repair,Install Ceiling Fan,,TASK_COMPLETION_BASED,Yes,N/A — Single Session,08:00,75,2,3,Second job,No,09:30,20,Yes,08:10,08:10,09:30,2,,20,Yes,Traffic congestion,About the same,Not applicable,No,08:00,Exact — checked using calendar/message/booking records,"Calendar, Booking application/system",
2026-09-13 12:48:28,P076,5,P076-J05,2026-09-25,Repairing,Electrical Repair,Repair Ceiling Fan,,TASK_COMPLETION_BASED,Yes,N/A — Single Session,09:00,55,2,3,Second job,No,09:30,20,Yes,09:15,09:15,10:15,2,,20,Yes,Traffic congestion,About the same,Not applicable,No,09:00,Exact — checked using calendar/message/booking records,"Calendar, Booking application/system",
2026-09-13 12:50:00,P076,1,P076-J01,2026-09-25,Repairing,Electrical Repair,Replace Light Fitting,,TASK_COMPLETION_BASED,Yes,N/A — Single Session,10:00,20,2,3,First job,Yes,,0,Not applicable,10:15,10:15,10:45,2,,0,Yes,Traffic congestion,Yes,Complexity of the problem,No,10:00,Exact — checked using calendar/message/booking records,"Calendar, Booking application/system",
2026-09-13 13:20:22,P076,2,P076-J02,2026-09-25,Repairing,Electrical Repair,Repair Switch,,TASK_COMPLETION_BASED,Yes,N/A — Single Session,11:00,30,2,3,Second job,No,09:30,20,Yes,11:15,11:15,11:45,2,,20,Yes,Traffic congestion,About the same,Not applicable,No,11:00,Exact — checked using calendar/message/booking records,"Calendar, Booking application/system",
2026-09-13 13:44:15,P076,3,P076-J03,2026-09-25,Repairing,Electrical Repair,Install New Wiring,,TASK_COMPLETION_BASED,Yes,N/A — Single Session,12:00,200,2,3,Second job,No,09:30,20,Yes,12:10,12:10,15:35,2,,20,Yes,Traffic congestion,About the same,Not applicable,No,12:00,Exact — checked using calendar/message/booking records,"Calendar, Booking application/system",
2026-09-13 13:49:13,P076,4,P076-J04,2026-09-25,Repairing,Electrical Repair,Replace Distribution Board Component,,TASK_COMPLETION_BASED,Yes,N/A — Single Session,13:00,70,2,3,Second job,No,09:30,20,Yes,13:10,13:10,14:20,2,,20,Yes,Traffic congestion,About the same,Not applicable,No,13:00,Exact — checked using calendar/message/booking records,"Calendar, Booking application/system",
2026-09-13 13:56:51,P076,5,P076-J05,2026-09-25,Repairing,Electrical Repair,Repair Air Conditioner,,TASK_COMPLETION_BASED,Yes,N/A — Single Session,14:00,95,2,3,Second job,No,09:30,20,Yes,14:05,14:05,15:40,2,,20,No,No meaningful delay occurred,About the same,Not applicable,No,14:00,Exact — checked using calendar/message/booking records,"Calendar, Booking application/system",
2026-09-13 14:38:09,P076,1,P076-J01,2026-09-25,Repairing,Electrical Repair,Service Air Conditioner,,TASK_COMPLETION_BASED,Yes,N/A — Single Session,08:00,65,2,3,First job,Yes,,0,Not applicable,08:00,08:00,09:00,2,,0,No,No meaningful delay occurred,About the same,Not applicable,No,08:00,Exact — checked using calendar/message/booking records,"Calendar, Booking application/system",
2026-09-13 15:02:23,P077,2,P077-J02,2026-09-25,Gardening,Garden Maintenance,Water Plants,,TASK_COMPLETION_BASED,Yes,N/A — Single Session,09:00,40,2,3,Second job,No,09:30,20,Yes,09:00,09:00,09:30,2,,20,No,No meaningful delay occurred,"No, it finished earlier",Not applicable,No,09:00,Exact — checked using calendar/message/booking records,"Calendar, Booking application/system",
2026-09-13 15:04:33,P077,3,P077-J03,2026-09-25,Gardening,Garden Maintenance,Trim Shrubs,,TASK_COMPLETION_BASED,Yes,N/A — Single Session,10:00,85,2,3,Second job,No,09:30,20,Yes,10:00,10:00,11:40,2,,20,No,No meaningful delay occurred,Yes,Complexity of the problem,No,10:00,Exact — checked using calendar/message/booking records,"Calendar, Booking application/system",
2026-09-13 15:04:54,P077,4,P077-J04,2026-09-25,Gardening,Garden Maintenance,Cut Grass,,TASK_COMPLETION_BASED,Yes,N/A — Single Session,11:00,105,2,3,Second job,No,09:30,20,Yes,11:00,11:00,12:50,2,,20,No,No meaningful delay occurred,About the same,Not applicable,No,11:00,Exact — checked using calendar/message/booking records,"Calendar, Booking application/system",
2026-09-13 15:15:20,P077,5,P077-J05,2026-09-25,Gardening,Garden Maintenance,Mow Lawn,,TASK_COMPLETION_BASED,Yes,N/A — Single Session,12:00,85,2,3,Second job,No,09:30,20,Yes,12:00,12:00,13:35,2,,20,No,No meaningful delay occurred,Yes,Complexity of the problem,No,12:00,Exact — checked using calendar/message/booking records,"Calendar, Booking application/system",
2026-09-13 15:16:23,P077,1,P077-J01,2026-09-25,Gardening,Garden Maintenance,Remove Weeds,,TASK_COMPLETION_BASED,Yes,N/A — Single Session,13:00,70,2,3,First job,Yes,,0,Not applicable,13:05,13:05,14:30,2,,0,No,No meaningful delay occurred,Yes,Complexity of the problem,No,13:00,Exact — checked using calendar/message/booking records,"Calendar, Booking application/system",
2026-09-13 15:20:24,P077,2,P077-J02,2026-09-25,Gardening,Garden Maintenance,General Garden Maintenance,,TASK_COMPLETION_BASED,Yes,N/A — Single Session,14:00,160,2,3,Second job,No,09:30,20,Yes,14:00,14:00,16:40,2,,20,No,No meaningful delay occurred,About the same,Not applicable,No,14:00,Exact — checked using calendar/message/booking records,"Calendar, Booking application/system",
2026-09-13 15:22:52,P078,3,P078-J03,2026-09-25,Gardening,Garden Maintenance,Water Plants,,TASK_COMPLETION_BASED,Yes,N/A — Single Session,08:00,40,1,3,Second job,No,09:30,20,Yes,08:10,08:10,08:45,1,,20,Yes,Traffic congestion,About the same,Not applicable,No,08:00,Exact — checked using calendar/message/booking records,"Calendar, Booking application/system",
2026-09-13 15:30:27,P078,4,P078-J04,2026-09-25,Gardening,Garden Maintenance,Cut Grass,,TASK_COMPLETION_BASED,Yes,N/A — Single Session,09:00,100,1,3,Second job,No,09:30,20,Yes,09:00,09:00,10:40,1,,20,No,No meaningful delay occurred,About the same,Not applicable,No,09:00,Exact — checked using calendar/message/booking records,"Calendar, Booking application/system",
2026-09-13 16:36:14,P078,5,P078-J05,2026-09-25,Gardening,Garden Maintenance,General Garden Maintenance,,TASK_COMPLETION_BASED,Yes,N/A — Single Session,10:00,150,1,3,Second job,No,09:30,20,Yes,10:10,10:10,12:45,1,,20,Yes,Traffic congestion,About the same,Not applicable,No,10:00,Exact — checked using calendar/message/booking records,"Calendar, Booking application/system",
2026-09-13 16:47:53,P079,1,P079-J01,2026-09-25,Care Support,Personal Assistance,Daily Household Assistance,,TASK_COMPLETION_BASED,Yes,N/A — Single Session,11:00,180,1,3,First job,Yes,,0,Not applicable,11:00,11:00,14:00,1,,0,No,No meaningful delay occurred,About the same,Not applicable,No,11:00,Exact — checked using calendar/message/booking records,"Calendar, Booking application/system",
2026-09-13 17:08:50,P079,2,P079-J02,2026-09-25,Care Support,Personal Assistance,Errand Assistance,,TASK_COMPLETION_BASED,Yes,N/A — Single Session,12:00,110,1,3,Second job,No,09:30,20,Yes,12:10,12:10,13:55,1,,20,Yes,Traffic congestion,About the same,Not applicable,No,12:00,Exact — checked using calendar/message/booking records,"Calendar, Booking application/system",
2026-09-13 17:41:57,P079,3,P079-J03,2026-09-25,Care Support,Pet Care,Pet Grooming,,TASK_COMPLETION_BASED,Yes,N/A — Single Session,13:00,95,1,3,Second job,No,09:30,20,Yes,13:00,13:00,14:35,1,,20,No,No meaningful delay occurred,About the same,Not applicable,No,13:00,Exact — checked using calendar/message/booking records,"Calendar, Booking application/system",
2026-09-13 18:05:07,P080,4,P080-J04,2026-09-25,Care Support,Elderly Care,Elderly Home Care,,SHIFT_BASED,Yes,N/A — Single Session,14:00,270,2,3,Second job,No,09:30,20,Yes,14:00,14:00,18:30,2,,20,No,No meaningful delay occurred,About the same,Not applicable,No,14:00,Exact — checked using calendar/message/booking records,"Calendar, Booking application/system",
2026-09-13 18:11:41,P080,5,P080-J05,2026-09-25,Care Support,Elderly Care,Mobility Assistance,,FIXED_DURATION,Yes,N/A — Single Session,08:00,95,2,3,Second job,No,09:30,20,Yes,08:10,08:10,09:50,2,,20,Yes,Traffic congestion,About the same,Not applicable,No,08:00,Exact — checked using calendar/message/booking records,"Calendar, Booking application/system",
2026-09-13 18:49:28,P080,1,P080-J01,2026-09-25,Care Support,Personal Assistance,Personal Assistance,,SHIFT_BASED,Yes,N/A — Single Session,09:00,330,2,3,First job,Yes,,0,Not applicable,09:00,09:00,14:30,2,,0,No,No meaningful delay occurred,About the same,Not applicable,No,09:00,Exact — checked using calendar/message/booking records,"Calendar, Booking application/system",
2026-09-13 19:06:33,P080,2,P080-J02,2026-09-25,Care Support,Personal Assistance,Daily Household Assistance,,TASK_COMPLETION_BASED,Yes,N/A — Single Session,10:00,155,2,3,Second job,No,09:30,20,Yes,10:05,10:05,12:50,2,,20,No,No meaningful delay occurred,Yes,Complexity of the problem,No,10:00,Exact — checked using calendar/message/booking records,"Calendar, Booking application/system",
2026-09-13 19:09:26,P080,3,P080-J03,2026-09-25,Care Support,Personal Assistance,Errand Assistance,,TASK_COMPLETION_BASED,Yes,N/A — Single Session,11:00,95,2,3,Second job,No,09:30,20,Yes,11:00,11:00,12:25,2,,20,No,No meaningful delay occurred,"No, it finished earlier",Not applicable,No,11:00,Exact — checked using calendar/message/booking records,"Calendar, Booking application/system",
2026-09-13 19:39:10,P080,4,P080-J04,2026-09-25,Care Support,Personal Assistance,Daily Task Support,,FIXED_DURATION,Yes,N/A — Single Session,12:00,125,2,3,Second job,No,09:30,20,Yes,12:00,12:00,14:10,2,,20,No,No meaningful delay occurred,About the same,Not applicable,No,12:00,Exact — checked using calendar/message/booking records,"Calendar, Booking application/system",
2026-09-13 19:40:25,P081,5,P081-J05,2026-09-25,Gardening,Garden Maintenance,Water Plants,,TASK_COMPLETION_BASED,Yes,N/A — Single Session,13:00,45,1,3,Second job,No,09:30,20,Yes,13:10,13:10,14:00,1,,20,Yes,Traffic congestion,About the same,Not applicable,No,13:00,Exact — checked using calendar/message/booking records,"Calendar, Booking application/system",
2026-09-13 20:00:41,P081,1,P081-J01,2026-09-25,Gardening,Garden Maintenance,General Garden Maintenance,,TASK_COMPLETION_BASED,Yes,N/A — Single Session,14:00,145,1,3,First job,Yes,,0,Not applicable,14:10,14:10,16:40,1,,0,Yes,Traffic congestion,About the same,Not applicable,No,14:00,Exact — checked using calendar/message/booking records,"Calendar, Booking application/system",
2026-09-13 20:09:50,P081,2,P081-J02,2026-09-25,Gardening,Planting Services,Plant Large Tree,,TASK_COMPLETION_BASED,Yes,N/A — Single Session,08:00,120,1,3,Second job,No,09:30,20,Yes,08:15,08:15,10:25,1,,20,Yes,Traffic congestion,Yes,Complexity of the problem,No,08:00,Exact — checked using calendar/message/booking records,"Calendar, Booking application/system",
2026-09-13 20:28:47,P082,3,P082-J03,2026-09-25,Repairing,Plumbing Repair,Install Water Pipe,,TASK_COMPLETION_BASED,Yes,N/A — Single Session,09:00,125,2,3,Second job,No,09:30,20,Yes,09:05,09:05,11:15,2,,20,No,No meaningful delay occurred,About the same,Not applicable,No,09:00,Exact — checked using calendar/message/booking records,"Calendar, Booking application/system",
2026-09-13 20:32:04,P082,4,P082-J04,2026-09-25,Repairing,Plumbing Repair,Repair Tap,,TASK_COMPLETION_BASED,Yes,N/A — Single Session,10:00,30,2,3,Second job,No,09:30,20,Yes,10:00,10:00,10:25,2,,20,No,No meaningful delay occurred,About the same,Not applicable,No,10:00,Exact — checked using calendar/message/booking records,"Calendar, Booking application/system",
2026-09-13 21:09:00,P082,5,P082-J05,2026-09-25,Repairing,Plumbing Repair,Clear Blocked Drain,,TASK_COMPLETION_BASED,Yes,N/A — Single Session,11:00,75,2,3,Second job,No,09:30,20,Yes,11:05,11:05,12:25,2,,20,No,No meaningful delay occurred,About the same,Not applicable,No,11:00,Exact — checked using calendar/message/booking records,"Calendar, Booking application/system",
2026-09-13 21:14:17,P083,1,P083-J01,2026-09-25,Cleaning,Bathroom Cleaning,General Bathroom Cleaning,,TASK_COMPLETION_BASED,Yes,N/A — Single Session,12:00,50,3,3,First job,Yes,,0,Not applicable,12:00,12:00,12:45,3,,0,No,No meaningful delay occurred,About the same,Not applicable,No,12:00,Exact — checked using calendar/message/booking records,"Calendar, Booking application/system",
2026-09-13 21:25:34,P083,2,P083-J02,2026-09-25,Cleaning,Bathroom Cleaning,Deep Clean Bathroom,,TASK_COMPLETION_BASED,Yes,N/A — Single Session,13:00,85,3,3,Second job,No,09:30,20,Yes,13:00,13:00,14:35,3,,20,No,No meaningful delay occurred,Yes,Complexity of the problem,No,13:00,Exact — checked using calendar/message/booking records,"Calendar, Booking application/system",
2026-09-13 21:32:53,P083,3,P083-J03,2026-09-25,Cleaning,Bathroom Cleaning,Remove Bathroom Stains,,TASK_COMPLETION_BASED,Yes,N/A — Single Session,14:00,60,3,3,Second job,No,09:30,20,Yes,14:00,14:00,15:00,3,,20,No,No meaningful delay occurred,About the same,Not applicable,No,14:00,Exact — checked using calendar/message/booking records,"Calendar, Booking application/system",
2026-09-13 21:37:28,P083,4,P083-J04,2026-09-25,Cleaning,Kitchen Cleaning,Deep Clean Kitchen,,TASK_COMPLETION_BASED,Yes,N/A — Single Session,08:00,125,3,3,Second job,No,09:30,20,Yes,08:15,08:15,10:25,3,,20,Yes,Traffic congestion,About the same,Not applicable,No,08:00,Exact — checked using calendar/message/booking records,"Calendar, Booking application/system",
2026-09-13 21:48:23,P084,5,P084-J05,2026-09-25,Cleaning,Move In/Out Cleaning,Move-In Cleaning,,TASK_COMPLETION_BASED,Yes,N/A — Single Session,09:00,160,5,3,Second job,No,09:30,20,Yes,09:00,09:00,11:50,5,,20,No,No meaningful delay occurred,Yes,Complexity of the problem,No,09:00,Exact — checked using calendar/message/booking records,"Calendar, Booking application/system",
2026-09-14 08:03:49,P084,1,P084-J01,2026-09-25,Cleaning,Move In/Out Cleaning,Move-Out Cleaning,,TASK_COMPLETION_BASED,Yes,N/A — Single Session,10:00,155,5,3,First job,Yes,,0,Not applicable,10:00,10:00,12:30,5,,0,No,No meaningful delay occurred,About the same,Not applicable,No,10:00,Exact — checked using calendar/message/booking records,"Calendar, Booking application/system",
2026-09-14 08:33:16,P084,2,P084-J02,2026-09-25,Cleaning,Move In/Out Cleaning,Empty Property Deep Cleaning,,TASK_COMPLETION_BASED,Yes,N/A — Single Session,11:00,215,5,3,Second job,No,09:30,20,Yes,11:00,11:00,14:35,5,,20,No,No meaningful delay occurred,About the same,Not applicable,No,11:00,Exact — checked using calendar/message/booking records,"Calendar, Booking application/system",
2026-09-14 08:50:44,P084,3,P084-J03,2026-09-25,Cleaning,Post-Construction Cleaning,Clean Post-Renovation Area,,TASK_COMPLETION_BASED,Yes,N/A — Single Session,12:00,135,5,3,Second job,No,09:30,20,Yes,12:15,12:15,14:25,5,,20,Yes,Traffic congestion,About the same,Not applicable,No,12:00,Exact — checked using calendar/message/booking records,"Calendar, Booking application/system",
2026-09-14 09:51:37,P084,4,P084-J04,2026-09-25,Cleaning,Post-Construction Cleaning,Clean Newly Built Property,,TASK_COMPLETION_BASED,Yes,N/A — Single Session,13:00,340,5,3,Second job,No,09:30,20,Yes,13:00,13:00,18:50,5,,20,No,No meaningful delay occurred,Yes,Complexity of the problem,No,13:00,Exact — checked using calendar/message/booking records,"Calendar, Booking application/system",
2026-09-14 10:35:44,P085,5,P085-J05,2026-09-25,Repairing,Painting & Renovation,Paint Interior Wall,,TASK_COMPLETION_BASED,Yes,N/A — Single Session,14:00,145,2,3,Second job,No,09:30,20,Yes,14:05,14:05,16:30,2,,20,No,No meaningful delay occurred,About the same,Not applicable,No,14:00,Exact — checked using calendar/message/booking records,"Calendar, Booking application/system",
2026-09-14 11:12:39,P085,1,P085-J01,2026-09-25,Repairing,Painting & Renovation,Paint Exterior Wall,,TASK_COMPLETION_BASED,Yes,N/A — Single Session,08:00,255,2,3,First job,Yes,,0,Not applicable,08:00,08:00,12:20,2,,0,No,No meaningful delay occurred,About the same,Not applicable,No,08:00,Exact — checked using calendar/message/booking records,"Calendar, Booking application/system",
2026-09-14 11:13:40,P085,2,P085-J02,2026-09-25,Repairing,Painting & Renovation,Paint Ceiling,,TASK_COMPLETION_BASED,Yes,N/A — Single Session,09:00,110,2,3,Second job,No,09:30,20,Yes,09:00,09:00,10:45,2,,20,No,No meaningful delay occurred,About the same,Not applicable,No,09:00,Exact — checked using calendar/message/booking records,"Calendar, Booking application/system",
2026-09-14 11:37:16,P085,3,P085-J03,2026-09-25,Repairing,Painting & Renovation,Paint Whole House,,TASK_COMPLETION_BASED,Yes,N/A — Single Session,10:00,485,2,3,Second job,No,09:30,20,Yes,10:00,10:00,18:05,2,,20,No,No meaningful delay occurred,About the same,Not applicable,No,10:00,Exact — checked using calendar/message/booking records,"Calendar, Booking application/system",
2026-09-14 11:43:02,P085,4,P085-J04,2026-09-25,Repairing,Painting & Renovation,Repair Wall Crack,,TASK_COMPLETION_BASED,Yes,N/A — Single Session,11:00,80,2,3,Second job,No,09:30,20,Yes,11:00,11:00,12:25,2,,20,No,No meaningful delay occurred,About the same,Not applicable,No,11:00,Exact — checked using calendar/message/booking records,"Calendar, Booking application/system",
2026-09-14 12:22:13,P085,5,P085-J05,2026-09-25,Repairing,Painting & Renovation,Replace Damaged Tile,,TASK_COMPLETION_BASED,Yes,N/A — Single Session,12:00,100,2,3,Second job,No,09:30,20,Yes,12:00,12:00,13:40,2,,20,No,No meaningful delay occurred,About the same,Not applicable,No,12:00,Exact — checked using calendar/message/booking records,"Calendar, Booking application/system",
2026-09-14 12:25:58,P085,1,P085-J01,2026-09-25,Repairing,Painting & Renovation,Repair Floor Tile,,TASK_COMPLETION_BASED,Yes,N/A — Single Session,13:00,130,2,3,First job,Yes,,0,Not applicable,13:00,13:00,15:15,2,,0,No,No meaningful delay occurred,About the same,Not applicable,No,13:00,Exact — checked using calendar/message/booking records,"Calendar, Booking application/system",
2026-09-14 12:51:32,P085,2,P085-J02,2026-09-25,Repairing,Painting & Renovation,Minor Renovation Work,,TASK_COMPLETION_BASED,Yes,N/A — Single Session,14:00,260,2,3,Second job,No,09:30,20,Yes,14:15,14:15,18:45,2,,20,Yes,Traffic congestion,Yes,Complexity of the problem,No,14:00,Exact — checked using calendar/message/booking records,"Calendar, Booking application/system",
2026-09-14 13:01:40,P086,3,P086-J03,2026-09-25,Care Support,Pet Care,Feed Pet,,TASK_COMPLETION_BASED,Yes,N/A — Single Session,08:00,25,1,3,Second job,No,09:30,20,Yes,08:05,08:05,08:35,1,,20,No,No meaningful delay occurred,About the same,Not applicable,No,08:00,Exact — checked using calendar/message/booking records,"Calendar, Booking application/system",
2026-09-14 13:36:11,P086,4,P086-J04,2026-09-25,Care Support,Pet Care,Dog Walking,,FIXED_DURATION,Yes,N/A — Single Session,09:00,45,1,3,Second job,No,09:30,20,Yes,09:15,09:15,10:05,1,,20,Yes,Traffic congestion,About the same,Not applicable,No,09:00,Exact — checked using calendar/message/booking records,"Calendar, Booking application/system",
2026-09-14 13:37:49,P086,5,P086-J05,2026-09-25,Care Support,Pet Care,Pet Grooming,,TASK_COMPLETION_BASED,Yes,N/A — Single Session,10:00,90,1,3,Second job,No,09:30,20,Yes,10:15,10:15,11:40,1,,20,Yes,Traffic congestion,About the same,Not applicable,No,10:00,Exact — checked using calendar/message/booking records,"Calendar, Booking application/system",
2026-09-14 14:08:24,P086,1,P086-J01,2026-09-25,Care Support,Pet Care,Bathe Pet,,TASK_COMPLETION_BASED,Yes,N/A — Single Session,11:00,50,1,3,First job,Yes,,0,Not applicable,11:00,11:00,11:50,1,,0,No,No meaningful delay occurred,About the same,Not applicable,No,11:00,Exact — checked using calendar/message/booking records,"Calendar, Booking application/system",
2026-09-14 14:13:52,P086,2,P086-J02,2026-09-25,Care Support,Pet Care,Pet Cleaning,,TASK_COMPLETION_BASED,Yes,N/A — Single Session,12:00,60,1,3,Second job,No,09:30,20,Yes,12:00,12:00,13:05,1,,20,No,No meaningful delay occurred,About the same,Not applicable,No,12:00,Exact — checked using calendar/message/booking records,"Calendar, Booking application/system",
2026-09-14 14:29:40,P086,3,P086-J03,2026-09-25,Care Support,Pet Care,Pet Sitting,,SHIFT_BASED,Yes,N/A — Single Session,13:00,375,1,3,Second job,No,09:30,20,Yes,13:00,13:00,19:05,1,,20,No,No meaningful delay occurred,"No, it finished earlier",Not applicable,No,13:00,Exact — checked using calendar/message/booking records,"Calendar, Booking application/system",
2026-09-14 14:48:22,P087,4,P087-J04,2026-09-25,Repairing,Furniture Repair,Repair Wooden Door,,TASK_COMPLETION_BASED,Yes,N/A — Single Session,14:00,100,1,3,Second job,No,09:30,20,Yes,14:00,14:00,15:30,1,,20,No,No meaningful delay occurred,"No, it finished earlier",Not applicable,No,14:00,Exact — checked using calendar/message/booking records,"Calendar, Booking application/system",
2026-09-14 15:09:12,P087,5,P087-J05,2026-09-25,Repairing,Painting & Renovation,Paint Interior Wall,,TASK_COMPLETION_BASED,Yes,N/A — Single Session,08:00,165,1,3,Second job,No,09:30,20,Yes,08:05,08:05,10:55,1,,20,No,No meaningful delay occurred,About the same,Not applicable,No,08:00,Exact — checked using calendar/message/booking records,"Calendar, Booking application/system",
2026-09-14 15:21:38,P087,1,P087-J01,2026-09-25,Repairing,Roofing Repair,Minor Roof Maintenance,,TASK_COMPLETION_BASED,Yes,N/A — Single Session,09:00,110,1,3,First job,Yes,,0,Not applicable,09:15,09:15,11:05,1,,0,Yes,Traffic congestion,About the same,Not applicable,No,09:00,Exact — checked using calendar/message/booking records,"Calendar, Booking application/system",
2026-09-14 15:41:29,P088,2,P088-J02,2026-09-25,Care Support,Disability Support,Mobility Support,,FIXED_DURATION,Yes,N/A — Single Session,10:00,90,1,3,Second job,No,09:30,20,Yes,10:00,10:00,11:20,1,,20,No,No meaningful delay occurred,"No, it finished earlier",Not applicable,No,10:00,Exact — checked using calendar/message/booking records,"Calendar, Booking application/system",
2026-09-14 16:26:13,P088,3,P088-J03,2026-09-25,Care Support,Disability Support,Special Needs Support Session,,FIXED_DURATION,Yes,N/A — Single Session,11:00,120,1,3,Second job,No,09:30,20,Yes,11:00,11:00,12:55,1,,20,No,No meaningful delay occurred,About the same,Not applicable,No,11:00,Exact — checked using calendar/message/booking records,"Calendar, Booking application/system",
2026-09-14 16:35:35,P088,4,P088-J04,2026-09-25,Care Support,Personal Assistance,Home Helper Session,,FIXED_DURATION,Yes,N/A — Single Session,12:00,290,1,3,Second job,No,09:30,20,Yes,12:10,12:10,17:15,1,,20,Yes,Traffic congestion,Yes,Complexity of the problem,No,12:00,Exact — checked using calendar/message/booking records,"Calendar, Booking application/system",
2026-09-14 16:42:42,P089,5,P089-J05,2026-09-25,Repairing,Plumbing Repair,Repair Water Leak,,TASK_COMPLETION_BASED,Yes,N/A — Single Session,13:00,65,1,3,Second job,No,09:30,20,Yes,13:00,13:00,14:00,1,,20,No,No meaningful delay occurred,About the same,Not applicable,No,13:00,Exact — checked using calendar/message/booking records,"Calendar, Booking application/system",
2026-09-14 16:59:15,P089,1,P089-J01,2026-09-25,Repairing,Plumbing Repair,Repair Tap,,TASK_COMPLETION_BASED,Yes,N/A — Single Session,14:00,30,1,3,First job,Yes,,0,Not applicable,14:00,14:00,14:40,1,,0,No,No meaningful delay occurred,Yes,Complexity of the problem,No,14:00,Exact — checked using calendar/message/booking records,"Calendar, Booking application/system",
2026-09-14 17:40:00,P089,2,P089-J02,2026-09-25,Repairing,Plumbing Repair,Install Water Tank,,TASK_COMPLETION_BASED,Yes,N/A — Single Session,08:00,190,1,3,Second job,No,09:30,20,Yes,08:00,08:00,11:10,1,,20,No,No meaningful delay occurred,About the same,Not applicable,No,08:00,Exact — checked using calendar/message/booking records,"Calendar, Booking application/system",
2026-09-14 18:02:12,P089,3,P089-J03,2026-09-25,Repairing,Plumbing Repair,Clean Water Tank,,TASK_COMPLETION_BASED,Yes,N/A — Single Session,09:00,140,1,3,Second job,No,09:30,20,Yes,09:05,09:05,11:20,1,,20,No,No meaningful delay occurred,About the same,Not applicable,No,09:00,Exact — checked using calendar/message/booking records,"Calendar, Booking application/system",
2026-09-14 18:15:31,P089,4,P089-J04,2026-09-25,Repairing,Plumbing Repair,Clear Blocked Drain,,TASK_COMPLETION_BASED,Yes,N/A — Single Session,10:00,75,1,3,Second job,No,09:30,20,Yes,10:10,10:10,11:15,1,,20,Yes,Traffic congestion,"No, it finished earlier",Not applicable,No,10:00,Exact — checked using calendar/message/booking records,"Calendar, Booking application/system",
2026-09-14 18:51:51,P089,5,P089-J05,2026-09-25,Repairing,Plumbing Repair,Replace Toilet Pipe,,TASK_COMPLETION_BASED,Yes,N/A — Single Session,11:00,80,1,3,Second job,No,09:30,20,Yes,11:00,11:00,12:20,1,,20,No,No meaningful delay occurred,About the same,Not applicable,No,11:00,Exact — checked using calendar/message/booking records,"Calendar, Booking application/system",
2026-09-14 18:54:48,P090,1,P090-J01,2026-09-25,Care Support,Child Care,Babysitting,,FIXED_DURATION,Yes,N/A — Single Session,12:00,280,2,3,First job,Yes,,0,Not applicable,12:15,12:15,17:05,2,,0,Yes,Traffic congestion,Yes,Complexity of the problem,No,12:00,Exact — checked using calendar/message/booking records,"Calendar, Booking application/system",
2026-09-14 19:21:06,P090,2,P090-J02,2026-09-25,Care Support,Child Care,Baby Care Session,,FIXED_DURATION,Yes,N/A — Single Session,13:00,160,2,3,Second job,No,09:30,20,Yes,13:00,13:00,15:40,2,,20,No,No meaningful delay occurred,About the same,Not applicable,No,13:00,Exact — checked using calendar/message/booking records,"Calendar, Booking application/system",
2026-09-14 19:26:08,P090,3,P090-J03,2026-09-25,Care Support,Personal Assistance,Daily Task Support,,FIXED_DURATION,Yes,N/A — Single Session,14:00,115,2,3,Second job,No,09:30,20,Yes,14:00,14:00,15:45,2,,20,No,No meaningful delay occurred,"No, it finished earlier",Not applicable,No,14:00,Exact — checked using calendar/message/booking records,"Calendar, Booking application/system",
2026-09-14 19:37:13,P091,4,P091-J04,2026-09-25,Care Support,Personal Assistance,Daily Household Assistance,,TASK_COMPLETION_BASED,Yes,N/A — Single Session,08:00,150,1,3,Second job,No,09:30,20,Yes,08:15,08:15,10:50,1,,20,Yes,Traffic congestion,About the same,Not applicable,No,08:00,Exact — checked using calendar/message/booking records,"Calendar, Booking application/system",
2026-09-14 20:53:42,P091,5,P091-J05,2026-09-25,Care Support,Personal Assistance,Errand Assistance,,TASK_COMPLETION_BASED,Yes,N/A — Single Session,09:00,95,1,3,Second job,No,09:30,20,Yes,09:00,09:00,10:30,1,,20,No,No meaningful delay occurred,About the same,Not applicable,No,09:00,Exact — checked using calendar/message/booking records,"Calendar, Booking application/system",
2026-09-14 21:27:01,P091,1,P091-J01,2026-09-25,Care Support,Pet Care,Dog Walking,,FIXED_DURATION,Yes,N/A — Single Session,10:00,45,1,3,First job,Yes,,0,Not applicable,10:05,10:05,10:50,1,,0,No,No meaningful delay occurred,About the same,Not applicable,No,10:00,Exact — checked using calendar/message/booking records,"Calendar, Booking application/system",
2026-09-14 21:29:02,P091,2,P091-J02,2026-09-25,Care Support,Pet Care,Pet Sitting,,SHIFT_BASED,Yes,N/A — Single Session,11:00,405,1,3,Second job,No,09:30,20,Yes,11:00,11:00,17:45,1,,20,No,No meaningful delay occurred,About the same,Not applicable,No,11:00,Exact — checked using calendar/message/booking records,"Calendar, Booking application/system",
2026-09-14 21:44:36,P092,3,P092-J03,2026-09-25,Repairing,Roofing Repair,Inspect Roof Damage,,TASK_COMPLETION_BASED,Yes,N/A — Single Session,12:00,65,2,3,Second job,No,09:30,20,Yes,12:00,12:00,13:15,2,,20,No,No meaningful delay occurred,Yes,Complexity of the problem,No,12:00,Exact — checked using calendar/message/booking records,"Calendar, Booking application/system",
2026-09-15 08:25:45,P092,4,P092-J04,2026-09-25,Repairing,Roofing Repair,Repair Roof Structure,,TASK_COMPLETION_BASED,Yes,N/A — Single Session,13:00,300,2,3,Second job,No,09:30,20,Yes,13:00,13:00,17:55,2,,20,No,No meaningful delay occurred,About the same,Not applicable,No,13:00,Exact — checked using calendar/message/booking records,"Calendar, Booking application/system",
2026-09-15 08:35:21,P092,5,P092-J05,2026-09-25,Repairing,Roofing Repair,Minor Roof Maintenance,,TASK_COMPLETION_BASED,Yes,N/A — Single Session,14:00,115,2,3,Second job,No,09:30,20,Yes,14:00,14:00,16:05,2,,20,No,No meaningful delay occurred,Yes,Complexity of the problem,No,14:00,Exact — checked using calendar/message/booking records,"Calendar, Booking application/system",
2026-09-15 09:09:35,P093,1,P093-J01,2026-09-25,Repairing,Roofing Repair,Inspect Roof Damage,,TASK_COMPLETION_BASED,Yes,N/A — Single Session,08:00,60,1,3,First job,Yes,,0,Not applicable,08:05,08:05,09:05,1,,0,No,No meaningful delay occurred,About the same,Not applicable,No,08:00,Exact — checked using calendar/message/booking records,"Calendar, Booking application/system",
2026-09-15 10:02:47,P093,2,P093-J02,2026-09-25,Repairing,Roofing Repair,Repair Roof Leak,,TASK_COMPLETION_BASED,Yes,N/A — Single Session,09:00,110,1,3,Second job,No,09:30,20,Yes,09:00,09:00,10:50,1,,20,No,No meaningful delay occurred,About the same,Not applicable,No,09:00,Exact — checked using calendar/message/booking records,"Calendar, Booking application/system",
2026-09-15 10:19:59,P093,3,P093-J03,2026-09-25,Repairing,Roofing Repair,Seal Roof Leakage,,TASK_COMPLETION_BASED,Yes,N/A — Single Session,10:00,85,1,3,Second job,No,09:30,20,Yes,10:00,10:00,11:35,1,,20,No,No meaningful delay occurred,Yes,Complexity of the problem,No,10:00,Exact — checked using calendar/message/booking records,"Calendar, Booking application/system",
2026-09-15 10:38:41,P093,4,P093-J04,2026-09-25,Repairing,Roofing Repair,Minor Roof Maintenance,,TASK_COMPLETION_BASED,Yes,N/A — Single Session,11:00,95,1,3,Second job,No,09:30,20,Yes,11:00,11:00,12:50,1,,20,No,No meaningful delay occurred,Yes,Complexity of the problem,No,11:00,Exact — checked using calendar/message/booking records,"Calendar, Booking application/system",
2026-09-15 10:59:08,P094,5,P094-J05,2026-09-25,Gardening,Garden Maintenance,Trim Shrubs,,TASK_COMPLETION_BASED,Yes,N/A — Single Session,12:00,70,1,3,Second job,No,09:30,20,Yes,12:10,12:10,13:30,1,,20,Yes,Traffic congestion,Yes,Complexity of the problem,No,12:00,Exact — checked using calendar/message/booking records,"Calendar, Booking application/system",
2026-09-15 10:59:49,P094,1,P094-J01,2026-09-25,Gardening,Garden Maintenance,Cut Grass,,TASK_COMPLETION_BASED,Yes,N/A — Single Session,13:00,100,1,3,First job,Yes,,0,Not applicable,13:00,13:00,14:40,1,,0,No,No meaningful delay occurred,About the same,Not applicable,No,13:00,Exact — checked using calendar/message/booking records,"Calendar, Booking application/system",
2026-09-15 11:27:59,P094,2,P094-J02,2026-09-25,Gardening,Garden Maintenance,Remove Weeds,,TASK_COMPLETION_BASED,Yes,N/A — Single Session,14:00,85,1,3,Second job,No,09:30,20,Yes,14:00,14:00,15:30,1,,20,No,No meaningful delay occurred,About the same,Not applicable,No,14:00,Exact — checked using calendar/message/booking records,"Calendar, Booking application/system",
2026-09-15 11:36:56,P095,3,P095-J03,2026-09-25,Cleaning,House Cleaning,Deep Clean House,,TASK_COMPLETION_BASED,Yes,N/A — Single Session,08:00,235,1,3,Second job,No,09:30,20,Yes,08:15,08:15,12:10,1,,20,Yes,Traffic congestion,About the same,Not applicable,No,08:00,Exact — checked using calendar/message/booking records,"Calendar, Booking application/system",
2026-09-15 11:43:39,P095,4,P095-J04,2026-09-25,Cleaning,House Cleaning,Dust and Surface Cleaning,,TASK_COMPLETION_BASED,Yes,N/A — Single Session,09:00,50,1,3,Second job,No,09:30,20,Yes,09:00,09:00,09:40,1,,20,No,No meaningful delay occurred,"No, it finished earlier",Not applicable,No,09:00,Exact — checked using calendar/message/booking records,"Calendar, Booking application/system",
2026-09-15 11:49:13,P095,5,P095-J05,2026-09-25,Cleaning,Office Cleaning,Clean Medium Office,,TASK_COMPLETION_BASED,Yes,N/A — Single Session,10:00,180,1,3,Second job,No,09:30,20,Yes,10:00,10:00,12:50,1,,20,No,No meaningful delay occurred,"No, it finished earlier",Not applicable,No,10:00,Exact — checked using calendar/message/booking records,"Calendar, Booking application/system",
2026-09-15 12:12:03,P095,1,P095-J01,2026-09-25,Cleaning,Office Cleaning,Clean Office Floors,,TASK_COMPLETION_BASED,Yes,N/A — Single Session,11:00,95,1,3,First job,Yes,,0,Not applicable,11:10,11:10,12:45,1,,0,Yes,Traffic congestion,About the same,Not applicable,No,11:00,Exact — checked using calendar/message/booking records,"Calendar, Booking application/system",
2026-09-15 12:41:14,P096,2,P096-J02,2026-09-25,Repairing,Furniture Repair,Repair Wooden Chair,,TASK_COMPLETION_BASED,Yes,N/A — Single Session,12:00,45,2,3,Second job,No,09:30,20,Yes,12:15,12:15,12:55,2,,20,Yes,Traffic congestion,About the same,Not applicable,No,12:00,Exact — checked using calendar/message/booking records,"Calendar, Booking application/system",
2026-09-15 12:47:12,P096,3,P096-J03,2026-09-25,Repairing,Furniture Repair,Repair Dining Table,,TASK_COMPLETION_BASED,Yes,N/A — Single Session,13:00,70,2,3,Second job,No,09:30,20,Yes,13:00,13:00,14:15,2,,20,No,No meaningful delay occurred,About the same,Not applicable,No,13:00,Exact — checked using calendar/message/booking records,"Calendar, Booking application/system",
2026-09-15 13:55:04,P096,4,P096-J04,2026-09-25,Repairing,Furniture Repair,Repair Bed Frame,,TASK_COMPLETION_BASED,Yes,N/A — Single Session,14:00,95,2,3,Second job,No,09:30,20,Yes,14:00,14:00,15:40,2,,20,No,No meaningful delay occurred,About the same,Not applicable,No,14:00,Exact — checked using calendar/message/booking records,"Calendar, Booking application/system",
2026-09-15 14:12:52,P096,5,P096-J05,2026-09-25,Repairing,Furniture Repair,Repair Cupboard,,TASK_COMPLETION_BASED,Yes,N/A — Single Session,08:00,90,2,3,Second job,No,09:30,20,Yes,08:00,08:00,09:30,2,,20,No,No meaningful delay occurred,About the same,Not applicable,No,08:00,Exact — checked using calendar/message/booking records,"Calendar, Booking application/system",
2026-09-15 14:21:24,P096,1,P096-J01,2026-09-25,Repairing,Furniture Repair,Repair Wooden Door,,TASK_COMPLETION_BASED,Yes,N/A — Single Session,09:00,80,2,3,First job,Yes,,0,Not applicable,09:05,09:05,10:25,2,,0,No,No meaningful delay occurred,About the same,Not applicable,No,09:00,Exact — checked using calendar/message/booking records,"Calendar, Booking application/system",
2026-09-15 14:35:06,P096,2,P096-J02,2026-09-25,Repairing,Furniture Repair,Replace Door Hinges,,TASK_COMPLETION_BASED,Yes,N/A — Single Session,10:00,25,2,3,Second job,No,09:30,20,Yes,10:05,10:05,10:45,2,,20,No,No meaningful delay occurred,Yes,Complexity of the problem,No,10:00,Exact — checked using calendar/message/booking records,"Calendar, Booking application/system",
2026-09-15 14:37:20,P096,3,P096-J03,2026-09-25,Repairing,Furniture Repair,Replace Furniture Hardware,,TASK_COMPLETION_BASED,Yes,N/A — Single Session,11:00,20,2,3,Second job,No,09:30,20,Yes,11:00,11:00,11:35,2,,20,No,No meaningful delay occurred,Yes,Complexity of the problem,No,11:00,Exact — checked using calendar/message/booking records,"Calendar, Booking application/system",
2026-09-15 14:50:24,P097,4,P097-J04,2026-09-25,Care Support,Child Care,Baby Care Session,,FIXED_DURATION,Yes,N/A — Single Session,12:00,185,1,3,Second job,No,09:30,20,Yes,12:05,12:05,15:20,1,,20,No,No meaningful delay occurred,Yes,Complexity of the problem,No,12:00,Exact — checked using calendar/message/booking records,"Calendar, Booking application/system",
2026-09-15 15:06:03,P097,5,P097-J05,2026-09-25,Care Support,Child Care,Child Supervision,,FIXED_DURATION,Yes,N/A — Single Session,13:00,225,1,3,Second job,No,09:30,20,Yes,13:10,13:10,16:55,1,,20,Yes,Traffic congestion,About the same,Not applicable,No,13:00,Exact — checked using calendar/message/booking records,"Calendar, Booking application/system",
2026-09-15 15:08:13,P097,1,P097-J01,2026-09-25,Care Support,Child Care,After-School Child Care,,FIXED_DURATION,Yes,N/A — Single Session,14:00,205,1,3,First job,Yes,,0,Not applicable,14:00,14:00,17:25,1,,0,No,No meaningful delay occurred,About the same,Not applicable,No,14:00,Exact — checked using calendar/message/booking records,"Calendar, Booking application/system",
2026-09-15 15:16:23,P097,2,P097-J02,2026-09-25,Care Support,Personal Assistance,Personal Assistance,,SHIFT_BASED,Yes,N/A — Single Session,08:00,330,1,3,Second job,No,09:30,20,Yes,08:05,08:05,13:35,1,,20,No,No meaningful delay occurred,About the same,Not applicable,No,08:00,Exact — checked using calendar/message/booking records,"Calendar, Booking application/system",
2026-09-15 15:36:09,P097,3,P097-J03,2026-09-25,Care Support,Personal Assistance,Daily Household Assistance,,TASK_COMPLETION_BASED,Yes,N/A — Single Session,09:00,185,1,3,Second job,No,09:30,20,Yes,09:15,09:15,12:15,1,,20,Yes,Traffic congestion,About the same,Not applicable,No,09:00,Exact — checked using calendar/message/booking records,"Calendar, Booking application/system",
2026-09-15 15:37:13,P098,4,P098-J04,2026-09-25,Repairing,Electrical Repair,Repair Ceiling Fan,,TASK_COMPLETION_BASED,Yes,N/A — Single Session,10:00,50,2,3,Second job,No,09:30,20,Yes,10:15,10:15,11:00,2,,20,Yes,Traffic congestion,About the same,Not applicable,No,10:00,Exact — checked using calendar/message/booking records,"Calendar, Booking application/system",
2026-09-15 15:58:10,P098,5,P098-J05,2026-09-25,Repairing,Electrical Repair,Install Light Fitting,,TASK_COMPLETION_BASED,Yes,N/A — Single Session,11:00,40,2,3,Second job,No,09:30,20,Yes,11:05,11:05,11:45,2,,20,No,No meaningful delay occurred,About the same,Not applicable,No,11:00,Exact — checked using calendar/message/booking records,"Calendar, Booking application/system",
2026-09-15 16:00:01,P098,1,P098-J01,2026-09-25,Repairing,Electrical Repair,Repair Switch,,TASK_COMPLETION_BASED,Yes,N/A — Single Session,12:00,30,2,3,First job,Yes,,0,Not applicable,12:15,12:15,12:50,2,,0,Yes,Traffic congestion,About the same,Not applicable,No,12:00,Exact — checked using calendar/message/booking records,"Calendar, Booking application/system",
2026-09-15 16:00:53,P098,2,P098-J02,2026-09-25,Repairing,Electrical Repair,Repair Power Socket,,TASK_COMPLETION_BASED,Yes,N/A — Single Session,13:00,40,2,3,Second job,No,09:30,20,Yes,13:00,13:00,13:40,2,,20,No,No meaningful delay occurred,About the same,Not applicable,No,13:00,Exact — checked using calendar/message/booking records,"Calendar, Booking application/system",
2026-09-15 16:38:05,P098,3,P098-J03,2026-09-25,Repairing,Electrical Repair,Service Air Conditioner,,TASK_COMPLETION_BASED,Yes,N/A — Single Session,14:00,80,2,3,Second job,No,09:30,20,Yes,14:00,14:00,15:25,2,,20,No,No meaningful delay occurred,About the same,Not applicable,No,14:00,Exact — checked using calendar/message/booking records,"Calendar, Booking application/system",
2026-09-15 17:08:06,P099,4,P099-J04,2026-09-25,Care Support,Disability Support,Personal Disability Assistance,,FIXED_DURATION,Yes,N/A — Single Session,08:00,190,3,3,Second job,No,09:30,20,Yes,08:00,08:00,11:15,3,,20,No,No meaningful delay occurred,About the same,Not applicable,No,08:00,Exact — checked using calendar/message/booking records,"Calendar, Booking application/system",
2026-09-15 17:30:28,P099,5,P099-J05,2026-09-25,Care Support,Disability Support,Daily Living Assistance,,SHIFT_BASED,Yes,N/A — Single Session,09:00,345,3,3,Second job,No,09:30,20,Yes,09:00,09:00,14:35,3,,20,No,No meaningful delay occurred,"No, it finished earlier",Not applicable,No,09:00,Exact — checked using calendar/message/booking records,"Calendar, Booking application/system",
2026-09-15 17:46:27,P099,1,P099-J01,2026-09-25,Care Support,Disability Support,Special Needs Support Session,,FIXED_DURATION,Yes,N/A — Single Session,10:00,130,3,3,First job,Yes,,0,Not applicable,10:15,10:15,12:15,3,,0,Yes,Traffic congestion,"No, it finished earlier",Not applicable,No,10:00,Exact — checked using calendar/message/booking records,"Calendar, Booking application/system",
2026-09-15 19:09:24,P099,2,P099-J02,2026-09-25,Care Support,Elderly Care,Elderly Assistance Session,,FIXED_DURATION,Yes,N/A — Single Session,11:00,135,3,3,Second job,No,09:30,20,Yes,11:10,11:10,13:20,3,,20,Yes,Traffic congestion,About the same,Not applicable,No,11:00,Exact — checked using calendar/message/booking records,"Calendar, Booking application/system",
2026-09-15 19:15:55,P099,3,P099-J03,2026-09-25,Care Support,Elderly Care,Home Nursing Visit,,FIXED_DURATION,Yes,N/A — Single Session,12:00,75,3,3,Second job,No,09:30,20,Yes,12:00,12:00,13:10,3,,20,No,No meaningful delay occurred,About the same,Not applicable,No,12:00,Exact — checked using calendar/message/booking records,"Calendar, Booking application/system",
2026-09-15 19:18:56,P099,4,P099-J04,2026-09-25,Care Support,Elderly Care,Mobility Assistance,,FIXED_DURATION,Yes,N/A — Single Session,13:00,95,3,3,Second job,No,09:30,20,Yes,13:00,13:00,14:45,3,,20,No,No meaningful delay occurred,Yes,Complexity of the problem,No,13:00,Exact — checked using calendar/message/booking records,"Calendar, Booking application/system",
2026-09-15 19:26:54,P100,5,P100-J05,2026-09-25,Gardening,Garden Maintenance,Water Plants,,TASK_COMPLETION_BASED,Yes,N/A — Single Session,14:00,40,1,3,Second job,No,09:30,20,Yes,14:00,14:00,14:45,1,,20,No,No meaningful delay occurred,About the same,Not applicable,No,14:00,Exact — checked using calendar/message/booking records,"Calendar, Booking application/system",
2026-09-15 19:28:57,P100,1,P100-J01,2026-09-25,Gardening,Garden Maintenance,Cut Grass,,TASK_COMPLETION_BASED,Yes,N/A — Single Session,08:00,100,1,3,First job,Yes,,0,Not applicable,08:05,08:05,09:35,1,,0,No,No meaningful delay occurred,"No, it finished earlier",Not applicable,No,08:00,Exact — checked using calendar/message/booking records,"Calendar, Booking application/system",
2026-09-15 19:31:48,P100,2,P100-J02,2026-09-25,Gardening,Garden Maintenance,Trim Tree Branches,,TASK_COMPLETION_BASED,Yes,N/A — Single Session,09:00,120,1,3,Second job,No,09:30,20,Yes,09:00,09:00,10:50,1,,20,No,No meaningful delay occurred,"No, it finished earlier",Not applicable,No,09:00,Exact — checked using calendar/message/booking records,"Calendar, Booking application/system",
2026-09-15 19:55:19,P100,3,P100-J03,2026-09-25,Gardening,Garden Maintenance,Prune Plants,,TASK_COMPLETION_BASED,Yes,N/A — Single Session,10:00,70,1,3,Second job,No,09:30,20,Yes,10:00,10:00,11:20,1,,20,No,No meaningful delay occurred,Yes,Complexity of the problem,No,10:00,Exact — checked using calendar/message/booking records,"Calendar, Booking application/system",
2026-09-15 19:56:22,P101,4,P101-J04,2026-09-25,Repairing,Electrical Repair,Replace Switch,,TASK_COMPLETION_BASED,Yes,N/A — Single Session,11:00,25,2,3,Second job,No,09:30,20,Yes,11:00,11:00,11:25,2,,20,No,No meaningful delay occurred,About the same,Not applicable,No,11:00,Exact — checked using calendar/message/booking records,"Calendar, Booking application/system",
2026-09-15 20:12:45,P101,5,P101-J05,2026-09-25,Repairing,Electrical Repair,Repair Switch,,TASK_COMPLETION_BASED,Yes,N/A — Single Session,12:00,30,2,3,Second job,No,09:30,20,Yes,12:15,12:15,12:35,2,,20,Yes,Traffic congestion,"No, it finished earlier",Not applicable,No,12:00,Exact — checked using calendar/message/booking records,"Calendar, Booking application/system",
2026-09-15 20:18:48,P101,1,P101-J01,2026-09-25,Repairing,Electrical Repair,Install Power Socket,,TASK_COMPLETION_BASED,Yes,N/A — Single Session,13:00,40,2,3,First job,Yes,,0,Not applicable,13:00,13:00,13:40,2,,0,No,No meaningful delay occurred,About the same,Not applicable,No,13:00,Exact — checked using calendar/message/booking records,"Calendar, Booking application/system",
2026-09-15 20:29:13,P101,2,P101-J02,2026-09-25,Repairing,Electrical Repair,Install New Wiring,,TASK_COMPLETION_BASED,Yes,N/A — Single Session,14:00,175,2,3,Second job,No,09:30,20,Yes,14:00,14:00,16:45,2,,20,No,No meaningful delay occurred,"No, it finished earlier",Not applicable,No,14:00,Exact — checked using calendar/message/booking records,"Calendar, Booking application/system",
2026-09-15 20:32:58,P102,3,P102-J03,2026-09-25,Cleaning,Sofa/Carpet/Curtain Cleaning,Clean Carpet,,TASK_COMPLETION_BASED,Yes,N/A — Single Session,08:00,70,1,3,Second job,No,09:30,20,Yes,08:05,08:05,09:20,1,,20,No,No meaningful delay occurred,About the same,Not applicable,No,08:00,Exact — checked using calendar/message/booking records,"Calendar, Booking application/system",
2026-09-15 20:47:04,P102,4,P102-J04,2026-09-25,Cleaning,Sofa/Carpet/Curtain Cleaning,Clean Curtains,,TASK_COMPLETION_BASED,Yes,N/A — Single Session,09:00,70,1,3,Second job,No,09:30,20,Yes,09:10,09:10,10:35,1,,20,Yes,Traffic congestion,Yes,Complexity of the problem,No,09:00,Exact — checked using calendar/message/booking records,"Calendar, Booking application/system",
2026-09-15 21:12:33,P102,5,P102-J05,2026-09-25,Cleaning,Sofa/Carpet/Curtain Cleaning,Clean Mattress,,TASK_COMPLETION_BASED,Yes,N/A — Single Session,10:00,55,1,3,Second job,No,09:30,20,Yes,10:00,10:00,11:05,1,,20,No,No meaningful delay occurred,Yes,Complexity of the problem,No,10:00,Exact — checked using calendar/message/booking records,"Calendar, Booking application/system",
2026-09-15 21:34:45,P103,1,P103-J01,2026-09-25,Repairing,Roofing Repair,Inspect Roof Damage,,TASK_COMPLETION_BASED,Yes,N/A — Single Session,11:00,70,1,3,First job,Yes,,0,Not applicable,11:00,11:00,12:10,1,,0,No,No meaningful delay occurred,About the same,Not applicable,No,11:00,Exact — checked using calendar/message/booking records,"Calendar, Booking application/system",
2026-09-16 08:33:44,P103,2,P103-J02,2026-09-25,Repairing,Roofing Repair,Repair Roof Leak,,TASK_COMPLETION_BASED,Yes,N/A — Single Session,12:00,155,1,3,Second job,No,09:30,20,Yes,12:00,12:00,14:30,1,,20,No,No meaningful delay occurred,About the same,Not applicable,No,12:00,Exact — checked using calendar/message/booking records,"Calendar, Booking application/system",
2026-09-16 09:09:01,P103,3,P103-J03,2026-09-25,Repairing,Roofing Repair,Replace Roof Sheet,,TASK_COMPLETION_BASED,Yes,N/A — Single Session,13:00,155,1,3,Second job,No,09:30,20,Yes,13:15,13:15,15:45,1,,20,Yes,Traffic congestion,About the same,Not applicable,No,13:00,Exact — checked using calendar/message/booking records,"Calendar, Booking application/system",
2026-09-16 09:16:15,P103,4,P103-J04,2026-09-25,Repairing,Roofing Repair,Replace Roof Tile,,TASK_COMPLETION_BASED,Yes,N/A — Single Session,14:00,200,1,3,Second job,No,09:30,20,Yes,14:00,14:00,17:20,1,,20,No,No meaningful delay occurred,About the same,Not applicable,No,14:00,Exact — checked using calendar/message/booking records,"Calendar, Booking application/system",
2026-09-16 09:16:22,P103,5,P103-J05,2026-09-25,Repairing,Roofing Repair,Seal Roof Leakage,,TASK_COMPLETION_BASED,Yes,N/A — Single Session,08:00,105,1,3,Second job,No,09:30,20,Yes,08:05,08:05,10:05,1,,20,No,No meaningful delay occurred,Yes,Complexity of the problem,No,08:00,Exact — checked using calendar/message/booking records,"Calendar, Booking application/system",
2026-09-16 09:24:25,P103,1,P103-J01,2026-09-25,Repairing,Roofing Repair,Minor Roof Maintenance,,TASK_COMPLETION_BASED,Yes,N/A — Single Session,09:00,100,1,3,First job,Yes,,0,Not applicable,09:05,09:05,11:00,1,,0,No,No meaningful delay occurred,Yes,Complexity of the problem,No,09:00,Exact — checked using calendar/message/booking records,"Calendar, Booking application/system",
2026-09-16 09:25:47,P104,2,P104-J02,2026-09-25,Cleaning,House Cleaning,General House Cleaning,,TASK_COMPLETION_BASED,Yes,N/A — Single Session,10:00,120,4,3,Second job,No,09:30,20,Yes,10:00,10:00,12:00,4,,20,No,No meaningful delay occurred,About the same,Not applicable,No,10:00,Exact — checked using calendar/message/booking records,"Calendar, Booking application/system",
2026-09-16 09:34:40,P104,3,P104-J03,2026-09-25,Cleaning,House Cleaning,Clean Single Room,,TASK_COMPLETION_BASED,Yes,N/A — Single Session,11:00,45,4,3,Second job,No,09:30,20,Yes,11:10,11:10,12:00,4,,20,Yes,Traffic congestion,About the same,Not applicable,No,11:00,Exact — checked using calendar/message/booking records,"Calendar, Booking application/system",
2026-09-16 09:52:23,P104,4,P104-J04,2026-09-25,Cleaning,House Cleaning,Dust and Surface Cleaning,,TASK_COMPLETION_BASED,Yes,N/A — Single Session,12:00,45,4,3,Second job,No,09:30,20,Yes,12:00,12:00,12:40,4,,20,No,No meaningful delay occurred,About the same,Not applicable,No,12:00,Exact — checked using calendar/message/booking records,"Calendar, Booking application/system",
2026-09-16 10:52:47,P104,5,P104-J05,2026-09-25,Cleaning,House Cleaning,Full Home Cleaning,,TASK_COMPLETION_BASED,Yes,N/A — Single Session,13:00,180,4,3,Second job,No,09:30,20,Yes,13:00,13:00,16:00,4,,20,No,No meaningful delay occurred,About the same,Not applicable,No,13:00,Exact — checked using calendar/message/booking records,"Calendar, Booking application/system",
2026-09-16 11:07:47,P104,1,P104-J01,2026-09-25,Cleaning,Kitchen Cleaning,Deep Clean Kitchen,,TASK_COMPLETION_BASED,Yes,N/A — Single Session,14:00,90,4,3,First job,Yes,,0,Not applicable,14:05,14:05,15:50,4,,0,No,No meaningful delay occurred,Yes,Complexity of the problem,No,14:00,Exact — checked using calendar/message/booking records,"Calendar, Booking application/system",
2026-09-16 11:13:38,P104,2,P104-J02,2026-09-25,Cleaning,Kitchen Cleaning,Clean Kitchen Floor,,TASK_COMPLETION_BASED,Yes,N/A — Single Session,08:00,25,4,3,Second job,No,09:30,20,Yes,08:00,08:00,08:40,4,,20,No,No meaningful delay occurred,Yes,Complexity of the problem,No,08:00,Exact — checked using calendar/message/booking records,"Calendar, Booking application/system",
2026-09-16 11:57:39,P105,3,P105-J03,2026-09-25,Repairing,Painting & Renovation,Prepare Wall Surface,,TASK_COMPLETION_BASED,Yes,N/A — Single Session,09:00,90,3,3,Second job,No,09:30,20,Yes,09:15,09:15,10:45,3,,20,Yes,Traffic congestion,About the same,Not applicable,No,09:00,Exact — checked using calendar/message/booking records,"Calendar, Booking application/system",
2026-09-16 12:12:18,P105,4,P105-J04,2026-09-25,Repairing,Painting & Renovation,Repair Ceiling,,TASK_COMPLETION_BASED,Yes,N/A — Single Session,10:00,105,3,3,Second job,No,09:30,20,Yes,10:00,10:00,12:00,3,,20,No,No meaningful delay occurred,Yes,Complexity of the problem,No,10:00,Exact — checked using calendar/message/booking records,"Calendar, Booking application/system",
2026-09-16 12:28:41,P105,5,P105-J05,2026-09-25,Repairing,Painting & Renovation,Replace Damaged Tile,,TASK_COMPLETION_BASED,Yes,N/A — Single Session,11:00,75,3,3,Second job,No,09:30,20,Yes,11:00,11:00,12:05,3,,20,No,No meaningful delay occurred,"No, it finished earlier",Not applicable,No,11:00,Exact — checked using calendar/message/booking records,"Calendar, Booking application/system",
2026-09-16 12:35:32,P106,1,P106-J01,2026-09-25,Repairing,Furniture Repair,Repair Sofa Frame,,TASK_COMPLETION_BASED,Yes,N/A — Single Session,12:00,115,1,3,First job,Yes,,0,Not applicable,12:00,12:00,13:50,1,,0,No,No meaningful delay occurred,About the same,Not applicable,No,12:00,Exact — checked using calendar/message/booking records,"Calendar, Booking application/system",
2026-09-16 12:56:34,P106,2,P106-J02,2026-09-25,Repairing,Furniture Repair,Repair Bed Frame,,TASK_COMPLETION_BASED,Yes,N/A — Single Session,13:00,105,1,3,Second job,No,09:30,20,Yes,13:00,13:00,14:45,1,,20,No,No meaningful delay occurred,About the same,Not applicable,No,13:00,Exact — checked using calendar/message/booking records,"Calendar, Booking application/system",
2026-09-16 13:04:12,P106,3,P106-J03,2026-09-25,Repairing,Furniture Repair,Repair Wooden Door,,TASK_COMPLETION_BASED,Yes,N/A — Single Session,14:00,90,1,3,Second job,No,09:30,20,Yes,14:00,14:00,15:20,1,,20,No,No meaningful delay occurred,"No, it finished earlier",Not applicable,No,14:00,Exact — checked using calendar/message/booking records,"Calendar, Booking application/system",
2026-09-16 13:10:10,P107,4,P107-J04,2026-09-25,Gardening,Planting Services,Plant Flowers,,TASK_COMPLETION_BASED,Yes,N/A — Single Session,08:00,70,1,3,Second job,No,09:30,20,Yes,08:15,08:15,09:25,1,,20,Yes,Traffic congestion,About the same,Not applicable,No,08:00,Exact — checked using calendar/message/booking records,"Calendar, Booking application/system",
2026-09-16 13:10:46,P107,5,P107-J05,2026-09-25,Gardening,Planting Services,Plant Small Tree,,TASK_COMPLETION_BASED,Yes,N/A — Single Session,09:00,50,1,3,Second job,No,09:30,20,Yes,09:00,09:00,09:50,1,,20,No,No meaningful delay occurred,About the same,Not applicable,No,09:00,Exact — checked using calendar/message/booking records,"Calendar, Booking application/system",
2026-09-16 13:48:21,P107,1,P107-J01,2026-09-25,Gardening,Planting Services,Plant Garden Plants,,TASK_COMPLETION_BASED,Yes,N/A — Single Session,10:00,70,1,3,First job,Yes,,0,Not applicable,10:00,10:00,11:10,1,,0,No,No meaningful delay occurred,About the same,Not applicable,No,10:00,Exact — checked using calendar/message/booking records,"Calendar, Booking application/system",
2026-09-16 14:29:29,P107,2,P107-J02,2026-09-25,Gardening,Planting Services,Prepare Planting Area,,TASK_COMPLETION_BASED,Yes,N/A — Single Session,11:00,105,1,3,Second job,No,09:30,20,Yes,11:00,11:00,12:50,1,,20,No,No meaningful delay occurred,About the same,Not applicable,No,11:00,Exact — checked using calendar/message/booking records,"Calendar, Booking application/system",
2026-09-16 15:07:08,P108,3,P108-J03,2026-09-25,Cleaning,House Cleaning,Mop and Clean Floors,,TASK_COMPLETION_BASED,Yes,N/A — Single Session,12:00,65,2,3,Second job,No,09:30,20,Yes,12:00,12:00,13:20,2,,20,No,No meaningful delay occurred,Yes,Complexity of the problem,No,12:00,Exact — checked using calendar/message/booking records,"Calendar, Booking application/system",
2026-09-16 15:23:47,P108,4,P108-J04,2026-09-25,Cleaning,House Cleaning,Dust and Surface Cleaning,,TASK_COMPLETION_BASED,Yes,N/A — Single Session,13:00,55,2,3,Second job,No,09:30,20,Yes,13:10,13:10,14:20,2,,20,Yes,Traffic congestion,Yes,Complexity of the problem,No,13:00,Exact — checked using calendar/message/booking records,"Calendar, Booking application/system",
2026-09-16 16:10:43,P108,5,P108-J05,2026-09-25,Cleaning,House Cleaning,Full Home Cleaning,,TASK_COMPLETION_BASED,Yes,N/A — Single Session,14:00,210,2,3,Second job,No,09:30,20,Yes,14:00,14:00,17:25,2,,20,No,No meaningful delay occurred,About the same,Not applicable,No,14:00,Exact — checked using calendar/message/booking records,"Calendar, Booking application/system",
2026-09-16 16:12:51,P109,1,P109-J01,2026-09-25,Repairing,Electrical Repair,Replace Ceiling Fan,,TASK_COMPLETION_BASED,Yes,N/A — Single Session,08:00,70,1,3,First job,Yes,,0,Not applicable,08:00,08:00,09:10,1,,0,No,No meaningful delay occurred,About the same,Not applicable,No,08:00,Exact — checked using calendar/message/booking records,"Calendar, Booking application/system",
2026-09-16 16:15:09,P109,2,P109-J02,2026-09-25,Repairing,Electrical Repair,Replace Light Fitting,,TASK_COMPLETION_BASED,Yes,N/A — Single Session,09:00,25,1,3,Second job,No,09:30,20,Yes,09:05,09:05,09:25,1,,20,No,No meaningful delay occurred,About the same,Not applicable,No,09:00,Exact — checked using calendar/message/booking records,"Calendar, Booking application/system",
2026-09-16 16:32:41,P109,3,P109-J03,2026-09-25,Repairing,Electrical Repair,Install Switch,,TASK_COMPLETION_BASED,Yes,N/A — Single Session,10:00,35,1,3,Second job,No,09:30,20,Yes,10:00,10:00,10:40,1,,20,No,No meaningful delay occurred,About the same,Not applicable,No,10:00,Exact — checked using calendar/message/booking records,"Calendar, Booking application/system",
2026-09-16 16:39:29,P109,4,P109-J04,2026-09-25,Repairing,Electrical Repair,Replace Power Socket,,TASK_COMPLETION_BASED,Yes,N/A — Single Session,11:00,30,1,3,Second job,No,09:30,20,Yes,11:00,11:00,11:30,1,,20,No,No meaningful delay occurred,About the same,Not applicable,No,11:00,Exact — checked using calendar/message/booking records,"Calendar, Booking application/system",
2026-09-16 16:42:11,P109,5,P109-J05,2026-09-25,Repairing,Electrical Repair,Repair Power Socket,,TASK_COMPLETION_BASED,Yes,N/A — Single Session,12:00,45,1,3,Second job,No,09:30,20,Yes,12:00,12:00,12:40,1,,20,No,No meaningful delay occurred,About the same,Not applicable,No,12:00,Exact — checked using calendar/message/booking records,"Calendar, Booking application/system",
2026-09-16 16:59:13,P109,1,P109-J01,2026-09-25,Repairing,Electrical Repair,Repair Television,,TASK_COMPLETION_BASED,Yes,N/A — Single Session,13:00,95,1,3,First job,Yes,,0,Not applicable,13:05,13:05,14:40,1,,0,No,No meaningful delay occurred,About the same,Not applicable,No,13:00,Exact — checked using calendar/message/booking records,"Calendar, Booking application/system",
2026-09-16 17:18:25,P109,2,P109-J02,2026-09-25,Repairing,Electrical Repair,Diagnose Refrigerator Fault,,TASK_COMPLETION_BASED,Yes,N/A — Single Session,14:00,55,1,3,Second job,No,09:30,20,Yes,14:15,14:15,15:20,1,,20,Yes,Traffic congestion,Yes,Complexity of the problem,No,14:00,Exact — checked using calendar/message/booking records,"Calendar, Booking application/system",
2026-09-16 17:41:04,P110,3,P110-J03,2026-09-25,Cleaning,House Cleaning,Mop and Clean Floors,,TASK_COMPLETION_BASED,Yes,N/A — Single Session,08:00,70,1,3,Second job,No,09:30,20,Yes,08:15,08:15,09:15,1,,20,Yes,Traffic congestion,"No, it finished earlier",Not applicable,No,08:00,Exact — checked using calendar/message/booking records,"Calendar, Booking application/system",
2026-09-16 17:54:11,P110,4,P110-J04,2026-09-25,Cleaning,House Cleaning,Dust and Surface Cleaning,,TASK_COMPLETION_BASED,Yes,N/A — Single Session,09:00,60,1,3,Second job,No,09:30,20,Yes,09:00,09:00,10:05,1,,20,No,No meaningful delay occurred,About the same,Not applicable,No,09:00,Exact — checked using calendar/message/booking records,"Calendar, Booking application/system",
2026-09-16 18:13:59,P110,5,P110-J05,2026-09-25,Cleaning,House Cleaning,Full Home Cleaning,,TASK_COMPLETION_BASED,Yes,N/A — Single Session,10:00,230,1,3,Second job,No,09:30,20,Yes,10:00,10:00,13:55,1,,20,No,No meaningful delay occurred,About the same,Not applicable,No,10:00,Exact — checked using calendar/message/booking records,"Calendar, Booking application/system",
2026-09-16 18:17:20,P110,1,P110-J01,2026-09-25,Cleaning,Kitchen Cleaning,General Kitchen Cleaning,,TASK_COMPLETION_BASED,Yes,N/A — Single Session,11:00,80,1,3,First job,Yes,,0,Not applicable,11:00,11:00,12:30,1,,0,No,No meaningful delay occurred,Yes,Complexity of the problem,No,11:00,Exact — checked using calendar/message/booking records,"Calendar, Booking application/system",
2026-09-16 18:27:41,P110,2,P110-J02,2026-09-25,Cleaning,Kitchen Cleaning,Clean Kitchen Floor,,TASK_COMPLETION_BASED,Yes,N/A — Single Session,12:00,35,1,3,Second job,No,09:30,20,Yes,12:10,12:10,12:55,1,,20,Yes,Traffic congestion,Yes,Complexity of the problem,No,12:00,Exact — checked using calendar/message/booking records,"Calendar, Booking application/system",
2026-09-16 18:39:27,P111,3,P111-J03,2026-09-25,Cleaning,House Cleaning,Deep Clean House,,TASK_COMPLETION_BASED,Yes,N/A — Single Session,13:00,245,2,3,Second job,No,09:30,20,Yes,13:05,13:05,17:20,2,,20,No,No meaningful delay occurred,Yes,Complexity of the problem,No,13:00,Exact — checked using calendar/message/booking records,"Calendar, Booking application/system",
2026-09-16 18:52:01,P111,4,P111-J04,2026-09-25,Cleaning,Sofa/Carpet/Curtain Cleaning,Deep Clean Sofa,,TASK_COMPLETION_BASED,Yes,N/A — Single Session,14:00,140,2,3,Second job,No,09:30,20,Yes,14:00,14:00,16:30,2,,20,No,No meaningful delay occurred,Yes,Complexity of the problem,No,14:00,Exact — checked using calendar/message/booking records,"Calendar, Booking application/system",
2026-09-16 18:52:16,P111,5,P111-J05,2026-09-25,Cleaning,Sofa/Carpet/Curtain Cleaning,Clean Mattress,,TASK_COMPLETION_BASED,Yes,N/A — Single Session,08:00,55,2,3,Second job,No,09:30,20,Yes,08:00,08:00,09:10,2,,20,No,No meaningful delay occurred,Yes,Complexity of the problem,No,08:00,Exact — checked using calendar/message/booking records,"Calendar, Booking application/system",
2026-09-16 18:55:35,P112,1,P112-J01,2026-09-25,Gardening,Landscaping & Design,Set Up New Garden,,TASK_COMPLETION_BASED,Yes,N/A — Single Session,09:00,285,4,3,First job,Yes,,0,Not applicable,09:05,09:05,13:50,4,,0,No,No meaningful delay occurred,About the same,Not applicable,No,09:00,Exact — checked using calendar/message/booking records,"Calendar, Booking application/system",
2026-09-16 19:10:16,P112,2,P112-J02,2026-09-25,Gardening,Landscaping & Design,Basic Landscaping,,TASK_COMPLETION_BASED,Yes,N/A — Single Session,10:00,285,4,3,Second job,No,09:30,20,Yes,10:15,10:15,15:00,4,,20,Yes,Traffic congestion,About the same,Not applicable,No,10:00,Exact — checked using calendar/message/booking records,"Calendar, Booking application/system",
2026-09-16 19:38:21,P112,3,P112-J03,2026-09-25,Gardening,Planting Services,Plant Vegetables,,TASK_COMPLETION_BASED,Yes,N/A — Single Session,11:00,95,4,3,Second job,No,09:30,20,Yes,11:00,11:00,12:30,4,,20,No,No meaningful delay occurred,About the same,Not applicable,No,11:00,Exact — checked using calendar/message/booking records,"Calendar, Booking application/system",
2026-09-16 19:47:11,P112,4,P112-J04,2026-09-25,Gardening,Planting Services,Prepare Planting Area,,TASK_COMPLETION_BASED,Yes,N/A — Single Session,12:00,75,4,3,Second job,No,09:30,20,Yes,12:10,12:10,13:25,4,,20,Yes,Traffic congestion,About the same,Not applicable,No,12:00,Exact — checked using calendar/message/booking records,"Calendar, Booking application/system",
2026-09-16 19:57:18,P113,5,P113-J05,2026-09-25,Repairing,Electrical Repair,Install New Wiring,,TASK_COMPLETION_BASED,Yes,N/A — Single Session,13:00,140,3,3,Second job,No,09:30,20,Yes,13:05,13:05,15:25,3,,20,No,No meaningful delay occurred,About the same,Not applicable,No,13:00,Exact — checked using calendar/message/booking records,"Calendar, Booking application/system",
2026-09-16 20:37:01,P113,1,P113-J01,2026-09-25,Repairing,Electrical Repair,Diagnose Television Fault,,TASK_COMPLETION_BASED,Yes,N/A — Single Session,14:00,30,3,3,First job,Yes,,0,Not applicable,14:00,14:00,14:40,3,,0,No,No meaningful delay occurred,Yes,Complexity of the problem,No,14:00,Exact — checked using calendar/message/booking records,"Calendar, Booking application/system",
2026-09-16 20:42:02,P113,2,P113-J02,2026-09-25,Repairing,Electrical Repair,Repair Television,,TASK_COMPLETION_BASED,Yes,N/A — Single Session,08:00,85,3,3,Second job,No,09:30,20,Yes,08:00,08:00,09:35,3,,20,No,No meaningful delay occurred,Yes,Complexity of the problem,No,08:00,Exact — checked using calendar/message/booking records,"Calendar, Booking application/system",
2026-09-16 20:48:17,P113,3,P113-J03,2026-09-25,Repairing,Electrical Repair,Diagnose Refrigerator Fault,,TASK_COMPLETION_BASED,Yes,N/A — Single Session,09:00,55,3,3,Second job,No,09:30,20,Yes,09:00,09:00,09:55,3,,20,No,No meaningful delay occurred,About the same,Not applicable,No,09:00,Exact — checked using calendar/message/booking records,"Calendar, Booking application/system",
2026-09-16 21:30:25,P114,4,P114-J04,2026-09-25,Gardening,Planting Services,Plant Flowers,,TASK_COMPLETION_BASED,Yes,N/A — Single Session,10:00,70,1,3,Second job,No,09:30,20,Yes,10:00,10:00,11:00,1,,20,No,No meaningful delay occurred,"No, it finished earlier",Not applicable,No,10:00,Exact — checked using calendar/message/booking records,"Calendar, Booking application/system",
2026-09-17 08:23:27,P114,5,P114-J05,2026-09-25,Gardening,Planting Services,Plant Vegetables,,TASK_COMPLETION_BASED,Yes,N/A — Single Session,11:00,90,1,3,Second job,No,09:30,20,Yes,11:00,11:00,12:45,1,,20,No,No meaningful delay occurred,Yes,Complexity of the problem,No,11:00,Exact — checked using calendar/message/booking records,"Calendar, Booking application/system",
2026-09-17 08:26:40,P114,1,P114-J01,2026-09-25,Gardening,Planting Services,Plant Small Tree,,TASK_COMPLETION_BASED,Yes,N/A — Single Session,12:00,50,1,3,First job,Yes,,0,Not applicable,12:05,12:05,12:50,1,,0,No,No meaningful delay occurred,About the same,Not applicable,No,12:00,Exact — checked using calendar/message/booking records,"Calendar, Booking application/system",
2026-09-17 08:50:10,P114,2,P114-J02,2026-09-25,Gardening,Planting Services,Prepare Planting Area,,TASK_COMPLETION_BASED,Yes,N/A — Single Session,13:00,105,1,3,Second job,No,09:30,20,Yes,13:05,13:05,14:55,1,,20,No,No meaningful delay occurred,About the same,Not applicable,No,13:00,Exact — checked using calendar/message/booking records,"Calendar, Booking application/system",
2026-09-17 08:54:00,P115,3,P115-J03,2026-09-25,Gardening,Garden Cleaning,Clear Overgrown Garden,,TASK_COMPLETION_BASED,Yes,N/A — Single Session,14:00,300,1,3,Second job,No,09:30,20,Yes,14:10,14:10,19:15,1,,20,Yes,Traffic congestion,About the same,Not applicable,No,14:00,Exact — checked using calendar/message/booking records,"Calendar, Booking application/system",
2026-09-17 09:00:59,P115,4,P115-J04,2026-09-25,Gardening,Garden Maintenance,Water Plants,,TASK_COMPLETION_BASED,Yes,N/A — Single Session,08:00,40,1,3,Second job,No,09:30,20,Yes,08:00,08:00,08:35,1,,20,No,No meaningful delay occurred,About the same,Not applicable,No,08:00,Exact — checked using calendar/message/booking records,"Calendar, Booking application/system",
2026-09-17 09:05:08,P115,5,P115-J05,2026-09-25,Gardening,Garden Maintenance,Trim Shrubs,,TASK_COMPLETION_BASED,Yes,N/A — Single Session,09:00,80,1,3,Second job,No,09:30,20,Yes,09:00,09:00,10:20,1,,20,No,No meaningful delay occurred,About the same,Not applicable,No,09:00,Exact — checked using calendar/message/booking records,"Calendar, Booking application/system",
2026-09-17 09:45:10,P115,1,P115-J01,2026-09-25,Gardening,Garden Maintenance,Cut Grass,,TASK_COMPLETION_BASED,Yes,N/A — Single Session,10:00,110,1,3,First job,Yes,,0,Not applicable,10:05,10:05,11:55,1,,0,No,No meaningful delay occurred,About the same,Not applicable,No,10:00,Exact — checked using calendar/message/booking records,"Calendar, Booking application/system",
2026-09-17 09:51:05,P115,2,P115-J02,2026-09-25,Gardening,Garden Maintenance,Mow Lawn,,TASK_COMPLETION_BASED,Yes,N/A — Single Session,11:00,85,1,3,Second job,No,09:30,20,Yes,11:00,11:00,12:25,1,,20,No,No meaningful delay occurred,About the same,Not applicable,No,11:00,Exact — checked using calendar/message/booking records,"Calendar, Booking application/system",
2026-09-17 09:57:47,P115,3,P115-J03,2026-09-25,Gardening,Garden Maintenance,Trim Tree Branches,,TASK_COMPLETION_BASED,Yes,N/A — Single Session,12:00,120,1,3,Second job,No,09:30,20,Yes,12:00,12:00,14:00,1,,20,No,No meaningful delay occurred,About the same,Not applicable,No,12:00,Exact — checked using calendar/message/booking records,"Calendar, Booking application/system",
2026-09-17 10:50:25,P115,4,P115-J04,2026-09-25,Gardening,Garden Maintenance,General Garden Maintenance,,TASK_COMPLETION_BASED,Yes,N/A — Single Session,13:00,145,1,3,Second job,No,09:30,20,Yes,13:00,13:00,15:20,1,,20,No,No meaningful delay occurred,About the same,Not applicable,No,13:00,Exact — checked using calendar/message/booking records,"Calendar, Booking application/system",
2026-09-17 11:06:51,P115,5,P115-J05,2026-09-25,Gardening,Garden Maintenance,Prune Plants,,TASK_COMPLETION_BASED,Yes,N/A — Single Session,14:00,75,1,3,Second job,No,09:30,20,Yes,14:00,14:00,15:25,1,,20,No,No meaningful delay occurred,Yes,Complexity of the problem,No,14:00,Exact — checked using calendar/message/booking records,"Calendar, Booking application/system",
2026-09-17 11:14:33,P116,1,P116-J01,2026-09-25,Care Support,Disability Support,Personal Disability Assistance,,FIXED_DURATION,Yes,N/A — Single Session,08:00,195,2,3,First job,Yes,,0,Not applicable,08:15,08:15,11:40,2,,0,Yes,Traffic congestion,Yes,Complexity of the problem,No,08:00,Exact — checked using calendar/message/booking records,"Calendar, Booking application/system",
2026-09-17 11:14:49,P116,2,P116-J02,2026-09-25,Care Support,Disability Support,Mobility Support,,FIXED_DURATION,Yes,N/A — Single Session,09:00,90,2,3,Second job,No,09:30,20,Yes,09:05,09:05,10:50,2,,20,No,No meaningful delay occurred,Yes,Complexity of the problem,No,09:00,Exact — checked using calendar/message/booking records,"Calendar, Booking application/system",
2026-09-17 11:16:41,P116,3,P116-J03,2026-09-25,Care Support,Disability Support,Special Needs Support Session,,FIXED_DURATION,Yes,N/A — Single Session,10:00,120,2,3,Second job,No,09:30,20,Yes,10:10,10:10,12:15,2,,20,Yes,Traffic congestion,About the same,Not applicable,No,10:00,Exact — checked using calendar/message/booking records,"Calendar, Booking application/system",
2026-09-17 11:25:05,P116,4,P116-J04,2026-09-25,Care Support,Elderly Care,Elderly Home Care,,SHIFT_BASED,Yes,N/A — Single Session,11:00,315,2,3,Second job,No,09:30,20,Yes,11:05,11:05,16:20,2,,20,No,No meaningful delay occurred,About the same,Not applicable,No,11:00,Exact — checked using calendar/message/booking records,"Calendar, Booking application/system",
2026-09-17 11:31:56,P116,5,P116-J05,2026-09-25,Care Support,Elderly Care,Home Nursing Visit,,FIXED_DURATION,Yes,N/A — Single Session,12:00,70,2,3,Second job,No,09:30,20,Yes,12:00,12:00,13:20,2,,20,No,No meaningful delay occurred,Yes,Complexity of the problem,No,12:00,Exact — checked using calendar/message/booking records,"Calendar, Booking application/system",
2026-09-17 11:41:43,P116,1,P116-J01,2026-09-25,Care Support,Elderly Care,Medication Assistance,,TASK_COMPLETION_BASED,Yes,N/A — Single Session,13:00,20,2,3,First job,Yes,,0,Not applicable,13:00,13:00,13:15,2,,0,No,No meaningful delay occurred,About the same,Not applicable,No,13:00,Exact — checked using calendar/message/booking records,"Calendar, Booking application/system",
2026-09-17 11:41:44,P117,2,P117-J02,2026-09-25,Cleaning,House Cleaning,General House Cleaning,,TASK_COMPLETION_BASED,Yes,N/A — Single Session,14:00,140,2,3,Second job,No,09:30,20,Yes,14:15,14:15,16:50,2,,20,Yes,Traffic congestion,Yes,Complexity of the problem,No,14:00,Exact — checked using calendar/message/booking records,"Calendar, Booking application/system",
2026-09-17 11:45:43,P117,3,P117-J03,2026-09-25,Cleaning,House Cleaning,Mop and Clean Floors,,TASK_COMPLETION_BASED,Yes,N/A — Single Session,08:00,65,2,3,Second job,No,09:30,20,Yes,08:00,08:00,09:05,2,,20,No,No meaningful delay occurred,About the same,Not applicable,No,08:00,Exact — checked using calendar/message/booking records,"Calendar, Booking application/system",
2026-09-17 12:07:53,P117,4,P117-J04,2026-09-25,Cleaning,Sofa/Carpet/Curtain Cleaning,Steam Clean Curtains,,TASK_COMPLETION_BASED,Yes,N/A — Single Session,09:00,110,2,3,Second job,No,09:30,20,Yes,09:00,09:00,10:55,2,,20,No,No meaningful delay occurred,About the same,Not applicable,No,09:00,Exact — checked using calendar/message/booking records,"Calendar, Booking application/system",
2026-09-17 12:15:39,P118,5,P118-J05,2026-09-25,Care Support,Personal Assistance,Home Helper Session,,FIXED_DURATION,Yes,N/A — Single Session,10:00,280,2,3,Second job,No,09:30,20,Yes,10:00,10:00,14:40,2,,20,No,No meaningful delay occurred,About the same,Not applicable,No,10:00,Exact — checked using calendar/message/booking records,"Calendar, Booking application/system",
2026-09-17 12:22:41,P118,1,P118-J01,2026-09-25,Care Support,Personal Assistance,Personal Assistance,,SHIFT_BASED,Yes,N/A — Single Session,11:00,345,2,3,First job,Yes,,0,Not applicable,11:00,11:00,17:00,2,,0,No,No meaningful delay occurred,Yes,Complexity of the problem,No,11:00,Exact — checked using calendar/message/booking records,"Calendar, Booking application/system",
2026-09-17 12:32:58,P118,2,P118-J02,2026-09-25,Care Support,Personal Assistance,Daily Household Assistance,,TASK_COMPLETION_BASED,Yes,N/A — Single Session,12:00,150,2,3,Second job,No,09:30,20,Yes,12:15,12:15,14:35,2,,20,Yes,Traffic congestion,"No, it finished earlier",Not applicable,No,12:00,Exact — checked using calendar/message/booking records,"Calendar, Booking application/system",
2026-09-17 13:05:16,P118,3,P118-J03,2026-09-25,Care Support,Personal Assistance,Errand Assistance,,TASK_COMPLETION_BASED,Yes,N/A — Single Session,13:00,90,2,3,Second job,No,09:30,20,Yes,13:00,13:00,14:20,2,,20,No,No meaningful delay occurred,"No, it finished earlier",Not applicable,No,13:00,Exact — checked using calendar/message/booking records,"Calendar, Booking application/system",
2026-09-17 13:10:35,P118,4,P118-J04,2026-09-25,Care Support,Personal Assistance,Daily Task Support,,FIXED_DURATION,Yes,N/A — Single Session,14:00,120,2,3,Second job,No,09:30,20,Yes,14:05,14:05,16:20,2,,20,No,No meaningful delay occurred,Yes,Complexity of the problem,No,14:00,Exact — checked using calendar/message/booking records,"Calendar, Booking application/system",
2026-09-17 13:12:13,P119,5,P119-J05,2026-09-25,Cleaning,Move In/Out Cleaning,Move-Out Cleaning,,TASK_COMPLETION_BASED,Yes,N/A — Single Session,08:00,230,2,3,Second job,No,09:30,20,Yes,08:00,08:00,12:05,2,,20,No,No meaningful delay occurred,Yes,Complexity of the problem,No,08:00,Exact — checked using calendar/message/booking records,"Calendar, Booking application/system",
2026-09-17 13:43:28,P119,1,P119-J01,2026-09-25,Cleaning,Move In/Out Cleaning,Empty Property Deep Cleaning,,TASK_COMPLETION_BASED,Yes,N/A — Single Session,09:00,340,2,3,First job,Yes,,0,Not applicable,09:05,09:05,14:55,2,,0,No,No meaningful delay occurred,Yes,Complexity of the problem,No,09:00,Exact — checked using calendar/message/booking records,"Calendar, Booking application/system",
2026-09-17 13:50:15,P119,2,P119-J02,2026-09-25,Cleaning,Post-Construction Cleaning,Post-Construction House Cleaning,,TASK_COMPLETION_BASED,Yes,N/A — Single Session,10:00,380,2,3,Second job,No,09:30,20,Yes,10:00,10:00,16:25,2,,20,No,No meaningful delay occurred,About the same,Not applicable,No,10:00,Exact — checked using calendar/message/booking records,"Calendar, Booking application/system",
2026-09-17 14:00:02,P119,3,P119-J03,2026-09-25,Cleaning,Post-Construction Cleaning,Remove Construction Dust,,TASK_COMPLETION_BASED,Yes,N/A — Single Session,11:00,195,2,3,Second job,No,09:30,20,Yes,11:00,11:00,14:15,2,,20,No,No meaningful delay occurred,About the same,Not applicable,No,11:00,Exact — checked using calendar/message/booking records,"Calendar, Booking application/system",
2026-09-17 14:06:12,P119,4,P119-J04,2026-09-25,Cleaning,Post-Construction Cleaning,Clean Post-Renovation Area,,TASK_COMPLETION_BASED,Yes,N/A — Single Session,12:00,210,2,3,Second job,No,09:30,20,Yes,12:10,12:10,15:35,2,,20,Yes,Traffic congestion,About the same,Not applicable,No,12:00,Exact — checked using calendar/message/booking records,"Calendar, Booking application/system",
2026-09-17 14:19:23,P119,5,P119-J05,2026-09-25,Cleaning,Post-Construction Cleaning,Clean Newly Built Property,,TASK_COMPLETION_BASED,Yes,N/A — Single Session,13:00,380,2,3,Second job,No,09:30,20,Yes,13:00,13:00,19:25,2,,20,No,No meaningful delay occurred,About the same,Not applicable,No,13:00,Exact — checked using calendar/message/booking records,"Calendar, Booking application/system",
2026-09-17 14:45:09,P120,1,P120-J01,2026-09-25,Cleaning,House Cleaning,General House Cleaning,,TASK_COMPLETION_BASED,Yes,N/A — Single Session,14:00,165,1,3,First job,Yes,,0,Not applicable,14:05,14:05,16:40,1,,0,No,No meaningful delay occurred,"No, it finished earlier",Not applicable,No,14:00,Exact — checked using calendar/message/booking records,"Calendar, Booking application/system",
2026-09-17 14:46:03,P120,2,P120-J02,2026-09-25,Cleaning,House Cleaning,Mop and Clean Floors,,TASK_COMPLETION_BASED,Yes,N/A — Single Session,08:00,70,1,3,Second job,No,09:30,20,Yes,08:00,08:00,09:10,1,,20,No,No meaningful delay occurred,About the same,Not applicable,No,08:00,Exact — checked using calendar/message/booking records,"Calendar, Booking application/system",
2026-09-17 14:50:00,P120,3,P120-J03,2026-09-25,Cleaning,Sofa/Carpet/Curtain Cleaning,Clean Sofa,,TASK_COMPLETION_BASED,Yes,N/A — Single Session,09:00,90,1,3,Second job,No,09:30,20,Yes,09:05,09:05,10:35,1,,20,No,No meaningful delay occurred,About the same,Not applicable,No,09:00,Exact — checked using calendar/message/booking records,"Calendar, Booking application/system",
2026-09-17 15:26:51,P121,4,P121-J04,2026-09-25,Gardening,Garden Cleaning,General Garden Cleaning,,TASK_COMPLETION_BASED,Yes,N/A — Single Session,10:00,105,1,3,Second job,No,09:30,20,Yes,10:00,10:00,11:55,1,,20,No,No meaningful delay occurred,Yes,Complexity of the problem,No,10:00,Exact — checked using calendar/message/booking records,"Calendar, Booking application/system",
2026-09-17 15:29:33,P121,5,P121-J05,2026-09-25,Gardening,Planting Services,Plant Flowers,,TASK_COMPLETION_BASED,Yes,N/A — Single Session,11:00,65,1,3,Second job,No,09:30,20,Yes,11:10,11:10,12:20,1,,20,Yes,Traffic congestion,About the same,Not applicable,No,11:00,Exact — checked using calendar/message/booking records,"Calendar, Booking application/system",
2026-09-17 16:21:51,P121,1,P121-J01,2026-09-25,Gardening,Planting Services,Plant Vegetables,,TASK_COMPLETION_BASED,Yes,N/A — Single Session,12:00,85,1,3,First job,Yes,,0,Not applicable,12:05,12:05,13:20,1,,0,No,No meaningful delay occurred,"No, it finished earlier",Not applicable,No,12:00,Exact — checked using calendar/message/booking records,"Calendar, Booking application/system",
2026-09-17 16:43:26,P121,2,P121-J02,2026-09-25,Gardening,Planting Services,Plant Small Tree,,TASK_COMPLETION_BASED,Yes,N/A — Single Session,13:00,50,1,3,Second job,No,09:30,20,Yes,13:15,13:15,14:15,1,,20,Yes,Traffic congestion,Yes,Complexity of the problem,No,13:00,Exact — checked using calendar/message/booking records,"Calendar, Booking application/system",
2026-09-17 16:47:04,P122,3,P122-J03,2026-09-25,Cleaning,Kitchen Cleaning,Clean Kitchen Cabinets,,TASK_COMPLETION_BASED,Yes,N/A — Single Session,14:00,80,3,3,Second job,No,09:30,20,Yes,14:10,14:10,15:40,3,,20,Yes,Traffic congestion,Yes,Complexity of the problem,No,14:00,Exact — checked using calendar/message/booking records,"Calendar, Booking application/system",
2026-09-17 16:52:12,P122,4,P122-J04,2026-09-25,Cleaning,Kitchen Cleaning,Degrease Cooking Area,,TASK_COMPLETION_BASED,Yes,N/A — Single Session,08:00,60,3,3,Second job,No,09:30,20,Yes,08:05,08:05,09:10,3,,20,No,No meaningful delay occurred,About the same,Not applicable,No,08:00,Exact — checked using calendar/message/booking records,"Calendar, Booking application/system",
2026-09-17 17:15:13,P122,5,P122-J05,2026-09-25,Cleaning,Kitchen Cleaning,Clean Kitchen Floor,,TASK_COMPLETION_BASED,Yes,N/A — Single Session,09:00,30,3,3,Second job,No,09:30,20,Yes,09:15,09:15,09:50,3,,20,Yes,Traffic congestion,About the same,Not applicable,No,09:00,Exact — checked using calendar/message/booking records,"Calendar, Booking application/system",
2026-09-17 17:40:12,P123,1,P123-J01,2026-09-25,Repairing,Plumbing Repair,Install Water Pipe,,TASK_COMPLETION_BASED,Yes,N/A — Single Session,10:00,125,1,3,First job,Yes,,0,Not applicable,10:05,10:05,12:10,1,,0,No,No meaningful delay occurred,About the same,Not applicable,No,10:00,Exact — checked using calendar/message/booking records,"Calendar, Booking application/system",
2026-09-17 18:22:15,P123,2,P123-J02,2026-09-25,Repairing,Plumbing Repair,Replace Water Pipe,,TASK_COMPLETION_BASED,Yes,N/A — Single Session,11:00,120,1,3,Second job,No,09:30,20,Yes,11:00,11:00,12:55,1,,20,No,No meaningful delay occurred,About the same,Not applicable,No,11:00,Exact — checked using calendar/message/booking records,"Calendar, Booking application/system",
2026-09-17 18:37:19,P123,3,P123-J03,2026-09-25,Repairing,Plumbing Repair,Repair Leaking Pipe,,TASK_COMPLETION_BASED,Yes,N/A — Single Session,12:00,55,1,3,Second job,No,09:30,20,Yes,12:00,12:00,12:55,1,,20,No,No meaningful delay occurred,About the same,Not applicable,No,12:00,Exact — checked using calendar/message/booking records,"Calendar, Booking application/system",
2026-09-17 18:54:23,P123,4,P123-J04,2026-09-25,Repairing,Plumbing Repair,Replace Tap,,TASK_COMPLETION_BASED,Yes,N/A — Single Session,13:00,25,1,3,Second job,No,09:30,20,Yes,13:00,13:00,13:30,1,,20,No,No meaningful delay occurred,About the same,Not applicable,No,13:00,Exact — checked using calendar/message/booking records,"Calendar, Booking application/system",
2026-09-17 18:57:31,P123,5,P123-J05,2026-09-25,Repairing,Plumbing Repair,Repair Tap,,TASK_COMPLETION_BASED,Yes,N/A — Single Session,14:00,30,1,3,Second job,No,09:30,20,Yes,14:00,14:00,14:20,1,,20,No,No meaningful delay occurred,"No, it finished earlier",Not applicable,No,14:00,Exact — checked using calendar/message/booking records,"Calendar, Booking application/system",
2026-09-17 18:57:42,P123,1,P123-J01,2026-09-25,Repairing,Plumbing Repair,Repair Bathroom Pipe,,TASK_COMPLETION_BASED,Yes,N/A — Single Session,08:00,70,1,3,First job,Yes,,0,Not applicable,08:00,08:00,09:25,1,,0,No,No meaningful delay occurred,Yes,Complexity of the problem,No,08:00,Exact — checked using calendar/message/booking records,"Calendar, Booking application/system",
2026-09-17 19:18:21,P124,2,P124-J02,2026-09-25,Gardening,Planting Services,Plant Flowers,,TASK_COMPLETION_BASED,Yes,N/A — Single Session,09:00,70,1,3,Second job,No,09:30,20,Yes,09:00,09:00,10:10,1,,20,No,No meaningful delay occurred,About the same,Not applicable,No,09:00,Exact — checked using calendar/message/booking records,"Calendar, Booking application/system",
2026-09-17 19:57:26,P124,3,P124-J03,2026-09-25,Gardening,Planting Services,Plant Vegetables,,TASK_COMPLETION_BASED,Yes,N/A — Single Session,10:00,95,1,3,Second job,No,09:30,20,Yes,10:15,10:15,12:00,1,,20,Yes,Traffic congestion,Yes,Complexity of the problem,No,10:00,Exact — checked using calendar/message/booking records,"Calendar, Booking application/system",
2026-09-17 20:04:08,P124,4,P124-J04,2026-09-25,Gardening,Planting Services,Plant Small Tree,,TASK_COMPLETION_BASED,Yes,N/A — Single Session,11:00,45,1,3,Second job,No,09:30,20,Yes,11:00,11:00,12:00,1,,20,No,No meaningful delay occurred,Yes,Complexity of the problem,No,11:00,Exact — checked using calendar/message/booking records,"Calendar, Booking application/system",
2026-09-17 20:13:29,P124,5,P124-J05,2026-09-25,Gardening,Planting Services,Plant Large Tree,,TASK_COMPLETION_BASED,Yes,N/A — Single Session,12:00,115,1,3,Second job,No,09:30,20,Yes,12:00,12:00,13:45,1,,20,No,No meaningful delay occurred,"No, it finished earlier",Not applicable,No,12:00,Exact — checked using calendar/message/booking records,"Calendar, Booking application/system",
2026-09-17 20:30:04,P124,1,P124-J01,2026-09-25,Gardening,Planting Services,Plant Garden Plants,,TASK_COMPLETION_BASED,Yes,N/A — Single Session,13:00,75,1,3,First job,Yes,,0,Not applicable,13:00,13:00,14:05,1,,0,No,No meaningful delay occurred,"No, it finished earlier",Not applicable,No,13:00,Exact — checked using calendar/message/booking records,"Calendar, Booking application/system",
2026-09-17 20:35:37,P124,2,P124-J02,2026-09-25,Gardening,Planting Services,Prepare Planting Area,,TASK_COMPLETION_BASED,Yes,N/A — Single Session,14:00,105,1,3,Second job,No,09:30,20,Yes,14:00,14:00,15:55,1,,20,No,No meaningful delay occurred,Yes,Complexity of the problem,No,14:00,Exact — checked using calendar/message/booking records,"Calendar, Booking application/system",
2026-09-17 20:41:57,P125,3,P125-J03,2026-09-25,Gardening,Garden Cleaning,Remove Garden Waste,,TASK_COMPLETION_BASED,Yes,N/A — Single Session,08:00,95,1,3,Second job,No,09:30,20,Yes,08:15,08:15,09:50,1,,20,Yes,Traffic congestion,About the same,Not applicable,No,08:00,Exact — checked using calendar/message/booking records,"Calendar, Booking application/system",
2026-09-17 20:48:18,P125,4,P125-J04,2026-09-25,Gardening,Garden Maintenance,Mow Lawn,,TASK_COMPLETION_BASED,Yes,N/A — Single Session,09:00,75,1,3,Second job,No,09:30,20,Yes,09:05,09:05,10:30,1,,20,No,No meaningful delay occurred,Yes,Complexity of the problem,No,09:00,Exact — checked using calendar/message/booking records,"Calendar, Booking application/system",
2026-09-17 20:55:31,P125,5,P125-J05,2026-09-25,Gardening,Garden Maintenance,Trim Tree Branches,,TASK_COMPLETION_BASED,Yes,N/A — Single Session,10:00,125,1,3,Second job,No,09:30,20,Yes,10:00,10:00,12:05,1,,20,No,No meaningful delay occurred,About the same,Not applicable,No,10:00,Exact — checked using calendar/message/booking records,"Calendar, Booking application/system",
2026-09-17 21:48:13,P126,1,P126-J01,2026-09-25,Care Support,Disability Support,Personal Disability Assistance,,FIXED_DURATION,Yes,N/A — Single Session,11:00,190,1,3,First job,Yes,,0,Not applicable,11:05,11:05,14:10,1,,0,No,No meaningful delay occurred,About the same,Not applicable,No,11:00,Exact — checked using calendar/message/booking records,"Calendar, Booking application/system",
2026-09-18 08:06:42,P126,2,P126-J02,2026-09-25,Care Support,Disability Support,Mobility Support,,FIXED_DURATION,Yes,N/A — Single Session,12:00,90,1,3,Second job,No,09:30,20,Yes,12:10,12:10,13:55,1,,20,Yes,Traffic congestion,Yes,Complexity of the problem,No,12:00,Exact — checked using calendar/message/booking records,"Calendar, Booking application/system",
2026-09-18 08:14:05,P126,3,P126-J03,2026-09-25,Care Support,Disability Support,Daily Living Assistance,,SHIFT_BASED,Yes,N/A — Single Session,13:00,360,1,3,Second job,No,09:30,20,Yes,13:15,13:15,19:05,1,,20,Yes,Traffic congestion,"No, it finished earlier",Not applicable,No,13:00,Exact — checked using calendar/message/booking records,"Calendar, Booking application/system",
2026-09-18 08:59:03,P127,4,P127-J04,2026-09-25,Repairing,Plumbing Repair,Repair Leaking Pipe,,TASK_COMPLETION_BASED,Yes,N/A — Single Session,14:00,55,1,3,Second job,No,09:30,20,Yes,14:10,14:10,15:15,1,,20,Yes,Traffic congestion,Yes,Complexity of the problem,No,14:00,Exact — checked using calendar/message/booking records,"Calendar, Booking application/system",
2026-09-18 09:24:37,P127,5,P127-J05,2026-09-25,Repairing,Plumbing Repair,Repair Water Leak,,TASK_COMPLETION_BASED,Yes,N/A — Single Session,08:00,50,1,3,Second job,No,09:30,20,Yes,08:05,08:05,08:55,1,,20,No,No meaningful delay occurred,About the same,Not applicable,No,08:00,Exact — checked using calendar/message/booking records,"Calendar, Booking application/system",
2026-09-18 09:36:36,P127,1,P127-J01,2026-09-25,Repairing,Plumbing Repair,Install Tap,,TASK_COMPLETION_BASED,Yes,N/A — Single Session,09:00,30,1,3,First job,Yes,,0,Not applicable,09:15,09:15,09:55,1,,0,Yes,Traffic congestion,Yes,Complexity of the problem,No,09:00,Exact — checked using calendar/message/booking records,"Calendar, Booking application/system",
2026-09-18 09:47:27,P127,2,P127-J02,2026-09-25,Repairing,Plumbing Repair,Repair Tap,,TASK_COMPLETION_BASED,Yes,N/A — Single Session,10:00,25,1,3,Second job,No,09:30,20,Yes,10:00,10:00,10:15,1,,20,No,No meaningful delay occurred,"No, it finished earlier",Not applicable,No,10:00,Exact — checked using calendar/message/booking records,"Calendar, Booking application/system",
2026-09-18 10:03:55,P127,3,P127-J03,2026-09-25,Repairing,Plumbing Repair,Install Water Tank,,TASK_COMPLETION_BASED,Yes,N/A — Single Session,11:00,160,1,3,Second job,No,09:30,20,Yes,11:15,11:15,14:00,1,,20,Yes,Traffic congestion,About the same,Not applicable,No,11:00,Exact — checked using calendar/message/booking records,"Calendar, Booking application/system",
2026-09-18 10:23:25,P127,4,P127-J04,2026-09-25,Repairing,Plumbing Repair,Clear Blocked Drain,,TASK_COMPLETION_BASED,Yes,N/A — Single Session,12:00,65,1,3,Second job,No,09:30,20,Yes,12:05,12:05,13:25,1,,20,No,No meaningful delay occurred,Yes,Complexity of the problem,No,12:00,Exact — checked using calendar/message/booking records,"Calendar, Booking application/system",
2026-09-18 10:25:38,P127,5,P127-J05,2026-09-25,Repairing,Plumbing Repair,Replace Toilet Pipe,,TASK_COMPLETION_BASED,Yes,N/A — Single Session,13:00,60,1,3,Second job,No,09:30,20,Yes,13:00,13:00,14:10,1,,20,No,No meaningful delay occurred,Yes,Complexity of the problem,No,13:00,Exact — checked using calendar/message/booking records,"Calendar, Booking application/system",
2026-09-18 10:47:04,P127,1,P127-J01,2026-09-25,Repairing,Plumbing Repair,Repair Bathroom Pipe,,TASK_COMPLETION_BASED,Yes,N/A — Single Session,14:00,60,1,3,First job,Yes,,0,Not applicable,14:10,14:10,15:20,1,,0,Yes,Traffic congestion,Yes,Complexity of the problem,No,14:00,Exact — checked using calendar/message/booking records,"Calendar, Booking application/system",
2026-09-18 11:41:15,P128,2,P128-J02,2026-09-25,Cleaning,House Cleaning,General House Cleaning,,TASK_COMPLETION_BASED,Yes,N/A — Single Session,08:00,165,1,3,Second job,No,09:30,20,Yes,08:00,08:00,10:40,1,,20,No,No meaningful delay occurred,About the same,Not applicable,No,08:00,Exact — checked using calendar/message/booking records,"Calendar, Booking application/system",
2026-09-18 11:41:28,P128,3,P128-J03,2026-09-25,Cleaning,House Cleaning,Deep Clean House,,TASK_COMPLETION_BASED,Yes,N/A — Single Session,09:00,260,1,3,Second job,No,09:30,20,Yes,09:15,09:15,13:35,1,,20,Yes,Traffic congestion,About the same,Not applicable,No,09:00,Exact — checked using calendar/message/booking records,"Calendar, Booking application/system",
2026-09-18 13:27:22,P128,4,P128-J04,2026-09-25,Cleaning,House Cleaning,Clean Single Room,,TASK_COMPLETION_BASED,Yes,N/A — Single Session,10:00,55,1,3,Second job,No,09:30,20,Yes,10:00,10:00,10:45,1,,20,No,No meaningful delay occurred,"No, it finished earlier",Not applicable,No,10:00,Exact — checked using calendar/message/booking records,"Calendar, Booking application/system",
2026-09-18 13:34:16,P128,5,P128-J05,2026-09-25,Cleaning,House Cleaning,Mop and Clean Floors,,TASK_COMPLETION_BASED,Yes,N/A — Single Session,11:00,70,1,3,Second job,No,09:30,20,Yes,11:00,11:00,12:20,1,,20,No,No meaningful delay occurred,Yes,Complexity of the problem,No,11:00,Exact — checked using calendar/message/booking records,"Calendar, Booking application/system",
2026-09-18 13:45:56,P128,1,P128-J01,2026-09-25,Cleaning,House Cleaning,Dust and Surface Cleaning,,TASK_COMPLETION_BASED,Yes,N/A — Single Session,12:00,55,1,3,First job,Yes,,0,Not applicable,12:15,12:15,13:25,1,,0,Yes,Traffic congestion,Yes,Complexity of the problem,No,12:00,Exact — checked using calendar/message/booking records,"Calendar, Booking application/system",
2026-09-18 13:59:36,P128,2,P128-J02,2026-09-25,Cleaning,House Cleaning,Full Home Cleaning,,TASK_COMPLETION_BASED,Yes,N/A — Single Session,13:00,240,1,3,Second job,No,09:30,20,Yes,13:10,13:10,17:15,1,,20,Yes,Traffic congestion,About the same,Not applicable,No,13:00,Exact — checked using calendar/message/booking records,"Calendar, Booking application/system",
2026-09-18 14:00:46,P129,3,P129-J03,2026-09-25,Repairing,Painting & Renovation,Paint Interior Wall,,TASK_COMPLETION_BASED,Yes,N/A — Single Session,14:00,130,3,3,Second job,No,09:30,20,Yes,14:10,14:10,16:35,3,,20,Yes,Traffic congestion,Yes,Complexity of the problem,No,14:00,Exact — checked using calendar/message/booking records,"Calendar, Booking application/system",
2026-09-18 14:03:02,P129,4,P129-J04,2026-09-25,Repairing,Painting & Renovation,Paint Room,,TASK_COMPLETION_BASED,Yes,N/A — Single Session,08:00,210,3,3,Second job,No,09:30,20,Yes,08:15,08:15,11:50,3,,20,Yes,Traffic congestion,About the same,Not applicable,No,08:00,Exact — checked using calendar/message/booking records,"Calendar, Booking application/system",
2026-09-18 14:36:17,P129,5,P129-J05,2026-09-25,Repairing,Painting & Renovation,Paint Ceiling,,TASK_COMPLETION_BASED,Yes,N/A — Single Session,09:00,125,3,3,Second job,No,09:30,20,Yes,09:15,09:15,11:35,3,,20,Yes,Traffic congestion,Yes,Complexity of the problem,No,09:00,Exact — checked using calendar/message/booking records,"Calendar, Booking application/system",
2026-09-18 14:41:51,P129,1,P129-J01,2026-09-25,Repairing,Painting & Renovation,Paint Whole House,,TASK_COMPLETION_BASED,Yes,N/A — Single Session,10:00,485,3,3,First job,Yes,,0,Not applicable,10:10,10:10,18:15,3,,0,Yes,Traffic congestion,About the same,Not applicable,No,10:00,Exact — checked using calendar/message/booking records,"Calendar, Booking application/system",
2026-09-18 14:43:27,P129,2,P129-J02,2026-09-25,Repairing,Painting & Renovation,Repair Wall Crack,,TASK_COMPLETION_BASED,Yes,N/A — Single Session,11:00,70,3,3,Second job,No,09:30,20,Yes,11:15,11:15,12:20,3,,20,Yes,Traffic congestion,About the same,Not applicable,No,11:00,Exact — checked using calendar/message/booking records,"Calendar, Booking application/system",
2026-09-18 14:57:02,P130,3,P130-J03,2026-09-25,Repairing,Furniture Repair,Repair Dining Table,,TASK_COMPLETION_BASED,Yes,N/A — Single Session,12:00,85,2,3,Second job,No,09:30,20,Yes,12:05,12:05,13:45,2,,20,No,No meaningful delay occurred,Yes,Complexity of the problem,No,12:00,Exact — checked using calendar/message/booking records,"Calendar, Booking application/system",
2026-09-18 15:59:02,P130,4,P130-J04,2026-09-25,Repairing,Furniture Repair,Repair Window Frame,,TASK_COMPLETION_BASED,Yes,N/A — Single Session,13:00,85,2,3,Second job,No,09:30,20,Yes,13:05,13:05,14:30,2,,20,No,No meaningful delay occurred,About the same,Not applicable,No,13:00,Exact — checked using calendar/message/booking records,"Calendar, Booking application/system",
2026-09-18 16:19:28,P130,5,P130-J05,2026-09-25,Repairing,Furniture Repair,Replace Furniture Hardware,,TASK_COMPLETION_BASED,Yes,N/A — Single Session,14:00,25,2,3,Second job,No,09:30,20,Yes,14:10,14:10,14:35,2,,20,Yes,Traffic congestion,About the same,Not applicable,No,14:00,Exact — checked using calendar/message/booking records,"Calendar, Booking application/system",
2026-09-18 16:21:03,P130,1,P130-J01,2026-09-25,Repairing,Furniture Repair,Assemble Furniture,,TASK_COMPLETION_BASED,Yes,N/A — Single Session,08:00,75,2,3,First job,Yes,,0,Not applicable,08:00,08:00,09:15,2,,0,No,No meaningful delay occurred,About the same,Not applicable,No,08:00,Exact — checked using calendar/message/booking records,"Calendar, Booking application/system",
2026-09-18 16:50:46,P130,2,P130-J02,2026-09-25,Repairing,Painting & Renovation,Paint Ceiling,,TASK_COMPLETION_BASED,Yes,N/A — Single Session,09:00,115,2,3,Second job,No,09:30,20,Yes,09:05,09:05,11:05,2,,20,No,No meaningful delay occurred,About the same,Not applicable,No,09:00,Exact — checked using calendar/message/booking records,"Calendar, Booking application/system",
2026-09-18 16:52:37,P130,3,P130-J03,2026-09-25,Repairing,Painting & Renovation,Replace Damaged Tile,,TASK_COMPLETION_BASED,Yes,N/A — Single Session,10:00,85,2,3,Second job,No,09:30,20,Yes,10:10,10:10,11:35,2,,20,Yes,Traffic congestion,About the same,Not applicable,No,10:00,Exact — checked using calendar/message/booking records,"Calendar, Booking application/system",
2026-09-18 16:58:52,P131,4,P131-J04,2026-09-25,Gardening,Garden Maintenance,Water Plants,,TASK_COMPLETION_BASED,Yes,N/A — Single Session,11:00,40,1,3,Second job,No,09:30,20,Yes,11:00,11:00,11:35,1,,20,No,No meaningful delay occurred,About the same,Not applicable,No,11:00,Exact — checked using calendar/message/booking records,"Calendar, Booking application/system",
2026-09-18 17:09:00,P131,5,P131-J05,2026-09-25,Gardening,Garden Maintenance,Trim Shrubs,,TASK_COMPLETION_BASED,Yes,N/A — Single Session,12:00,85,1,3,Second job,No,09:30,20,Yes,12:00,12:00,13:35,1,,20,No,No meaningful delay occurred,Yes,Complexity of the problem,No,12:00,Exact — checked using calendar/message/booking records,"Calendar, Booking application/system",
2026-09-18 17:21:50,P131,1,P131-J01,2026-09-25,Gardening,Garden Maintenance,Cut Grass,,TASK_COMPLETION_BASED,Yes,N/A — Single Session,13:00,95,1,3,First job,Yes,,0,Not applicable,13:00,13:00,14:45,1,,0,No,No meaningful delay occurred,Yes,Complexity of the problem,No,13:00,Exact — checked using calendar/message/booking records,"Calendar, Booking application/system",
2026-09-18 17:31:15,P131,2,P131-J02,2026-09-25,Gardening,Garden Maintenance,Remove Weeds,,TASK_COMPLETION_BASED,Yes,N/A — Single Session,14:00,85,1,3,Second job,No,09:30,20,Yes,14:05,14:05,15:30,1,,20,No,No meaningful delay occurred,About the same,Not applicable,No,14:00,Exact — checked using calendar/message/booking records,"Calendar, Booking application/system",
2026-09-18 17:32:08,P131,3,P131-J03,2026-09-25,Gardening,Garden Maintenance,General Garden Maintenance,,TASK_COMPLETION_BASED,Yes,N/A — Single Session,08:00,160,1,3,Second job,No,09:30,20,Yes,08:00,08:00,10:45,1,,20,No,No meaningful delay occurred,About the same,Not applicable,No,08:00,Exact — checked using calendar/message/booking records,"Calendar, Booking application/system",
2026-09-18 17:41:39,P132,4,P132-J04,2026-09-25,Cleaning,Move In/Out Cleaning,Move-Out Cleaning,,TASK_COMPLETION_BASED,Yes,N/A — Single Session,09:00,200,1,3,Second job,No,09:30,20,Yes,09:00,09:00,12:15,1,,20,No,No meaningful delay occurred,About the same,Not applicable,No,09:00,Exact — checked using calendar/message/booking records,"Calendar, Booking application/system",
2026-09-18 17:50:26,P132,5,P132-J05,2026-09-25,Cleaning,Move In/Out Cleaning,Empty Property Deep Cleaning,,TASK_COMPLETION_BASED,Yes,N/A — Single Session,10:00,295,1,3,Second job,No,09:30,20,Yes,10:00,10:00,14:45,1,,20,No,No meaningful delay occurred,"No, it finished earlier",Not applicable,No,10:00,Exact — checked using calendar/message/booking records,"Calendar, Booking application/system",
2026-09-18 17:54:54,P132,1,P132-J01,2026-09-25,Cleaning,Post-Construction Cleaning,Post-Construction House Cleaning,,TASK_COMPLETION_BASED,Yes,N/A — Single Session,11:00,405,1,3,First job,Yes,,0,Not applicable,11:10,11:10,17:55,1,,0,Yes,Traffic congestion,About the same,Not applicable,No,11:00,Exact — checked using calendar/message/booking records,"Calendar, Booking application/system",
2026-09-18 18:07:25,P133,2,P133-J02,2026-09-25,Gardening,Garden Maintenance,Water Plants,,TASK_COMPLETION_BASED,Yes,N/A — Single Session,12:00,45,1,3,Second job,No,09:30,20,Yes,12:10,12:10,12:55,1,,20,Yes,Traffic congestion,About the same,Not applicable,No,12:00,Exact — checked using calendar/message/booking records,"Calendar, Booking application/system",
2026-09-18 18:19:06,P133,3,P133-J03,2026-09-25,Gardening,Garden Maintenance,Mow Lawn,,TASK_COMPLETION_BASED,Yes,N/A — Single Session,13:00,85,1,3,Second job,No,09:30,20,Yes,13:10,13:10,14:35,1,,20,Yes,Traffic congestion,About the same,Not applicable,No,13:00,Exact — checked using calendar/message/booking records,"Calendar, Booking application/system",
2026-09-18 18:23:07,P133,4,P133-J04,2026-09-25,Gardening,Garden Maintenance,Trim Tree Branches,,TASK_COMPLETION_BASED,Yes,N/A — Single Session,14:00,105,1,3,Second job,No,09:30,20,Yes,14:15,14:15,16:05,1,,20,Yes,Traffic congestion,About the same,Not applicable,No,14:00,Exact — checked using calendar/message/booking records,"Calendar, Booking application/system",
2026-09-18 18:33:21,P133,5,P133-J05,2026-09-25,Gardening,Garden Maintenance,General Garden Maintenance,,TASK_COMPLETION_BASED,Yes,N/A — Single Session,08:00,170,1,3,Second job,No,09:30,20,Yes,08:00,08:00,10:40,1,,20,No,No meaningful delay occurred,"No, it finished earlier",Not applicable,No,08:00,Exact — checked using calendar/message/booking records,"Calendar, Booking application/system",
2026-09-18 18:36:09,P133,1,P133-J01,2026-09-25,Gardening,Garden Maintenance,Prune Plants,,TASK_COMPLETION_BASED,Yes,N/A — Single Session,09:00,70,1,3,First job,Yes,,0,Not applicable,09:10,09:10,10:35,1,,0,Yes,Traffic congestion,Yes,Complexity of the problem,No,09:00,Exact — checked using calendar/message/booking records,"Calendar, Booking application/system",
2026-09-18 18:37:38,P134,2,P134-J02,2026-09-25,Gardening,Planting Services,Plant Flowers,,TASK_COMPLETION_BASED,Yes,N/A — Single Session,10:00,55,2,3,Second job,No,09:30,20,Yes,10:00,10:00,10:45,2,,20,No,No meaningful delay occurred,"No, it finished earlier",Not applicable,No,10:00,Exact — checked using calendar/message/booking records,"Calendar, Booking application/system",
2026-09-18 19:08:17,P134,3,P134-J03,2026-09-25,Gardening,Planting Services,Plant Vegetables,,TASK_COMPLETION_BASED,Yes,N/A — Single Session,11:00,90,2,3,Second job,No,09:30,20,Yes,11:00,11:00,12:30,2,,20,No,No meaningful delay occurred,About the same,Not applicable,No,11:00,Exact — checked using calendar/message/booking records,"Calendar, Booking application/system",
2026-09-18 19:49:27,P134,4,P134-J04,2026-09-25,Gardening,Planting Services,Plant Garden Plants,,TASK_COMPLETION_BASED,Yes,N/A — Single Session,12:00,70,2,3,Second job,No,09:30,20,Yes,12:15,12:15,13:35,2,,20,Yes,Traffic congestion,Yes,Complexity of the problem,No,12:00,Exact — checked using calendar/message/booking records,"Calendar, Booking application/system",
2026-09-18 19:59:29,P134,5,P134-J05,2026-09-25,Gardening,Planting Services,Prepare Planting Area,,TASK_COMPLETION_BASED,Yes,N/A — Single Session,13:00,100,2,3,Second job,No,09:30,20,Yes,13:00,13:00,14:50,2,,20,No,No meaningful delay occurred,Yes,Complexity of the problem,No,13:00,Exact — checked using calendar/message/booking records,"Calendar, Booking application/system",
2026-09-18 20:17:27,P135,1,P135-J01,2026-09-25,Cleaning,House Cleaning,Clean Single Room,,TASK_COMPLETION_BASED,Yes,N/A — Single Session,14:00,50,4,3,First job,Yes,,0,Not applicable,14:05,14:05,15:10,4,,0,No,No meaningful delay occurred,Yes,Complexity of the problem,No,14:00,Exact — checked using calendar/message/booking records,"Calendar, Booking application/system",
2026-09-18 20:36:46,P135,2,P135-J02,2026-09-25,Cleaning,House Cleaning,Mop and Clean Floors,,TASK_COMPLETION_BASED,Yes,N/A — Single Session,08:00,60,4,3,Second job,No,09:30,20,Yes,08:00,08:00,09:10,4,,20,No,No meaningful delay occurred,Yes,Complexity of the problem,No,08:00,Exact — checked using calendar/message/booking records,"Calendar, Booking application/system",
2026-09-18 20:56:02,P135,3,P135-J03,2026-09-25,Cleaning,House Cleaning,Full Home Cleaning,,TASK_COMPLETION_BASED,Yes,N/A — Single Session,09:00,170,4,3,Second job,No,09:30,20,Yes,09:15,09:15,12:10,4,,20,Yes,Traffic congestion,About the same,Not applicable,No,09:00,Exact — checked using calendar/message/booking records,"Calendar, Booking application/system",
2026-09-18 21:12:44,P136,4,P136-J04,2026-09-25,Cleaning,House Cleaning,Deep Clean House,,TASK_COMPLETION_BASED,Yes,N/A — Single Session,10:00,240,1,3,Second job,No,09:30,20,Yes,10:00,10:00,14:10,1,,20,No,No meaningful delay occurred,Yes,Complexity of the problem,No,10:00,Exact — checked using calendar/message/booking records,"Calendar, Booking application/system",
2026-09-18 21:46:44,P136,5,P136-J05,2026-09-25,Cleaning,Kitchen Cleaning,General Kitchen Cleaning,,TASK_COMPLETION_BASED,Yes,N/A — Single Session,11:00,70,1,3,Second job,No,09:30,20,Yes,11:10,11:10,12:30,1,,20,Yes,Traffic congestion,Yes,Complexity of the problem,No,11:00,Exact — checked using calendar/message/booking records,"Calendar, Booking application/system",
2026-09-18 21:51:44,P136,1,P136-J01,2026-09-25,Cleaning,Kitchen Cleaning,Degrease Cooking Area,,TASK_COMPLETION_BASED,Yes,N/A — Single Session,12:00,65,1,3,First job,Yes,,0,Not applicable,12:00,12:00,12:55,1,,0,No,No meaningful delay occurred,"No, it finished earlier",Not applicable,No,12:00,Exact — checked using calendar/message/booking records,"Calendar, Booking application/system",
2026-09-19 08:12:35,P137,2,P137-J02,2026-09-25,Repairing,Furniture Repair,Repair Dining Table,,TASK_COMPLETION_BASED,Yes,N/A — Single Session,13:00,85,1,3,Second job,No,09:30,20,Yes,13:00,13:00,14:40,1,,20,No,No meaningful delay occurred,Yes,Complexity of the problem,No,13:00,Exact — checked using calendar/message/booking records,"Calendar, Booking application/system",
2026-09-19 08:12:47,P137,3,P137-J03,2026-09-25,Repairing,Furniture Repair,Repair Sofa Frame,,TASK_COMPLETION_BASED,Yes,N/A — Single Session,14:00,115,1,3,Second job,No,09:30,20,Yes,14:05,14:05,16:15,1,,20,No,No meaningful delay occurred,Yes,Complexity of the problem,No,14:00,Exact — checked using calendar/message/booking records,"Calendar, Booking application/system",
2026-09-19 08:16:32,P137,4,P137-J04,2026-09-25,Repairing,Furniture Repair,Repair Cupboard,,TASK_COMPLETION_BASED,Yes,N/A — Single Session,08:00,95,1,3,Second job,No,09:30,20,Yes,08:15,08:15,10:05,1,,20,Yes,Traffic congestion,Yes,Complexity of the problem,No,08:00,Exact — checked using calendar/message/booking records,"Calendar, Booking application/system",
2026-09-19 08:46:19,P137,5,P137-J05,2026-09-25,Repairing,Furniture Repair,Repair Cabinet,,TASK_COMPLETION_BASED,Yes,N/A — Single Session,09:00,80,1,3,Second job,No,09:30,20,Yes,09:00,09:00,10:25,1,,20,No,No meaningful delay occurred,About the same,Not applicable,No,09:00,Exact — checked using calendar/message/booking records,"Calendar, Booking application/system",
2026-09-19 08:51:11,P137,1,P137-J01,2026-09-25,Repairing,Furniture Repair,Repair Wooden Door,,TASK_COMPLETION_BASED,Yes,N/A — Single Session,10:00,95,1,3,First job,Yes,,0,Not applicable,10:00,10:00,11:30,1,,0,No,No meaningful delay occurred,About the same,Not applicable,No,10:00,Exact — checked using calendar/message/booking records,"Calendar, Booking application/system",
2026-09-19 08:57:37,P137,2,P137-J02,2026-09-25,Repairing,Furniture Repair,Repair Window Frame,,TASK_COMPLETION_BASED,Yes,N/A — Single Session,11:00,100,1,3,Second job,No,09:30,20,Yes,11:10,11:10,12:40,1,,20,Yes,Traffic congestion,"No, it finished earlier",Not applicable,No,11:00,Exact — checked using calendar/message/booking records,"Calendar, Booking application/system",
2026-09-19 09:01:15,P137,3,P137-J03,2026-09-25,Repairing,Furniture Repair,Replace Furniture Hardware,,TASK_COMPLETION_BASED,Yes,N/A — Single Session,12:00,25,1,3,Second job,No,09:30,20,Yes,12:15,12:15,12:35,1,,20,Yes,Traffic congestion,About the same,Not applicable,No,12:00,Exact — checked using calendar/message/booking records,"Calendar, Booking application/system",
2026-09-19 09:31:55,P137,4,P137-J04,2026-09-25,Repairing,Furniture Repair,Assemble Furniture,,TASK_COMPLETION_BASED,Yes,N/A — Single Session,13:00,80,1,3,Second job,No,09:30,20,Yes,13:00,13:00,14:20,1,,20,No,No meaningful delay occurred,About the same,Not applicable,No,13:00,Exact — checked using calendar/message/booking records,"Calendar, Booking application/system",
2026-09-19 10:09:06,P138,5,P138-J05,2026-09-25,Cleaning,Bathroom Cleaning,Clean Toilet,,TASK_COMPLETION_BASED,Yes,N/A — Single Session,14:00,25,2,3,Second job,No,09:30,20,Yes,14:10,14:10,14:25,2,,20,Yes,Traffic congestion,"No, it finished earlier",Not applicable,No,14:00,Exact — checked using calendar/message/booking records,"Calendar, Booking application/system",
2026-09-19 10:29:23,P138,1,P138-J01,2026-09-25,Cleaning,Bathroom Cleaning,Clean Washroom,,TASK_COMPLETION_BASED,Yes,N/A — Single Session,08:00,40,2,3,First job,Yes,,0,Not applicable,08:00,08:00,08:40,2,,0,No,No meaningful delay occurred,About the same,Not applicable,No,08:00,Exact — checked using calendar/message/booking records,"Calendar, Booking application/system",
2026-09-19 10:44:56,P138,2,P138-J02,2026-09-25,Cleaning,House Cleaning,Mop and Clean Floors,,TASK_COMPLETION_BASED,Yes,N/A — Single Session,09:00,65,2,3,Second job,No,09:30,20,Yes,09:00,09:00,10:00,2,,20,No,No meaningful delay occurred,About the same,Not applicable,No,09:00,Exact — checked using calendar/message/booking records,"Calendar, Booking application/system",
2026-09-19 11:01:52,P138,3,P138-J03,2026-09-25,Cleaning,Kitchen Cleaning,General Kitchen Cleaning,,TASK_COMPLETION_BASED,Yes,N/A — Single Session,10:00,65,2,3,Second job,No,09:30,20,Yes,10:00,10:00,11:05,2,,20,No,No meaningful delay occurred,About the same,Not applicable,No,10:00,Exact — checked using calendar/message/booking records,"Calendar, Booking application/system",
2026-09-19 11:04:09,P139,4,P139-J04,2026-09-25,Repairing,Plumbing Repair,Repair Leaking Pipe,,TASK_COMPLETION_BASED,Yes,N/A — Single Session,11:00,60,2,3,Second job,No,09:30,20,Yes,11:00,11:00,12:00,2,,20,No,No meaningful delay occurred,About the same,Not applicable,No,11:00,Exact — checked using calendar/message/booking records,"Calendar, Booking application/system",
2026-09-19 11:12:09,P139,5,P139-J05,2026-09-25,Repairing,Plumbing Repair,Repair Water Leak,,TASK_COMPLETION_BASED,Yes,N/A — Single Session,12:00,70,2,3,Second job,No,09:30,20,Yes,12:00,12:00,13:10,2,,20,No,No meaningful delay occurred,About the same,Not applicable,No,12:00,Exact — checked using calendar/message/booking records,"Calendar, Booking application/system",
2026-09-19 11:22:41,P139,1,P139-J01,2026-09-25,Repairing,Plumbing Repair,Repair Tap,,TASK_COMPLETION_BASED,Yes,N/A — Single Session,13:00,30,2,3,First job,Yes,,0,Not applicable,13:05,13:05,13:35,2,,0,No,No meaningful delay occurred,About the same,Not applicable,No,13:00,Exact — checked using calendar/message/booking records,"Calendar, Booking application/system",
2026-09-19 11:49:09,P139,2,P139-J02,2026-09-25,Repairing,Plumbing Repair,Install Water Tank,,TASK_COMPLETION_BASED,Yes,N/A — Single Session,14:00,160,2,3,Second job,No,09:30,20,Yes,14:05,14:05,16:45,2,,20,No,No meaningful delay occurred,About the same,Not applicable,No,14:00,Exact — checked using calendar/message/booking records,"Calendar, Booking application/system",
2026-09-19 11:56:36,P139,3,P139-J03,2026-09-25,Repairing,Plumbing Repair,Clean Water Tank,,TASK_COMPLETION_BASED,Yes,N/A — Single Session,08:00,145,2,3,Second job,No,09:30,20,Yes,08:00,08:00,10:15,2,,20,No,No meaningful delay occurred,"No, it finished earlier",Not applicable,No,08:00,Exact — checked using calendar/message/booking records,"Calendar, Booking application/system",
2026-09-19 11:59:34,P139,4,P139-J04,2026-09-25,Repairing,Plumbing Repair,Clear Blocked Drain,,TASK_COMPLETION_BASED,Yes,N/A — Single Session,09:00,65,2,3,Second job,No,09:30,20,Yes,09:10,09:10,10:25,2,,20,Yes,Traffic congestion,Yes,Complexity of the problem,No,09:00,Exact — checked using calendar/message/booking records,"Calendar, Booking application/system",
2026-09-19 12:10:43,P139,5,P139-J05,2026-09-25,Repairing,Plumbing Repair,Install Sink Plumbing,,TASK_COMPLETION_BASED,Yes,N/A — Single Session,10:00,80,2,3,Second job,No,09:30,20,Yes,10:15,10:15,11:25,2,,20,Yes,Traffic congestion,"No, it finished earlier",Not applicable,No,10:00,Exact — checked using calendar/message/booking records,"Calendar, Booking application/system",
2026-09-19 12:24:56,P140,1,P140-J01,2026-09-25,Cleaning,Bathroom Cleaning,General Bathroom Cleaning,,TASK_COMPLETION_BASED,Yes,N/A — Single Session,11:00,55,1,3,First job,Yes,,0,Not applicable,11:00,11:00,12:00,1,,0,No,No meaningful delay occurred,About the same,Not applicable,No,11:00,Exact — checked using calendar/message/booking records,"Calendar, Booking application/system",
2026-09-19 12:47:52,P140,2,P140-J02,2026-09-25,Cleaning,Bathroom Cleaning,Clean Toilet,,TASK_COMPLETION_BASED,Yes,N/A — Single Session,12:00,25,1,3,Second job,No,09:30,20,Yes,12:05,12:05,12:40,1,,20,No,No meaningful delay occurred,Yes,Complexity of the problem,No,12:00,Exact — checked using calendar/message/booking records,"Calendar, Booking application/system",
2026-09-19 13:18:17,P140,3,P140-J03,2026-09-25,Cleaning,House Cleaning,General House Cleaning,,TASK_COMPLETION_BASED,Yes,N/A — Single Session,13:00,150,1,3,Second job,No,09:30,20,Yes,13:00,13:00,15:30,1,,20,No,No meaningful delay occurred,About the same,Not applicable,No,13:00,Exact — checked using calendar/message/booking records,"Calendar, Booking application/system",
2026-09-19 13:55:04,P140,4,P140-J04,2026-09-25,Cleaning,Kitchen Cleaning,Degrease Cooking Area,,TASK_COMPLETION_BASED,Yes,N/A — Single Session,14:00,75,1,3,Second job,No,09:30,20,Yes,14:00,14:00,15:20,1,,20,No,No meaningful delay occurred,About the same,Not applicable,No,14:00,Exact — checked using calendar/message/booking records,"Calendar, Booking application/system",
2026-09-19 14:01:05,P141,5,P141-J05,2026-09-25,Repairing,Plumbing Repair,Repair Leaking Pipe,,TASK_COMPLETION_BASED,Yes,N/A — Single Session,08:00,70,1,3,Second job,No,09:30,20,Yes,08:00,08:00,09:25,1,,20,No,No meaningful delay occurred,Yes,Complexity of the problem,No,08:00,Exact — checked using calendar/message/booking records,"Calendar, Booking application/system",
2026-09-19 14:12:48,P141,1,P141-J01,2026-09-25,Repairing,Plumbing Repair,Replace Tap,,TASK_COMPLETION_BASED,Yes,N/A — Single Session,09:00,35,1,3,First job,Yes,,0,Not applicable,09:00,09:00,09:35,1,,0,No,No meaningful delay occurred,About the same,Not applicable,No,09:00,Exact — checked using calendar/message/booking records,"Calendar, Booking application/system",
2026-09-19 14:40:54,P141,2,P141-J02,2026-09-25,Repairing,Plumbing Repair,Repair Tap,,TASK_COMPLETION_BASED,Yes,N/A — Single Session,10:00,35,1,3,Second job,No,09:30,20,Yes,10:00,10:00,10:25,1,,20,No,No meaningful delay occurred,"No, it finished earlier",Not applicable,No,10:00,Exact — checked using calendar/message/booking records,"Calendar, Booking application/system",
2026-09-19 14:48:38,P141,3,P141-J03,2026-09-25,Repairing,Plumbing Repair,Clear Blocked Drain,,TASK_COMPLETION_BASED,Yes,N/A — Single Session,11:00,65,1,3,Second job,No,09:30,20,Yes,11:10,11:10,12:25,1,,20,Yes,Traffic congestion,Yes,Complexity of the problem,No,11:00,Exact — checked using calendar/message/booking records,"Calendar, Booking application/system",
2026-09-19 14:55:04,P141,4,P141-J04,2026-09-25,Repairing,Plumbing Repair,Repair Sink Plumbing,,TASK_COMPLETION_BASED,Yes,N/A — Single Session,12:00,60,1,3,Second job,No,09:30,20,Yes,12:00,12:00,13:00,1,,20,No,No meaningful delay occurred,About the same,Not applicable,No,12:00,Exact — checked using calendar/message/booking records,"Calendar, Booking application/system",
2026-09-19 14:58:12,P141,5,P141-J05,2026-09-25,Repairing,Plumbing Repair,Install Sink Plumbing,,TASK_COMPLETION_BASED,Yes,N/A — Single Session,13:00,100,1,3,Second job,No,09:30,20,Yes,13:15,13:15,14:45,1,,20,Yes,Traffic congestion,"No, it finished earlier",Not applicable,No,13:00,Exact — checked using calendar/message/booking records,"Calendar, Booking application/system",
2026-09-19 14:59:23,P142,1,P142-J01,2026-09-25,Gardening,Garden Maintenance,Water Plants,,TASK_COMPLETION_BASED,Yes,N/A — Single Session,14:00,40,1,3,First job,Yes,,0,Not applicable,14:00,14:00,14:45,1,,0,No,No meaningful delay occurred,About the same,Not applicable,No,14:00,Exact — checked using calendar/message/booking records,"Calendar, Booking application/system",
2026-09-19 15:18:07,P142,2,P142-J02,2026-09-25,Gardening,Garden Maintenance,Mow Lawn,,TASK_COMPLETION_BASED,Yes,N/A — Single Session,08:00,80,1,3,Second job,No,09:30,20,Yes,08:00,08:00,09:35,1,,20,No,No meaningful delay occurred,Yes,Complexity of the problem,No,08:00,Exact — checked using calendar/message/booking records,"Calendar, Booking application/system",
2026-09-19 15:45:14,P142,3,P142-J03,2026-09-25,Gardening,Garden Maintenance,General Garden Maintenance,,TASK_COMPLETION_BASED,Yes,N/A — Single Session,09:00,150,1,3,Second job,No,09:30,20,Yes,09:05,09:05,11:35,1,,20,No,No meaningful delay occurred,About the same,Not applicable,No,09:00,Exact — checked using calendar/message/booking records,"Calendar, Booking application/system",
2026-09-19 16:00:04,P143,4,P143-J04,2026-09-25,Gardening,Garden Maintenance,Water Plants,,TASK_COMPLETION_BASED,Yes,N/A — Single Session,10:00,40,2,3,Second job,No,09:30,20,Yes,10:05,10:05,10:55,2,,20,No,No meaningful delay occurred,Yes,Complexity of the problem,No,10:00,Exact — checked using calendar/message/booking records,"Calendar, Booking application/system",
2026-09-19 16:04:47,P143,5,P143-J05,2026-09-25,Gardening,Garden Maintenance,Trim Tree Branches,,TASK_COMPLETION_BASED,Yes,N/A — Single Session,11:00,115,2,3,Second job,No,09:30,20,Yes,11:00,11:00,13:00,2,,20,No,No meaningful delay occurred,About the same,Not applicable,No,11:00,Exact — checked using calendar/message/booking records,"Calendar, Booking application/system",
2026-09-19 16:12:25,P143,1,P143-J01,2026-09-25,Gardening,Garden Maintenance,General Garden Maintenance,,TASK_COMPLETION_BASED,Yes,N/A — Single Session,12:00,160,2,3,First job,Yes,,0,Not applicable,12:00,12:00,14:45,2,,0,No,No meaningful delay occurred,About the same,Not applicable,No,12:00,Exact — checked using calendar/message/booking records,"Calendar, Booking application/system",
2026-09-19 16:42:56,P143,2,P143-J02,2026-09-25,Gardening,Garden Maintenance,Prune Plants,,TASK_COMPLETION_BASED,Yes,N/A — Single Session,13:00,70,2,3,Second job,No,09:30,20,Yes,13:15,13:15,14:35,2,,20,Yes,Traffic congestion,Yes,Complexity of the problem,No,13:00,Exact — checked using calendar/message/booking records,"Calendar, Booking application/system",
2026-09-19 17:20:35,P143,3,P143-J03,2026-09-25,Gardening,Landscaping & Design,Design Small Garden,,TASK_COMPLETION_BASED,Yes,N/A — Single Session,14:00,235,2,3,Second job,No,09:30,20,Yes,14:05,14:05,17:55,2,,20,No,No meaningful delay occurred,About the same,Not applicable,No,14:00,Exact — checked using calendar/message/booking records,"Calendar, Booking application/system",
2026-09-19 17:39:25,P143,4,P143-J04,2026-09-25,Gardening,Planting Services,Plant Flowers,,TASK_COMPLETION_BASED,Yes,N/A — Single Session,08:00,65,2,3,Second job,No,09:30,20,Yes,08:00,08:00,09:15,2,,20,No,No meaningful delay occurred,Yes,Complexity of the problem,No,08:00,Exact — checked using calendar/message/booking records,"Calendar, Booking application/system",
2026-09-19 17:44:49,P144,5,P144-J05,2026-09-25,Gardening,Garden Maintenance,Water Plants,,TASK_COMPLETION_BASED,Yes,N/A — Single Session,09:00,40,2,3,Second job,No,09:30,20,Yes,09:05,09:05,10:00,2,,20,No,No meaningful delay occurred,Yes,Complexity of the problem,No,09:00,Exact — checked using calendar/message/booking records,"Calendar, Booking application/system",
2026-09-19 17:56:30,P144,1,P144-J01,2026-09-25,Gardening,Garden Maintenance,Trim Shrubs,,TASK_COMPLETION_BASED,Yes,N/A — Single Session,10:00,80,2,3,First job,Yes,,0,Not applicable,10:00,10:00,11:15,2,,0,No,No meaningful delay occurred,About the same,Not applicable,No,10:00,Exact — checked using calendar/message/booking records,"Calendar, Booking application/system",
2026-09-19 17:58:39,P144,2,P144-J02,2026-09-25,Gardening,Garden Maintenance,Cut Grass,,TASK_COMPLETION_BASED,Yes,N/A — Single Session,11:00,95,2,3,Second job,No,09:30,20,Yes,11:00,11:00,12:35,2,,20,No,No meaningful delay occurred,About the same,Not applicable,No,11:00,Exact — checked using calendar/message/booking records,"Calendar, Booking application/system",
2026-09-19 18:30:25,P144,3,P144-J03,2026-09-25,Gardening,Garden Maintenance,Mow Lawn,,TASK_COMPLETION_BASED,Yes,N/A — Single Session,12:00,80,2,3,Second job,No,09:30,20,Yes,12:00,12:00,13:15,2,,20,No,No meaningful delay occurred,About the same,Not applicable,No,12:00,Exact — checked using calendar/message/booking records,"Calendar, Booking application/system",
2026-09-19 18:54:03,P144,4,P144-J04,2026-09-25,Gardening,Garden Maintenance,General Garden Maintenance,,TASK_COMPLETION_BASED,Yes,N/A — Single Session,13:00,170,2,3,Second job,No,09:30,20,Yes,13:00,13:00,16:00,2,,20,No,No meaningful delay occurred,Yes,Complexity of the problem,No,13:00,Exact — checked using calendar/message/booking records,"Calendar, Booking application/system",
2026-09-19 18:57:49,P144,5,P144-J05,2026-09-25,Gardening,Garden Maintenance,Prune Plants,,TASK_COMPLETION_BASED,Yes,N/A — Single Session,14:00,65,2,3,Second job,No,09:30,20,Yes,14:05,14:05,15:25,2,,20,No,No meaningful delay occurred,Yes,Complexity of the problem,No,14:00,Exact — checked using calendar/message/booking records,"Calendar, Booking application/system",
2026-09-19 18:57:52,P144,1,P144-J01,2026-09-25,Gardening,Landscaping & Design,Set Up New Garden,,TASK_COMPLETION_BASED,Yes,N/A — Single Session,08:00,315,2,3,First job,Yes,,0,Not applicable,08:10,08:10,13:15,2,,0,Yes,Traffic congestion,"No, it finished earlier",Not applicable,No,08:00,Exact — checked using calendar/message/booking records,"Calendar, Booking application/system",
2026-09-19 18:59:23,P144,2,P144-J02,2026-09-25,Gardening,Landscaping & Design,Landscape Existing Garden,,TASK_COMPLETION_BASED,Yes,N/A — Single Session,09:00,420,2,3,Second job,No,09:30,20,Yes,09:15,09:15,16:30,2,,20,Yes,Traffic congestion,Yes,Complexity of the problem,No,09:00,Exact — checked using calendar/message/booking records,"Calendar, Booking application/system",
2026-09-19 19:27:49,P145,3,P145-J03,2026-09-25,Cleaning,House Cleaning,Dust and Surface Cleaning,,TASK_COMPLETION_BASED,Yes,N/A — Single Session,10:00,55,2,3,Second job,No,09:30,20,Yes,10:05,10:05,10:55,2,,20,No,No meaningful delay occurred,About the same,Not applicable,No,10:00,Exact — checked using calendar/message/booking records,"Calendar, Booking application/system",
2026-09-19 20:06:57,P145,4,P145-J04,2026-09-25,Cleaning,House Cleaning,Full Home Cleaning,,TASK_COMPLETION_BASED,Yes,N/A — Single Session,11:00,210,2,3,Second job,No,09:30,20,Yes,11:00,11:00,14:30,2,,20,No,No meaningful delay occurred,About the same,Not applicable,No,11:00,Exact — checked using calendar/message/booking records,"Calendar, Booking application/system",
2026-09-19 20:24:38,P145,5,P145-J05,2026-09-25,Cleaning,Office Cleaning,Clean Retail Shop,,TASK_COMPLETION_BASED,Yes,N/A — Single Session,12:00,130,2,3,Second job,No,09:30,20,Yes,12:00,12:00,14:05,2,,20,No,No meaningful delay occurred,About the same,Not applicable,No,12:00,Exact — checked using calendar/message/booking records,"Calendar, Booking application/system",
2026-09-19 20:28:41,P145,1,P145-J01,2026-09-25,Cleaning,Office Cleaning,Clean Office Floors,,TASK_COMPLETION_BASED,Yes,N/A — Single Session,13:00,80,2,3,First job,Yes,,0,Not applicable,13:10,13:10,14:20,2,,0,Yes,Traffic congestion,"No, it finished earlier",Not applicable,No,13:00,Exact — checked using calendar/message/booking records,"Calendar, Booking application/system",
2026-09-19 20:55:05,P145,2,P145-J02,2026-09-25,Cleaning,Post-Construction Cleaning,Post-Construction House Cleaning,,TASK_COMPLETION_BASED,Yes,N/A — Single Session,14:00,320,2,3,Second job,No,09:30,20,Yes,14:10,14:10,19:25,2,,20,Yes,Traffic congestion,About the same,Not applicable,No,14:00,Exact — checked using calendar/message/booking records,"Calendar, Booking application/system",
2026-09-19 21:09:34,P146,3,P146-J03,2026-09-25,Care Support,Elderly Care,Elderly Home Care,,SHIFT_BASED,Yes,N/A — Single Session,08:00,285,2,3,Second job,No,09:30,20,Yes,08:15,08:15,12:50,2,,20,Yes,Traffic congestion,"No, it finished earlier",Not applicable,No,08:00,Exact — checked using calendar/message/booking records,"Calendar, Booking application/system",
2026-09-19 21:32:13,P146,4,P146-J04,2026-09-25,Care Support,Elderly Care,Home Nursing Visit,,FIXED_DURATION,Yes,N/A — Single Session,09:00,75,2,3,Second job,No,09:30,20,Yes,09:00,09:00,10:30,2,,20,No,No meaningful delay occurred,Yes,Complexity of the problem,No,09:00,Exact — checked using calendar/message/booking records,"Calendar, Booking application/system",
2026-09-19 21:34:53,P146,5,P146-J05,2026-09-25,Care Support,Elderly Care,Mobility Assistance,,FIXED_DURATION,Yes,N/A — Single Session,10:00,90,2,3,Second job,No,09:30,20,Yes,10:05,10:05,11:50,2,,20,No,No meaningful delay occurred,Yes,Complexity of the problem,No,10:00,Exact — checked using calendar/message/booking records,"Calendar, Booking application/system",
2026-09-19 21:35:04,P147,1,P147-J01,2026-09-25,Care Support,Elderly Care,Elderly Home Care,,SHIFT_BASED,Yes,N/A — Single Session,11:00,270,4,3,First job,Yes,,0,Not applicable,11:05,11:05,15:50,4,,0,No,No meaningful delay occurred,Yes,Complexity of the problem,No,11:00,Exact — checked using calendar/message/booking records,"Calendar, Booking application/system",
2026-09-19 21:39:16,P147,2,P147-J02,2026-09-25,Care Support,Elderly Care,Elderly Assistance Session,,FIXED_DURATION,Yes,N/A — Single Session,12:00,140,4,3,Second job,No,09:30,20,Yes,12:15,12:15,14:45,4,,20,Yes,Traffic congestion,Yes,Complexity of the problem,No,12:00,Exact — checked using calendar/message/booking records,"Calendar, Booking application/system",
2026-09-19 21:57:07,P147,3,P147-J03,2026-09-25,Care Support,Elderly Care,Home Nursing Visit,,FIXED_DURATION,Yes,N/A — Single Session,13:00,75,4,3,Second job,No,09:30,20,Yes,13:00,13:00,14:30,4,,20,No,No meaningful delay occurred,Yes,Complexity of the problem,No,13:00,Exact — checked using calendar/message/booking records,"Calendar, Booking application/system",
2026-09-19 21:59:47,P147,4,P147-J04,2026-09-25,Care Support,Elderly Care,Medication Assistance,,TASK_COMPLETION_BASED,Yes,N/A — Single Session,14:00,20,4,3,Second job,No,09:30,20,Yes,14:15,14:15,14:35,4,,20,Yes,Traffic congestion,About the same,Not applicable,No,14:00,Exact — checked using calendar/message/booking records,"Calendar, Booking application/system",
2026-09-20 08:13:06,P147,5,P147-J05,2026-09-25,Care Support,Personal Assistance,Home Helper Session,,SHIFT_BASED,Yes,N/A — Single Session,08:00,270,4,3,Second job,No,09:30,20,Yes,08:05,08:05,12:25,4,,20,No,No meaningful delay occurred,"No, it finished earlier",Not applicable,No,08:00,Exact — checked using calendar/message/booking records,"Calendar, Booking application/system",
2026-09-20 08:23:01,P147,1,P147-J01,2026-09-25,Care Support,Personal Assistance,Personal Assistance,,SHIFT_BASED,Yes,N/A — Single Session,09:00,330,4,3,First job,Yes,,0,Not applicable,09:10,09:10,14:55,4,,0,Yes,Traffic congestion,Yes,Complexity of the problem,No,09:00,Exact — checked using calendar/message/booking records,"Calendar, Booking application/system",
2026-09-20 08:33:06,P148,2,P148-J02,2026-09-25,Care Support,Disability Support,Personal Disability Assistance,,FIXED_DURATION,Yes,N/A — Single Session,10:00,200,1,3,Second job,No,09:30,20,Yes,10:00,10:00,13:20,1,,20,No,No meaningful delay occurred,About the same,Not applicable,No,10:00,Exact — checked using calendar/message/booking records,"Calendar, Booking application/system",
2026-09-20 08:37:31,P148,3,P148-J03,2026-09-25,Care Support,Disability Support,Mobility Support,,FIXED_DURATION,Yes,N/A — Single Session,11:00,95,1,3,Second job,No,09:30,20,Yes,11:00,11:00,12:45,1,,20,No,No meaningful delay occurred,Yes,Complexity of the problem,No,11:00,Exact — checked using calendar/message/booking records,"Calendar, Booking application/system",
2026-09-20 08:44:02,P148,4,P148-J04,2026-09-25,Care Support,Disability Support,Daily Living Assistance,,SHIFT_BASED,Yes,N/A — Single Session,12:00,375,1,3,Second job,No,09:30,20,Yes,12:05,12:05,18:20,1,,20,No,No meaningful delay occurred,About the same,Not applicable,No,12:00,Exact — checked using calendar/message/booking records,"Calendar, Booking application/system",
2026-09-20 08:53:23,P148,5,P148-J05,2026-09-25,Care Support,Disability Support,Special Needs Support Session,,FIXED_DURATION,Yes,N/A — Single Session,13:00,115,1,3,Second job,No,09:30,20,Yes,13:10,13:10,15:10,1,,20,Yes,Traffic congestion,About the same,Not applicable,No,13:00,Exact — checked using calendar/message/booking records,"Calendar, Booking application/system",
2026-09-20 09:06:21,P148,1,P148-J01,2026-09-25,Care Support,Personal Assistance,Home Helper Session,,FIXED_DURATION,Yes,N/A — Single Session,14:00,270,1,3,First job,Yes,,0,Not applicable,14:00,14:00,18:35,1,,0,No,No meaningful delay occurred,About the same,Not applicable,No,14:00,Exact — checked using calendar/message/booking records,"Calendar, Booking application/system",
2026-09-20 09:19:23,P148,2,P148-J02,2026-09-25,Care Support,Personal Assistance,Personal Assistance,,SHIFT_BASED,Yes,N/A — Single Session,08:00,345,1,3,Second job,No,09:30,20,Yes,08:00,08:00,14:00,1,,20,No,No meaningful delay occurred,Yes,Complexity of the problem,No,08:00,Exact — checked using calendar/message/booking records,"Calendar, Booking application/system",
2026-09-20 09:31:10,P148,3,P148-J03,2026-09-25,Care Support,Personal Assistance,Daily Task Support,,FIXED_DURATION,Yes,N/A — Single Session,09:00,115,1,3,Second job,No,09:30,20,Yes,09:00,09:00,11:10,1,,20,No,No meaningful delay occurred,Yes,Complexity of the problem,No,09:00,Exact — checked using calendar/message/booking records,"Calendar, Booking application/system",
2026-09-20 09:59:30,P149,4,P149-J04,2026-09-25,Care Support,Disability Support,Personal Disability Assistance,,SHIFT_BASED,Yes,N/A — Single Session,10:00,195,1,3,Second job,No,09:30,20,Yes,10:00,10:00,13:30,1,,20,No,No meaningful delay occurred,Yes,Complexity of the problem,No,10:00,Exact — checked using calendar/message/booking records,"Calendar, Booking application/system",
2026-09-20 10:14:21,P149,5,P149-J05,2026-09-25,Care Support,Disability Support,Mobility Support,,FIXED_DURATION,Yes,N/A — Single Session,11:00,90,1,3,Second job,No,09:30,20,Yes,11:00,11:00,12:45,1,,20,No,No meaningful delay occurred,Yes,Complexity of the problem,No,11:00,Exact — checked using calendar/message/booking records,"Calendar, Booking application/system",
2026-09-20 10:54:24,P149,1,P149-J01,2026-09-25,Care Support,Disability Support,Special Needs Support Session,,FIXED_DURATION,Yes,N/A — Single Session,12:00,125,1,3,First job,Yes,,0,Not applicable,12:15,12:15,14:20,1,,0,Yes,Traffic congestion,About the same,Not applicable,No,12:00,Exact — checked using calendar/message/booking records,"Calendar, Booking application/system",
2026-09-20 11:22:51,P149,2,P149-J02,2026-09-25,Care Support,Elderly Care,Elderly Home Care,,FIXED_DURATION,Yes,N/A — Single Session,13:00,285,1,3,Second job,No,09:30,20,Yes,13:15,13:15,18:00,1,,20,Yes,Traffic congestion,About the same,Not applicable,No,13:00,Exact — checked using calendar/message/booking records,"Calendar, Booking application/system",
2026-09-20 11:27:34,P149,3,P149-J03,2026-09-25,Care Support,Elderly Care,Home Nursing Visit,,FIXED_DURATION,Yes,N/A — Single Session,14:00,70,1,3,Second job,No,09:30,20,Yes,14:10,14:10,15:25,1,,20,Yes,Traffic congestion,About the same,Not applicable,No,14:00,Exact — checked using calendar/message/booking records,"Calendar, Booking application/system",
2026-09-20 11:27:47,P149,4,P149-J04,2026-09-25,Care Support,Elderly Care,Medication Assistance,,TASK_COMPLETION_BASED,Yes,N/A — Single Session,08:00,25,1,3,Second job,No,09:30,20,Yes,08:10,08:10,08:30,1,,20,Yes,Traffic congestion,About the same,Not applicable,No,08:00,Exact — checked using calendar/message/booking records,"Calendar, Booking application/system",
2026-09-20 11:51:30,P149,5,P149-J05,2026-09-25,Care Support,Personal Assistance,Home Helper Session,,FIXED_DURATION,Yes,N/A — Single Session,09:00,280,1,3,Second job,No,09:30,20,Yes,09:00,09:00,13:30,1,,20,No,No meaningful delay occurred,"No, it finished earlier",Not applicable,No,09:00,Exact — checked using calendar/message/booking records,"Calendar, Booking application/system",
2026-09-20 12:03:11,P150,1,P150-J01,2026-09-25,Repairing,Painting & Renovation,Paint Ceiling,,TASK_COMPLETION_BASED,Yes,N/A — Single Session,10:00,105,3,3,First job,Yes,,0,Not applicable,10:15,10:15,12:00,3,,0,Yes,Traffic congestion,About the same,Not applicable,No,10:00,Exact — checked using calendar/message/booking records,"Calendar, Booking application/system",
2026-09-20 12:04:30,P150,2,P150-J02,2026-09-25,Repairing,Painting & Renovation,Paint Whole House,,TASK_COMPLETION_BASED,Yes,N/A — Single Session,11:00,435,3,3,Second job,No,09:30,20,Yes,11:05,11:05,18:15,3,,20,No,No meaningful delay occurred,About the same,Not applicable,No,11:00,Exact — checked using calendar/message/booking records,"Calendar, Booking application/system",
2026-09-20 12:20:27,P150,3,P150-J03,2026-09-25,Repairing,Painting & Renovation,Repair Wall Crack,,TASK_COMPLETION_BASED,Yes,N/A — Single Session,12:00,75,3,3,Second job,No,09:30,20,Yes,12:00,12:00,13:15,3,,20,No,No meaningful delay occurred,About the same,Not applicable,No,12:00,Exact — checked using calendar/message/booking records,"Calendar, Booking application/system",
2026-09-20 12:33:16,P150,4,P150-J04,2026-09-25,Repairing,Painting & Renovation,Replace Damaged Tile,,TASK_COMPLETION_BASED,Yes,N/A — Single Session,13:00,75,3,3,Second job,No,09:30,20,Yes,13:10,13:10,14:25,3,,20,Yes,Traffic congestion,About the same,Not applicable,No,13:00,Exact — checked using calendar/message/booking records,"Calendar, Booking application/system",
2026-09-20 12:45:43,P150,5,P150-J05,2026-09-25,Repairing,Painting & Renovation,Minor Renovation Work,,TASK_COMPLETION_BASED,Yes,N/A — Single Session,14:00,240,3,3,Second job,No,09:30,20,Yes,14:15,14:15,18:20,3,,20,Yes,Traffic congestion,About the same,Not applicable,No,14:00,Exact — checked using calendar/message/booking records,"Calendar, Booking application/system",
2026-09-20 12:51:22,P150,1,P150-J01,2026-09-25,Repairing,Roofing Repair,Inspect Roof Damage,,TASK_COMPLETION_BASED,Yes,N/A — Single Session,08:00,60,3,3,First job,Yes,,0,Not applicable,08:00,08:00,09:10,3,,0,No,No meaningful delay occurred,Yes,Complexity of the problem,No,08:00,Exact — checked using calendar/message/booking records,"Calendar, Booking application/system",
2026-09-20 12:56:12,P150,2,P150-J02,2026-09-25,Repairing,Roofing Repair,Replace Roof Tile,,TASK_COMPLETION_BASED,Yes,N/A — Single Session,09:00,135,3,3,Second job,No,09:30,20,Yes,09:00,09:00,11:10,3,,20,No,No meaningful delay occurred,About the same,Not applicable,No,09:00,Exact — checked using calendar/message/booking records,"Calendar, Booking application/system",
2026-09-20 13:12:13,P150,3,P150-J03,2026-09-25,Repairing,Roofing Repair,Repair Roof Structure,,TASK_COMPLETION_BASED,Yes,N/A — Single Session,10:00,290,3,3,Second job,No,09:30,20,Yes,10:15,10:15,15:05,3,,20,Yes,Traffic congestion,About the same,Not applicable,No,10:00,Exact — checked using calendar/message/booking records,"Calendar, Booking application/system",
2026-09-20 13:13:47,P151,4,P151-J04,2026-09-25,Cleaning,House Cleaning,Full Home Cleaning,,TASK_COMPLETION_BASED,Yes,N/A — Single Session,11:00,200,2,3,Second job,No,09:30,20,Yes,11:05,11:05,14:25,2,,20,No,No meaningful delay occurred,About the same,Not applicable,No,11:00,Exact — checked using calendar/message/booking records,"Calendar, Booking application/system",
2026-09-20 13:32:13,P151,5,P151-J05,2026-09-25,Cleaning,Office Cleaning,Clean Retail Shop,,TASK_COMPLETION_BASED,Yes,N/A — Single Session,12:00,130,2,3,Second job,No,09:30,20,Yes,12:00,12:00,14:20,2,,20,No,No meaningful delay occurred,Yes,Complexity of the problem,No,12:00,Exact — checked using calendar/message/booking records,"Calendar, Booking application/system",
2026-09-20 13:35:04,P151,1,P151-J01,2026-09-25,Cleaning,Office Cleaning,Deep Clean Office,,TASK_COMPLETION_BASED,Yes,N/A — Single Session,13:00,315,2,3,First job,Yes,,0,Not applicable,13:10,13:10,18:15,2,,0,Yes,Traffic congestion,"No, it finished earlier",Not applicable,No,13:00,Exact — checked using calendar/message/booking records,"Calendar, Booking application/system",
2026-09-20 13:39:50,P151,2,P151-J02,2026-09-25,Cleaning,Office Cleaning,Clean Office Floors,,TASK_COMPLETION_BASED,Yes,N/A — Single Session,14:00,85,2,3,Second job,No,09:30,20,Yes,14:00,14:00,15:35,2,,20,No,No meaningful delay occurred,Yes,Complexity of the problem,No,14:00,Exact — checked using calendar/message/booking records,"Calendar, Booking application/system",
2026-09-20 13:46:26,P152,3,P152-J03,2026-09-25,Repairing,Roofing Repair,Replace Roof Sheet,,TASK_COMPLETION_BASED,Yes,N/A — Single Session,08:00,150,2,3,Second job,No,09:30,20,Yes,08:05,08:05,10:45,2,,20,No,No meaningful delay occurred,Yes,Complexity of the problem,No,08:00,Exact — checked using calendar/message/booking records,"Calendar, Booking application/system",
2026-09-20 13:59:20,P152,4,P152-J04,2026-09-25,Repairing,Roofing Repair,Replace Roof Tile,,TASK_COMPLETION_BASED,Yes,N/A — Single Session,09:00,150,2,3,Second job,No,09:30,20,Yes,09:00,09:00,11:25,2,,20,No,No meaningful delay occurred,About the same,Not applicable,No,09:00,Exact — checked using calendar/message/booking records,"Calendar, Booking application/system",
2026-09-20 14:21:20,P152,5,P152-J05,2026-09-25,Repairing,Roofing Repair,Seal Roof Leakage,,TASK_COMPLETION_BASED,Yes,N/A — Single Session,10:00,85,2,3,Second job,No,09:30,20,Yes,10:05,10:05,11:20,2,,20,No,No meaningful delay occurred,"No, it finished earlier",Not applicable,No,10:00,Exact — checked using calendar/message/booking records,"Calendar, Booking application/system",
2026-09-20 14:24:02,P152,1,P152-J01,2026-09-25,Repairing,Roofing Repair,Repair Roof Structure,,TASK_COMPLETION_BASED,Yes,N/A — Single Session,11:00,285,2,3,First job,Yes,,0,Not applicable,11:00,11:00,15:35,2,,0,No,No meaningful delay occurred,"No, it finished earlier",Not applicable,No,11:00,Exact — checked using calendar/message/booking records,"Calendar, Booking application/system",
2026-09-20 14:32:05,P152,2,P152-J02,2026-09-25,Repairing,Roofing Repair,Minor Roof Maintenance,,TASK_COMPLETION_BASED,Yes,N/A — Single Session,12:00,95,2,3,Second job,No,09:30,20,Yes,12:00,12:00,13:40,2,,20,No,No meaningful delay occurred,About the same,Not applicable,No,12:00,Exact — checked using calendar/message/booking records,"Calendar, Booking application/system",
2026-09-20 14:41:30,P153,3,P153-J03,2026-09-25,Gardening,Garden Maintenance,Trim Shrubs,,TASK_COMPLETION_BASED,Yes,N/A — Single Session,13:00,75,2,3,Second job,No,09:30,20,Yes,13:00,13:00,14:30,2,,20,No,No meaningful delay occurred,Yes,Complexity of the problem,No,13:00,Exact — checked using calendar/message/booking records,"Calendar, Booking application/system",
2026-09-20 14:53:53,P153,4,P153-J04,2026-09-25,Gardening,Garden Maintenance,Cut Grass,,TASK_COMPLETION_BASED,Yes,N/A — Single Session,14:00,90,2,3,Second job,No,09:30,20,Yes,14:00,14:00,15:40,2,,20,No,No meaningful delay occurred,Yes,Complexity of the problem,No,14:00,Exact — checked using calendar/message/booking records,"Calendar, Booking application/system",
2026-09-20 15:23:56,P153,5,P153-J05,2026-09-25,Gardening,Garden Maintenance,Mow Lawn,,TASK_COMPLETION_BASED,Yes,N/A — Single Session,08:00,80,2,3,Second job,No,09:30,20,Yes,08:00,08:00,09:20,2,,20,No,No meaningful delay occurred,About the same,Not applicable,No,08:00,Exact — checked using calendar/message/booking records,"Calendar, Booking application/system",
2026-09-20 15:28:25,P153,1,P153-J01,2026-09-25,Gardening,Garden Maintenance,Remove Weeds,,TASK_COMPLETION_BASED,Yes,N/A — Single Session,09:00,80,2,3,First job,Yes,,0,Not applicable,09:00,09:00,10:20,2,,0,No,No meaningful delay occurred,About the same,Not applicable,No,09:00,Exact — checked using calendar/message/booking records,"Calendar, Booking application/system",
2026-09-20 15:50:58,P153,2,P153-J02,2026-09-25,Gardening,Landscaping & Design,Design Small Garden,,TASK_COMPLETION_BASED,Yes,N/A — Single Session,10:00,230,2,3,Second job,No,09:30,20,Yes,10:00,10:00,13:45,2,,20,No,No meaningful delay occurred,About the same,Not applicable,No,10:00,Exact — checked using calendar/message/booking records,"Calendar, Booking application/system",
2026-09-20 16:05:48,P153,3,P153-J03,2026-09-25,Gardening,Landscaping & Design,Basic Landscaping,,TASK_COMPLETION_BASED,Yes,N/A — Single Session,11:00,255,2,3,Second job,No,09:30,20,Yes,11:15,11:15,15:35,2,,20,Yes,Traffic congestion,About the same,Not applicable,No,11:00,Exact — checked using calendar/message/booking records,"Calendar, Booking application/system",
2026-09-20 16:34:19,P154,4,P154-J04,2026-09-25,Cleaning,Move In/Out Cleaning,Move-In Cleaning,,TASK_COMPLETION_BASED,Yes,N/A — Single Session,12:00,190,4,3,Second job,No,09:30,20,Yes,12:00,12:00,15:25,4,,20,No,No meaningful delay occurred,Yes,Complexity of the problem,No,12:00,Exact — checked using calendar/message/booking records,"Calendar, Booking application/system",
2026-09-20 16:59:23,P154,5,P154-J05,2026-09-25,Cleaning,Move In/Out Cleaning,Move-Out Cleaning,,TASK_COMPLETION_BASED,Yes,N/A — Single Session,13:00,180,4,3,Second job,No,09:30,20,Yes,13:15,13:15,16:15,4,,20,Yes,Traffic congestion,About the same,Not applicable,No,13:00,Exact — checked using calendar/message/booking records,"Calendar, Booking application/system",
2026-09-20 17:06:26,P154,1,P154-J01,2026-09-25,Cleaning,Move In/Out Cleaning,Empty Property Deep Cleaning,,TASK_COMPLETION_BASED,Yes,N/A — Single Session,14:00,275,4,3,First job,Yes,,0,Not applicable,14:00,14:00,18:30,4,,0,No,No meaningful delay occurred,About the same,Not applicable,No,14:00,Exact — checked using calendar/message/booking records,"Calendar, Booking application/system",
2026-09-20 17:08:10,P155,2,P155-J02,2026-09-25,Repairing,Electrical Repair,Install Ceiling Fan,,TASK_COMPLETION_BASED,Yes,N/A — Single Session,08:00,70,2,3,Second job,No,09:30,20,Yes,08:15,08:15,09:20,2,,20,Yes,Traffic congestion,About the same,Not applicable,No,08:00,Exact — checked using calendar/message/booking records,"Calendar, Booking application/system",
2026-09-20 17:30:35,P155,3,P155-J03,2026-09-25,Repairing,Electrical Repair,Repair Electrical Wiring,,TASK_COMPLETION_BASED,Yes,N/A — Single Session,09:00,95,2,3,Second job,No,09:30,20,Yes,09:10,09:10,10:35,2,,20,Yes,Traffic congestion,"No, it finished earlier",Not applicable,No,09:00,Exact — checked using calendar/message/booking records,"Calendar, Booking application/system",
2026-09-20 17:36:58,P155,4,P155-J04,2026-09-25,Repairing,Electrical Repair,Replace Distribution Board Component,,TASK_COMPLETION_BASED,Yes,N/A — Single Session,10:00,65,2,3,Second job,No,09:30,20,Yes,10:00,10:00,11:00,2,,20,No,No meaningful delay occurred,About the same,Not applicable,No,10:00,Exact — checked using calendar/message/booking records,"Calendar, Booking application/system",
2026-09-20 17:43:50,P155,5,P155-J05,2026-09-25,Repairing,Electrical Repair,Repair Television,,TASK_COMPLETION_BASED,Yes,N/A — Single Session,11:00,85,2,3,Second job,No,09:30,20,Yes,11:00,11:00,12:30,2,,20,No,No meaningful delay occurred,About the same,Not applicable,No,11:00,Exact — checked using calendar/message/booking records,"Calendar, Booking application/system",
2026-09-20 17:45:44,P155,1,P155-J01,2026-09-25,Repairing,Electrical Repair,Repair Refrigerator,,TASK_COMPLETION_BASED,Yes,N/A — Single Session,12:00,90,2,3,First job,Yes,,0,Not applicable,12:00,12:00,13:40,2,,0,No,No meaningful delay occurred,Yes,Complexity of the problem,No,12:00,Exact — checked using calendar/message/booking records,"Calendar, Booking application/system",
2026-09-20 18:11:14,P155,2,P155-J02,2026-09-25,Repairing,Electrical Repair,Repair Microwave Oven,,TASK_COMPLETION_BASED,Yes,N/A — Single Session,13:00,50,2,3,Second job,No,09:30,20,Yes,13:00,13:00,13:50,2,,20,No,No meaningful delay occurred,About the same,Not applicable,No,13:00,Exact — checked using calendar/message/booking records,"Calendar, Booking application/system",
2026-09-20 18:28:26,P156,3,P156-J03,2026-09-25,Gardening,Garden Maintenance,Trim Shrubs,,TASK_COMPLETION_BASED,Yes,N/A — Single Session,14:00,80,1,3,Second job,No,09:30,20,Yes,14:15,14:15,15:30,1,,20,Yes,Traffic congestion,About the same,Not applicable,No,14:00,Exact — checked using calendar/message/booking records,"Calendar, Booking application/system",
2026-09-20 19:07:29,P156,4,P156-J04,2026-09-25,Gardening,Garden Maintenance,Remove Weeds,,TASK_COMPLETION_BASED,Yes,N/A — Single Session,08:00,80,1,3,Second job,No,09:30,20,Yes,08:00,08:00,09:25,1,,20,No,No meaningful delay occurred,About the same,Not applicable,No,08:00,Exact — checked using calendar/message/booking records,"Calendar, Booking application/system",
2026-09-20 19:23:37,P156,5,P156-J05,2026-09-25,Gardening,Garden Maintenance,Trim Tree Branches,,TASK_COMPLETION_BASED,Yes,N/A — Single Session,09:00,135,1,3,Second job,No,09:30,20,Yes,09:05,09:05,11:10,1,,20,No,No meaningful delay occurred,"No, it finished earlier",Not applicable,No,09:00,Exact — checked using calendar/message/booking records,"Calendar, Booking application/system",
2026-09-20 19:25:36,P156,1,P156-J01,2026-09-25,Gardening,Garden Maintenance,General Garden Maintenance,,TASK_COMPLETION_BASED,Yes,N/A — Single Session,10:00,160,1,3,First job,Yes,,0,Not applicable,10:00,10:00,12:40,1,,0,No,No meaningful delay occurred,About the same,Not applicable,No,10:00,Exact — checked using calendar/message/booking records,"Calendar, Booking application/system",
2026-09-20 19:29:41,P156,2,P156-J02,2026-09-25,Gardening,Garden Maintenance,Prune Plants,,TASK_COMPLETION_BASED,Yes,N/A — Single Session,11:00,60,1,3,Second job,No,09:30,20,Yes,11:00,11:00,12:00,1,,20,No,No meaningful delay occurred,About the same,Not applicable,No,11:00,Exact — checked using calendar/message/booking records,"Calendar, Booking application/system",
2026-09-20 19:42:17,P157,3,P157-J03,2026-09-25,Care Support,Personal Assistance,Home Helper Session,,FIXED_DURATION,Yes,N/A — Single Session,12:00,285,1,3,Second job,No,09:30,20,Yes,12:15,12:15,16:50,1,,20,Yes,Traffic congestion,"No, it finished earlier",Not applicable,No,12:00,Exact — checked using calendar/message/booking records,"Calendar, Booking application/system",
2026-09-20 20:10:27,P157,4,P157-J04,2026-09-25,Care Support,Personal Assistance,Personal Assistance,,FIXED_DURATION,Yes,N/A — Single Session,13:00,340,1,3,Second job,No,09:30,20,Yes,13:15,13:15,19:10,1,,20,Yes,Traffic congestion,Yes,Complexity of the problem,No,13:00,Exact — checked using calendar/message/booking records,"Calendar, Booking application/system",
2026-09-20 20:22:45,P157,5,P157-J05,2026-09-25,Care Support,Personal Assistance,Daily Household Assistance,,TASK_COMPLETION_BASED,Yes,N/A — Single Session,14:00,155,1,3,Second job,No,09:30,20,Yes,14:00,14:00,16:40,1,,20,No,No meaningful delay occurred,About the same,Not applicable,No,14:00,Exact — checked using calendar/message/booking records,"Calendar, Booking application/system",
2026-09-20 20:44:50,P157,1,P157-J01,2026-09-25,Care Support,Personal Assistance,Errand Assistance,,TASK_COMPLETION_BASED,Yes,N/A — Single Session,08:00,100,1,3,First job,Yes,,0,Not applicable,08:00,08:00,09:35,1,,0,No,No meaningful delay occurred,About the same,Not applicable,No,08:00,Exact — checked using calendar/message/booking records,"Calendar, Booking application/system",
2026-09-20 20:58:25,P157,2,P157-J02,2026-09-25,Care Support,Personal Assistance,Daily Task Support,,FIXED_DURATION,Yes,N/A — Single Session,09:00,120,1,3,Second job,No,09:30,20,Yes,09:15,09:15,11:15,1,,20,Yes,Traffic congestion,About the same,Not applicable,No,09:00,Exact — checked using calendar/message/booking records,"Calendar, Booking application/system",
2026-09-20 21:06:58,P158,3,P158-J03,2026-09-25,Cleaning,Kitchen Cleaning,General Kitchen Cleaning,,TASK_COMPLETION_BASED,Yes,N/A — Single Session,10:00,70,1,3,Second job,No,09:30,20,Yes,10:00,10:00,11:05,1,,20,No,No meaningful delay occurred,About the same,Not applicable,No,10:00,Exact — checked using calendar/message/booking records,"Calendar, Booking application/system",
2026-09-20 21:43:22,P158,4,P158-J04,2026-09-25,Cleaning,Move In/Out Cleaning,Move-In Cleaning,,TASK_COMPLETION_BASED,Yes,N/A — Single Session,11:00,230,1,3,Second job,No,09:30,20,Yes,11:00,11:00,14:45,1,,20,No,No meaningful delay occurred,About the same,Not applicable,No,11:00,Exact — checked using calendar/message/booking records,"Calendar, Booking application/system",
2026-09-20 21:44:24,P158,5,P158-J05,2026-09-25,Cleaning,Move In/Out Cleaning,Empty Property Deep Cleaning,,TASK_COMPLETION_BASED,Yes,N/A — Single Session,12:00,305,1,3,Second job,No,09:30,20,Yes,12:10,12:10,17:25,1,,20,Yes,Traffic congestion,Yes,Complexity of the problem,No,12:00,Exact — checked using calendar/message/booking records,"Calendar, Booking application/system",
2026-09-21 08:00:48,P159,1,P159-J01,2026-09-25,Repairing,Plumbing Repair,Replace Water Pipe,,TASK_COMPLETION_BASED,Yes,N/A — Single Session,13:00,135,1,3,First job,Yes,,0,Not applicable,13:05,13:05,15:10,1,,0,No,No meaningful delay occurred,"No, it finished earlier",Not applicable,No,13:00,Exact — checked using calendar/message/booking records,"Calendar, Booking application/system",
2026-09-21 08:11:46,P159,2,P159-J02,2026-09-25,Repairing,Plumbing Repair,Repair Tap,,TASK_COMPLETION_BASED,Yes,N/A — Single Session,14:00,30,1,3,Second job,No,09:30,20,Yes,14:05,14:05,14:40,1,,20,No,No meaningful delay occurred,About the same,Not applicable,No,14:00,Exact — checked using calendar/message/booking records,"Calendar, Booking application/system",
2026-09-21 08:27:54,P159,3,P159-J03,2026-09-25,Repairing,Plumbing Repair,Repair Toilet Plumbing,,TASK_COMPLETION_BASED,Yes,N/A — Single Session,08:00,65,1,3,Second job,No,09:30,20,Yes,08:10,08:10,09:15,1,,20,Yes,Traffic congestion,About the same,Not applicable,No,08:00,Exact — checked using calendar/message/booking records,"Calendar, Booking application/system",
2026-09-21 08:33:33,P160,4,P160-J04,2026-09-25,Cleaning,House Cleaning,General House Cleaning,,TASK_COMPLETION_BASED,Yes,N/A — Single Session,09:00,150,1,3,Second job,No,09:30,20,Yes,09:00,09:00,11:35,1,,20,No,No meaningful delay occurred,About the same,Not applicable,No,09:00,Exact — checked using calendar/message/booking records,"Calendar, Booking application/system",
2026-09-21 08:56:47,P160,5,P160-J05,2026-09-25,Cleaning,House Cleaning,Mop and Clean Floors,,TASK_COMPLETION_BASED,Yes,N/A — Single Session,10:00,60,1,3,Second job,No,09:30,20,Yes,10:15,10:15,11:15,1,,20,Yes,Traffic congestion,About the same,Not applicable,No,10:00,Exact — checked using calendar/message/booking records,"Calendar, Booking application/system",
2026-09-21 08:58:11,P160,1,P160-J01,2026-09-25,Cleaning,House Cleaning,Dust and Surface Cleaning,,TASK_COMPLETION_BASED,Yes,N/A — Single Session,11:00,50,1,3,First job,Yes,,0,Not applicable,11:05,11:05,11:55,1,,0,No,No meaningful delay occurred,About the same,Not applicable,No,11:00,Exact — checked using calendar/message/booking records,"Calendar, Booking application/system",
2026-09-21 09:12:48,P160,2,P160-J02,2026-09-25,Cleaning,Office Cleaning,Clean Medium Office,,TASK_COMPLETION_BASED,Yes,N/A — Single Session,12:00,190,1,3,Second job,No,09:30,20,Yes,12:00,12:00,15:10,1,,20,No,No meaningful delay occurred,About the same,Not applicable,No,12:00,Exact — checked using calendar/message/booking records,"Calendar, Booking application/system",
2026-09-21 10:10:37,P160,3,P160-J03,2026-09-25,Cleaning,Office Cleaning,Clean Retail Shop,,TASK_COMPLETION_BASED,Yes,N/A — Single Session,13:00,145,1,3,Second job,No,09:30,20,Yes,13:05,13:05,15:40,1,,20,No,No meaningful delay occurred,Yes,Complexity of the problem,No,13:00,Exact — checked using calendar/message/booking records,"Calendar, Booking application/system",
2026-09-21 10:39:06,P160,4,P160-J04,2026-09-25,Cleaning,Office Cleaning,Clean Office Floors,,TASK_COMPLETION_BASED,Yes,N/A — Single Session,14:00,90,1,3,Second job,No,09:30,20,Yes,14:00,14:00,15:45,1,,20,No,No meaningful delay occurred,Yes,Complexity of the problem,No,14:00,Exact — checked using calendar/message/booking records,"Calendar, Booking application/system",
2026-09-21 10:44:27,P161,5,P161-J05,2026-09-25,Repairing,Roofing Repair,Inspect Roof Damage,,TASK_COMPLETION_BASED,Yes,N/A — Single Session,08:00,60,2,3,Second job,No,09:30,20,Yes,08:00,08:00,09:10,2,,20,No,No meaningful delay occurred,Yes,Complexity of the problem,No,08:00,Exact — checked using calendar/message/booking records,"Calendar, Booking application/system",
2026-09-21 10:48:29,P161,1,P161-J01,2026-09-25,Repairing,Roofing Repair,Replace Roof Sheet,,TASK_COMPLETION_BASED,Yes,N/A — Single Session,09:00,115,2,3,First job,Yes,,0,Not applicable,09:15,09:15,11:00,2,,0,Yes,Traffic congestion,"No, it finished earlier",Not applicable,No,09:00,Exact — checked using calendar/message/booking records,"Calendar, Booking application/system",
2026-09-21 10:58:45,P161,2,P161-J02,2026-09-25,Repairing,Roofing Repair,Replace Roof Tile,,TASK_COMPLETION_BASED,Yes,N/A — Single Session,10:00,145,2,3,Second job,No,09:30,20,Yes,10:00,10:00,12:25,2,,20,No,No meaningful delay occurred,About the same,Not applicable,No,10:00,Exact — checked using calendar/message/booking records,"Calendar, Booking application/system",
2026-09-21 11:43:13,P161,3,P161-J03,2026-09-25,Repairing,Roofing Repair,Minor Roof Maintenance,,TASK_COMPLETION_BASED,Yes,N/A — Single Session,11:00,95,2,3,Second job,No,09:30,20,Yes,11:10,11:10,12:45,2,,20,Yes,Traffic congestion,About the same,Not applicable,No,11:00,Exact — checked using calendar/message/booking records,"Calendar, Booking application/system",
2026-09-21 11:58:56,P162,4,P162-J04,2026-09-25,Gardening,Landscaping & Design,Design Small Garden,,TASK_COMPLETION_BASED,Yes,N/A — Single Session,12:00,220,4,3,Second job,No,09:30,20,Yes,12:05,12:05,15:45,4,,20,No,No meaningful delay occurred,About the same,Not applicable,No,12:00,Exact — checked using calendar/message/booking records,"Calendar, Booking application/system",
2026-09-21 12:03:55,P162,5,P162-J05,2026-09-25,Gardening,Landscaping & Design,Design Medium Garden,,TASK_COMPLETION_BASED,Yes,N/A — Single Session,13:00,280,4,3,Second job,No,09:30,20,Yes,13:05,13:05,17:35,4,,20,No,No meaningful delay occurred,"No, it finished earlier",Not applicable,No,13:00,Exact — checked using calendar/message/booking records,"Calendar, Booking application/system",
2026-09-21 12:10:47,P162,1,P162-J01,2026-09-25,Gardening,Landscaping & Design,Set Up New Garden,,TASK_COMPLETION_BASED,Yes,N/A — Single Session,14:00,265,4,3,First job,Yes,,0,Not applicable,14:00,14:00,18:25,4,,0,No,No meaningful delay occurred,About the same,Not applicable,No,14:00,Exact — checked using calendar/message/booking records,"Calendar, Booking application/system",
2026-09-21 12:17:30,P162,2,P162-J02,2026-09-25,Gardening,Landscaping & Design,Basic Landscaping,,TASK_COMPLETION_BASED,Yes,N/A — Single Session,08:00,275,4,3,Second job,No,09:30,20,Yes,08:15,08:15,12:50,4,,20,Yes,Traffic congestion,About the same,Not applicable,No,08:00,Exact — checked using calendar/message/booking records,"Calendar, Booking application/system",
2026-09-21 12:23:43,P162,3,P162-J03,2026-09-25,Gardening,Landscaping & Design,Landscape Existing Garden,,TASK_COMPLETION_BASED,Yes,N/A — Single Session,09:00,360,4,3,Second job,No,09:30,20,Yes,09:00,09:00,14:50,4,,20,No,No meaningful delay occurred,"No, it finished earlier",Not applicable,No,09:00,Exact — checked using calendar/message/booking records,"Calendar, Booking application/system",
2026-09-21 12:43:04,P163,4,P163-J04,2026-09-25,Cleaning,House Cleaning,General House Cleaning,,TASK_COMPLETION_BASED,Yes,N/A — Single Session,10:00,120,2,3,Second job,No,09:30,20,Yes,10:00,10:00,11:55,2,,20,No,No meaningful delay occurred,About the same,Not applicable,No,10:00,Exact — checked using calendar/message/booking records,"Calendar, Booking application/system",
2026-09-21 12:46:34,P163,5,P163-J05,2026-09-25,Cleaning,House Cleaning,Clean Single Room,,TASK_COMPLETION_BASED,Yes,N/A — Single Session,11:00,50,2,3,Second job,No,09:30,20,Yes,11:15,11:15,11:55,2,,20,Yes,Traffic congestion,"No, it finished earlier",Not applicable,No,11:00,Exact — checked using calendar/message/booking records,"Calendar, Booking application/system",
2026-09-21 13:19:47,P163,1,P163-J01,2026-09-25,Cleaning,House Cleaning,Dust and Surface Cleaning,,TASK_COMPLETION_BASED,Yes,N/A — Single Session,12:00,55,2,3,First job,Yes,,0,Not applicable,12:00,12:00,12:45,2,,0,No,No meaningful delay occurred,"No, it finished earlier",Not applicable,No,12:00,Exact — checked using calendar/message/booking records,"Calendar, Booking application/system",
2026-09-21 13:45:46,P163,2,P163-J02,2026-09-25,Cleaning,House Cleaning,Full Home Cleaning,,TASK_COMPLETION_BASED,Yes,N/A — Single Session,13:00,200,2,3,Second job,No,09:30,20,Yes,13:00,13:00,16:10,2,,20,No,No meaningful delay occurred,"No, it finished earlier",Not applicable,No,13:00,Exact — checked using calendar/message/booking records,"Calendar, Booking application/system",
2026-09-21 13:48:20,P163,3,P163-J03,2026-09-25,Cleaning,Post-Construction Cleaning,Remove Construction Dust,,TASK_COMPLETION_BASED,Yes,N/A — Single Session,14:00,155,2,3,Second job,No,09:30,20,Yes,14:15,14:15,16:50,2,,20,Yes,Traffic congestion,About the same,Not applicable,No,14:00,Exact — checked using calendar/message/booking records,"Calendar, Booking application/system",
2026-09-21 14:05:17,P164,4,P164-J04,2026-09-25,Care Support,Personal Assistance,Personal Assistance,,SHIFT_BASED,Yes,N/A — Single Session,08:00,360,1,3,Second job,No,09:30,20,Yes,08:00,08:00,13:50,1,,20,No,No meaningful delay occurred,"No, it finished earlier",Not applicable,No,08:00,Exact — checked using calendar/message/booking records,"Calendar, Booking application/system",
2026-09-21 14:17:14,P164,5,P164-J05,2026-09-25,Care Support,Personal Assistance,Daily Household Assistance,,TASK_COMPLETION_BASED,Yes,N/A — Single Session,09:00,165,1,3,Second job,No,09:30,20,Yes,09:05,09:05,11:50,1,,20,No,No meaningful delay occurred,About the same,Not applicable,No,09:00,Exact — checked using calendar/message/booking records,"Calendar, Booking application/system",
2026-09-21 14:23:10,P164,1,P164-J01,2026-09-25,Care Support,Personal Assistance,Errand Assistance,,TASK_COMPLETION_BASED,Yes,N/A — Single Session,10:00,95,1,3,First job,Yes,,0,Not applicable,10:00,10:00,11:40,1,,0,No,No meaningful delay occurred,About the same,Not applicable,No,10:00,Exact — checked using calendar/message/booking records,"Calendar, Booking application/system",
2026-09-21 14:27:24,P164,2,P164-J02,2026-09-25,Care Support,Pet Care,Dog Walking,,FIXED_DURATION,Yes,N/A — Single Session,11:00,45,1,3,Second job,No,09:30,20,Yes,11:10,11:10,11:55,1,,20,Yes,Traffic congestion,About the same,Not applicable,No,11:00,Exact — checked using calendar/message/booking records,"Calendar, Booking application/system",
2026-09-21 14:48:23,P165,3,P165-J03,2026-09-25,Gardening,Garden Maintenance,Trim Shrubs,,TASK_COMPLETION_BASED,Yes,N/A — Single Session,12:00,70,4,3,Second job,No,09:30,20,Yes,12:05,12:05,13:25,4,,20,No,No meaningful delay occurred,Yes,Complexity of the problem,No,12:00,Exact — checked using calendar/message/booking records,"Calendar, Booking application/system",
2026-09-21 15:40:08,P165,4,P165-J04,2026-09-25,Gardening,Garden Maintenance,Cut Grass,,TASK_COMPLETION_BASED,Yes,N/A — Single Session,13:00,90,4,3,Second job,No,09:30,20,Yes,13:00,13:00,14:25,4,,20,No,No meaningful delay occurred,About the same,Not applicable,No,13:00,Exact — checked using calendar/message/booking records,"Calendar, Booking application/system",
2026-09-21 15:42:45,P165,5,P165-J05,2026-09-25,Gardening,Garden Maintenance,Prune Plants,,TASK_COMPLETION_BASED,Yes,N/A — Single Session,14:00,50,4,3,Second job,No,09:30,20,Yes,14:10,14:10,15:00,4,,20,Yes,Traffic congestion,About the same,Not applicable,No,14:00,Exact — checked using calendar/message/booking records,"Calendar, Booking application/system",
2026-09-21 16:01:25,P165,1,P165-J01,2026-09-25,Gardening,Landscaping & Design,Basic Landscaping,,TASK_COMPLETION_BASED,Yes,N/A — Single Session,08:00,255,4,3,First job,Yes,,0,Not applicable,08:15,08:15,12:30,4,,0,Yes,Traffic congestion,About the same,Not applicable,No,08:00,Exact — checked using calendar/message/booking records,"Calendar, Booking application/system",
2026-09-21 16:02:40,P165,2,P165-J02,2026-09-25,Gardening,Planting Services,Plant Flowers,,TASK_COMPLETION_BASED,Yes,N/A — Single Session,09:00,55,4,3,Second job,No,09:30,20,Yes,09:05,09:05,10:00,4,,20,No,No meaningful delay occurred,About the same,Not applicable,No,09:00,Exact — checked using calendar/message/booking records,"Calendar, Booking application/system",
2026-09-21 16:04:23,P165,3,P165-J03,2026-09-25,Gardening,Planting Services,Plant Vegetables,,TASK_COMPLETION_BASED,Yes,N/A — Single Session,10:00,75,4,3,Second job,No,09:30,20,Yes,10:00,10:00,11:20,4,,20,No,No meaningful delay occurred,About the same,Not applicable,No,10:00,Exact — checked using calendar/message/booking records,"Calendar, Booking application/system",
2026-09-21 16:11:44,P165,4,P165-J04,2026-09-25,Gardening,Planting Services,Plant Garden Plants,,TASK_COMPLETION_BASED,Yes,N/A — Single Session,11:00,70,4,3,Second job,No,09:30,20,Yes,11:00,11:00,12:05,4,,20,No,No meaningful delay occurred,About the same,Not applicable,No,11:00,Exact — checked using calendar/message/booking records,"Calendar, Booking application/system",
2026-09-21 16:17:05,P166,5,P166-J05,2026-09-25,Repairing,Plumbing Repair,Replace Water Pipe,,TASK_COMPLETION_BASED,Yes,N/A — Single Session,12:00,105,3,3,Second job,No,09:30,20,Yes,12:00,12:00,14:00,3,,20,No,No meaningful delay occurred,Yes,Complexity of the problem,No,12:00,Exact — checked using calendar/message/booking records,"Calendar, Booking application/system",
2026-09-21 16:28:39,P166,1,P166-J01,2026-09-25,Repairing,Plumbing Repair,Repair Leaking Pipe,,TASK_COMPLETION_BASED,Yes,N/A — Single Session,13:00,50,3,3,First job,Yes,,0,Not applicable,13:00,13:00,14:05,3,,0,No,No meaningful delay occurred,Yes,Complexity of the problem,No,13:00,Exact — checked using calendar/message/booking records,"Calendar, Booking application/system",
2026-09-21 16:43:36,P166,2,P166-J02,2026-09-25,Repairing,Plumbing Repair,Install Tap,,TASK_COMPLETION_BASED,Yes,N/A — Single Session,14:00,35,3,3,Second job,No,09:30,20,Yes,14:10,14:10,14:55,3,,20,Yes,Traffic congestion,Yes,Complexity of the problem,No,14:00,Exact — checked using calendar/message/booking records,"Calendar, Booking application/system",
2026-09-21 17:38:15,P166,3,P166-J03,2026-09-25,Repairing,Plumbing Repair,Install Sink Plumbing,,TASK_COMPLETION_BASED,Yes,N/A — Single Session,08:00,75,3,3,Second job,No,09:30,20,Yes,08:05,08:05,09:35,3,,20,No,No meaningful delay occurred,Yes,Complexity of the problem,No,08:00,Exact — checked using calendar/message/booking records,"Calendar, Booking application/system",
2026-09-21 17:48:30,P166,4,P166-J04,2026-09-25,Repairing,Plumbing Repair,Repair Toilet Plumbing,,TASK_COMPLETION_BASED,Yes,N/A — Single Session,09:00,70,3,3,Second job,No,09:30,20,Yes,09:15,09:15,10:15,3,,20,Yes,Traffic congestion,"No, it finished earlier",Not applicable,No,09:00,Exact — checked using calendar/message/booking records,"Calendar, Booking application/system",
2026-09-21 17:53:12,P166,5,P166-J05,2026-09-25,Repairing,Plumbing Repair,Replace Toilet Pipe,,TASK_COMPLETION_BASED,Yes,N/A — Single Session,10:00,80,3,3,Second job,No,09:30,20,Yes,10:15,10:15,11:45,3,,20,Yes,Traffic congestion,Yes,Complexity of the problem,No,10:00,Exact — checked using calendar/message/booking records,"Calendar, Booking application/system",
2026-09-21 18:19:56,P166,1,P166-J01,2026-09-25,Repairing,Plumbing Repair,Install Bathroom Pipe,,TASK_COMPLETION_BASED,Yes,N/A — Single Session,11:00,120,3,3,First job,Yes,,0,Not applicable,11:00,11:00,12:50,3,,0,No,No meaningful delay occurred,"No, it finished earlier",Not applicable,No,11:00,Exact — checked using calendar/message/booking records,"Calendar, Booking application/system",
2026-09-21 18:32:33,P167,2,P167-J02,2026-09-25,Care Support,Pet Care,Feed Pet,,TASK_COMPLETION_BASED,Yes,N/A — Single Session,12:00,25,1,3,Second job,No,09:30,20,Yes,12:00,12:00,12:15,1,,20,No,No meaningful delay occurred,"No, it finished earlier",Not applicable,No,12:00,Exact — checked using calendar/message/booking records,"Calendar, Booking application/system",
2026-09-21 18:48:05,P167,3,P167-J03,2026-09-25,Care Support,Pet Care,Dog Walking,,FIXED_DURATION,Yes,N/A — Single Session,13:00,45,1,3,Second job,No,09:30,20,Yes,13:10,13:10,14:10,1,,20,Yes,Traffic congestion,Yes,Complexity of the problem,No,13:00,Exact — checked using calendar/message/booking records,"Calendar, Booking application/system",
2026-09-21 18:53:56,P167,4,P167-J04,2026-09-25,Care Support,Pet Care,Pet Grooming,,TASK_COMPLETION_BASED,Yes,N/A — Single Session,14:00,80,1,3,Second job,No,09:30,20,Yes,14:05,14:05,15:20,1,,20,No,No meaningful delay occurred,About the same,Not applicable,No,14:00,Exact — checked using calendar/message/booking records,"Calendar, Booking application/system",
2026-09-21 19:06:18,P167,5,P167-J05,2026-09-25,Care Support,Pet Care,Bathe Pet,,TASK_COMPLETION_BASED,Yes,N/A — Single Session,08:00,40,1,3,Second job,No,09:30,20,Yes,08:00,08:00,08:45,1,,20,No,No meaningful delay occurred,About the same,Not applicable,No,08:00,Exact — checked using calendar/message/booking records,"Calendar, Booking application/system",
2026-09-21 19:22:58,P167,1,P167-J01,2026-09-25,Care Support,Pet Care,Pet Sitting,,SHIFT_BASED,Yes,N/A — Single Session,09:00,390,1,3,First job,Yes,,0,Not applicable,09:00,09:00,15:45,1,,0,No,No meaningful delay occurred,Yes,Complexity of the problem,No,09:00,Exact — checked using calendar/message/booking records,"Calendar, Booking application/system",
2026-09-21 19:26:53,P168,2,P168-J02,2026-09-25,Cleaning,Bathroom Cleaning,Clean Washroom,,TASK_COMPLETION_BASED,Yes,N/A — Single Session,10:00,45,3,3,Second job,No,09:30,20,Yes,10:00,10:00,11:00,3,,20,No,No meaningful delay occurred,Yes,Complexity of the problem,No,10:00,Exact — checked using calendar/message/booking records,"Calendar, Booking application/system",
2026-09-21 19:55:55,P168,3,P168-J03,2026-09-25,Cleaning,House Cleaning,Clean Single Room,,TASK_COMPLETION_BASED,Yes,N/A — Single Session,11:00,50,3,3,Second job,No,09:30,20,Yes,11:00,11:00,12:05,3,,20,No,No meaningful delay occurred,Yes,Complexity of the problem,No,11:00,Exact — checked using calendar/message/booking records,"Calendar, Booking application/system",
2026-09-21 19:58:33,P168,4,P168-J04,2026-09-25,Cleaning,House Cleaning,Mop and Clean Floors,,TASK_COMPLETION_BASED,Yes,N/A — Single Session,12:00,55,3,3,Second job,No,09:30,20,Yes,12:00,12:00,13:00,3,,20,No,No meaningful delay occurred,About the same,Not applicable,No,12:00,Exact — checked using calendar/message/booking records,"Calendar, Booking application/system",
2026-09-21 20:10:22,P168,5,P168-J05,2026-09-25,Cleaning,Kitchen Cleaning,Clean Kitchen Cabinets,,TASK_COMPLETION_BASED,Yes,N/A — Single Session,13:00,75,3,3,Second job,No,09:30,20,Yes,13:00,13:00,14:10,3,,20,No,No meaningful delay occurred,About the same,Not applicable,No,13:00,Exact — checked using calendar/message/booking records,"Calendar, Booking application/system",
2026-09-21 20:46:55,P169,1,P169-J01,2026-09-25,Gardening,Landscaping & Design,Design Medium Garden,,TASK_COMPLETION_BASED,Yes,N/A — Single Session,14:00,300,3,3,First job,Yes,,0,Not applicable,14:00,14:00,19:15,3,,0,No,No meaningful delay occurred,Yes,Complexity of the problem,No,14:00,Exact — checked using calendar/message/booking records,"Calendar, Booking application/system",
2026-09-21 20:55:00,P169,2,P169-J02,2026-09-25,Gardening,Landscaping & Design,Set Up New Garden,,TASK_COMPLETION_BASED,Yes,N/A — Single Session,08:00,280,3,3,Second job,No,09:30,20,Yes,08:15,08:15,13:10,3,,20,Yes,Traffic congestion,Yes,Complexity of the problem,No,08:00,Exact — checked using calendar/message/booking records,"Calendar, Booking application/system",
2026-09-21 21:04:18,P169,3,P169-J03,2026-09-25,Gardening,Landscaping & Design,Basic Landscaping,,TASK_COMPLETION_BASED,Yes,N/A — Single Session,09:00,265,3,3,Second job,No,09:30,20,Yes,09:00,09:00,13:25,3,,20,No,No meaningful delay occurred,About the same,Not applicable,No,09:00,Exact — checked using calendar/message/booking records,"Calendar, Booking application/system",
2026-09-21 21:11:16,P169,4,P169-J04,2026-09-25,Gardening,Planting Services,Plant Vegetables,,TASK_COMPLETION_BASED,Yes,N/A — Single Session,10:00,100,3,3,Second job,No,09:30,20,Yes,10:00,10:00,11:40,3,,20,No,No meaningful delay occurred,About the same,Not applicable,No,10:00,Exact — checked using calendar/message/booking records,"Calendar, Booking application/system",
2026-09-21 21:13:08,P169,5,P169-J05,2026-09-25,Gardening,Planting Services,Prepare Planting Area,,TASK_COMPLETION_BASED,Yes,N/A — Single Session,11:00,80,3,3,Second job,No,09:30,20,Yes,11:15,11:15,12:30,3,,20,Yes,Traffic congestion,About the same,Not applicable,No,11:00,Exact — checked using calendar/message/booking records,"Calendar, Booking application/system",
2026-09-21 21:47:02,P170,1,P170-J01,2026-09-25,Gardening,Garden Maintenance,Water Plants,,TASK_COMPLETION_BASED,Yes,N/A — Single Session,12:00,35,2,3,First job,Yes,,0,Not applicable,12:00,12:00,12:35,2,,0,No,No meaningful delay occurred,About the same,Not applicable,No,12:00,Exact — checked using calendar/message/booking records,"Calendar, Booking application/system",
2026-09-21 21:47:03,P170,2,P170-J02,2026-09-25,Gardening,Garden Maintenance,Trim Shrubs,,TASK_COMPLETION_BASED,Yes,N/A — Single Session,13:00,65,2,3,Second job,No,09:30,20,Yes,13:05,13:05,14:05,2,,20,No,No meaningful delay occurred,About the same,Not applicable,No,13:00,Exact — checked using calendar/message/booking records,"Calendar, Booking application/system",
2026-09-21 21:57:27,P170,3,P170-J03,2026-09-25,Gardening,Garden Maintenance,Remove Weeds,,TASK_COMPLETION_BASED,Yes,N/A — Single Session,14:00,90,2,3,Second job,No,09:30,20,Yes,14:05,14:05,15:30,2,,20,No,No meaningful delay occurred,About the same,Not applicable,No,14:00,Exact — checked using calendar/message/booking records,"Calendar, Booking application/system",
2026-09-22 08:14:37,P170,4,P170-J04,2026-09-25,Gardening,Garden Maintenance,Trim Tree Branches,,TASK_COMPLETION_BASED,Yes,N/A — Single Session,08:00,110,2,3,Second job,No,09:30,20,Yes,08:00,08:00,10:00,2,,20,No,No meaningful delay occurred,Yes,Complexity of the problem,No,08:00,Exact — checked using calendar/message/booking records,"Calendar, Booking application/system",
2026-09-22 08:20:11,P170,5,P170-J05,2026-09-25,Gardening,Garden Maintenance,General Garden Maintenance,,TASK_COMPLETION_BASED,Yes,N/A — Single Session,09:00,130,2,3,Second job,No,09:30,20,Yes,09:05,09:05,11:15,2,,20,No,No meaningful delay occurred,About the same,Not applicable,No,09:00,Exact — checked using calendar/message/booking records,"Calendar, Booking application/system",
2026-09-22 08:35:47,P170,1,P170-J01,2026-09-25,Gardening,Garden Maintenance,Prune Plants,,TASK_COMPLETION_BASED,Yes,N/A — Single Session,10:00,60,2,3,First job,Yes,,0,Not applicable,10:10,10:10,11:15,2,,0,Yes,Traffic congestion,About the same,Not applicable,No,10:00,Exact — checked using calendar/message/booking records,"Calendar, Booking application/system",
2026-09-22 08:39:30,P171,2,P171-J02,2026-09-25,Gardening,Garden Maintenance,Water Plants,,TASK_COMPLETION_BASED,Yes,N/A — Single Session,11:00,40,1,3,Second job,No,09:30,20,Yes,11:00,11:00,11:40,1,,20,No,No meaningful delay occurred,About the same,Not applicable,No,11:00,Exact — checked using calendar/message/booking records,"Calendar, Booking application/system",
2026-09-22 08:50:57,P171,3,P171-J03,2026-09-25,Gardening,Garden Maintenance,Trim Shrubs,,TASK_COMPLETION_BASED,Yes,N/A — Single Session,12:00,75,1,3,Second job,No,09:30,20,Yes,12:15,12:15,13:30,1,,20,Yes,Traffic congestion,About the same,Not applicable,No,12:00,Exact — checked using calendar/message/booking records,"Calendar, Booking application/system",
2026-09-22 08:52:50,P171,4,P171-J04,2026-09-25,Gardening,Garden Maintenance,Mow Lawn,,TASK_COMPLETION_BASED,Yes,N/A — Single Session,13:00,80,1,3,Second job,No,09:30,20,Yes,13:00,13:00,14:35,1,,20,No,No meaningful delay occurred,Yes,Complexity of the problem,No,13:00,Exact — checked using calendar/message/booking records,"Calendar, Booking application/system",
2026-09-22 08:56:35,P171,5,P171-J05,2026-09-25,Gardening,Garden Maintenance,Remove Weeds,,TASK_COMPLETION_BASED,Yes,N/A — Single Session,14:00,95,1,3,Second job,No,09:30,20,Yes,14:10,14:10,16:00,1,,20,Yes,Traffic congestion,Yes,Complexity of the problem,No,14:00,Exact — checked using calendar/message/booking records,"Calendar, Booking application/system",
2026-09-22 09:02:29,P171,1,P171-J01,2026-09-25,Gardening,Garden Maintenance,General Garden Maintenance,,TASK_COMPLETION_BASED,Yes,N/A — Single Session,08:00,150,1,3,First job,Yes,,0,Not applicable,08:00,08:00,10:30,1,,0,No,No meaningful delay occurred,About the same,Not applicable,No,08:00,Exact — checked using calendar/message/booking records,"Calendar, Booking application/system",
2026-09-22 09:05:32,P172,2,P172-J02,2026-09-25,Repairing,Electrical Repair,Repair Ceiling Fan,,TASK_COMPLETION_BASED,Yes,N/A — Single Session,09:00,55,1,3,Second job,No,09:30,20,Yes,09:15,09:15,10:20,1,,20,Yes,Traffic congestion,Yes,Complexity of the problem,No,09:00,Exact — checked using calendar/message/booking records,"Calendar, Booking application/system",
2026-09-22 09:22:00,P172,3,P172-J03,2026-09-25,Repairing,Electrical Repair,Repair Light Circuit,,TASK_COMPLETION_BASED,Yes,N/A — Single Session,10:00,60,1,3,Second job,No,09:30,20,Yes,10:00,10:00,11:05,1,,20,No,No meaningful delay occurred,About the same,Not applicable,No,10:00,Exact — checked using calendar/message/booking records,"Calendar, Booking application/system",
2026-09-22 09:32:35,P172,4,P172-J04,2026-09-25,Repairing,Electrical Repair,Repair Switch,,TASK_COMPLETION_BASED,Yes,N/A — Single Session,11:00,30,1,3,Second job,No,09:30,20,Yes,11:00,11:00,11:20,1,,20,No,No meaningful delay occurred,"No, it finished earlier",Not applicable,No,11:00,Exact — checked using calendar/message/booking records,"Calendar, Booking application/system",
2026-09-22 09:40:22,P172,5,P172-J05,2026-09-25,Repairing,Electrical Repair,Repair Power Socket,,TASK_COMPLETION_BASED,Yes,N/A — Single Session,12:00,35,1,3,Second job,No,09:30,20,Yes,12:15,12:15,12:45,1,,20,Yes,Traffic congestion,About the same,Not applicable,No,12:00,Exact — checked using calendar/message/booking records,"Calendar, Booking application/system",
2026-09-22 09:53:09,P172,1,P172-J01,2026-09-25,Repairing,Electrical Repair,Replace Damaged Wiring,,TASK_COMPLETION_BASED,Yes,N/A — Single Session,13:00,125,1,3,First job,Yes,,0,Not applicable,13:10,13:10,15:25,1,,0,Yes,Traffic congestion,Yes,Complexity of the problem,No,13:00,Exact — checked using calendar/message/booking records,"Calendar, Booking application/system",
2026-09-22 10:10:56,P172,2,P172-J02,2026-09-25,Repairing,Electrical Repair,Repair Distribution Board,,TASK_COMPLETION_BASED,Yes,N/A — Single Session,14:00,110,1,3,Second job,No,09:30,20,Yes,14:00,14:00,16:05,1,,20,No,No meaningful delay occurred,Yes,Complexity of the problem,No,14:00,Exact — checked using calendar/message/booking records,"Calendar, Booking application/system",
2026-09-22 10:39:42,P172,3,P172-J03,2026-09-25,Repairing,Electrical Repair,Repair Refrigerator,,TASK_COMPLETION_BASED,Yes,N/A — Single Session,08:00,105,1,3,Second job,No,09:30,20,Yes,08:05,08:05,09:45,1,,20,No,No meaningful delay occurred,About the same,Not applicable,No,08:00,Exact — checked using calendar/message/booking records,"Calendar, Booking application/system",
2026-09-22 10:58:27,P172,4,P172-J04,2026-09-25,Repairing,Electrical Repair,Repair Rice Cooker,,TASK_COMPLETION_BASED,Yes,N/A — Single Session,09:00,45,1,3,Second job,No,09:30,20,Yes,09:00,09:00,09:55,1,,20,No,No meaningful delay occurred,Yes,Complexity of the problem,No,09:00,Exact — checked using calendar/message/booking records,"Calendar, Booking application/system",
2026-09-22 11:00:28,P173,5,P173-J05,2026-09-25,Cleaning,Bathroom Cleaning,General Bathroom Cleaning,,TASK_COMPLETION_BASED,Yes,N/A — Single Session,10:00,50,2,3,Second job,No,09:30,20,Yes,10:05,10:05,11:10,2,,20,No,No meaningful delay occurred,Yes,Complexity of the problem,No,10:00,Exact — checked using calendar/message/booking records,"Calendar, Booking application/system",
2026-09-22 12:04:10,P173,1,P173-J01,2026-09-25,Cleaning,Bathroom Cleaning,Deep Clean Bathroom,,TASK_COMPLETION_BASED,Yes,N/A — Single Session,11:00,80,2,3,First job,Yes,,0,Not applicable,11:15,11:15,12:40,2,,0,Yes,Traffic congestion,About the same,Not applicable,No,11:00,Exact — checked using calendar/message/booking records,"Calendar, Booking application/system",
2026-09-22 12:20:20,P173,2,P173-J02,2026-09-25,Cleaning,Bathroom Cleaning,Clean Toilet,,TASK_COMPLETION_BASED,Yes,N/A — Single Session,12:00,25,2,3,Second job,No,09:30,20,Yes,12:00,12:00,12:25,2,,20,No,No meaningful delay occurred,About the same,Not applicable,No,12:00,Exact — checked using calendar/message/booking records,"Calendar, Booking application/system",
2026-09-22 12:26:19,P173,3,P173-J03,2026-09-25,Cleaning,Bathroom Cleaning,Clean Washroom,,TASK_COMPLETION_BASED,Yes,N/A — Single Session,13:00,40,2,3,Second job,No,09:30,20,Yes,13:05,13:05,14:00,2,,20,No,No meaningful delay occurred,Yes,Complexity of the problem,No,13:00,Exact — checked using calendar/message/booking records,"Calendar, Booking application/system",
2026-09-22 12:38:18,P174,4,P174-J04,2026-09-25,Cleaning,Office Cleaning,Deep Clean Office,,TASK_COMPLETION_BASED,Yes,N/A — Single Session,14:00,325,1,3,Second job,No,09:30,20,Yes,14:00,14:00,19:25,1,,20,No,No meaningful delay occurred,About the same,Not applicable,No,14:00,Exact — checked using calendar/message/booking records,"Calendar, Booking application/system",
2026-09-22 12:46:39,P174,5,P174-J05,2026-09-25,Cleaning,Office Cleaning,Clean Office Floors,,TASK_COMPLETION_BASED,Yes,N/A — Single Session,08:00,100,1,3,Second job,No,09:30,20,Yes,08:15,08:15,10:05,1,,20,Yes,Traffic congestion,Yes,Complexity of the problem,No,08:00,Exact — checked using calendar/message/booking records,"Calendar, Booking application/system",
2026-09-22 13:07:40,P174,1,P174-J01,2026-09-25,Cleaning,Post-Construction Cleaning,Remove Construction Dust,,TASK_COMPLETION_BASED,Yes,N/A — Single Session,09:00,185,1,3,First job,Yes,,0,Not applicable,09:00,09:00,12:10,1,,0,No,No meaningful delay occurred,About the same,Not applicable,No,09:00,Exact — checked using calendar/message/booking records,"Calendar, Booking application/system",
2026-09-22 13:09:22,P175,2,P175-J02,2026-09-25,Cleaning,Bathroom Cleaning,Deep Clean Bathroom,,TASK_COMPLETION_BASED,Yes,N/A — Single Session,10:00,80,1,3,Second job,No,09:30,20,Yes,10:00,10:00,11:25,1,,20,No,No meaningful delay occurred,About the same,Not applicable,No,10:00,Exact — checked using calendar/message/booking records,"Calendar, Booking application/system",
2026-09-22 13:19:37,P175,3,P175-J03,2026-09-25,Cleaning,Bathroom Cleaning,Clean Washroom,,TASK_COMPLETION_BASED,Yes,N/A — Single Session,11:00,40,1,3,Second job,No,09:30,20,Yes,11:10,11:10,11:40,1,,20,Yes,Traffic congestion,"No, it finished earlier",Not applicable,No,11:00,Exact — checked using calendar/message/booking records,"Calendar, Booking application/system",
2026-09-22 13:33:22,P175,4,P175-J04,2026-09-25,Cleaning,Kitchen Cleaning,Deep Clean Kitchen,,TASK_COMPLETION_BASED,Yes,N/A — Single Session,12:00,145,1,3,Second job,No,09:30,20,Yes,12:10,12:10,14:50,1,,20,Yes,Traffic congestion,Yes,Complexity of the problem,No,12:00,Exact — checked using calendar/message/booking records,"Calendar, Booking application/system",
2026-09-22 13:42:21,P175,5,P175-J05,2026-09-25,Cleaning,Kitchen Cleaning,Clean Kitchen Floor,,TASK_COMPLETION_BASED,Yes,N/A — Single Session,13:00,30,1,3,Second job,No,09:30,20,Yes,13:00,13:00,13:25,1,,20,No,No meaningful delay occurred,About the same,Not applicable,No,13:00,Exact — checked using calendar/message/booking records,"Calendar, Booking application/system",
2026-09-22 14:33:20,P176,1,P176-J01,2026-09-25,Care Support,Personal Assistance,Home Helper Session,,FIXED_DURATION,Yes,N/A — Single Session,14:00,265,1,3,First job,Yes,,0,Not applicable,14:00,14:00,18:15,1,,0,No,No meaningful delay occurred,"No, it finished earlier",Not applicable,No,14:00,Exact — checked using calendar/message/booking records,"Calendar, Booking application/system",
2026-09-22 14:42:23,P176,2,P176-J02,2026-09-25,Care Support,Personal Assistance,Personal Assistance,,FIXED_DURATION,Yes,N/A — Single Session,08:00,320,1,3,Second job,No,09:30,20,Yes,08:10,08:10,13:35,1,,20,Yes,Traffic congestion,About the same,Not applicable,No,08:00,Exact — checked using calendar/message/booking records,"Calendar, Booking application/system",
2026-09-22 15:00:51,P176,3,P176-J03,2026-09-25,Care Support,Personal Assistance,Daily Household Assistance,,TASK_COMPLETION_BASED,Yes,N/A — Single Session,09:00,130,1,3,Second job,No,09:30,20,Yes,09:00,09:00,11:20,1,,20,No,No meaningful delay occurred,Yes,Complexity of the problem,No,09:00,Exact — checked using calendar/message/booking records,"Calendar, Booking application/system",
2026-09-22 15:06:56,P176,4,P176-J04,2026-09-25,Care Support,Personal Assistance,Errand Assistance,,TASK_COMPLETION_BASED,Yes,N/A — Single Session,10:00,75,1,3,Second job,No,09:30,20,Yes,10:00,10:00,11:15,1,,20,No,No meaningful delay occurred,About the same,Not applicable,No,10:00,Exact — checked using calendar/message/booking records,"Calendar, Booking application/system",
2026-09-22 15:13:13,P176,5,P176-J05,2026-09-25,Care Support,Personal Assistance,Daily Task Support,,FIXED_DURATION,Yes,N/A — Single Session,11:00,120,1,3,Second job,No,09:30,20,Yes,11:15,11:15,13:25,1,,20,Yes,Traffic congestion,Yes,Complexity of the problem,No,11:00,Exact — checked using calendar/message/booking records,"Calendar, Booking application/system",
2026-09-22 15:47:16,P176,1,P176-J01,2026-09-25,Care Support,Pet Care,Dog Walking,,FIXED_DURATION,Yes,N/A — Single Session,12:00,45,1,3,First job,Yes,,0,Not applicable,12:00,12:00,12:40,1,,0,No,No meaningful delay occurred,About the same,Not applicable,No,12:00,Exact — checked using calendar/message/booking records,"Calendar, Booking application/system",
2026-09-22 15:57:27,P176,2,P176-J02,2026-09-25,Care Support,Pet Care,Pet Grooming,,TASK_COMPLETION_BASED,Yes,N/A — Single Session,13:00,70,1,3,Second job,No,09:30,20,Yes,13:10,13:10,14:15,1,,20,Yes,Traffic congestion,About the same,Not applicable,No,13:00,Exact — checked using calendar/message/booking records,"Calendar, Booking application/system",
2026-09-22 15:58:38,P177,3,P177-J03,2026-09-25,Care Support,Personal Assistance,Daily Task Support,,FIXED_DURATION,Yes,N/A — Single Session,14:00,120,1,3,Second job,No,09:30,20,Yes,14:00,14:00,16:05,1,,20,No,No meaningful delay occurred,About the same,Not applicable,No,14:00,Exact — checked using calendar/message/booking records,"Calendar, Booking application/system",
2026-09-22 16:10:16,P177,4,P177-J04,2026-09-25,Care Support,Pet Care,Pet Grooming,,TASK_COMPLETION_BASED,Yes,N/A — Single Session,08:00,90,1,3,Second job,No,09:30,20,Yes,08:00,08:00,09:20,1,,20,No,No meaningful delay occurred,"No, it finished earlier",Not applicable,No,08:00,Exact — checked using calendar/message/booking records,"Calendar, Booking application/system",
2026-09-22 16:10:32,P177,5,P177-J05,2026-09-25,Care Support,Pet Care,Pet Cleaning,,TASK_COMPLETION_BASED,Yes,N/A — Single Session,09:00,65,1,3,Second job,No,09:30,20,Yes,09:15,09:15,10:30,1,,20,Yes,Traffic congestion,Yes,Complexity of the problem,No,09:00,Exact — checked using calendar/message/booking records,"Calendar, Booking application/system",
2026-09-22 16:18:03,P178,1,P178-J01,2026-09-25,Cleaning,House Cleaning,Deep Clean House,,TASK_COMPLETION_BASED,Yes,N/A — Single Session,10:00,230,3,3,First job,Yes,,0,Not applicable,10:00,10:00,14:05,3,,0,No,No meaningful delay occurred,Yes,Complexity of the problem,No,10:00,Exact — checked using calendar/message/booking records,"Calendar, Booking application/system",
2026-09-22 16:24:11,P178,2,P178-J02,2026-09-25,Cleaning,Office Cleaning,Deep Clean Office,,TASK_COMPLETION_BASED,Yes,N/A — Single Session,11:00,300,3,3,Second job,No,09:30,20,Yes,11:00,11:00,15:50,3,,20,No,No meaningful delay occurred,"No, it finished earlier",Not applicable,No,11:00,Exact — checked using calendar/message/booking records,"Calendar, Booking application/system",
2026-09-22 16:24:30,P178,3,P178-J03,2026-09-25,Cleaning,Office Cleaning,Clean Office Floors,,TASK_COMPLETION_BASED,Yes,N/A — Single Session,12:00,85,3,3,Second job,No,09:30,20,Yes,12:10,12:10,13:35,3,,20,Yes,Traffic congestion,About the same,Not applicable,No,12:00,Exact — checked using calendar/message/booking records,"Calendar, Booking application/system",
2026-09-22 17:21:48,P179,4,P179-J04,2026-09-25,Repairing,Furniture Repair,Repair Wooden Chair,,TASK_COMPLETION_BASED,Yes,N/A — Single Session,13:00,50,2,3,Second job,No,09:30,20,Yes,13:05,13:05,13:50,2,,20,No,No meaningful delay occurred,About the same,Not applicable,No,13:00,Exact — checked using calendar/message/booking records,"Calendar, Booking application/system",
2026-09-22 18:23:03,P179,5,P179-J05,2026-09-25,Repairing,Furniture Repair,Repair Cupboard,,TASK_COMPLETION_BASED,Yes,N/A — Single Session,14:00,85,2,3,Second job,No,09:30,20,Yes,14:15,14:15,15:45,2,,20,Yes,Traffic congestion,About the same,Not applicable,No,14:00,Exact — checked using calendar/message/booking records,"Calendar, Booking application/system",
2026-09-22 18:57:02,P179,1,P179-J01,2026-09-25,Repairing,Painting & Renovation,Paint Exterior Wall,,TASK_COMPLETION_BASED,Yes,N/A — Single Session,08:00,245,2,3,First job,Yes,,0,Not applicable,08:15,08:15,12:20,2,,0,Yes,Traffic congestion,About the same,Not applicable,No,08:00,Exact — checked using calendar/message/booking records,"Calendar, Booking application/system",
2026-09-22 18:57:14,P179,2,P179-J02,2026-09-25,Repairing,Painting & Renovation,Repair Wall Crack,,TASK_COMPLETION_BASED,Yes,N/A — Single Session,09:00,65,2,3,Second job,No,09:30,20,Yes,09:10,09:10,10:25,2,,20,Yes,Traffic congestion,Yes,Complexity of the problem,No,09:00,Exact — checked using calendar/message/booking records,"Calendar, Booking application/system",
2026-09-22 19:28:22,P179,3,P179-J03,2026-09-25,Repairing,Painting & Renovation,Repair Ceiling,,TASK_COMPLETION_BASED,Yes,N/A — Single Session,10:00,120,2,3,Second job,No,09:30,20,Yes,10:00,10:00,12:00,2,,20,No,No meaningful delay occurred,About the same,Not applicable,No,10:00,Exact — checked using calendar/message/booking records,"Calendar, Booking application/system",
2026-09-22 19:48:18,P179,4,P179-J04,2026-09-25,Repairing,Roofing Repair,Repair Roof Leak,,TASK_COMPLETION_BASED,Yes,N/A — Single Session,11:00,135,2,3,Second job,No,09:30,20,Yes,11:00,11:00,13:20,2,,20,No,No meaningful delay occurred,About the same,Not applicable,No,11:00,Exact — checked using calendar/message/booking records,"Calendar, Booking application/system",
2026-09-22 20:27:05,P180,5,P180-J05,2026-09-25,Repairing,Electrical Repair,Install Switch,,TASK_COMPLETION_BASED,Yes,N/A — Single Session,12:00,25,1,3,Second job,No,09:30,20,Yes,12:00,12:00,12:15,1,,20,No,No meaningful delay occurred,"No, it finished earlier",Not applicable,No,12:00,Exact — checked using calendar/message/booking records,"Calendar, Booking application/system",
2026-09-22 20:32:36,P180,1,P180-J01,2026-09-25,Repairing,Electrical Repair,Replace Switch,,TASK_COMPLETION_BASED,Yes,N/A — Single Session,13:00,25,1,3,First job,Yes,,0,Not applicable,13:10,13:10,13:35,1,,0,Yes,Traffic congestion,About the same,Not applicable,No,13:00,Exact — checked using calendar/message/booking records,"Calendar, Booking application/system",
2026-09-22 20:32:38,P180,2,P180-J02,2026-09-25,Repairing,Electrical Repair,Repair Power Socket,,TASK_COMPLETION_BASED,Yes,N/A — Single Session,14:00,40,1,3,Second job,No,09:30,20,Yes,14:05,14:05,14:45,1,,20,No,No meaningful delay occurred,About the same,Not applicable,No,14:00,Exact — checked using calendar/message/booking records,"Calendar, Booking application/system",
2026-09-22 20:48:38,P181,3,P181-J03,2026-09-25,Cleaning,House Cleaning,Clean Single Room,,TASK_COMPLETION_BASED,Yes,N/A — Single Session,08:00,50,1,3,Second job,No,09:30,20,Yes,08:15,08:15,09:20,1,,20,Yes,Traffic congestion,Yes,Complexity of the problem,No,08:00,Exact — checked using calendar/message/booking records,"Calendar, Booking application/system",
2026-09-22 20:58:14,P181,4,P181-J04,2026-09-25,Cleaning,House Cleaning,Mop and Clean Floors,,TASK_COMPLETION_BASED,Yes,N/A — Single Session,09:00,65,1,3,Second job,No,09:30,20,Yes,09:00,09:00,10:10,1,,20,No,No meaningful delay occurred,About the same,Not applicable,No,09:00,Exact — checked using calendar/message/booking records,"Calendar, Booking application/system",
2026-09-22 21:13:56,P181,5,P181-J05,2026-09-25,Cleaning,House Cleaning,Dust and Surface Cleaning,,TASK_COMPLETION_BASED,Yes,N/A — Single Session,10:00,50,1,3,Second job,No,09:30,20,Yes,10:05,10:05,11:00,1,,20,No,No meaningful delay occurred,About the same,Not applicable,No,10:00,Exact — checked using calendar/message/booking records,"Calendar, Booking application/system",
2026-09-22 21:29:30,P181,1,P181-J01,2026-09-25,Cleaning,House Cleaning,Full Home Cleaning,,TASK_COMPLETION_BASED,Yes,N/A — Single Session,11:00,180,1,3,First job,Yes,,0,Not applicable,11:00,11:00,13:55,1,,0,No,No meaningful delay occurred,About the same,Not applicable,No,11:00,Exact — checked using calendar/message/booking records,"Calendar, Booking application/system",
2026-09-22 21:53:10,P181,2,P181-J02,2026-09-25,Cleaning,Kitchen Cleaning,Degrease Cooking Area,,TASK_COMPLETION_BASED,Yes,N/A — Single Session,12:00,65,1,3,Second job,No,09:30,20,Yes,12:05,12:05,13:05,1,,20,No,No meaningful delay occurred,About the same,Not applicable,No,12:00,Exact — checked using calendar/message/booking records,"Calendar, Booking application/system",
2026-09-22 21:55:16,P181,3,P181-J03,2026-09-25,Cleaning,Kitchen Cleaning,Clean Kitchen Floor,,TASK_COMPLETION_BASED,Yes,N/A — Single Session,13:00,30,1,3,Second job,No,09:30,20,Yes,13:00,13:00,13:25,1,,20,No,No meaningful delay occurred,About the same,Not applicable,No,13:00,Exact — checked using calendar/message/booking records,"Calendar, Booking application/system",
2026-09-23 08:12:19,P182,4,P182-J04,2026-09-25,Gardening,Garden Cleaning,General Garden Cleaning,,TASK_COMPLETION_BASED,Yes,N/A — Single Session,14:00,125,1,3,Second job,No,09:30,20,Yes,14:00,14:00,15:55,1,,20,No,No meaningful delay occurred,"No, it finished earlier",Not applicable,No,14:00,Exact — checked using calendar/message/booking records,"Calendar, Booking application/system",
2026-09-23 08:18:01,P182,5,P182-J05,2026-09-25,Gardening,Garden Cleaning,Clear Overgrown Garden,,TASK_COMPLETION_BASED,Yes,N/A — Single Session,08:00,225,1,3,Second job,No,09:30,20,Yes,08:00,08:00,11:45,1,,20,No,No meaningful delay occurred,About the same,Not applicable,No,08:00,Exact — checked using calendar/message/booking records,"Calendar, Booking application/system",
2026-09-23 08:34:02,P182,1,P182-J01,2026-09-25,Gardening,Garden Maintenance,Water Plants,,TASK_COMPLETION_BASED,Yes,N/A — Single Session,09:00,40,1,3,First job,Yes,,0,Not applicable,09:00,09:00,09:45,1,,0,No,No meaningful delay occurred,About the same,Not applicable,No,09:00,Exact — checked using calendar/message/booking records,"Calendar, Booking application/system",
2026-09-23 08:51:29,P182,2,P182-J02,2026-09-25,Gardening,Garden Maintenance,Remove Weeds,,TASK_COMPLETION_BASED,Yes,N/A — Single Session,10:00,85,1,3,Second job,No,09:30,20,Yes,10:15,10:15,11:50,1,,20,Yes,Traffic congestion,Yes,Complexity of the problem,No,10:00,Exact — checked using calendar/message/booking records,"Calendar, Booking application/system",
2026-09-23 09:04:40,P182,3,P182-J03,2026-09-25,Gardening,Garden Maintenance,Trim Tree Branches,,TASK_COMPLETION_BASED,Yes,N/A — Single Session,11:00,120,1,3,Second job,No,09:30,20,Yes,11:00,11:00,12:50,1,,20,No,No meaningful delay occurred,"No, it finished earlier",Not applicable,No,11:00,Exact — checked using calendar/message/booking records,"Calendar, Booking application/system",
2026-09-23 09:12:59,P182,4,P182-J04,2026-09-25,Gardening,Garden Maintenance,General Garden Maintenance,,TASK_COMPLETION_BASED,Yes,N/A — Single Session,12:00,140,1,3,Second job,No,09:30,20,Yes,12:05,12:05,14:25,1,,20,No,No meaningful delay occurred,About the same,Not applicable,No,12:00,Exact — checked using calendar/message/booking records,"Calendar, Booking application/system",
2026-09-23 09:44:29,P182,5,P182-J05,2026-09-25,Gardening,Garden Maintenance,Prune Plants,,TASK_COMPLETION_BASED,Yes,N/A — Single Session,13:00,60,1,3,Second job,No,09:30,20,Yes,13:00,13:00,13:50,1,,20,No,No meaningful delay occurred,"No, it finished earlier",Not applicable,No,13:00,Exact — checked using calendar/message/booking records,"Calendar, Booking application/system",
2026-09-23 10:13:32,P183,1,P183-J01,2026-09-25,Care Support,Child Care,Babysitting,,SHIFT_BASED,Yes,N/A — Single Session,14:00,255,1,3,First job,Yes,,0,Not applicable,14:15,14:15,18:30,1,,0,Yes,Traffic congestion,About the same,Not applicable,No,14:00,Exact — checked using calendar/message/booking records,"Calendar, Booking application/system",
2026-09-23 10:17:02,P183,2,P183-J02,2026-09-25,Care Support,Child Care,Baby Care Session,,FIXED_DURATION,Yes,N/A — Single Session,08:00,170,1,3,Second job,No,09:30,20,Yes,08:00,08:00,10:50,1,,20,No,No meaningful delay occurred,About the same,Not applicable,No,08:00,Exact — checked using calendar/message/booking records,"Calendar, Booking application/system",
2026-09-23 10:17:49,P183,3,P183-J03,2026-09-25,Care Support,Child Care,Child Supervision,,FIXED_DURATION,Yes,N/A — Single Session,09:00,225,1,3,Second job,No,09:30,20,Yes,09:00,09:00,12:40,1,,20,No,No meaningful delay occurred,About the same,Not applicable,No,09:00,Exact — checked using calendar/message/booking records,"Calendar, Booking application/system",
2026-09-23 10:58:57,P183,4,P183-J04,2026-09-25,Care Support,Child Care,After-School Child Care,,FIXED_DURATION,Yes,N/A — Single Session,10:00,205,1,3,Second job,No,09:30,20,Yes,10:00,10:00,13:15,1,,20,No,No meaningful delay occurred,"No, it finished earlier",Not applicable,No,10:00,Exact — checked using calendar/message/booking records,"Calendar, Booking application/system",
2026-09-23 11:33:37,P184,5,P184-J05,2026-09-25,Cleaning,Sofa/Carpet/Curtain Cleaning,Clean Sofa,,TASK_COMPLETION_BASED,Yes,N/A — Single Session,11:00,80,2,3,Second job,No,09:30,20,Yes,11:05,11:05,12:25,2,,20,No,No meaningful delay occurred,About the same,Not applicable,No,11:00,Exact — checked using calendar/message/booking records,"Calendar, Booking application/system",
2026-09-23 11:35:26,P184,1,P184-J01,2026-09-25,Cleaning,Sofa/Carpet/Curtain Cleaning,Deep Clean Sofa,,TASK_COMPLETION_BASED,Yes,N/A — Single Session,12:00,100,2,3,First job,Yes,,0,Not applicable,12:00,12:00,13:45,2,,0,No,No meaningful delay occurred,About the same,Not applicable,No,12:00,Exact — checked using calendar/message/booking records,"Calendar, Booking application/system",
2026-09-23 11:39:21,P184,2,P184-J02,2026-09-25,Cleaning,Sofa/Carpet/Curtain Cleaning,Clean Carpet,,TASK_COMPLETION_BASED,Yes,N/A — Single Session,13:00,75,2,3,Second job,No,09:30,20,Yes,13:15,13:15,14:45,2,,20,Yes,Traffic congestion,Yes,Complexity of the problem,No,13:00,Exact — checked using calendar/message/booking records,"Calendar, Booking application/system",
2026-09-23 11:49:39,P184,3,P184-J03,2026-09-25,Cleaning,Sofa/Carpet/Curtain Cleaning,Steam Clean Curtains,,TASK_COMPLETION_BASED,Yes,N/A — Single Session,14:00,120,2,3,Second job,No,09:30,20,Yes,14:00,14:00,15:50,2,,20,No,No meaningful delay occurred,"No, it finished earlier",Not applicable,No,14:00,Exact — checked using calendar/message/booking records,"Calendar, Booking application/system",
2026-09-23 12:15:32,P184,4,P184-J04,2026-09-25,Cleaning,Sofa/Carpet/Curtain Cleaning,Clean Mattress,,TASK_COMPLETION_BASED,Yes,N/A — Single Session,08:00,50,2,3,Second job,No,09:30,20,Yes,08:10,08:10,09:10,2,,20,Yes,Traffic congestion,Yes,Complexity of the problem,No,08:00,Exact — checked using calendar/message/booking records,"Calendar, Booking application/system",
2026-09-23 12:29:09,P185,5,P185-J05,2026-09-25,Repairing,Furniture Repair,Repair Bed Frame,,TASK_COMPLETION_BASED,Yes,N/A — Single Session,09:00,95,1,3,Second job,No,09:30,20,Yes,09:15,09:15,10:45,1,,20,Yes,Traffic congestion,About the same,Not applicable,No,09:00,Exact — checked using calendar/message/booking records,"Calendar, Booking application/system",
2026-09-23 12:31:41,P185,1,P185-J01,2026-09-25,Repairing,Furniture Repair,Repair Cupboard,,TASK_COMPLETION_BASED,Yes,N/A — Single Session,10:00,100,1,3,First job,Yes,,0,Not applicable,10:05,10:05,11:35,1,,0,No,No meaningful delay occurred,"No, it finished earlier",Not applicable,No,10:00,Exact — checked using calendar/message/booking records,"Calendar, Booking application/system",
2026-09-23 12:35:59,P185,2,P185-J02,2026-09-25,Repairing,Furniture Repair,Repair Cabinet,,TASK_COMPLETION_BASED,Yes,N/A — Single Session,11:00,95,1,3,Second job,No,09:30,20,Yes,11:05,11:05,12:40,1,,20,No,No meaningful delay occurred,About the same,Not applicable,No,11:00,Exact — checked using calendar/message/booking records,"Calendar, Booking application/system",
2026-09-23 13:10:25,P185,3,P185-J03,2026-09-25,Repairing,Furniture Repair,Replace Door Hinges,,TASK_COMPLETION_BASED,Yes,N/A — Single Session,12:00,30,1,3,Second job,No,09:30,20,Yes,12:10,12:10,12:45,1,,20,Yes,Traffic congestion,About the same,Not applicable,No,12:00,Exact — checked using calendar/message/booking records,"Calendar, Booking application/system",
2026-09-23 13:21:07,P185,4,P185-J04,2026-09-25,Repairing,Painting & Renovation,Paint Interior Wall,,TASK_COMPLETION_BASED,Yes,N/A — Single Session,13:00,125,1,3,Second job,No,09:30,20,Yes,13:00,13:00,15:05,1,,20,No,No meaningful delay occurred,About the same,Not applicable,No,13:00,Exact — checked using calendar/message/booking records,"Calendar, Booking application/system",
2026-09-23 14:01:31,P186,5,P186-J05,2026-09-25,Care Support,Elderly Care,Elderly Home Care,,SHIFT_BASED,Yes,N/A — Single Session,14:00,300,4,3,Second job,No,09:30,20,Yes,14:00,14:00,18:55,4,,20,No,No meaningful delay occurred,About the same,Not applicable,No,14:00,Exact — checked using calendar/message/booking records,"Calendar, Booking application/system",
2026-09-23 14:12:20,P186,1,P186-J01,2026-09-25,Care Support,Elderly Care,Elderly Assistance Session,,FIXED_DURATION,Yes,N/A — Single Session,08:00,125,4,3,First job,Yes,,0,Not applicable,08:10,08:10,10:10,4,,0,Yes,Traffic congestion,About the same,Not applicable,No,08:00,Exact — checked using calendar/message/booking records,"Calendar, Booking application/system",
2026-09-23 14:36:21,P186,2,P186-J02,2026-09-25,Care Support,Elderly Care,Mobility Assistance,,FIXED_DURATION,Yes,N/A — Single Session,09:00,85,4,3,Second job,No,09:30,20,Yes,09:00,09:00,10:40,4,,20,No,No meaningful delay occurred,Yes,Complexity of the problem,No,09:00,Exact — checked using calendar/message/booking records,"Calendar, Booking application/system",
2026-09-23 14:37:31,P187,3,P187-J03,2026-09-25,Repairing,Furniture Repair,Repair Cupboard,,TASK_COMPLETION_BASED,Yes,N/A — Single Session,10:00,90,1,3,Second job,No,09:30,20,Yes,10:00,10:00,11:35,1,,20,No,No meaningful delay occurred,About the same,Not applicable,No,10:00,Exact — checked using calendar/message/booking records,"Calendar, Booking application/system",
2026-09-23 14:53:33,P187,4,P187-J04,2026-09-25,Repairing,Furniture Repair,Replace Door Hinges,,TASK_COMPLETION_BASED,Yes,N/A — Single Session,11:00,30,1,3,Second job,No,09:30,20,Yes,11:05,11:05,11:35,1,,20,No,No meaningful delay occurred,About the same,Not applicable,No,11:00,Exact — checked using calendar/message/booking records,"Calendar, Booking application/system",
2026-09-23 15:37:25,P187,5,P187-J05,2026-09-25,Repairing,Painting & Renovation,Paint Interior Wall,,TASK_COMPLETION_BASED,Yes,N/A — Single Session,12:00,140,1,3,Second job,No,09:30,20,Yes,12:00,12:00,14:20,1,,20,No,No meaningful delay occurred,About the same,Not applicable,No,12:00,Exact — checked using calendar/message/booking records,"Calendar, Booking application/system",
2026-09-23 15:51:55,P188,1,P188-J01,2026-09-25,Repairing,Electrical Repair,Repair Power Socket,,TASK_COMPLETION_BASED,Yes,N/A — Single Session,13:00,40,2,3,First job,Yes,,0,Not applicable,13:00,13:00,13:40,2,,0,No,No meaningful delay occurred,About the same,Not applicable,No,13:00,Exact — checked using calendar/message/booking records,"Calendar, Booking application/system",
2026-09-23 16:24:57,P188,2,P188-J02,2026-09-25,Repairing,Electrical Repair,Diagnose Television Fault,,TASK_COMPLETION_BASED,Yes,N/A — Single Session,14:00,40,2,3,Second job,No,09:30,20,Yes,14:15,14:15,14:50,2,,20,Yes,Traffic congestion,About the same,Not applicable,No,14:00,Exact — checked using calendar/message/booking records,"Calendar, Booking application/system",
2026-09-23 16:29:22,P188,3,P188-J03,2026-09-25,Repairing,Electrical Repair,Diagnose Refrigerator Fault,,TASK_COMPLETION_BASED,Yes,N/A — Single Session,08:00,45,2,3,Second job,No,09:30,20,Yes,08:00,08:00,08:55,2,,20,No,No meaningful delay occurred,Yes,Complexity of the problem,No,08:00,Exact — checked using calendar/message/booking records,"Calendar, Booking application/system",
2026-09-23 16:32:08,P188,4,P188-J04,2026-09-25,Repairing,Electrical Repair,Repair Washing Machine,,TASK_COMPLETION_BASED,Yes,N/A — Single Session,09:00,95,2,3,Second job,No,09:30,20,Yes,09:15,09:15,10:50,2,,20,Yes,Traffic congestion,About the same,Not applicable,No,09:00,Exact — checked using calendar/message/booking records,"Calendar, Booking application/system",
2026-09-23 16:43:36,P188,5,P188-J05,2026-09-25,Repairing,Electrical Repair,Repair Rice Cooker,,TASK_COMPLETION_BASED,Yes,N/A — Single Session,10:00,40,2,3,Second job,No,09:30,20,Yes,10:15,10:15,10:55,2,,20,Yes,Traffic congestion,About the same,Not applicable,No,10:00,Exact — checked using calendar/message/booking records,"Calendar, Booking application/system",
2026-09-23 17:17:02,P188,1,P188-J01,2026-09-25,Repairing,Electrical Repair,Service Air Conditioner,,TASK_COMPLETION_BASED,Yes,N/A — Single Session,11:00,60,2,3,First job,Yes,,0,Not applicable,11:15,11:15,12:20,2,,0,Yes,Traffic congestion,About the same,Not applicable,No,11:00,Exact — checked using calendar/message/booking records,"Calendar, Booking application/system",
2026-09-23 17:17:41,P189,2,P189-J02,2026-09-25,Gardening,Garden Cleaning,Remove Garden Waste,,TASK_COMPLETION_BASED,Yes,N/A — Single Session,12:00,100,1,3,Second job,No,09:30,20,Yes,12:00,12:00,13:35,1,,20,No,No meaningful delay occurred,About the same,Not applicable,No,12:00,Exact — checked using calendar/message/booking records,"Calendar, Booking application/system",
2026-09-23 17:20:53,P189,3,P189-J03,2026-09-25,Gardening,Garden Cleaning,Clear Overgrown Garden,,TASK_COMPLETION_BASED,Yes,N/A — Single Session,13:00,250,1,3,Second job,No,09:30,20,Yes,13:15,13:15,17:35,1,,20,Yes,Traffic congestion,Yes,Complexity of the problem,No,13:00,Exact — checked using calendar/message/booking records,"Calendar, Booking application/system",
2026-09-23 17:21:30,P189,4,P189-J04,2026-09-25,Gardening,Garden Maintenance,Water Plants,,TASK_COMPLETION_BASED,Yes,N/A — Single Session,14:00,40,1,3,Second job,No,09:30,20,Yes,14:15,14:15,14:55,1,,20,Yes,Traffic congestion,About the same,Not applicable,No,14:00,Exact — checked using calendar/message/booking records,"Calendar, Booking application/system",
2026-09-23 17:51:47,P189,5,P189-J05,2026-09-25,Gardening,Garden Maintenance,Cut Grass,,TASK_COMPLETION_BASED,Yes,N/A — Single Session,08:00,95,1,3,Second job,No,09:30,20,Yes,08:00,08:00,09:35,1,,20,No,No meaningful delay occurred,About the same,Not applicable,No,08:00,Exact — checked using calendar/message/booking records,"Calendar, Booking application/system",
2026-09-23 17:57:33,P189,1,P189-J01,2026-09-25,Gardening,Garden Maintenance,Remove Weeds,,TASK_COMPLETION_BASED,Yes,N/A — Single Session,09:00,85,1,3,First job,Yes,,0,Not applicable,09:00,09:00,10:25,1,,0,No,No meaningful delay occurred,About the same,Not applicable,No,09:00,Exact — checked using calendar/message/booking records,"Calendar, Booking application/system",
2026-09-23 18:01:50,P189,2,P189-J02,2026-09-25,Gardening,Garden Maintenance,Prune Plants,,TASK_COMPLETION_BASED,Yes,N/A — Single Session,10:00,70,1,3,Second job,No,09:30,20,Yes,10:15,10:15,11:30,1,,20,Yes,Traffic congestion,About the same,Not applicable,No,10:00,Exact — checked using calendar/message/booking records,"Calendar, Booking application/system",
2026-09-23 18:06:44,P189,3,P189-J03,2026-09-25,Gardening,Planting Services,Plant Small Tree,,TASK_COMPLETION_BASED,Yes,N/A — Single Session,11:00,45,1,3,Second job,No,09:30,20,Yes,11:00,11:00,11:55,1,,20,No,No meaningful delay occurred,Yes,Complexity of the problem,No,11:00,Exact — checked using calendar/message/booking records,"Calendar, Booking application/system",
2026-09-23 18:20:01,P189,4,P189-J04,2026-09-25,Gardening,Planting Services,Plant Garden Plants,,TASK_COMPLETION_BASED,Yes,N/A — Single Session,12:00,75,1,3,Second job,No,09:30,20,Yes,12:05,12:05,13:20,1,,20,No,No meaningful delay occurred,About the same,Not applicable,No,12:00,Exact — checked using calendar/message/booking records,"Calendar, Booking application/system",
2026-09-23 18:25:28,P190,5,P190-J05,2026-09-25,Care Support,Pet Care,Feed Pet,,TASK_COMPLETION_BASED,Yes,N/A — Single Session,13:00,25,1,3,Second job,No,09:30,20,Yes,13:00,13:00,13:25,1,,20,No,No meaningful delay occurred,About the same,Not applicable,No,13:00,Exact — checked using calendar/message/booking records,"Calendar, Booking application/system",
2026-09-23 18:27:59,P190,1,P190-J01,2026-09-25,Care Support,Pet Care,Bathe Pet,,TASK_COMPLETION_BASED,Yes,N/A — Single Session,14:00,50,1,3,First job,Yes,,0,Not applicable,14:05,14:05,14:45,1,,0,No,No meaningful delay occurred,"No, it finished earlier",Not applicable,No,14:00,Exact — checked using calendar/message/booking records,"Calendar, Booking application/system",
2026-09-23 18:33:19,P190,2,P190-J02,2026-09-25,Care Support,Pet Care,Pet Cleaning,,TASK_COMPLETION_BASED,Yes,N/A — Single Session,08:00,55,1,3,Second job,No,09:30,20,Yes,08:15,08:15,09:10,1,,20,Yes,Traffic congestion,About the same,Not applicable,No,08:00,Exact — checked using calendar/message/booking records,"Calendar, Booking application/system",
2026-09-23 18:49:28,P191,3,P191-J03,2026-09-25,Repairing,Plumbing Repair,Install Water Pipe,,TASK_COMPLETION_BASED,Yes,N/A — Single Session,09:00,120,2,3,Second job,No,09:30,20,Yes,09:15,09:15,11:05,2,,20,Yes,Traffic congestion,"No, it finished earlier",Not applicable,No,09:00,Exact — checked using calendar/message/booking records,"Calendar, Booking application/system",
2026-09-23 19:09:27,P191,4,P191-J04,2026-09-25,Repairing,Plumbing Repair,Replace Water Pipe,,TASK_COMPLETION_BASED,Yes,N/A — Single Session,10:00,130,2,3,Second job,No,09:30,20,Yes,10:15,10:15,12:20,2,,20,Yes,Traffic congestion,About the same,Not applicable,No,10:00,Exact — checked using calendar/message/booking records,"Calendar, Booking application/system",
2026-09-23 19:30:45,P191,5,P191-J05,2026-09-25,Repairing,Plumbing Repair,Repair Water Leak,,TASK_COMPLETION_BASED,Yes,N/A — Single Session,11:00,70,2,3,Second job,No,09:30,20,Yes,11:10,11:10,12:35,2,,20,Yes,Traffic congestion,Yes,Complexity of the problem,No,11:00,Exact — checked using calendar/message/booking records,"Calendar, Booking application/system",
2026-09-23 20:21:00,P191,1,P191-J01,2026-09-25,Repairing,Plumbing Repair,Install Tap,,TASK_COMPLETION_BASED,Yes,N/A — Single Session,12:00,35,2,3,First job,Yes,,0,Not applicable,12:05,12:05,12:50,2,,0,No,No meaningful delay occurred,Yes,Complexity of the problem,No,12:00,Exact — checked using calendar/message/booking records,"Calendar, Booking application/system",
2026-09-23 20:57:40,P191,2,P191-J02,2026-09-25,Repairing,Plumbing Repair,Replace Tap,,TASK_COMPLETION_BASED,Yes,N/A — Single Session,13:00,30,2,3,Second job,No,09:30,20,Yes,13:10,13:10,13:55,2,,20,Yes,Traffic congestion,Yes,Complexity of the problem,No,13:00,Exact — checked using calendar/message/booking records,"Calendar, Booking application/system",
2026-09-23 21:24:30,P191,3,P191-J03,2026-09-25,Repairing,Plumbing Repair,Repair Tap,,TASK_COMPLETION_BASED,Yes,N/A — Single Session,14:00,30,2,3,Second job,No,09:30,20,Yes,14:15,14:15,14:45,2,,20,Yes,Traffic congestion,About the same,Not applicable,No,14:00,Exact — checked using calendar/message/booking records,"Calendar, Booking application/system",
2026-09-23 21:30:39,P192,4,P192-J04,2026-09-25,Cleaning,Bathroom Cleaning,Clean Toilet,,TASK_COMPLETION_BASED,Yes,N/A — Single Session,08:00,25,2,3,Second job,No,09:30,20,Yes,08:15,08:15,08:35,2,,20,Yes,Traffic congestion,About the same,Not applicable,No,08:00,Exact — checked using calendar/message/booking records,"Calendar, Booking application/system",
2026-09-23 21:54:31,P192,5,P192-J05,2026-09-25,Cleaning,Bathroom Cleaning,Clean Washroom,,TASK_COMPLETION_BASED,Yes,N/A — Single Session,09:00,45,2,3,Second job,No,09:30,20,Yes,09:00,09:00,09:45,2,,20,No,No meaningful delay occurred,About the same,Not applicable,No,09:00,Exact — checked using calendar/message/booking records,"Calendar, Booking application/system",
2026-09-24 08:21:34,P192,1,P192-J01,2026-09-25,Cleaning,Kitchen Cleaning,General Kitchen Cleaning,,TASK_COMPLETION_BASED,Yes,N/A — Single Session,10:00,75,2,3,First job,Yes,,0,Not applicable,10:00,10:00,11:10,2,,0,No,No meaningful delay occurred,About the same,Not applicable,No,10:00,Exact — checked using calendar/message/booking records,"Calendar, Booking application/system",
2026-09-24 08:25:24,P192,2,P192-J02,2026-09-25,Cleaning,Kitchen Cleaning,Clean Kitchen Cabinets,,TASK_COMPLETION_BASED,Yes,N/A — Single Session,11:00,80,2,3,Second job,No,09:30,20,Yes,11:05,11:05,12:30,2,,20,No,No meaningful delay occurred,About the same,Not applicable,No,11:00,Exact — checked using calendar/message/booking records,"Calendar, Booking application/system",
2026-09-24 08:42:47,P192,3,P192-J03,2026-09-25,Cleaning,Kitchen Cleaning,Degrease Cooking Area,,TASK_COMPLETION_BASED,Yes,N/A — Single Session,12:00,65,2,3,Second job,No,09:30,20,Yes,12:00,12:00,13:20,2,,20,No,No meaningful delay occurred,Yes,Complexity of the problem,No,12:00,Exact — checked using calendar/message/booking records,"Calendar, Booking application/system",
2026-09-24 08:43:01,P192,4,P192-J04,2026-09-25,Cleaning,Kitchen Cleaning,Clean Kitchen Floor,,TASK_COMPLETION_BASED,Yes,N/A — Single Session,13:00,30,2,3,Second job,No,09:30,20,Yes,13:00,13:00,13:30,2,,20,No,No meaningful delay occurred,About the same,Not applicable,No,13:00,Exact — checked using calendar/message/booking records,"Calendar, Booking application/system",
2026-09-24 08:46:25,P193,5,P193-J05,2026-09-25,Care Support,Disability Support,Personal Disability Assistance,,FIXED_DURATION,Yes,N/A — Single Session,14:00,185,1,3,Second job,No,09:30,20,Yes,14:00,14:00,17:15,1,,20,No,No meaningful delay occurred,Yes,Complexity of the problem,No,14:00,Exact — checked using calendar/message/booking records,"Calendar, Booking application/system",
2026-09-24 08:52:07,P193,1,P193-J01,2026-09-25,Care Support,Disability Support,Mobility Support,,FIXED_DURATION,Yes,N/A — Single Session,08:00,85,1,3,First job,Yes,,0,Not applicable,08:15,08:15,09:45,1,,0,Yes,Traffic congestion,About the same,Not applicable,No,08:00,Exact — checked using calendar/message/booking records,"Calendar, Booking application/system",
2026-09-24 08:53:48,P193,2,P193-J02,2026-09-25,Care Support,Disability Support,Daily Living Assistance,,FIXED_DURATION,Yes,N/A — Single Session,09:00,360,1,3,Second job,No,09:30,20,Yes,09:10,09:10,15:25,1,,20,Yes,Traffic congestion,Yes,Complexity of the problem,No,09:00,Exact — checked using calendar/message/booking records,"Calendar, Booking application/system",
2026-09-24 08:56:25,P193,3,P193-J03,2026-09-25,Care Support,Disability Support,Special Needs Support Session,,FIXED_DURATION,Yes,N/A — Single Session,10:00,125,1,3,Second job,No,09:30,20,Yes,10:00,10:00,12:10,1,,20,No,No meaningful delay occurred,About the same,Not applicable,No,10:00,Exact — checked using calendar/message/booking records,"Calendar, Booking application/system",
2026-09-24 09:07:05,P193,4,P193-J04,2026-09-25,Care Support,Personal Assistance,Home Helper Session,,FIXED_DURATION,Yes,N/A — Single Session,11:00,280,1,3,Second job,No,09:30,20,Yes,11:00,11:00,15:40,1,,20,No,No meaningful delay occurred,About the same,Not applicable,No,11:00,Exact — checked using calendar/message/booking records,"Calendar, Booking application/system",
2026-09-24 09:43:33,P193,5,P193-J05,2026-09-25,Care Support,Personal Assistance,Personal Assistance,,FIXED_DURATION,Yes,N/A — Single Session,12:00,355,1,3,Second job,No,09:30,20,Yes,12:00,12:00,17:45,1,,20,No,No meaningful delay occurred,"No, it finished earlier",Not applicable,No,12:00,Exact — checked using calendar/message/booking records,"Calendar, Booking application/system",
2026-09-24 10:02:47,P194,1,P194-J01,2026-09-25,Cleaning,Sofa/Carpet/Curtain Cleaning,Clean Sofa,,TASK_COMPLETION_BASED,Yes,N/A — Single Session,13:00,80,2,3,First job,Yes,,0,Not applicable,13:00,13:00,14:35,2,,0,No,No meaningful delay occurred,Yes,Complexity of the problem,No,13:00,Exact — checked using calendar/message/booking records,"Calendar, Booking application/system",
2026-09-24 10:38:10,P194,2,P194-J02,2026-09-25,Cleaning,Sofa/Carpet/Curtain Cleaning,Deep Clean Sofa,,TASK_COMPLETION_BASED,Yes,N/A — Single Session,14:00,105,2,3,Second job,No,09:30,20,Yes,14:00,14:00,15:45,2,,20,No,No meaningful delay occurred,About the same,Not applicable,No,14:00,Exact — checked using calendar/message/booking records,"Calendar, Booking application/system",
2026-09-24 10:55:50,P194,3,P194-J03,2026-09-25,Cleaning,Sofa/Carpet/Curtain Cleaning,Clean Carpet,,TASK_COMPLETION_BASED,Yes,N/A — Single Session,08:00,65,2,3,Second job,No,09:30,20,Yes,08:15,08:15,09:20,2,,20,Yes,Traffic congestion,About the same,Not applicable,No,08:00,Exact — checked using calendar/message/booking records,"Calendar, Booking application/system",
2026-09-24 11:05:10,P194,4,P194-J04,2026-09-25,Cleaning,Sofa/Carpet/Curtain Cleaning,Deep Clean Carpet,,TASK_COMPLETION_BASED,Yes,N/A — Single Session,09:00,125,2,3,Second job,No,09:30,20,Yes,09:00,09:00,11:05,2,,20,No,No meaningful delay occurred,About the same,Not applicable,No,09:00,Exact — checked using calendar/message/booking records,"Calendar, Booking application/system",
2026-09-24 11:12:29,P194,5,P194-J05,2026-09-25,Cleaning,Sofa/Carpet/Curtain Cleaning,Clean Curtains,,TASK_COMPLETION_BASED,Yes,N/A — Single Session,10:00,65,2,3,Second job,No,09:30,20,Yes,10:00,10:00,11:20,2,,20,No,No meaningful delay occurred,Yes,Complexity of the problem,No,10:00,Exact — checked using calendar/message/booking records,"Calendar, Booking application/system",
2026-09-24 11:45:03,P194,1,P194-J01,2026-09-25,Cleaning,Sofa/Carpet/Curtain Cleaning,Clean Mattress,,TASK_COMPLETION_BASED,Yes,N/A — Single Session,11:00,50,2,3,First job,Yes,,0,Not applicable,11:00,11:00,11:40,2,,0,No,No meaningful delay occurred,"No, it finished earlier",Not applicable,No,11:00,Exact — checked using calendar/message/booking records,"Calendar, Booking application/system",
2026-09-24 12:16:06,P195,2,P195-J02,2026-09-25,Repairing,Electrical Repair,Install Light Fitting,,TASK_COMPLETION_BASED,Yes,N/A — Single Session,12:00,40,2,3,Second job,No,09:30,20,Yes,12:00,12:00,12:55,2,,20,No,No meaningful delay occurred,Yes,Complexity of the problem,No,12:00,Exact — checked using calendar/message/booking records,"Calendar, Booking application/system",
2026-09-24 12:21:22,P195,3,P195-J03,2026-09-25,Repairing,Electrical Repair,Repair Switch,,TASK_COMPLETION_BASED,Yes,N/A — Single Session,13:00,30,2,3,Second job,No,09:30,20,Yes,13:10,13:10,13:40,2,,20,Yes,Traffic congestion,About the same,Not applicable,No,13:00,Exact — checked using calendar/message/booking records,"Calendar, Booking application/system",
2026-09-24 12:29:58,P195,4,P195-J04,2026-09-25,Repairing,Electrical Repair,Replace Power Socket,,TASK_COMPLETION_BASED,Yes,N/A — Single Session,14:00,30,2,3,Second job,No,09:30,20,Yes,14:00,14:00,14:35,2,,20,No,No meaningful delay occurred,About the same,Not applicable,No,14:00,Exact — checked using calendar/message/booking records,"Calendar, Booking application/system",
2026-09-24 12:46:45,P195,5,P195-J05,2026-09-25,Repairing,Electrical Repair,Repair Electrical Wiring,,TASK_COMPLETION_BASED,Yes,N/A — Single Session,08:00,110,2,3,Second job,No,09:30,20,Yes,08:15,08:15,10:15,2,,20,Yes,Traffic congestion,Yes,Complexity of the problem,No,08:00,Exact — checked using calendar/message/booking records,"Calendar, Booking application/system",
2026-09-24 13:19:16,P195,1,P195-J01,2026-09-25,Repairing,Electrical Repair,Install New Wiring,,TASK_COMPLETION_BASED,Yes,N/A — Single Session,09:00,180,2,3,First job,Yes,,0,Not applicable,09:10,09:10,12:10,2,,0,Yes,Traffic congestion,About the same,Not applicable,No,09:00,Exact — checked using calendar/message/booking records,"Calendar, Booking application/system",
2026-09-24 13:29:50,P195,2,P195-J02,2026-09-25,Repairing,Electrical Repair,Repair Air Conditioner,,TASK_COMPLETION_BASED,Yes,N/A — Single Session,10:00,95,2,3,Second job,No,09:30,20,Yes,10:10,10:10,11:40,2,,20,Yes,Traffic congestion,About the same,Not applicable,No,10:00,Exact — checked using calendar/message/booking records,"Calendar, Booking application/system",
2026-09-24 13:37:04,P196,3,P196-J03,2026-09-25,Gardening,Garden Maintenance,Water Plants,,TASK_COMPLETION_BASED,Yes,N/A — Single Session,11:00,35,2,3,Second job,No,09:30,20,Yes,11:10,11:10,11:45,2,,20,Yes,Traffic congestion,About the same,Not applicable,No,11:00,Exact — checked using calendar/message/booking records,"Calendar, Booking application/system",
2026-09-24 14:10:23,P196,4,P196-J04,2026-09-25,Gardening,Garden Maintenance,Cut Grass,,TASK_COMPLETION_BASED,Yes,N/A — Single Session,12:00,95,2,3,Second job,No,09:30,20,Yes,12:00,12:00,13:35,2,,20,No,No meaningful delay occurred,About the same,Not applicable,No,12:00,Exact — checked using calendar/message/booking records,"Calendar, Booking application/system",
2026-09-24 14:28:51,P196,5,P196-J05,2026-09-25,Gardening,Landscaping & Design,Design Medium Garden,,TASK_COMPLETION_BASED,Yes,N/A — Single Session,13:00,275,2,3,Second job,No,09:30,20,Yes,13:00,13:00,17:25,2,,20,No,No meaningful delay occurred,"No, it finished earlier",Not applicable,No,13:00,Exact — checked using calendar/message/booking records,"Calendar, Booking application/system",
2026-09-24 14:31:48,P196,1,P196-J01,2026-09-25,Gardening,Landscaping & Design,Basic Landscaping,,TASK_COMPLETION_BASED,Yes,N/A — Single Session,14:00,250,2,3,First job,Yes,,0,Not applicable,14:00,14:00,18:20,2,,0,No,No meaningful delay occurred,Yes,Complexity of the problem,No,14:00,Exact — checked using calendar/message/booking records,"Calendar, Booking application/system",
2026-09-24 14:46:45,P196,2,P196-J02,2026-09-25,Gardening,Landscaping & Design,Landscape Existing Garden,,TASK_COMPLETION_BASED,Yes,N/A — Single Session,08:00,410,2,3,Second job,No,09:30,20,Yes,08:00,08:00,15:00,2,,20,No,No meaningful delay occurred,Yes,Complexity of the problem,No,08:00,Exact — checked using calendar/message/booking records,"Calendar, Booking application/system",
2026-09-24 15:00:12,P197,3,P197-J03,2026-09-25,Repairing,Plumbing Repair,Install Water Pipe,,TASK_COMPLETION_BASED,Yes,N/A — Single Session,09:00,125,1,3,Second job,No,09:30,20,Yes,09:00,09:00,11:05,1,,20,No,No meaningful delay occurred,About the same,Not applicable,No,09:00,Exact — checked using calendar/message/booking records,"Calendar, Booking application/system",
2026-09-24 15:23:39,P197,4,P197-J04,2026-09-25,Repairing,Plumbing Repair,Replace Water Pipe,,TASK_COMPLETION_BASED,Yes,N/A — Single Session,10:00,125,1,3,Second job,No,09:30,20,Yes,10:00,10:00,12:00,1,,20,No,No meaningful delay occurred,About the same,Not applicable,No,10:00,Exact — checked using calendar/message/booking records,"Calendar, Booking application/system",
2026-09-24 15:23:59,P197,5,P197-J05,2026-09-25,Repairing,Plumbing Repair,Replace Tap,,TASK_COMPLETION_BASED,Yes,N/A — Single Session,11:00,30,1,3,Second job,No,09:30,20,Yes,11:00,11:00,11:45,1,,20,No,No meaningful delay occurred,Yes,Complexity of the problem,No,11:00,Exact — checked using calendar/message/booking records,"Calendar, Booking application/system",
2026-09-24 15:25:56,P197,1,P197-J01,2026-09-25,Repairing,Plumbing Repair,Repair Tap,,TASK_COMPLETION_BASED,Yes,N/A — Single Session,12:00,35,1,3,First job,Yes,,0,Not applicable,12:15,12:15,12:50,1,,0,Yes,Traffic congestion,About the same,Not applicable,No,12:00,Exact — checked using calendar/message/booking records,"Calendar, Booking application/system",
2026-09-24 15:41:50,P197,2,P197-J02,2026-09-25,Repairing,Plumbing Repair,Install Water Tank,,TASK_COMPLETION_BASED,Yes,N/A — Single Session,13:00,205,1,3,Second job,No,09:30,20,Yes,13:10,13:10,16:35,1,,20,Yes,Traffic congestion,About the same,Not applicable,No,13:00,Exact — checked using calendar/message/booking records,"Calendar, Booking application/system",
2026-09-24 16:11:15,P197,3,P197-J03,2026-09-25,Repairing,Plumbing Repair,Repair Sink Plumbing,,TASK_COMPLETION_BASED,Yes,N/A — Single Session,14:00,70,1,3,Second job,No,09:30,20,Yes,14:05,14:05,15:15,1,,20,No,No meaningful delay occurred,About the same,Not applicable,No,14:00,Exact — checked using calendar/message/booking records,"Calendar, Booking application/system",
2026-09-24 17:19:01,P197,4,P197-J04,2026-09-25,Repairing,Plumbing Repair,Install Bathroom Pipe,,TASK_COMPLETION_BASED,Yes,N/A — Single Session,08:00,155,1,3,Second job,No,09:30,20,Yes,08:15,08:15,10:50,1,,20,Yes,Traffic congestion,About the same,Not applicable,No,08:00,Exact — checked using calendar/message/booking records,"Calendar, Booking application/system",
2026-09-24 18:16:04,P198,5,P198-J05,2026-09-25,Repairing,Furniture Repair,Repair Dining Table,,TASK_COMPLETION_BASED,Yes,N/A — Single Session,09:00,90,1,3,Second job,No,09:30,20,Yes,09:15,09:15,10:45,1,,20,Yes,Traffic congestion,About the same,Not applicable,No,09:00,Exact — checked using calendar/message/booking records,"Calendar, Booking application/system",
2026-09-24 18:24:54,P198,1,P198-J01,2026-09-25,Repairing,Furniture Repair,Repair Bed Frame,,TASK_COMPLETION_BASED,Yes,N/A — Single Session,10:00,115,1,3,First job,Yes,,0,Not applicable,10:00,10:00,12:05,1,,0,No,No meaningful delay occurred,Yes,Complexity of the problem,No,10:00,Exact — checked using calendar/message/booking records,"Calendar, Booking application/system",
2026-09-24 18:56:30,P198,2,P198-J02,2026-09-25,Repairing,Furniture Repair,Repair Cupboard,,TASK_COMPLETION_BASED,Yes,N/A — Single Session,11:00,100,1,3,Second job,No,09:30,20,Yes,11:05,11:05,12:45,1,,20,No,No meaningful delay occurred,About the same,Not applicable,No,11:00,Exact — checked using calendar/message/booking records,"Calendar, Booking application/system",
2026-09-24 19:07:36,P198,3,P198-J03,2026-09-25,Repairing,Furniture Repair,Repair Cabinet,,TASK_COMPLETION_BASED,Yes,N/A — Single Session,12:00,75,1,3,Second job,No,09:30,20,Yes,12:00,12:00,13:30,1,,20,No,No meaningful delay occurred,Yes,Complexity of the problem,No,12:00,Exact — checked using calendar/message/booking records,"Calendar, Booking application/system",
2026-09-24 19:08:35,P198,4,P198-J04,2026-09-25,Repairing,Furniture Repair,Repair Wooden Door,,TASK_COMPLETION_BASED,Yes,N/A — Single Session,13:00,90,1,3,Second job,No,09:30,20,Yes,13:00,13:00,14:25,1,,20,No,No meaningful delay occurred,About the same,Not applicable,No,13:00,Exact — checked using calendar/message/booking records,"Calendar, Booking application/system",
2026-09-24 19:41:15,P199,5,P199-J05,2026-09-25,Repairing,Painting & Renovation,Minor Renovation Work,,TASK_COMPLETION_BASED,Yes,N/A — Single Session,14:00,280,3,3,Second job,No,09:30,20,Yes,14:00,14:00,18:35,3,,20,No,No meaningful delay occurred,About the same,Not applicable,No,14:00,Exact — checked using calendar/message/booking records,"Calendar, Booking application/system",
2026-09-24 19:56:42,P199,1,P199-J01,2026-09-25,Repairing,Roofing Repair,Inspect Roof Damage,,TASK_COMPLETION_BASED,Yes,N/A — Single Session,08:00,60,3,3,First job,Yes,,0,Not applicable,08:15,08:15,09:15,3,,0,Yes,Traffic congestion,About the same,Not applicable,No,08:00,Exact — checked using calendar/message/booking records,"Calendar, Booking application/system",
2026-09-24 20:02:39,P199,2,P199-J02,2026-09-25,Repairing,Roofing Repair,Seal Roof Leakage,,TASK_COMPLETION_BASED,Yes,N/A — Single Session,09:00,100,3,3,Second job,No,09:30,20,Yes,09:00,09:00,10:40,3,,20,No,No meaningful delay occurred,About the same,Not applicable,No,09:00,Exact — checked using calendar/message/booking records,"Calendar, Booking application/system",
2026-09-24 20:09:45,P200,3,P200-J03,2026-09-25,Repairing,Roofing Repair,Replace Roof Sheet,,TASK_COMPLETION_BASED,Yes,N/A — Single Session,10:00,140,3,3,Second job,No,09:30,20,Yes,10:15,10:15,12:25,3,,20,Yes,Traffic congestion,"No, it finished earlier",Not applicable,No,10:00,Exact — checked using calendar/message/booking records,"Calendar, Booking application/system",
2026-09-24 20:26:26,P200,4,P200-J04,2026-09-25,Repairing,Roofing Repair,Seal Roof Leakage,,TASK_COMPLETION_BASED,Yes,N/A — Single Session,11:00,100,3,3,Second job,No,09:30,20,Yes,11:15,11:15,13:00,3,,20,Yes,Traffic congestion,About the same,Not applicable,No,11:00,Exact — checked using calendar/message/booking records,"Calendar, Booking application/system",
2026-09-24 20:26:54,P200,5,P200-J05,2026-09-25,Repairing,Roofing Repair,Minor Roof Maintenance,,TASK_COMPLETION_BASED,Yes,N/A — Single Session,12:00,90,3,3,Second job,No,09:30,20,Yes,12:05,12:05,13:35,3,,20,No,No meaningful delay occurred,About the same,Not applicable,No,12:00,Exact — checked using calendar/message/booking records,"Calendar, Booking application/system",
2026-09-24 20:42:52,P201,1,P201-J01,2026-09-25,Cleaning,Sofa/Carpet/Curtain Cleaning,Clean Sofa,,TASK_COMPLETION_BASED,Yes,N/A — Single Session,13:00,95,1,3,First job,Yes,,0,Not applicable,13:00,13:00,14:50,1,,0,No,No meaningful delay occurred,Yes,Complexity of the problem,No,13:00,Exact — checked using calendar/message/booking records,"Calendar, Booking application/system",
2026-09-24 20:48:56,P201,2,P201-J02,2026-09-25,Cleaning,Sofa/Carpet/Curtain Cleaning,Deep Clean Sofa,,TASK_COMPLETION_BASED,Yes,N/A — Single Session,14:00,125,1,3,Second job,No,09:30,20,Yes,14:00,14:00,16:05,1,,20,No,No meaningful delay occurred,About the same,Not applicable,No,14:00,Exact — checked using calendar/message/booking records,"Calendar, Booking application/system",
2026-09-24 20:59:22,P201,3,P201-J03,2026-09-25,Cleaning,Sofa/Carpet/Curtain Cleaning,Clean Carpet,,TASK_COMPLETION_BASED,Yes,N/A — Single Session,08:00,70,1,3,Second job,No,09:30,20,Yes,08:00,08:00,09:10,1,,20,No,No meaningful delay occurred,About the same,Not applicable,No,08:00,Exact — checked using calendar/message/booking records,"Calendar, Booking application/system",
2026-09-24 21:01:40,P201,4,P201-J04,2026-09-25,Cleaning,Sofa/Carpet/Curtain Cleaning,Clean Mattress,,TASK_COMPLETION_BASED,Yes,N/A — Single Session,09:00,55,1,3,Second job,No,09:30,20,Yes,09:05,09:05,10:00,1,,20,No,No meaningful delay occurred,About the same,Not applicable,No,09:00,Exact — checked using calendar/message/booking records,"Calendar, Booking application/system",
2026-09-24 21:21:10,P201,5,P201-J05,2026-09-25,Cleaning,Sofa/Carpet/Curtain Cleaning,Deep Clean Mattress,,TASK_COMPLETION_BASED,Yes,N/A — Single Session,10:00,95,1,3,Second job,No,09:30,20,Yes,10:00,10:00,11:45,1,,20,No,No meaningful delay occurred,Yes,Complexity of the problem,No,10:00,Exact — checked using calendar/message/booking records,"Calendar, Booking application/system",
2026-09-24 21:22:26,P202,1,P202-J01,2026-09-25,Gardening,Garden Maintenance,Water Plants,,TASK_COMPLETION_BASED,Yes,N/A — Single Session,11:00,35,2,3,First job,Yes,,0,Not applicable,11:10,11:10,11:45,2,,0,Yes,Traffic congestion,About the same,Not applicable,No,11:00,Exact — checked using calendar/message/booking records,"Calendar, Booking application/system",
2026-09-24 21:41:56,P202,2,P202-J02,2026-09-25,Gardening,Garden Maintenance,Cut Grass,,TASK_COMPLETION_BASED,Yes,N/A — Single Session,12:00,100,2,3,Second job,No,09:30,20,Yes,12:15,12:15,14:00,2,,20,Yes,Traffic congestion,About the same,Not applicable,No,12:00,Exact — checked using calendar/message/booking records,"Calendar, Booking application/system",
2026-09-24 21:43:49,P202,3,P202-J03,2026-09-25,Gardening,Garden Maintenance,Mow Lawn,,TASK_COMPLETION_BASED,Yes,N/A — Single Session,13:00,70,2,3,Second job,No,09:30,20,Yes,13:15,13:15,14:25,2,,20,Yes,Traffic congestion,About the same,Not applicable,No,13:00,Exact — checked using calendar/message/booking records,"Calendar, Booking application/system",
2026-09-25 08:05:31,P202,4,P202-J04,2026-09-25,Gardening,Garden Maintenance,Remove Weeds,,TASK_COMPLETION_BASED,Yes,N/A — Single Session,14:00,70,2,3,Second job,No,09:30,20,Yes,14:10,14:10,15:30,2,,20,Yes,Traffic congestion,Yes,Complexity of the problem,No,14:00,Exact — checked using calendar/message/booking records,"Calendar, Booking application/system",
2026-09-25 09:24:17,P202,5,P202-J05,2026-09-25,Gardening,Garden Maintenance,Prune Plants,,TASK_COMPLETION_BASED,Yes,N/A — Single Session,08:00,70,2,3,Second job,No,09:30,20,Yes,08:05,08:05,09:05,2,,20,No,No meaningful delay occurred,"No, it finished earlier",Not applicable,No,08:00,Exact — checked using calendar/message/booking records,"Calendar, Booking application/system",
2026-09-25 09:26:30,P203,1,P203-J01,2026-09-25,Cleaning,House Cleaning,Mop and Clean Floors,,TASK_COMPLETION_BASED,Yes,N/A — Single Session,09:00,55,5,3,First job,Yes,,0,Not applicable,09:15,09:15,10:10,5,,0,Yes,Traffic congestion,About the same,Not applicable,No,09:00,Exact — checked using calendar/message/booking records,"Calendar, Booking application/system",
2026-09-25 09:36:22,P203,2,P203-J02,2026-09-25,Cleaning,House Cleaning,Full Home Cleaning,,TASK_COMPLETION_BASED,Yes,N/A — Single Session,10:00,205,5,3,Second job,No,09:30,20,Yes,10:05,10:05,13:20,5,,20,No,No meaningful delay occurred,"No, it finished earlier",Not applicable,No,10:00,Exact — checked using calendar/message/booking records,"Calendar, Booking application/system",
2026-09-25 09:40:41,P203,3,P203-J03,2026-09-25,Cleaning,Sofa/Carpet/Curtain Cleaning,Clean Sofa,,TASK_COMPLETION_BASED,Yes,N/A — Single Session,11:00,65,5,3,Second job,No,09:30,20,Yes,11:00,11:00,12:05,5,,20,No,No meaningful delay occurred,About the same,Not applicable,No,11:00,Exact — checked using calendar/message/booking records,"Calendar, Booking application/system",
2026-09-25 09:47:59,P203,4,P203-J04,2026-09-25,Cleaning,Sofa/Carpet/Curtain Cleaning,Steam Clean Curtains,,TASK_COMPLETION_BASED,Yes,N/A — Single Session,12:00,100,5,3,Second job,No,09:30,20,Yes,12:00,12:00,13:55,5,,20,No,No meaningful delay occurred,Yes,Complexity of the problem,No,12:00,Exact — checked using calendar/message/booking records,"Calendar, Booking application/system",
2026-09-25 10:34:21,P203,5,P203-J05,2026-09-25,Cleaning,Sofa/Carpet/Curtain Cleaning,Deep Clean Mattress,,TASK_COMPLETION_BASED,Yes,N/A — Single Session,13:00,85,5,3,Second job,No,09:30,20,Yes,13:00,13:00,14:30,5,,20,No,No meaningful delay occurred,About the same,Not applicable,No,13:00,Exact — checked using calendar/message/booking records,"Calendar, Booking application/system",
2026-09-25 10:55:14,P204,1,P204-J01,2026-09-25,Repairing,Furniture Repair,Repair Bed Frame,,TASK_COMPLETION_BASED,Yes,N/A — Single Session,14:00,100,1,3,First job,Yes,,0,Not applicable,14:05,14:05,15:35,1,,0,No,No meaningful delay occurred,"No, it finished earlier",Not applicable,No,14:00,Exact — checked using calendar/message/booking records,"Calendar, Booking application/system",
2026-09-25 11:10:22,P204,2,P204-J02,2026-09-25,Repairing,Furniture Repair,Repair Cupboard,,TASK_COMPLETION_BASED,Yes,N/A — Single Session,08:00,105,1,3,Second job,No,09:30,20,Yes,08:00,08:00,09:45,1,,20,No,No meaningful delay occurred,About the same,Not applicable,No,08:00,Exact — checked using calendar/message/booking records,"Calendar, Booking application/system",
2026-09-25 11:24:38,P204,3,P204-J03,2026-09-25,Repairing,Furniture Repair,Repair Cabinet,,TASK_COMPLETION_BASED,Yes,N/A — Single Session,09:00,70,1,3,Second job,No,09:30,20,Yes,09:00,09:00,10:25,1,,20,No,No meaningful delay occurred,Yes,Complexity of the problem,No,09:00,Exact — checked using calendar/message/booking records,"Calendar, Booking application/system",
2026-09-25 11:45:15,P204,4,P204-J04,2026-09-25,Repairing,Furniture Repair,Repair Wooden Door,,TASK_COMPLETION_BASED,Yes,N/A — Single Session,10:00,90,1,3,Second job,No,09:30,20,Yes,10:10,10:10,11:40,1,,20,Yes,Traffic congestion,About the same,Not applicable,No,10:00,Exact — checked using calendar/message/booking records,"Calendar, Booking application/system",
2026-09-25 12:01:25,P204,5,P204-J05,2026-09-25,Repairing,Furniture Repair,Replace Furniture Hardware,,TASK_COMPLETION_BASED,Yes,N/A — Single Session,11:00,25,1,3,Second job,No,09:30,20,Yes,11:10,11:10,11:45,1,,20,Yes,Traffic congestion,Yes,Complexity of the problem,No,11:00,Exact — checked using calendar/message/booking records,"Calendar, Booking application/system",
2026-09-25 12:20:35,P205,1,P205-J01,2026-09-25,Cleaning,House Cleaning,General House Cleaning,,TASK_COMPLETION_BASED,Yes,N/A — Single Session,12:00,125,2,3,First job,Yes,,0,Not applicable,12:00,12:00,13:55,2,,0,No,No meaningful delay occurred,"No, it finished earlier",Not applicable,No,12:00,Exact — checked using calendar/message/booking records,"Calendar, Booking application/system",
2026-09-25 12:49:52,P205,2,P205-J02,2026-09-25,Cleaning,House Cleaning,Deep Clean House,,TASK_COMPLETION_BASED,Yes,N/A — Single Session,13:00,245,2,3,Second job,No,09:30,20,Yes,13:15,13:15,17:25,2,,20,Yes,Traffic congestion,About the same,Not applicable,No,13:00,Exact — checked using calendar/message/booking records,"Calendar, Booking application/system",
2026-09-25 12:59:45,P205,3,P205-J03,2026-09-25,Cleaning,House Cleaning,Clean Single Room,,TASK_COMPLETION_BASED,Yes,N/A — Single Session,14:00,55,2,3,Second job,No,09:30,20,Yes,14:05,14:05,15:10,2,,20,No,No meaningful delay occurred,Yes,Complexity of the problem,No,14:00,Exact — checked using calendar/message/booking records,"Calendar, Booking application/system",
2026-09-25 13:44:58,P205,4,P205-J04,2026-09-25,Cleaning,House Cleaning,Mop and Clean Floors,,TASK_COMPLETION_BASED,Yes,N/A — Single Session,08:00,60,2,3,Second job,No,09:30,20,Yes,08:00,08:00,09:00,2,,20,No,No meaningful delay occurred,About the same,Not applicable,No,08:00,Exact — checked using calendar/message/booking records,"Calendar, Booking application/system",
2026-09-25 13:55:01,P205,5,P205-J05,2026-09-25,Cleaning,House Cleaning,Dust and Surface Cleaning,,TASK_COMPLETION_BASED,Yes,N/A — Single Session,09:00,50,2,3,Second job,No,09:30,20,Yes,09:05,09:05,10:00,2,,20,No,No meaningful delay occurred,About the same,Not applicable,No,09:00,Exact — checked using calendar/message/booking records,"Calendar, Booking application/system",
2026-09-25 14:18:58,P205,1,P205-J01,2026-09-25,Cleaning,House Cleaning,Full Home Cleaning,,TASK_COMPLETION_BASED,Yes,N/A — Single Session,10:00,220,2,3,First job,Yes,,0,Not applicable,10:10,10:10,13:55,2,,0,Yes,Traffic congestion,About the same,Not applicable,No,10:00,Exact — checked using calendar/message/booking records,"Calendar, Booking application/system",
2026-09-25 14:35:18,P206,2,P206-J02,2026-09-25,Care Support,Personal Assistance,Home Helper Session,,FIXED_DURATION,Yes,N/A — Single Session,11:00,290,1,3,Second job,No,09:30,20,Yes,11:10,11:10,15:55,1,,20,Yes,Traffic congestion,About the same,Not applicable,No,11:00,Exact — checked using calendar/message/booking records,"Calendar, Booking application/system",
2026-09-25 15:03:21,P206,3,P206-J03,2026-09-25,Care Support,Personal Assistance,Personal Assistance,,SHIFT_BASED,Yes,N/A — Single Session,12:00,330,1,3,Second job,No,09:30,20,Yes,12:05,12:05,17:35,1,,20,No,No meaningful delay occurred,About the same,Not applicable,No,12:00,Exact — checked using calendar/message/booking records,"Calendar, Booking application/system",
2026-09-25 15:12:37,P206,4,P206-J04,2026-09-25,Care Support,Personal Assistance,Daily Household Assistance,,TASK_COMPLETION_BASED,Yes,N/A — Single Session,13:00,175,1,3,Second job,No,09:30,20,Yes,13:00,13:00,16:10,1,,20,No,No meaningful delay occurred,Yes,Complexity of the problem,No,13:00,Exact — checked using calendar/message/booking records,"Calendar, Booking application/system",
2026-09-25 15:15:11,P206,5,P206-J05,2026-09-25,Care Support,Personal Assistance,Errand Assistance,,TASK_COMPLETION_BASED,Yes,N/A — Single Session,14:00,75,1,3,Second job,No,09:30,20,Yes,14:00,14:00,15:25,1,,20,No,No meaningful delay occurred,Yes,Complexity of the problem,No,14:00,Exact — checked using calendar/message/booking records,"Calendar, Booking application/system",
2026-09-25 15:24:51,P206,1,P206-J01,2026-09-25,Care Support,Personal Assistance,Daily Task Support,,FIXED_DURATION,Yes,N/A — Single Session,08:00,125,1,3,First job,Yes,,0,Not applicable,08:00,08:00,10:20,1,,0,No,No meaningful delay occurred,Yes,Complexity of the problem,No,08:00,Exact — checked using calendar/message/booking records,"Calendar, Booking application/system",
2026-09-25 16:32:13,P207,2,P207-J02,2026-09-25,Care Support,Child Care,Babysitting,,SHIFT_BASED,Yes,N/A — Single Session,09:00,285,3,3,Second job,No,09:30,20,Yes,09:00,09:00,13:55,3,,20,No,No meaningful delay occurred,Yes,Complexity of the problem,No,09:00,Exact — checked using calendar/message/booking records,"Calendar, Booking application/system",
2026-09-25 16:37:56,P207,3,P207-J03,2026-09-25,Care Support,Child Care,Baby Care Session,,FIXED_DURATION,Yes,N/A — Single Session,10:00,175,3,3,Second job,No,09:30,20,Yes,10:10,10:10,13:05,3,,20,Yes,Traffic congestion,About the same,Not applicable,No,10:00,Exact — checked using calendar/message/booking records,"Calendar, Booking application/system",
2026-09-25 16:47:09,P207,4,P207-J04,2026-09-25,Care Support,Personal Assistance,Personal Assistance,,SHIFT_BASED,Yes,N/A — Single Session,11:00,330,3,3,Second job,No,09:30,20,Yes,11:10,11:10,16:30,3,,20,Yes,Traffic congestion,"No, it finished earlier",Not applicable,No,11:00,Exact — checked using calendar/message/booking records,"Calendar, Booking application/system",
2026-09-25 17:23:24,P208,5,P208-J05,2026-09-25,Repairing,Electrical Repair,Repair Ceiling Fan,,TASK_COMPLETION_BASED,Yes,N/A — Single Session,12:00,45,3,3,Second job,No,09:30,20,Yes,12:00,12:00,12:35,3,,20,No,No meaningful delay occurred,"No, it finished earlier",Not applicable,No,12:00,Exact — checked using calendar/message/booking records,"Calendar, Booking application/system",
2026-09-25 17:29:38,P208,1,P208-J01,2026-09-25,Repairing,Electrical Repair,Install Light Fitting,,TASK_COMPLETION_BASED,Yes,N/A — Single Session,13:00,30,3,3,First job,Yes,,0,Not applicable,13:10,13:10,13:55,3,,0,Yes,Traffic congestion,Yes,Complexity of the problem,No,13:00,Exact — checked using calendar/message/booking records,"Calendar, Booking application/system",
2026-09-25 17:48:41,P208,2,P208-J02,2026-09-25,Repairing,Electrical Repair,Install Switch,,TASK_COMPLETION_BASED,Yes,N/A — Single Session,14:00,30,3,3,Second job,No,09:30,20,Yes,14:00,14:00,14:40,3,,20,No,No meaningful delay occurred,Yes,Complexity of the problem,No,14:00,Exact — checked using calendar/message/booking records,"Calendar, Booking application/system",
2026-09-25 18:12:50,P208,3,P208-J03,2026-09-25,Repairing,Electrical Repair,Repair Refrigerator,,TASK_COMPLETION_BASED,Yes,N/A — Single Session,08:00,95,3,3,Second job,No,09:30,20,Yes,08:15,08:15,09:55,3,,20,Yes,Traffic congestion,About the same,Not applicable,No,08:00,Exact — checked using calendar/message/booking records,"Calendar, Booking application/system",
2026-09-25 18:13:04,P209,4,P209-J04,2026-09-25,Cleaning,Sofa/Carpet/Curtain Cleaning,Clean Sofa,,TASK_COMPLETION_BASED,Yes,N/A — Single Session,09:00,80,3,3,Second job,No,09:30,20,Yes,09:00,09:00,10:20,3,,20,No,No meaningful delay occurred,About the same,Not applicable,No,09:00,Exact — checked using calendar/message/booking records,"Calendar, Booking application/system",
2026-09-25 18:21:32,P209,5,P209-J05,2026-09-25,Cleaning,Sofa/Carpet/Curtain Cleaning,Deep Clean Sofa,,TASK_COMPLETION_BASED,Yes,N/A — Single Session,10:00,100,3,3,Second job,No,09:30,20,Yes,10:15,10:15,11:45,3,,20,Yes,Traffic congestion,"No, it finished earlier",Not applicable,No,10:00,Exact — checked using calendar/message/booking records,"Calendar, Booking application/system",
2026-09-25 18:56:25,P209,1,P209-J01,2026-09-25,Cleaning,Sofa/Carpet/Curtain Cleaning,Clean Carpet,,TASK_COMPLETION_BASED,Yes,N/A — Single Session,11:00,75,3,3,First job,Yes,,0,Not applicable,11:15,11:15,12:25,3,,0,Yes,Traffic congestion,About the same,Not applicable,No,11:00,Exact — checked using calendar/message/booking records,"Calendar, Booking application/system",
2026-09-25 20:07:42,P209,2,P209-J02,2026-09-25,Cleaning,Sofa/Carpet/Curtain Cleaning,Deep Clean Carpet,,TASK_COMPLETION_BASED,Yes,N/A — Single Session,12:00,120,3,3,Second job,No,09:30,20,Yes,12:00,12:00,13:55,3,,20,No,No meaningful delay occurred,About the same,Not applicable,No,12:00,Exact — checked using calendar/message/booking records,"Calendar, Booking application/system",
2026-09-25 20:17:44,P209,3,P209-J03,2026-09-25,Cleaning,Sofa/Carpet/Curtain Cleaning,Clean Curtains,,TASK_COMPLETION_BASED,Yes,N/A — Single Session,13:00,65,3,3,Second job,No,09:30,20,Yes,13:00,13:00,14:20,3,,20,No,No meaningful delay occurred,Yes,Complexity of the problem,No,13:00,Exact — checked using calendar/message/booking records,"Calendar, Booking application/system",
2026-09-25 20:18:53,P209,4,P209-J04,2026-09-25,Cleaning,Sofa/Carpet/Curtain Cleaning,Steam Clean Curtains,,TASK_COMPLETION_BASED,Yes,N/A — Single Session,14:00,95,3,3,Second job,No,09:30,20,Yes,14:00,14:00,15:35,3,,20,No,No meaningful delay occurred,About the same,Not applicable,No,14:00,Exact — checked using calendar/message/booking records,"Calendar, Booking application/system",
2026-09-25 20:19:58,P209,5,P209-J05,2026-09-25,Cleaning,Sofa/Carpet/Curtain Cleaning,Clean Mattress,,TASK_COMPLETION_BASED,Yes,N/A — Single Session,08:00,45,3,3,Second job,No,09:30,20,Yes,08:15,08:15,08:50,3,,20,Yes,Traffic congestion,"No, it finished earlier",Not applicable,No,08:00,Exact — checked using calendar/message/booking records,"Calendar, Booking application/system",
2026-09-25 20:38:48,P209,1,P209-J01,2026-09-25,Cleaning,Sofa/Carpet/Curtain Cleaning,Deep Clean Mattress,,TASK_COMPLETION_BASED,Yes,N/A — Single Session,09:00,90,3,3,First job,Yes,,0,Not applicable,09:00,09:00,10:30,3,,0,No,No meaningful delay occurred,About the same,Not applicable,No,09:00,Exact — checked using calendar/message/booking records,"Calendar, Booking application/system",
2026-09-25 20:46:31,P210,2,P210-J02,2026-09-25,Gardening,Garden Maintenance,Water Plants,,TASK_COMPLETION_BASED,Yes,N/A — Single Session,10:00,40,1,3,Second job,No,09:30,20,Yes,10:00,10:00,10:30,1,,20,No,No meaningful delay occurred,"No, it finished earlier",Not applicable,No,10:00,Exact — checked using calendar/message/booking records,"Calendar, Booking application/system",
2026-09-25 20:52:10,P210,3,P210-J03,2026-09-25,Gardening,Garden Maintenance,Cut Grass,,TASK_COMPLETION_BASED,Yes,N/A — Single Session,11:00,105,1,3,Second job,No,09:30,20,Yes,11:05,11:05,13:00,1,,20,No,No meaningful delay occurred,Yes,Complexity of the problem,No,11:00,Exact — checked using calendar/message/booking records,"Calendar, Booking application/system",
2026-09-25 21:00:25,P210,4,P210-J04,2026-09-25,Gardening,Garden Maintenance,Mow Lawn,,TASK_COMPLETION_BASED,Yes,N/A — Single Session,12:00,70,1,3,Second job,No,09:30,20,Yes,12:05,12:05,13:05,1,,20,No,No meaningful delay occurred,"No, it finished earlier",Not applicable,No,12:00,Exact — checked using calendar/message/booking records,"Calendar, Booking application/system",
2026-09-25 21:08:19,P211,5,P211-J05,2026-09-25,Cleaning,Kitchen Cleaning,General Kitchen Cleaning,,TASK_COMPLETION_BASED,Yes,N/A — Single Session,13:00,60,3,3,Second job,No,09:30,20,Yes,13:00,13:00,14:00,3,,20,No,No meaningful delay occurred,About the same,Not applicable,No,13:00,Exact — checked using calendar/message/booking records,"Calendar, Booking application/system",
2026-09-25 21:21:31,P211,1,P211-J01,2026-09-25,Cleaning,Kitchen Cleaning,Deep Clean Kitchen,,TASK_COMPLETION_BASED,Yes,N/A — Single Session,14:00,130,3,3,First job,Yes,,0,Not applicable,14:00,14:00,16:20,3,,0,No,No meaningful delay occurred,Yes,Complexity of the problem,No,14:00,Exact — checked using calendar/message/booking records,"Calendar, Booking application/system",
2026-09-25 21:46:10,P211,2,P211-J02,2026-09-25,Cleaning,Kitchen Cleaning,Clean Kitchen Floor,,TASK_COMPLETION_BASED,Yes,N/A — Single Session,08:00,30,3,3,Second job,No,09:30,20,Yes,08:00,08:00,08:40,3,,20,No,No meaningful delay occurred,Yes,Complexity of the problem,No,08:00,Exact — checked using calendar/message/booking records,"Calendar, Booking application/system",
2026-09-26 08:14:42,P212,3,P212-J03,2026-09-25,Cleaning,House Cleaning,General House Cleaning,,TASK_COMPLETION_BASED,Yes,N/A — Single Session,09:00,130,3,3,Second job,No,09:30,20,Yes,09:10,09:10,11:20,3,,20,Yes,Traffic congestion,About the same,Not applicable,No,09:00,Exact — checked using calendar/message/booking records,"Calendar, Booking application/system",
2026-09-26 08:17:50,P212,4,P212-J04,2026-09-25,Cleaning,Move In/Out Cleaning,Move-In Cleaning,,TASK_COMPLETION_BASED,Yes,N/A — Single Session,10:00,180,3,3,Second job,No,09:30,20,Yes,10:00,10:00,12:55,3,,20,No,No meaningful delay occurred,About the same,Not applicable,No,10:00,Exact — checked using calendar/message/booking records,"Calendar, Booking application/system",
2026-09-26 08:46:26,P212,5,P212-J05,2026-09-25,Cleaning,Move In/Out Cleaning,Move-Out Cleaning,,TASK_COMPLETION_BASED,Yes,N/A — Single Session,11:00,225,3,3,Second job,No,09:30,20,Yes,11:00,11:00,14:45,3,,20,No,No meaningful delay occurred,About the same,Not applicable,No,11:00,Exact — checked using calendar/message/booking records,"Calendar, Booking application/system",
2026-09-26 08:48:00,P212,1,P212-J01,2026-09-25,Cleaning,Move In/Out Cleaning,Empty Property Deep Cleaning,,TASK_COMPLETION_BASED,Yes,N/A — Single Session,12:00,300,3,3,First job,Yes,,0,Not applicable,12:00,12:00,16:55,3,,0,No,No meaningful delay occurred,About the same,Not applicable,No,12:00,Exact — checked using calendar/message/booking records,"Calendar, Booking application/system",
2026-09-26 09:03:52,P212,2,P212-J02,2026-09-25,Cleaning,Post-Construction Cleaning,Remove Construction Dust,,TASK_COMPLETION_BASED,Yes,N/A — Single Session,13:00,165,3,3,Second job,No,09:30,20,Yes,13:00,13:00,15:35,3,,20,No,No meaningful delay occurred,"No, it finished earlier",Not applicable,No,13:00,Exact — checked using calendar/message/booking records,"Calendar, Booking application/system",
2026-09-26 09:33:00,P212,3,P212-J03,2026-09-25,Cleaning,Post-Construction Cleaning,Clean Newly Built Property,,TASK_COMPLETION_BASED,Yes,N/A — Single Session,14:00,355,3,3,Second job,No,09:30,20,Yes,14:00,14:00,20:00,3,,20,No,No meaningful delay occurred,About the same,Not applicable,No,14:00,Exact — checked using calendar/message/booking records,"Calendar, Booking application/system",
2026-09-26 09:35:24,P213,4,P213-J04,2026-09-25,Cleaning,Move In/Out Cleaning,Move-In Cleaning,,TASK_COMPLETION_BASED,Yes,N/A — Single Session,08:00,210,1,3,Second job,No,09:30,20,Yes,08:00,08:00,11:20,1,,20,No,No meaningful delay occurred,"No, it finished earlier",Not applicable,No,08:00,Exact — checked using calendar/message/booking records,"Calendar, Booking application/system",
2026-09-26 10:12:41,P213,5,P213-J05,2026-09-25,Cleaning,Move In/Out Cleaning,Move-Out Cleaning,,TASK_COMPLETION_BASED,Yes,N/A — Single Session,09:00,240,1,3,Second job,No,09:30,20,Yes,09:15,09:15,13:15,1,,20,Yes,Traffic congestion,About the same,Not applicable,No,09:00,Exact — checked using calendar/message/booking records,"Calendar, Booking application/system",
2026-09-26 10:20:17,P213,1,P213-J01,2026-09-25,Cleaning,Move In/Out Cleaning,Empty Property Deep Cleaning,,TASK_COMPLETION_BASED,Yes,N/A — Single Session,10:00,385,1,3,First job,Yes,,0,Not applicable,10:00,10:00,16:35,1,,0,No,No meaningful delay occurred,Yes,Complexity of the problem,No,10:00,Exact — checked using calendar/message/booking records,"Calendar, Booking application/system",
2026-09-26 10:24:55,P213,2,P213-J02,2026-09-25,Cleaning,Post-Construction Cleaning,Post-Construction House Cleaning,,TASK_COMPLETION_BASED,Yes,N/A — Single Session,11:00,355,1,3,Second job,No,09:30,20,Yes,11:00,11:00,17:05,1,,20,No,No meaningful delay occurred,Yes,Complexity of the problem,No,11:00,Exact — checked using calendar/message/booking records,"Calendar, Booking application/system",
2026-09-26 10:26:12,P213,3,P213-J03,2026-09-25,Cleaning,Post-Construction Cleaning,Remove Construction Dust,,TASK_COMPLETION_BASED,Yes,N/A — Single Session,12:00,170,1,3,Second job,No,09:30,20,Yes,12:00,12:00,15:00,1,,20,No,No meaningful delay occurred,Yes,Complexity of the problem,No,12:00,Exact — checked using calendar/message/booking records,"Calendar, Booking application/system",
2026-09-26 10:31:19,P213,4,P213-J04,2026-09-25,Cleaning,Post-Construction Cleaning,Clean Post-Renovation Area,,TASK_COMPLETION_BASED,Yes,N/A — Single Session,13:00,200,1,3,Second job,No,09:30,20,Yes,13:00,13:00,16:15,1,,20,No,No meaningful delay occurred,About the same,Not applicable,No,13:00,Exact — checked using calendar/message/booking records,"Calendar, Booking application/system",
2026-09-26 10:41:58,P213,5,P213-J05,2026-09-25,Cleaning,Post-Construction Cleaning,Clean Newly Built Property,,TASK_COMPLETION_BASED,Yes,N/A — Single Session,14:00,375,1,3,Second job,No,09:30,20,Yes,14:00,14:00,20:10,1,,20,No,No meaningful delay occurred,About the same,Not applicable,No,14:00,Exact — checked using calendar/message/booking records,"Calendar, Booking application/system",
2026-09-26 11:19:51,P214,1,P214-J01,2026-09-25,Gardening,Planting Services,Plant Flowers,,TASK_COMPLETION_BASED,Yes,N/A — Single Session,08:00,50,4,3,First job,Yes,,0,Not applicable,08:10,08:10,08:50,4,,0,Yes,Traffic congestion,"No, it finished earlier",Not applicable,No,08:00,Exact — checked using calendar/message/booking records,"Calendar, Booking application/system",
2026-09-26 11:23:11,P214,2,P214-J02,2026-09-25,Gardening,Planting Services,Plant Vegetables,,TASK_COMPLETION_BASED,Yes,N/A — Single Session,09:00,75,4,3,Second job,No,09:30,20,Yes,09:05,09:05,10:25,4,,20,No,No meaningful delay occurred,About the same,Not applicable,No,09:00,Exact — checked using calendar/message/booking records,"Calendar, Booking application/system",
2026-09-26 11:42:42,P214,3,P214-J03,2026-09-25,Gardening,Planting Services,Plant Small Tree,,TASK_COMPLETION_BASED,Yes,N/A — Single Session,10:00,35,4,3,Second job,No,09:30,20,Yes,10:05,10:05,10:40,4,,20,No,No meaningful delay occurred,About the same,Not applicable,No,10:00,Exact — checked using calendar/message/booking records,"Calendar, Booking application/system",
2026-09-26 11:44:50,P214,4,P214-J04,2026-09-25,Gardening,Planting Services,Plant Large Tree,,TASK_COMPLETION_BASED,Yes,N/A — Single Session,11:00,85,4,3,Second job,No,09:30,20,Yes,11:00,11:00,12:15,4,,20,No,No meaningful delay occurred,"No, it finished earlier",Not applicable,No,11:00,Exact — checked using calendar/message/booking records,"Calendar, Booking application/system",
2026-09-26 11:47:27,P214,5,P214-J05,2026-09-25,Gardening,Planting Services,Plant Garden Plants,,TASK_COMPLETION_BASED,Yes,N/A — Single Session,12:00,70,4,3,Second job,No,09:30,20,Yes,12:00,12:00,13:00,4,,20,No,No meaningful delay occurred,"No, it finished earlier",Not applicable,No,12:00,Exact — checked using calendar/message/booking records,"Calendar, Booking application/system",
2026-09-26 11:55:41,P214,1,P214-J01,2026-09-25,Gardening,Planting Services,Prepare Planting Area,,TASK_COMPLETION_BASED,Yes,N/A — Single Session,13:00,80,4,3,First job,Yes,,0,Not applicable,13:00,13:00,14:15,4,,0,No,No meaningful delay occurred,About the same,Not applicable,No,13:00,Exact — checked using calendar/message/booking records,"Calendar, Booking application/system",
2026-09-26 11:57:34,P215,2,P215-J02,2026-09-25,Gardening,Garden Maintenance,Water Plants,,TASK_COMPLETION_BASED,Yes,N/A — Single Session,14:00,35,5,3,Second job,No,09:30,20,Yes,14:10,14:10,14:40,5,,20,Yes,Traffic congestion,About the same,Not applicable,No,14:00,Exact — checked using calendar/message/booking records,"Calendar, Booking application/system",
2026-09-26 12:12:47,P215,3,P215-J03,2026-09-25,Gardening,Garden Maintenance,Trim Shrubs,,TASK_COMPLETION_BASED,Yes,N/A — Single Session,08:00,70,5,3,Second job,No,09:30,20,Yes,08:10,08:10,09:30,5,,20,Yes,Traffic congestion,Yes,Complexity of the problem,No,08:00,Exact — checked using calendar/message/booking records,"Calendar, Booking application/system",
2026-09-26 12:20:05,P215,4,P215-J04,2026-09-25,Gardening,Garden Maintenance,Mow Lawn,,TASK_COMPLETION_BASED,Yes,N/A — Single Session,09:00,75,5,3,Second job,No,09:30,20,Yes,09:10,09:10,10:35,5,,20,Yes,Traffic congestion,Yes,Complexity of the problem,No,09:00,Exact — checked using calendar/message/booking records,"Calendar, Booking application/system",
2026-09-26 12:21:03,P215,5,P215-J05,2026-09-25,Gardening,Garden Maintenance,General Garden Maintenance,,TASK_COMPLETION_BASED,Yes,N/A — Single Session,10:00,150,5,3,Second job,No,09:30,20,Yes,10:05,10:05,12:50,5,,20,No,No meaningful delay occurred,Yes,Complexity of the problem,No,10:00,Exact — checked using calendar/message/booking records,"Calendar, Booking application/system",
2026-09-26 12:38:47,P216,1,P216-J01,2026-09-25,Cleaning,House Cleaning,Clean Single Room,,TASK_COMPLETION_BASED,Yes,N/A — Single Session,11:00,50,2,3,First job,Yes,,0,Not applicable,11:05,11:05,11:55,2,,0,No,No meaningful delay occurred,About the same,Not applicable,No,11:00,Exact — checked using calendar/message/booking records,"Calendar, Booking application/system",
2026-09-26 12:42:19,P216,2,P216-J02,2026-09-25,Cleaning,House Cleaning,Mop and Clean Floors,,TASK_COMPLETION_BASED,Yes,N/A — Single Session,12:00,70,2,3,Second job,No,09:30,20,Yes,12:10,12:10,13:30,2,,20,Yes,Traffic congestion,Yes,Complexity of the problem,No,12:00,Exact — checked using calendar/message/booking records,"Calendar, Booking application/system",
2026-09-26 12:59:08,P216,3,P216-J03,2026-09-25,Cleaning,House Cleaning,Dust and Surface Cleaning,,TASK_COMPLETION_BASED,Yes,N/A — Single Session,13:00,60,2,3,Second job,No,09:30,20,Yes,13:00,13:00,14:10,2,,20,No,No meaningful delay occurred,Yes,Complexity of the problem,No,13:00,Exact — checked using calendar/message/booking records,"Calendar, Booking application/system",
2026-09-26 13:00:29,P216,4,P216-J04,2026-09-25,Cleaning,House Cleaning,Full Home Cleaning,,TASK_COMPLETION_BASED,Yes,N/A — Single Session,14:00,205,2,3,Second job,No,09:30,20,Yes,14:00,14:00,17:40,2,,20,No,No meaningful delay occurred,Yes,Complexity of the problem,No,14:00,Exact — checked using calendar/message/booking records,"Calendar, Booking application/system",
2026-09-26 13:10:45,P216,5,P216-J05,2026-09-25,Cleaning,Sofa/Carpet/Curtain Cleaning,Clean Carpet,,TASK_COMPLETION_BASED,Yes,N/A — Single Session,08:00,75,2,3,Second job,No,09:30,20,Yes,08:05,08:05,09:35,2,,20,No,No meaningful delay occurred,Yes,Complexity of the problem,No,08:00,Exact — checked using calendar/message/booking records,"Calendar, Booking application/system",
2026-09-26 13:46:26,P216,1,P216-J01,2026-09-25,Cleaning,Sofa/Carpet/Curtain Cleaning,Steam Clean Curtains,,TASK_COMPLETION_BASED,Yes,N/A — Single Session,09:00,110,2,3,First job,Yes,,0,Not applicable,09:00,09:00,10:50,2,,0,No,No meaningful delay occurred,About the same,Not applicable,No,09:00,Exact — checked using calendar/message/booking records,"Calendar, Booking application/system",
2026-09-26 14:03:17,P216,2,P216-J02,2026-09-25,Cleaning,Sofa/Carpet/Curtain Cleaning,Clean Mattress,,TASK_COMPLETION_BASED,Yes,N/A — Single Session,10:00,55,2,3,Second job,No,09:30,20,Yes,10:00,10:00,11:05,2,,20,No,No meaningful delay occurred,Yes,Complexity of the problem,No,10:00,Exact — checked using calendar/message/booking records,"Calendar, Booking application/system",
2026-09-26 15:18:51,P217,3,P217-J03,2026-09-25,Care Support,Child Care,Babysitting,,FIXED_DURATION,Yes,N/A — Single Session,11:00,250,1,3,Second job,No,09:30,20,Yes,11:05,11:05,15:10,1,,20,No,No meaningful delay occurred,About the same,Not applicable,No,11:00,Exact — checked using calendar/message/booking records,"Calendar, Booking application/system",
2026-09-26 15:35:04,P217,4,P217-J04,2026-09-25,Care Support,Child Care,Child Supervision,,FIXED_DURATION,Yes,N/A — Single Session,12:00,205,1,3,Second job,No,09:30,20,Yes,12:00,12:00,15:25,1,,20,No,No meaningful delay occurred,About the same,Not applicable,No,12:00,Exact — checked using calendar/message/booking records,"Calendar, Booking application/system",
2026-09-26 16:21:17,P217,5,P217-J05,2026-09-25,Care Support,Elderly Care,Mobility Assistance,,FIXED_DURATION,Yes,N/A — Single Session,13:00,85,1,3,Second job,No,09:30,20,Yes,13:10,13:10,14:40,1,,20,Yes,Traffic congestion,About the same,Not applicable,No,13:00,Exact — checked using calendar/message/booking records,"Calendar, Booking application/system",
2026-09-26 16:25:28,P217,1,P217-J01,2026-09-25,Care Support,Personal Assistance,Personal Assistance,,SHIFT_BASED,Yes,N/A — Single Session,14:00,315,1,3,First job,Yes,,0,Not applicable,14:00,14:00,19:20,1,,0,No,No meaningful delay occurred,About the same,Not applicable,No,14:00,Exact — checked using calendar/message/booking records,"Calendar, Booking application/system",
2026-09-26 16:28:42,P217,2,P217-J02,2026-09-25,Care Support,Personal Assistance,Daily Household Assistance,,TASK_COMPLETION_BASED,Yes,N/A — Single Session,08:00,180,1,3,Second job,No,09:30,20,Yes,08:05,08:05,11:00,1,,20,No,No meaningful delay occurred,About the same,Not applicable,No,08:00,Exact — checked using calendar/message/booking records,"Calendar, Booking application/system",
2026-09-26 16:42:31,P217,3,P217-J03,2026-09-25,Care Support,Personal Assistance,Errand Assistance,,TASK_COMPLETION_BASED,Yes,N/A — Single Session,09:00,85,1,3,Second job,No,09:30,20,Yes,09:05,09:05,10:45,1,,20,No,No meaningful delay occurred,Yes,Complexity of the problem,No,09:00,Exact — checked using calendar/message/booking records,"Calendar, Booking application/system",
2026-09-26 17:22:36,P217,4,P217-J04,2026-09-25,Care Support,Personal Assistance,Daily Task Support,,FIXED_DURATION,Yes,N/A — Single Session,10:00,120,1,3,Second job,No,09:30,20,Yes,10:00,10:00,12:00,1,,20,No,No meaningful delay occurred,About the same,Not applicable,No,10:00,Exact — checked using calendar/message/booking records,"Calendar, Booking application/system",
2026-09-26 17:33:29,P218,5,P218-J05,2026-09-25,Cleaning,Bathroom Cleaning,Clean Washroom,,TASK_COMPLETION_BASED,Yes,N/A — Single Session,11:00,40,1,3,Second job,No,09:30,20,Yes,11:15,11:15,12:00,1,,20,Yes,Traffic congestion,About the same,Not applicable,No,11:00,Exact — checked using calendar/message/booking records,"Calendar, Booking application/system",
2026-09-26 17:50:50,P218,1,P218-J01,2026-09-25,Cleaning,House Cleaning,Clean Single Room,,TASK_COMPLETION_BASED,Yes,N/A — Single Session,12:00,55,1,3,First job,Yes,,0,Not applicable,12:15,12:15,13:25,1,,0,Yes,Traffic congestion,Yes,Complexity of the problem,No,12:00,Exact — checked using calendar/message/booking records,"Calendar, Booking application/system",
2026-09-26 18:21:15,P218,2,P218-J02,2026-09-25,Cleaning,House Cleaning,Dust and Surface Cleaning,,TASK_COMPLETION_BASED,Yes,N/A — Single Session,13:00,50,1,3,Second job,No,09:30,20,Yes,13:05,13:05,13:55,1,,20,No,No meaningful delay occurred,About the same,Not applicable,No,13:00,Exact — checked using calendar/message/booking records,"Calendar, Booking application/system",
2026-09-26 18:23:14,P218,3,P218-J03,2026-09-25,Cleaning,House Cleaning,Full Home Cleaning,,TASK_COMPLETION_BASED,Yes,N/A — Single Session,14:00,190,1,3,Second job,No,09:30,20,Yes,14:00,14:00,17:20,1,,20,No,No meaningful delay occurred,Yes,Complexity of the problem,No,14:00,Exact — checked using calendar/message/booking records,"Calendar, Booking application/system",
2026-09-26 18:37:39,P219,4,P219-J04,2026-09-25,Repairing,Painting & Renovation,Paint Exterior Wall,,TASK_COMPLETION_BASED,Yes,N/A — Single Session,08:00,285,2,3,Second job,No,09:30,20,Yes,08:00,08:00,12:45,2,,20,No,No meaningful delay occurred,About the same,Not applicable,No,08:00,Exact — checked using calendar/message/booking records,"Calendar, Booking application/system",
2026-09-26 18:44:32,P219,5,P219-J05,2026-09-25,Repairing,Painting & Renovation,Paint Room,,TASK_COMPLETION_BASED,Yes,N/A — Single Session,09:00,190,2,3,Second job,No,09:30,20,Yes,09:00,09:00,12:15,2,,20,No,No meaningful delay occurred,About the same,Not applicable,No,09:00,Exact — checked using calendar/message/booking records,"Calendar, Booking application/system",
2026-09-26 18:45:29,P219,1,P219-J01,2026-09-25,Repairing,Painting & Renovation,Paint Ceiling,,TASK_COMPLETION_BASED,Yes,N/A — Single Session,10:00,140,2,3,First job,Yes,,0,Not applicable,10:00,10:00,12:20,2,,0,No,No meaningful delay occurred,About the same,Not applicable,No,10:00,Exact — checked using calendar/message/booking records,"Calendar, Booking application/system",
2026-09-26 18:46:24,P219,2,P219-J02,2026-09-25,Repairing,Painting & Renovation,Prepare Wall Surface,,TASK_COMPLETION_BASED,Yes,N/A — Single Session,11:00,120,2,3,Second job,No,09:30,20,Yes,11:05,11:05,13:05,2,,20,No,No meaningful delay occurred,About the same,Not applicable,No,11:00,Exact — checked using calendar/message/booking records,"Calendar, Booking application/system",
2026-09-26 19:02:34,P219,3,P219-J03,2026-09-25,Repairing,Painting & Renovation,Repair Ceiling,,TASK_COMPLETION_BASED,Yes,N/A — Single Session,12:00,140,2,3,Second job,No,09:30,20,Yes,12:00,12:00,14:20,2,,20,No,No meaningful delay occurred,About the same,Not applicable,No,12:00,Exact — checked using calendar/message/booking records,"Calendar, Booking application/system",
2026-09-26 19:17:13,P219,4,P219-J04,2026-09-25,Repairing,Painting & Renovation,Replace Damaged Tile,,TASK_COMPLETION_BASED,Yes,N/A — Single Session,13:00,100,2,3,Second job,No,09:30,20,Yes,13:05,13:05,14:50,2,,20,No,No meaningful delay occurred,About the same,Not applicable,No,13:00,Exact — checked using calendar/message/booking records,"Calendar, Booking application/system",
2026-09-26 19:19:35,P219,5,P219-J05,2026-09-25,Repairing,Painting & Renovation,Minor Renovation Work,,TASK_COMPLETION_BASED,Yes,N/A — Single Session,14:00,270,2,3,Second job,No,09:30,20,Yes,14:15,14:15,18:55,2,,20,Yes,Traffic congestion,Yes,Complexity of the problem,No,14:00,Exact — checked using calendar/message/booking records,"Calendar, Booking application/system",
2026-09-26 19:20:28,P220,1,P220-J01,2026-09-25,Care Support,Personal Assistance,Errand Assistance,,TASK_COMPLETION_BASED,Yes,N/A — Single Session,08:00,80,1,3,First job,Yes,,0,Not applicable,08:00,08:00,09:35,1,,0,No,No meaningful delay occurred,Yes,Complexity of the problem,No,08:00,Exact — checked using calendar/message/booking records,"Calendar, Booking application/system",
2026-09-26 20:43:56,P220,2,P220-J02,2026-09-25,Care Support,Pet Care,Dog Walking,,FIXED_DURATION,Yes,N/A — Single Session,09:00,45,1,3,Second job,No,09:30,20,Yes,09:10,09:10,09:45,1,,20,Yes,Traffic congestion,"No, it finished earlier",Not applicable,No,09:00,Exact — checked using calendar/message/booking records,"Calendar, Booking application/system",
2026-09-26 21:18:14,P220,3,P220-J03,2026-09-25,Care Support,Pet Care,Pet Grooming,,TASK_COMPLETION_BASED,Yes,N/A — Single Session,10:00,90,1,3,Second job,No,09:30,20,Yes,10:00,10:00,11:35,1,,20,No,No meaningful delay occurred,About the same,Not applicable,No,10:00,Exact — checked using calendar/message/booking records,"Calendar, Booking application/system",
2026-09-26 21:41:30,P220,4,P220-J04,2026-09-25,Care Support,Pet Care,Bathe Pet,,TASK_COMPLETION_BASED,Yes,N/A — Single Session,11:00,55,1,3,Second job,No,09:30,20,Yes,11:00,11:00,12:00,1,,20,No,No meaningful delay occurred,About the same,Not applicable,No,11:00,Exact — checked using calendar/message/booking records,"Calendar, Booking application/system",
2026-09-26 21:43:22,P220,5,P220-J05,2026-09-25,Care Support,Pet Care,Pet Cleaning,,TASK_COMPLETION_BASED,Yes,N/A — Single Session,12:00,55,1,3,Second job,No,09:30,20,Yes,12:10,12:10,13:10,1,,20,Yes,Traffic congestion,About the same,Not applicable,No,12:00,Exact — checked using calendar/message/booking records,"Calendar, Booking application/system",
2026-09-26 21:56:24,P220,1,P220-J01,2026-09-25,Care Support,Pet Care,Pet Sitting,,SHIFT_BASED,Yes,N/A — Single Session,13:00,390,1,3,First job,Yes,,0,Not applicable,13:10,13:10,19:40,1,,0,Yes,Traffic congestion,About the same,Not applicable,No,13:00,Exact — checked using calendar/message/booking records,"Calendar, Booking application/system",
2026-09-27 08:08:54,P221,2,P221-J02,2026-09-25,Cleaning,Kitchen Cleaning,General Kitchen Cleaning,,TASK_COMPLETION_BASED,Yes,N/A — Single Session,14:00,50,4,3,Second job,No,09:30,20,Yes,14:10,14:10,15:10,4,,20,Yes,Traffic congestion,Yes,Complexity of the problem,No,14:00,Exact — checked using calendar/message/booking records,"Calendar, Booking application/system",
2026-09-27 08:17:24,P221,3,P221-J03,2026-09-25,Cleaning,Move In/Out Cleaning,Move-In Cleaning,,TASK_COMPLETION_BASED,Yes,N/A — Single Session,08:00,175,4,3,Second job,No,09:30,20,Yes,08:10,08:10,11:05,4,,20,Yes,Traffic congestion,About the same,Not applicable,No,08:00,Exact — checked using calendar/message/booking records,"Calendar, Booking application/system",
2026-09-27 08:26:22,P221,4,P221-J04,2026-09-25,Cleaning,Move In/Out Cleaning,Move-Out Cleaning,,TASK_COMPLETION_BASED,Yes,N/A — Single Session,09:00,185,4,3,Second job,No,09:30,20,Yes,09:00,09:00,11:55,4,,20,No,No meaningful delay occurred,"No, it finished earlier",Not applicable,No,09:00,Exact — checked using calendar/message/booking records,"Calendar, Booking application/system",
2026-09-27 08:44:23,P221,5,P221-J05,2026-09-25,Cleaning,Move In/Out Cleaning,Empty Property Deep Cleaning,,TASK_COMPLETION_BASED,Yes,N/A — Single Session,10:00,230,4,3,Second job,No,09:30,20,Yes,10:05,10:05,13:45,4,,20,No,No meaningful delay occurred,"No, it finished earlier",Not applicable,No,10:00,Exact — checked using calendar/message/booking records,"Calendar, Booking application/system",
2026-09-27 08:51:23,P221,1,P221-J01,2026-09-25,Cleaning,Post-Construction Cleaning,Clean Post-Renovation Area,,TASK_COMPLETION_BASED,Yes,N/A — Single Session,11:00,150,4,3,First job,Yes,,0,Not applicable,11:10,11:10,13:35,4,,0,Yes,Traffic congestion,About the same,Not applicable,No,11:00,Exact — checked using calendar/message/booking records,"Calendar, Booking application/system",
2026-09-27 09:26:28,P222,2,P222-J02,2026-09-25,Repairing,Furniture Repair,Repair Wooden Chair,,TASK_COMPLETION_BASED,Yes,N/A — Single Session,12:00,45,1,3,Second job,No,09:30,20,Yes,12:15,12:15,12:55,1,,20,Yes,Traffic congestion,About the same,Not applicable,No,12:00,Exact — checked using calendar/message/booking records,"Calendar, Booking application/system",
2026-09-27 09:33:31,P222,3,P222-J03,2026-09-25,Repairing,Furniture Repair,Repair Dining Table,,TASK_COMPLETION_BASED,Yes,N/A — Single Session,13:00,75,1,3,Second job,No,09:30,20,Yes,13:10,13:10,14:20,1,,20,Yes,Traffic congestion,About the same,Not applicable,No,13:00,Exact — checked using calendar/message/booking records,"Calendar, Booking application/system",
2026-09-27 09:33:56,P222,4,P222-J04,2026-09-25,Repairing,Furniture Repair,Repair Sofa Frame,,TASK_COMPLETION_BASED,Yes,N/A — Single Session,14:00,100,1,3,Second job,No,09:30,20,Yes,14:00,14:00,15:40,1,,20,No,No meaningful delay occurred,About the same,Not applicable,No,14:00,Exact — checked using calendar/message/booking records,"Calendar, Booking application/system",
2026-09-27 09:52:11,P222,5,P222-J05,2026-09-25,Repairing,Furniture Repair,Repair Bed Frame,,TASK_COMPLETION_BASED,Yes,N/A — Single Session,08:00,80,1,3,Second job,No,09:30,20,Yes,08:00,08:00,09:35,1,,20,No,No meaningful delay occurred,Yes,Complexity of the problem,No,08:00,Exact — checked using calendar/message/booking records,"Calendar, Booking application/system",
2026-09-27 09:59:54,P222,1,P222-J01,2026-09-25,Repairing,Furniture Repair,Repair Wooden Door,,TASK_COMPLETION_BASED,Yes,N/A — Single Session,09:00,80,1,3,First job,Yes,,0,Not applicable,09:00,09:00,10:20,1,,0,No,No meaningful delay occurred,About the same,Not applicable,No,09:00,Exact — checked using calendar/message/booking records,"Calendar, Booking application/system",
2026-09-27 10:12:39,P222,2,P222-J02,2026-09-25,Repairing,Furniture Repair,Replace Door Hinges,,TASK_COMPLETION_BASED,Yes,N/A — Single Session,10:00,30,1,3,Second job,No,09:30,20,Yes,10:05,10:05,10:30,1,,20,No,No meaningful delay occurred,About the same,Not applicable,No,10:00,Exact — checked using calendar/message/booking records,"Calendar, Booking application/system",
2026-09-27 10:26:33,P222,3,P222-J03,2026-09-25,Repairing,Furniture Repair,Repair Window Frame,,TASK_COMPLETION_BASED,Yes,N/A — Single Session,11:00,80,1,3,Second job,No,09:30,20,Yes,11:00,11:00,12:25,1,,20,No,No meaningful delay occurred,About the same,Not applicable,No,11:00,Exact — checked using calendar/message/booking records,"Calendar, Booking application/system",
2026-09-27 10:46:19,P222,4,P222-J04,2026-09-25,Repairing,Furniture Repair,Replace Furniture Hardware,,TASK_COMPLETION_BASED,Yes,N/A — Single Session,12:00,25,1,3,Second job,No,09:30,20,Yes,12:10,12:10,12:35,1,,20,Yes,Traffic congestion,About the same,Not applicable,No,12:00,Exact — checked using calendar/message/booking records,"Calendar, Booking application/system",
2026-09-27 10:48:20,P223,5,P223-J05,2026-09-25,Care Support,Pet Care,Feed Pet,,TASK_COMPLETION_BASED,Yes,N/A — Single Session,13:00,25,1,3,Second job,No,09:30,20,Yes,13:15,13:15,13:35,1,,20,Yes,Traffic congestion,About the same,Not applicable,No,13:00,Exact — checked using calendar/message/booking records,"Calendar, Booking application/system",
2026-09-27 11:07:12,P223,1,P223-J01,2026-09-25,Care Support,Pet Care,Dog Walking,,FIXED_DURATION,Yes,N/A — Single Session,14:00,45,1,3,First job,Yes,,0,Not applicable,14:15,14:15,15:15,1,,0,Yes,Traffic congestion,Yes,Complexity of the problem,No,14:00,Exact — checked using calendar/message/booking records,"Calendar, Booking application/system",
2026-09-27 11:11:08,P223,2,P223-J02,2026-09-25,Care Support,Pet Care,Pet Grooming,,TASK_COMPLETION_BASED,Yes,N/A — Single Session,08:00,90,1,3,Second job,No,09:30,20,Yes,08:00,08:00,09:30,1,,20,No,No meaningful delay occurred,About the same,Not applicable,No,08:00,Exact — checked using calendar/message/booking records,"Calendar, Booking application/system",
2026-09-27 11:21:01,P223,3,P223-J03,2026-09-25,Care Support,Pet Care,Bathe Pet,,TASK_COMPLETION_BASED,Yes,N/A — Single Session,09:00,55,1,3,Second job,No,09:30,20,Yes,09:00,09:00,09:55,1,,20,No,No meaningful delay occurred,About the same,Not applicable,No,09:00,Exact — checked using calendar/message/booking records,"Calendar, Booking application/system",
2026-09-27 11:21:58,P223,4,P223-J04,2026-09-25,Care Support,Pet Care,Pet Sitting,,SHIFT_BASED,Yes,N/A — Single Session,10:00,360,1,3,Second job,No,09:30,20,Yes,10:00,10:00,16:15,1,,20,No,No meaningful delay occurred,Yes,Complexity of the problem,No,10:00,Exact — checked using calendar/message/booking records,"Calendar, Booking application/system",
2026-09-27 11:31:13,P224,5,P224-J05,2026-09-25,Gardening,Garden Cleaning,General Garden Cleaning,,TASK_COMPLETION_BASED,Yes,N/A — Single Session,11:00,110,2,3,Second job,No,09:30,20,Yes,11:00,11:00,12:50,2,,20,No,No meaningful delay occurred,About the same,Not applicable,No,11:00,Exact — checked using calendar/message/booking records,"Calendar, Booking application/system",
2026-09-27 11:55:57,P224,1,P224-J01,2026-09-25,Gardening,Garden Cleaning,Remove Garden Waste,,TASK_COMPLETION_BASED,Yes,N/A — Single Session,12:00,100,2,3,First job,Yes,,0,Not applicable,12:00,12:00,13:50,2,,0,No,No meaningful delay occurred,Yes,Complexity of the problem,No,12:00,Exact — checked using calendar/message/booking records,"Calendar, Booking application/system",
2026-09-27 11:59:50,P224,2,P224-J02,2026-09-25,Gardening,Garden Cleaning,Clear Overgrown Garden,,TASK_COMPLETION_BASED,Yes,N/A — Single Session,13:00,220,2,3,Second job,No,09:30,20,Yes,13:00,13:00,16:55,2,,20,No,No meaningful delay occurred,Yes,Complexity of the problem,No,13:00,Exact — checked using calendar/message/booking records,"Calendar, Booking application/system",
2026-09-27 12:13:14,P225,3,P225-J03,2026-09-25,Cleaning,Office Cleaning,Clean Small Office,,TASK_COMPLETION_BASED,Yes,N/A — Single Session,14:00,110,1,3,Second job,No,09:30,20,Yes,14:15,14:15,16:10,1,,20,Yes,Traffic congestion,About the same,Not applicable,No,14:00,Exact — checked using calendar/message/booking records,"Calendar, Booking application/system",
2026-09-27 12:51:49,P225,4,P225-J04,2026-09-25,Cleaning,Office Cleaning,Clean Medium Office,,TASK_COMPLETION_BASED,Yes,N/A — Single Session,08:00,205,1,3,Second job,No,09:30,20,Yes,08:00,08:00,11:30,1,,20,No,No meaningful delay occurred,About the same,Not applicable,No,08:00,Exact — checked using calendar/message/booking records,"Calendar, Booking application/system",
2026-09-27 13:00:51,P225,5,P225-J05,2026-09-25,Cleaning,Office Cleaning,Clean Retail Shop,,TASK_COMPLETION_BASED,Yes,N/A — Single Session,09:00,150,1,3,Second job,No,09:30,20,Yes,09:00,09:00,11:40,1,,20,No,No meaningful delay occurred,Yes,Complexity of the problem,No,09:00,Exact — checked using calendar/message/booking records,"Calendar, Booking application/system",
2026-09-27 13:11:07,P225,1,P225-J01,2026-09-25,Cleaning,Office Cleaning,Deep Clean Office,,TASK_COMPLETION_BASED,Yes,N/A — Single Session,10:00,360,1,3,First job,Yes,,0,Not applicable,10:00,10:00,16:00,1,,0,No,No meaningful delay occurred,About the same,Not applicable,No,10:00,Exact — checked using calendar/message/booking records,"Calendar, Booking application/system",
2026-09-27 13:14:55,P225,2,P225-J02,2026-09-25,Cleaning,Office Cleaning,Clean Office Floors,,TASK_COMPLETION_BASED,Yes,N/A — Single Session,11:00,80,1,3,Second job,No,09:30,20,Yes,11:15,11:15,12:50,1,,20,Yes,Traffic congestion,Yes,Complexity of the problem,No,11:00,Exact — checked using calendar/message/booking records,"Calendar, Booking application/system",
2026-09-27 13:16:27,P225,3,P225-J03,2026-09-25,Cleaning,Post-Construction Cleaning,Remove Construction Dust,,TASK_COMPLETION_BASED,Yes,N/A — Single Session,12:00,200,1,3,Second job,No,09:30,20,Yes,12:00,12:00,15:35,1,,20,No,No meaningful delay occurred,Yes,Complexity of the problem,No,12:00,Exact — checked using calendar/message/booking records,"Calendar, Booking application/system",
2026-09-27 13:23:23,P226,4,P226-J04,2026-09-25,Gardening,Landscaping & Design,Design Small Garden,,TASK_COMPLETION_BASED,Yes,N/A — Single Session,13:00,190,5,3,Second job,No,09:30,20,Yes,13:00,13:00,16:10,5,,20,No,No meaningful delay occurred,About the same,Not applicable,No,13:00,Exact — checked using calendar/message/booking records,"Calendar, Booking application/system",
2026-09-27 13:31:21,P226,5,P226-J05,2026-09-25,Gardening,Landscaping & Design,Design Medium Garden,,TASK_COMPLETION_BASED,Yes,N/A — Single Session,14:00,300,5,3,Second job,No,09:30,20,Yes,14:00,14:00,19:15,5,,20,No,No meaningful delay occurred,Yes,Complexity of the problem,No,14:00,Exact — checked using calendar/message/booking records,"Calendar, Booking application/system",
2026-09-27 13:40:00,P226,1,P226-J01,2026-09-25,Gardening,Landscaping & Design,Set Up New Garden,,TASK_COMPLETION_BASED,Yes,N/A — Single Session,08:00,275,5,3,First job,Yes,,0,Not applicable,08:00,08:00,12:25,5,,0,No,No meaningful delay occurred,"No, it finished earlier",Not applicable,No,08:00,Exact — checked using calendar/message/booking records,"Calendar, Booking application/system",
2026-09-27 13:40:09,P226,2,P226-J02,2026-09-25,Gardening,Landscaping & Design,Basic Landscaping,,TASK_COMPLETION_BASED,Yes,N/A — Single Session,09:00,235,5,3,Second job,No,09:30,20,Yes,09:05,09:05,12:50,5,,20,No,No meaningful delay occurred,"No, it finished earlier",Not applicable,No,09:00,Exact — checked using calendar/message/booking records,"Calendar, Booking application/system",
2026-09-27 13:44:08,P226,3,P226-J03,2026-09-25,Gardening,Landscaping & Design,Landscape Existing Garden,,TASK_COMPLETION_BASED,Yes,N/A — Single Session,10:00,430,5,3,Second job,No,09:30,20,Yes,10:00,10:00,17:10,5,,20,No,No meaningful delay occurred,About the same,Not applicable,No,10:00,Exact — checked using calendar/message/booking records,"Calendar, Booking application/system",
2026-09-27 13:47:17,P227,4,P227-J04,2026-09-25,Repairing,Plumbing Repair,Install Water Pipe,,TASK_COMPLETION_BASED,Yes,N/A — Single Session,11:00,130,2,3,Second job,No,09:30,20,Yes,11:00,11:00,13:10,2,,20,No,No meaningful delay occurred,About the same,Not applicable,No,11:00,Exact — checked using calendar/message/booking records,"Calendar, Booking application/system",
2026-09-27 14:36:46,P227,5,P227-J05,2026-09-25,Repairing,Plumbing Repair,Replace Tap,,TASK_COMPLETION_BASED,Yes,N/A — Single Session,12:00,25,2,3,Second job,No,09:30,20,Yes,12:15,12:15,12:45,2,,20,Yes,Traffic congestion,About the same,Not applicable,No,12:00,Exact — checked using calendar/message/booking records,"Calendar, Booking application/system",
2026-09-27 15:06:41,P227,1,P227-J01,2026-09-25,Repairing,Plumbing Repair,Repair Tap,,TASK_COMPLETION_BASED,Yes,N/A — Single Session,13:00,30,2,3,First job,Yes,,0,Not applicable,13:00,13:00,13:30,2,,0,No,No meaningful delay occurred,About the same,Not applicable,No,13:00,Exact — checked using calendar/message/booking records,"Calendar, Booking application/system",
2026-09-27 15:13:39,P227,2,P227-J02,2026-09-25,Repairing,Plumbing Repair,Install Water Tank,,TASK_COMPLETION_BASED,Yes,N/A — Single Session,14:00,160,2,3,Second job,No,09:30,20,Yes,14:10,14:10,16:55,2,,20,Yes,Traffic congestion,About the same,Not applicable,No,14:00,Exact — checked using calendar/message/booking records,"Calendar, Booking application/system",
2026-09-27 15:44:27,P227,3,P227-J03,2026-09-25,Repairing,Plumbing Repair,Repair Water Tank Connection,,TASK_COMPLETION_BASED,Yes,N/A — Single Session,08:00,60,2,3,Second job,No,09:30,20,Yes,08:05,08:05,09:00,2,,20,No,No meaningful delay occurred,About the same,Not applicable,No,08:00,Exact — checked using calendar/message/booking records,"Calendar, Booking application/system",
2026-09-27 15:48:11,P227,4,P227-J04,2026-09-25,Repairing,Plumbing Repair,Repair Sink Plumbing,,TASK_COMPLETION_BASED,Yes,N/A — Single Session,09:00,50,2,3,Second job,No,09:30,20,Yes,09:05,09:05,10:05,2,,20,No,No meaningful delay occurred,Yes,Complexity of the problem,No,09:00,Exact — checked using calendar/message/booking records,"Calendar, Booking application/system",
2026-09-27 15:52:42,P227,5,P227-J05,2026-09-25,Repairing,Plumbing Repair,Repair Bathroom Pipe,,TASK_COMPLETION_BASED,Yes,N/A — Single Session,10:00,65,2,3,Second job,No,09:30,20,Yes,10:00,10:00,11:00,2,,20,No,No meaningful delay occurred,About the same,Not applicable,No,10:00,Exact — checked using calendar/message/booking records,"Calendar, Booking application/system",
2026-09-27 16:06:03,P228,1,P228-J01,2026-09-25,Gardening,Garden Maintenance,Water Plants,,TASK_COMPLETION_BASED,Yes,N/A — Single Session,11:00,35,1,3,First job,Yes,,0,Not applicable,11:15,11:15,11:45,1,,0,Yes,Traffic congestion,About the same,Not applicable,No,11:00,Exact — checked using calendar/message/booking records,"Calendar, Booking application/system",
2026-09-27 16:36:20,P228,2,P228-J02,2026-09-25,Gardening,Garden Maintenance,Trim Shrubs,,TASK_COMPLETION_BASED,Yes,N/A — Single Session,12:00,70,1,3,Second job,No,09:30,20,Yes,12:10,12:10,13:30,1,,20,Yes,Traffic congestion,Yes,Complexity of the problem,No,12:00,Exact — checked using calendar/message/booking records,"Calendar, Booking application/system",
2026-09-27 16:40:13,P228,3,P228-J03,2026-09-25,Gardening,Garden Maintenance,Cut Grass,,TASK_COMPLETION_BASED,Yes,N/A — Single Session,13:00,100,1,3,Second job,No,09:30,20,Yes,13:00,13:00,14:30,1,,20,No,No meaningful delay occurred,"No, it finished earlier",Not applicable,No,13:00,Exact — checked using calendar/message/booking records,"Calendar, Booking application/system",
2026-09-27 16:47:14,P228,4,P228-J04,2026-09-25,Gardening,Garden Maintenance,Mow Lawn,,TASK_COMPLETION_BASED,Yes,N/A — Single Session,14:00,85,1,3,Second job,No,09:30,20,Yes,14:15,14:15,15:40,1,,20,Yes,Traffic congestion,About the same,Not applicable,No,14:00,Exact — checked using calendar/message/booking records,"Calendar, Booking application/system",
2026-09-27 16:58:37,P228,5,P228-J05,2026-09-25,Gardening,Garden Maintenance,General Garden Maintenance,,TASK_COMPLETION_BASED,Yes,N/A — Single Session,08:00,130,1,3,Second job,No,09:30,20,Yes,08:05,08:05,10:15,1,,20,No,No meaningful delay occurred,About the same,Not applicable,No,08:00,Exact — checked using calendar/message/booking records,"Calendar, Booking application/system",
2026-09-27 17:08:08,P228,1,P228-J01,2026-09-25,Gardening,Garden Maintenance,Prune Plants,,TASK_COMPLETION_BASED,Yes,N/A — Single Session,09:00,70,1,3,First job,Yes,,0,Not applicable,09:00,09:00,10:00,1,,0,No,No meaningful delay occurred,"No, it finished earlier",Not applicable,No,09:00,Exact — checked using calendar/message/booking records,"Calendar, Booking application/system",
2026-09-27 17:14:51,P229,2,P229-J02,2026-09-25,Care Support,Personal Assistance,Home Helper Session,,FIXED_DURATION,Yes,N/A — Single Session,10:00,285,1,3,Second job,No,09:30,20,Yes,10:00,10:00,14:45,1,,20,No,No meaningful delay occurred,About the same,Not applicable,No,10:00,Exact — checked using calendar/message/booking records,"Calendar, Booking application/system",
2026-09-27 17:16:23,P229,3,P229-J03,2026-09-25,Care Support,Personal Assistance,Personal Assistance,,SHIFT_BASED,Yes,N/A — Single Session,11:00,330,1,3,Second job,No,09:30,20,Yes,11:10,11:10,16:30,1,,20,Yes,Traffic congestion,"No, it finished earlier",Not applicable,No,11:00,Exact — checked using calendar/message/booking records,"Calendar, Booking application/system",
2026-09-27 17:16:47,P229,4,P229-J04,2026-09-25,Care Support,Personal Assistance,Errand Assistance,,TASK_COMPLETION_BASED,Yes,N/A — Single Session,12:00,95,1,3,Second job,No,09:30,20,Yes,12:05,12:05,13:45,1,,20,No,No meaningful delay occurred,About the same,Not applicable,No,12:00,Exact — checked using calendar/message/booking records,"Calendar, Booking application/system",
2026-09-27 17:41:21,P229,5,P229-J05,2026-09-25,Care Support,Personal Assistance,Daily Task Support,,FIXED_DURATION,Yes,N/A — Single Session,13:00,115,1,3,Second job,No,09:30,20,Yes,13:15,13:15,15:10,1,,20,Yes,Traffic congestion,About the same,Not applicable,No,13:00,Exact — checked using calendar/message/booking records,"Calendar, Booking application/system",
2026-09-27 18:11:53,P229,1,P229-J01,2026-09-25,Care Support,Pet Care,Pet Cleaning,,TASK_COMPLETION_BASED,Yes,N/A — Single Session,14:00,60,1,3,First job,Yes,,0,Not applicable,14:15,14:15,15:05,1,,0,Yes,Traffic congestion,"No, it finished earlier",Not applicable,No,14:00,Exact — checked using calendar/message/booking records,"Calendar, Booking application/system",
2026-09-27 18:15:01,P230,2,P230-J02,2026-09-25,Repairing,Plumbing Repair,Repair Water Leak,,TASK_COMPLETION_BASED,Yes,N/A — Single Session,08:00,70,2,3,Second job,No,09:30,20,Yes,08:00,08:00,09:10,2,,20,No,No meaningful delay occurred,About the same,Not applicable,No,08:00,Exact — checked using calendar/message/booking records,"Calendar, Booking application/system",
2026-09-27 18:29:37,P230,3,P230-J03,2026-09-25,Repairing,Plumbing Repair,Install Tap,,TASK_COMPLETION_BASED,Yes,N/A — Single Session,09:00,40,2,3,Second job,No,09:30,20,Yes,09:10,09:10,10:05,2,,20,Yes,Traffic congestion,Yes,Complexity of the problem,No,09:00,Exact — checked using calendar/message/booking records,"Calendar, Booking application/system",
2026-09-27 18:40:11,P230,4,P230-J04,2026-09-25,Repairing,Plumbing Repair,Repair Tap,,TASK_COMPLETION_BASED,Yes,N/A — Single Session,10:00,30,2,3,Second job,No,09:30,20,Yes,10:00,10:00,10:30,2,,20,No,No meaningful delay occurred,About the same,Not applicable,No,10:00,Exact — checked using calendar/message/booking records,"Calendar, Booking application/system",
2026-09-27 18:46:02,P230,5,P230-J05,2026-09-25,Repairing,Plumbing Repair,Clean Water Tank,,TASK_COMPLETION_BASED,Yes,N/A — Single Session,11:00,165,2,3,Second job,No,09:30,20,Yes,11:05,11:05,13:55,2,,20,No,No meaningful delay occurred,About the same,Not applicable,No,11:00,Exact — checked using calendar/message/booking records,"Calendar, Booking application/system",
2026-09-27 19:11:37,P230,1,P230-J01,2026-09-25,Repairing,Plumbing Repair,Replace Toilet Pipe,,TASK_COMPLETION_BASED,Yes,N/A — Single Session,12:00,90,2,3,First job,Yes,,0,Not applicable,12:10,12:10,13:35,2,,0,Yes,Traffic congestion,About the same,Not applicable,No,12:00,Exact — checked using calendar/message/booking records,"Calendar, Booking application/system",
2026-09-27 19:43:08,P231,2,P231-J02,2026-09-25,Care Support,Disability Support,Personal Disability Assistance,,SHIFT_BASED,Yes,N/A — Single Session,13:00,180,1,3,Second job,No,09:30,20,Yes,13:00,13:00,15:55,1,,20,No,No meaningful delay occurred,About the same,Not applicable,No,13:00,Exact — checked using calendar/message/booking records,"Calendar, Booking application/system",
2026-09-27 19:47:50,P231,3,P231-J03,2026-09-25,Care Support,Disability Support,Special Needs Support Session,,FIXED_DURATION,Yes,N/A — Single Session,14:00,120,1,3,Second job,No,09:30,20,Yes,14:00,14:00,16:15,1,,20,No,No meaningful delay occurred,Yes,Complexity of the problem,No,14:00,Exact — checked using calendar/message/booking records,"Calendar, Booking application/system",
2026-09-27 20:04:14,P231,4,P231-J04,2026-09-25,Care Support,Elderly Care,Elderly Assistance Session,,FIXED_DURATION,Yes,N/A — Single Session,08:00,135,1,3,Second job,No,09:30,20,Yes,08:15,08:15,10:30,1,,20,Yes,Traffic congestion,About the same,Not applicable,No,08:00,Exact — checked using calendar/message/booking records,"Calendar, Booking application/system",
2026-09-27 20:19:14,P231,5,P231-J05,2026-09-25,Care Support,Elderly Care,Mobility Assistance,,FIXED_DURATION,Yes,N/A — Single Session,09:00,90,1,3,Second job,No,09:30,20,Yes,09:00,09:00,10:35,1,,20,No,No meaningful delay occurred,About the same,Not applicable,No,09:00,Exact — checked using calendar/message/booking records,"Calendar, Booking application/system",
2026-09-27 20:45:03,P231,1,P231-J01,2026-09-25,Care Support,Personal Assistance,Daily Task Support,,FIXED_DURATION,Yes,N/A — Single Session,10:00,110,1,3,First job,Yes,,0,Not applicable,10:00,10:00,12:05,1,,0,No,No meaningful delay occurred,Yes,Complexity of the problem,No,10:00,Exact — checked using calendar/message/booking records,"Calendar, Booking application/system",
2026-09-27 20:58:39,P232,2,P232-J02,2026-09-25,Repairing,Roofing Repair,Inspect Roof Damage,,TASK_COMPLETION_BASED,Yes,N/A — Single Session,11:00,55,3,3,Second job,No,09:30,20,Yes,11:05,11:05,12:10,3,,20,No,No meaningful delay occurred,Yes,Complexity of the problem,No,11:00,Exact — checked using calendar/message/booking records,"Calendar, Booking application/system",
2026-09-27 21:24:07,P232,3,P232-J03,2026-09-25,Repairing,Roofing Repair,Replace Roof Sheet,,TASK_COMPLETION_BASED,Yes,N/A — Single Session,12:00,125,3,3,Second job,No,09:30,20,Yes,12:15,12:15,14:25,3,,20,Yes,Traffic congestion,About the same,Not applicable,No,12:00,Exact — checked using calendar/message/booking records,"Calendar, Booking application/system",
2026-09-27 21:41:34,P232,4,P232-J04,2026-09-25,Repairing,Roofing Repair,Replace Roof Tile,,TASK_COMPLETION_BASED,Yes,N/A — Single Session,13:00,135,3,3,Second job,No,09:30,20,Yes,13:05,13:05,15:25,3,,20,No,No meaningful delay occurred,About the same,Not applicable,No,13:00,Exact — checked using calendar/message/booking records,"Calendar, Booking application/system",
2026-09-28 08:59:17,P232,5,P232-J05,2026-09-25,Repairing,Roofing Repair,Seal Roof Leakage,,TASK_COMPLETION_BASED,Yes,N/A — Single Session,14:00,110,3,3,Second job,No,09:30,20,Yes,14:00,14:00,15:40,3,,20,No,No meaningful delay occurred,"No, it finished earlier",Not applicable,No,14:00,Exact — checked using calendar/message/booking records,"Calendar, Booking application/system",
2026-09-28 09:18:31,P232,1,P232-J01,2026-09-25,Repairing,Roofing Repair,Minor Roof Maintenance,,TASK_COMPLETION_BASED,Yes,N/A — Single Session,08:00,90,3,3,First job,Yes,,0,Not applicable,08:05,08:05,09:45,3,,0,No,No meaningful delay occurred,Yes,Complexity of the problem,No,08:00,Exact — checked using calendar/message/booking records,"Calendar, Booking application/system",
2026-09-28 09:31:39,P233,2,P233-J02,2026-09-25,Repairing,Electrical Repair,Repair Ceiling Fan,,TASK_COMPLETION_BASED,Yes,N/A — Single Session,09:00,60,2,3,Second job,No,09:30,20,Yes,09:10,09:10,10:05,2,,20,Yes,Traffic congestion,About the same,Not applicable,No,09:00,Exact — checked using calendar/message/booking records,"Calendar, Booking application/system",
2026-09-28 09:42:10,P233,3,P233-J03,2026-09-25,Repairing,Electrical Repair,Replace Ceiling Fan,,TASK_COMPLETION_BASED,Yes,N/A — Single Session,10:00,70,2,3,Second job,No,09:30,20,Yes,10:10,10:10,11:25,2,,20,Yes,Traffic congestion,About the same,Not applicable,No,10:00,Exact — checked using calendar/message/booking records,"Calendar, Booking application/system",
2026-09-28 09:52:29,P233,4,P233-J04,2026-09-25,Repairing,Electrical Repair,Install Power Socket,,TASK_COMPLETION_BASED,Yes,N/A — Single Session,11:00,40,2,3,Second job,No,09:30,20,Yes,11:00,11:00,11:40,2,,20,No,No meaningful delay occurred,About the same,Not applicable,No,11:00,Exact — checked using calendar/message/booking records,"Calendar, Booking application/system",
2026-09-28 10:24:57,P233,5,P233-J05,2026-09-25,Repairing,Electrical Repair,Replace Distribution Board Component,,TASK_COMPLETION_BASED,Yes,N/A — Single Session,12:00,75,2,3,Second job,No,09:30,20,Yes,12:05,12:05,13:30,2,,20,No,No meaningful delay occurred,Yes,Complexity of the problem,No,12:00,Exact — checked using calendar/message/booking records,"Calendar, Booking application/system",
2026-09-28 10:31:51,P233,1,P233-J01,2026-09-25,Repairing,Electrical Repair,Repair Rice Cooker,,TASK_COMPLETION_BASED,Yes,N/A — Single Session,13:00,50,2,3,First job,Yes,,0,Not applicable,13:00,13:00,13:40,2,,0,No,No meaningful delay occurred,"No, it finished earlier",Not applicable,No,13:00,Exact — checked using calendar/message/booking records,"Calendar, Booking application/system",
2026-09-28 10:35:18,P234,2,P234-J02,2026-09-25,Repairing,Electrical Repair,Install Power Socket,,TASK_COMPLETION_BASED,Yes,N/A — Single Session,14:00,40,1,3,Second job,No,09:30,20,Yes,14:00,14:00,14:45,1,,20,No,No meaningful delay occurred,About the same,Not applicable,No,14:00,Exact — checked using calendar/message/booking records,"Calendar, Booking application/system",
2026-09-28 10:51:43,P234,3,P234-J03,2026-09-25,Repairing,Electrical Repair,Repair Electrical Wiring,,TASK_COMPLETION_BASED,Yes,N/A — Single Session,08:00,120,1,3,Second job,No,09:30,20,Yes,08:00,08:00,10:15,1,,20,No,No meaningful delay occurred,Yes,Complexity of the problem,No,08:00,Exact — checked using calendar/message/booking records,"Calendar, Booking application/system",
2026-09-28 10:58:01,P234,4,P234-J04,2026-09-25,Repairing,Electrical Repair,Repair Television,,TASK_COMPLETION_BASED,Yes,N/A — Single Session,09:00,110,1,3,Second job,No,09:30,20,Yes,09:05,09:05,10:50,1,,20,No,No meaningful delay occurred,About the same,Not applicable,No,09:00,Exact — checked using calendar/message/booking records,"Calendar, Booking application/system",
2026-09-28 11:26:13,P235,5,P235-J05,2026-09-25,Cleaning,House Cleaning,Clean Single Room,,TASK_COMPLETION_BASED,Yes,N/A — Single Session,10:00,45,4,3,Second job,No,09:30,20,Yes,10:10,10:10,11:05,4,,20,Yes,Traffic congestion,Yes,Complexity of the problem,No,10:00,Exact — checked using calendar/message/booking records,"Calendar, Booking application/system",
2026-09-28 11:26:44,P235,1,P235-J01,2026-09-25,Cleaning,House Cleaning,Dust and Surface Cleaning,,TASK_COMPLETION_BASED,Yes,N/A — Single Session,11:00,55,4,3,First job,Yes,,0,Not applicable,11:10,11:10,12:20,4,,0,Yes,Traffic congestion,Yes,Complexity of the problem,No,11:00,Exact — checked using calendar/message/booking records,"Calendar, Booking application/system",
2026-09-28 11:35:16,P235,2,P235-J02,2026-09-25,Cleaning,Sofa/Carpet/Curtain Cleaning,Deep Clean Sofa,,TASK_COMPLETION_BASED,Yes,N/A — Single Session,12:00,90,4,3,Second job,No,09:30,20,Yes,12:00,12:00,13:35,4,,20,No,No meaningful delay occurred,About the same,Not applicable,No,12:00,Exact — checked using calendar/message/booking records,"Calendar, Booking application/system",
2026-09-28 11:53:37,P235,3,P235-J03,2026-09-25,Cleaning,Sofa/Carpet/Curtain Cleaning,Clean Carpet,,TASK_COMPLETION_BASED,Yes,N/A — Single Session,13:00,70,4,3,Second job,No,09:30,20,Yes,13:10,13:10,14:15,4,,20,Yes,Traffic congestion,About the same,Not applicable,No,13:00,Exact — checked using calendar/message/booking records,"Calendar, Booking application/system",
2026-09-28 12:23:11,P235,4,P235-J04,2026-09-25,Cleaning,Sofa/Carpet/Curtain Cleaning,Deep Clean Carpet,,TASK_COMPLETION_BASED,Yes,N/A — Single Session,14:00,120,4,3,Second job,No,09:30,20,Yes,14:00,14:00,16:00,4,,20,No,No meaningful delay occurred,About the same,Not applicable,No,14:00,Exact — checked using calendar/message/booking records,"Calendar, Booking application/system",
2026-09-28 12:42:08,P236,5,P236-J05,2026-09-25,Repairing,Painting & Renovation,Paint Interior Wall,,TASK_COMPLETION_BASED,Yes,N/A — Single Session,08:00,145,2,3,Second job,No,09:30,20,Yes,08:00,08:00,10:30,2,,20,No,No meaningful delay occurred,About the same,Not applicable,No,08:00,Exact — checked using calendar/message/booking records,"Calendar, Booking application/system",
2026-09-28 13:13:50,P236,1,P236-J01,2026-09-25,Repairing,Painting & Renovation,Paint Room,,TASK_COMPLETION_BASED,Yes,N/A — Single Session,09:00,165,2,3,First job,Yes,,0,Not applicable,09:00,09:00,12:00,2,,0,No,No meaningful delay occurred,Yes,Complexity of the problem,No,09:00,Exact — checked using calendar/message/booking records,"Calendar, Booking application/system",
2026-09-28 13:17:29,P236,2,P236-J02,2026-09-25,Repairing,Painting & Renovation,Paint Whole House,,TASK_COMPLETION_BASED,Yes,N/A — Single Session,10:00,485,2,3,Second job,No,09:30,20,Yes,10:15,10:15,18:30,2,,20,Yes,Traffic congestion,Yes,Complexity of the problem,No,10:00,Exact — checked using calendar/message/booking records,"Calendar, Booking application/system",
2026-09-28 13:25:56,P236,3,P236-J03,2026-09-25,Repairing,Painting & Renovation,Repair Wall Crack,,TASK_COMPLETION_BASED,Yes,N/A — Single Session,11:00,75,2,3,Second job,No,09:30,20,Yes,11:15,11:15,12:45,2,,20,Yes,Traffic congestion,Yes,Complexity of the problem,No,11:00,Exact — checked using calendar/message/booking records,"Calendar, Booking application/system",
2026-09-28 13:34:41,P236,4,P236-J04,2026-09-25,Repairing,Painting & Renovation,Repair Ceiling,,TASK_COMPLETION_BASED,Yes,N/A — Single Session,12:00,135,2,3,Second job,No,09:30,20,Yes,12:00,12:00,14:30,2,,20,No,No meaningful delay occurred,Yes,Complexity of the problem,No,12:00,Exact — checked using calendar/message/booking records,"Calendar, Booking application/system",
2026-09-28 13:42:08,P236,5,P236-J05,2026-09-25,Repairing,Painting & Renovation,Replace Damaged Tile,,TASK_COMPLETION_BASED,Yes,N/A — Single Session,13:00,80,2,3,Second job,No,09:30,20,Yes,13:00,13:00,14:10,2,,20,No,No meaningful delay occurred,"No, it finished earlier",Not applicable,No,13:00,Exact — checked using calendar/message/booking records,"Calendar, Booking application/system",
2026-09-28 13:44:19,P237,1,P237-J01,2026-09-25,Care Support,Child Care,Baby Care Session,,FIXED_DURATION,Yes,N/A — Single Session,14:00,180,1,3,First job,Yes,,0,Not applicable,14:00,14:00,17:00,1,,0,No,No meaningful delay occurred,About the same,Not applicable,No,14:00,Exact — checked using calendar/message/booking records,"Calendar, Booking application/system",
2026-09-28 13:59:44,P237,2,P237-J02,2026-09-25,Care Support,Child Care,After-School Child Care,,FIXED_DURATION,Yes,N/A — Single Session,08:00,200,1,3,Second job,No,09:30,20,Yes,08:00,08:00,11:30,1,,20,No,No meaningful delay occurred,Yes,Complexity of the problem,No,08:00,Exact — checked using calendar/message/booking records,"Calendar, Booking application/system",
2026-09-28 14:13:18,P237,3,P237-J03,2026-09-25,Care Support,Personal Assistance,Home Helper Session,,SHIFT_BASED,Yes,N/A — Single Session,09:00,270,1,3,Second job,No,09:30,20,Yes,09:00,09:00,13:25,1,,20,No,No meaningful delay occurred,About the same,Not applicable,No,09:00,Exact — checked using calendar/message/booking records,"Calendar, Booking application/system",
2026-09-28 14:23:24,P238,4,P238-J04,2026-09-25,Cleaning,House Cleaning,General House Cleaning,,TASK_COMPLETION_BASED,Yes,N/A — Single Session,10:00,135,2,3,Second job,No,09:30,20,Yes,10:00,10:00,12:10,2,,20,No,No meaningful delay occurred,About the same,Not applicable,No,10:00,Exact — checked using calendar/message/booking records,"Calendar, Booking application/system",
2026-09-28 14:25:47,P238,5,P238-J05,2026-09-25,Cleaning,House Cleaning,Deep Clean House,,TASK_COMPLETION_BASED,Yes,N/A — Single Session,11:00,255,2,3,Second job,No,09:30,20,Yes,11:00,11:00,15:15,2,,20,No,No meaningful delay occurred,About the same,Not applicable,No,11:00,Exact — checked using calendar/message/booking records,"Calendar, Booking application/system",
2026-09-28 14:56:49,P238,1,P238-J01,2026-09-25,Cleaning,House Cleaning,Clean Single Room,,TASK_COMPLETION_BASED,Yes,N/A — Single Session,12:00,50,2,3,First job,Yes,,0,Not applicable,12:05,12:05,12:45,2,,0,No,No meaningful delay occurred,"No, it finished earlier",Not applicable,No,12:00,Exact — checked using calendar/message/booking records,"Calendar, Booking application/system",
2026-09-28 15:03:09,P238,2,P238-J02,2026-09-25,Cleaning,House Cleaning,Mop and Clean Floors,,TASK_COMPLETION_BASED,Yes,N/A — Single Session,13:00,55,2,3,Second job,No,09:30,20,Yes,13:00,13:00,13:55,2,,20,No,No meaningful delay occurred,About the same,Not applicable,No,13:00,Exact — checked using calendar/message/booking records,"Calendar, Booking application/system",
2026-09-28 15:43:49,P238,3,P238-J03,2026-09-25,Cleaning,House Cleaning,Full Home Cleaning,,TASK_COMPLETION_BASED,Yes,N/A — Single Session,14:00,195,2,3,Second job,No,09:30,20,Yes,14:00,14:00,17:05,2,,20,No,No meaningful delay occurred,"No, it finished earlier",Not applicable,No,14:00,Exact — checked using calendar/message/booking records,"Calendar, Booking application/system",
2026-09-28 15:52:04,P238,4,P238-J04,2026-09-25,Cleaning,Kitchen Cleaning,Clean Kitchen Cabinets,,TASK_COMPLETION_BASED,Yes,N/A — Single Session,08:00,75,2,3,Second job,No,09:30,20,Yes,08:05,08:05,09:35,2,,20,No,No meaningful delay occurred,Yes,Complexity of the problem,No,08:00,Exact — checked using calendar/message/booking records,"Calendar, Booking application/system",
2026-09-28 16:11:45,P239,5,P239-J05,2026-09-25,Cleaning,House Cleaning,General House Cleaning,,TASK_COMPLETION_BASED,Yes,N/A — Single Session,09:00,155,2,3,Second job,No,09:30,20,Yes,09:00,09:00,11:40,2,,20,No,No meaningful delay occurred,About the same,Not applicable,No,09:00,Exact — checked using calendar/message/booking records,"Calendar, Booking application/system",
2026-09-28 16:33:56,P239,1,P239-J01,2026-09-25,Cleaning,House Cleaning,Deep Clean House,,TASK_COMPLETION_BASED,Yes,N/A — Single Session,10:00,230,2,3,First job,Yes,,0,Not applicable,10:15,10:15,13:55,2,,0,Yes,Traffic congestion,"No, it finished earlier",Not applicable,No,10:00,Exact — checked using calendar/message/booking records,"Calendar, Booking application/system",
2026-09-28 16:35:36,P239,2,P239-J02,2026-09-25,Cleaning,House Cleaning,Dust and Surface Cleaning,,TASK_COMPLETION_BASED,Yes,N/A — Single Session,11:00,50,2,3,Second job,No,09:30,20,Yes,11:00,11:00,12:00,2,,20,No,No meaningful delay occurred,Yes,Complexity of the problem,No,11:00,Exact — checked using calendar/message/booking records,"Calendar, Booking application/system",
2026-09-28 18:24:37,P239,3,P239-J03,2026-09-25,Cleaning,House Cleaning,Full Home Cleaning,,TASK_COMPLETION_BASED,Yes,N/A — Single Session,12:00,180,2,3,Second job,No,09:30,20,Yes,12:10,12:10,15:05,2,,20,Yes,Traffic congestion,About the same,Not applicable,No,12:00,Exact — checked using calendar/message/booking records,"Calendar, Booking application/system",
2026-09-28 18:25:34,P240,4,P240-J04,2026-09-25,Care Support,Personal Assistance,Errand Assistance,,TASK_COMPLETION_BASED,Yes,N/A — Single Session,13:00,90,1,3,Second job,No,09:30,20,Yes,13:00,13:00,14:40,1,,20,No,No meaningful delay occurred,Yes,Complexity of the problem,No,13:00,Exact — checked using calendar/message/booking records,"Calendar, Booking application/system",
2026-09-28 18:31:39,P240,5,P240-J05,2026-09-25,Care Support,Personal Assistance,Daily Task Support,,FIXED_DURATION,Yes,N/A — Single Session,14:00,115,1,3,Second job,No,09:30,20,Yes,14:00,14:00,15:45,1,,20,No,No meaningful delay occurred,"No, it finished earlier",Not applicable,No,14:00,Exact — checked using calendar/message/booking records,"Calendar, Booking application/system",
2026-09-28 18:50:44,P240,1,P240-J01,2026-09-25,Care Support,Pet Care,Feed Pet,,TASK_COMPLETION_BASED,Yes,N/A — Single Session,08:00,25,1,3,First job,Yes,,0,Not applicable,08:00,08:00,08:15,1,,0,No,No meaningful delay occurred,"No, it finished earlier",Not applicable,No,08:00,Exact — checked using calendar/message/booking records,"Calendar, Booking application/system",
2026-09-28 19:00:43,P240,2,P240-J02,2026-09-25,Care Support,Pet Care,Dog Walking,,FIXED_DURATION,Yes,N/A — Single Session,09:00,45,1,3,Second job,No,09:30,20,Yes,09:15,09:15,09:50,1,,20,Yes,Traffic congestion,"No, it finished earlier",Not applicable,No,09:00,Exact — checked using calendar/message/booking records,"Calendar, Booking application/system",
2026-09-28 19:32:36,P240,3,P240-J03,2026-09-25,Care Support,Pet Care,Pet Grooming,,TASK_COMPLETION_BASED,Yes,N/A — Single Session,10:00,90,1,3,Second job,No,09:30,20,Yes,10:15,10:15,11:50,1,,20,Yes,Traffic congestion,About the same,Not applicable,No,10:00,Exact — checked using calendar/message/booking records,"Calendar, Booking application/system",
2026-09-28 20:19:37,P241,4,P241-J04,2026-09-25,Repairing,Electrical Repair,Install Ceiling Fan,,TASK_COMPLETION_BASED,Yes,N/A — Single Session,11:00,85,1,3,Second job,No,09:30,20,Yes,11:00,11:00,12:25,1,,20,No,No meaningful delay occurred,About the same,Not applicable,No,11:00,Exact — checked using calendar/message/booking records,"Calendar, Booking application/system",
2026-09-28 20:45:29,P241,5,P241-J05,2026-09-25,Repairing,Electrical Repair,Repair Light Circuit,,TASK_COMPLETION_BASED,Yes,N/A — Single Session,12:00,50,1,3,Second job,No,09:30,20,Yes,12:10,12:10,12:55,1,,20,Yes,Traffic congestion,About the same,Not applicable,No,12:00,Exact — checked using calendar/message/booking records,"Calendar, Booking application/system",
2026-09-28 21:19:57,P241,1,P241-J01,2026-09-25,Repairing,Electrical Repair,Repair Rice Cooker,,TASK_COMPLETION_BASED,Yes,N/A — Single Session,13:00,45,1,3,First job,Yes,,0,Not applicable,13:15,13:15,14:10,1,,0,Yes,Traffic congestion,Yes,Complexity of the problem,No,13:00,Exact — checked using calendar/message/booking records,"Calendar, Booking application/system",
2026-09-28 21:58:01,P241,2,P241-J02,2026-09-25,Repairing,Electrical Repair,Repair Microwave Oven,,TASK_COMPLETION_BASED,Yes,N/A — Single Session,14:00,60,1,3,Second job,No,09:30,20,Yes,14:00,14:00,15:00,1,,20,No,No meaningful delay occurred,About the same,Not applicable,No,14:00,Exact — checked using calendar/message/booking records,"Calendar, Booking application/system",
2026-09-29 08:01:45,P242,3,P242-J03,2026-09-25,Cleaning,Sofa/Carpet/Curtain Cleaning,Deep Clean Sofa,,TASK_COMPLETION_BASED,Yes,N/A — Single Session,08:00,90,5,3,Second job,No,09:30,20,Yes,08:00,08:00,09:30,5,,20,No,No meaningful delay occurred,About the same,Not applicable,No,08:00,Exact — checked using calendar/message/booking records,"Calendar, Booking application/system",
2026-09-29 08:24:28,P242,4,P242-J04,2026-09-25,Cleaning,Sofa/Carpet/Curtain Cleaning,Clean Curtains,,TASK_COMPLETION_BASED,Yes,N/A — Single Session,09:00,60,5,3,Second job,No,09:30,20,Yes,09:00,09:00,09:55,5,,20,No,No meaningful delay occurred,About the same,Not applicable,No,09:00,Exact — checked using calendar/message/booking records,"Calendar, Booking application/system",
2026-09-29 08:25:37,P242,5,P242-J05,2026-09-25,Cleaning,Sofa/Carpet/Curtain Cleaning,Clean Mattress,,TASK_COMPLETION_BASED,Yes,N/A — Single Session,10:00,45,5,3,Second job,No,09:30,20,Yes,10:00,10:00,10:50,5,,20,No,No meaningful delay occurred,About the same,Not applicable,No,10:00,Exact — checked using calendar/message/booking records,"Calendar, Booking application/system",
2026-09-29 08:43:43,P243,1,P243-J01,2026-09-25,Cleaning,House Cleaning,Clean Single Room,,TASK_COMPLETION_BASED,Yes,N/A — Single Session,11:00,60,2,3,First job,Yes,,0,Not applicable,11:00,11:00,12:15,2,,0,No,No meaningful delay occurred,Yes,Complexity of the problem,No,11:00,Exact — checked using calendar/message/booking records,"Calendar, Booking application/system",
2026-09-29 08:47:11,P243,2,P243-J02,2026-09-25,Cleaning,House Cleaning,Mop and Clean Floors,,TASK_COMPLETION_BASED,Yes,N/A — Single Session,12:00,60,2,3,Second job,No,09:30,20,Yes,12:05,12:05,13:10,2,,20,No,No meaningful delay occurred,About the same,Not applicable,No,12:00,Exact — checked using calendar/message/booking records,"Calendar, Booking application/system",
2026-09-29 08:55:17,P243,3,P243-J03,2026-09-25,Cleaning,House Cleaning,Dust and Surface Cleaning,,TASK_COMPLETION_BASED,Yes,N/A — Single Session,13:00,55,2,3,Second job,No,09:30,20,Yes,13:05,13:05,13:50,2,,20,No,No meaningful delay occurred,"No, it finished earlier",Not applicable,No,13:00,Exact — checked using calendar/message/booking records,"Calendar, Booking application/system",
2026-09-29 09:04:55,P243,4,P243-J04,2026-09-25,Cleaning,Post-Construction Cleaning,Clean Post-Renovation Area,,TASK_COMPLETION_BASED,Yes,N/A — Single Session,14:00,205,2,3,Second job,No,09:30,20,Yes,14:00,14:00,17:35,2,,20,No,No meaningful delay occurred,Yes,Complexity of the problem,No,14:00,Exact — checked using calendar/message/booking records,"Calendar, Booking application/system",
2026-09-29 09:30:19,P243,5,P243-J05,2026-09-25,Cleaning,Sofa/Carpet/Curtain Cleaning,Deep Clean Sofa,,TASK_COMPLETION_BASED,Yes,N/A — Single Session,08:00,115,2,3,Second job,No,09:30,20,Yes,08:00,08:00,10:00,2,,20,No,No meaningful delay occurred,About the same,Not applicable,No,08:00,Exact — checked using calendar/message/booking records,"Calendar, Booking application/system",
2026-09-29 09:31:35,P243,1,P243-J01,2026-09-25,Cleaning,Sofa/Carpet/Curtain Cleaning,Steam Clean Curtains,,TASK_COMPLETION_BASED,Yes,N/A — Single Session,09:00,105,2,3,First job,Yes,,0,Not applicable,09:00,09:00,10:45,2,,0,No,No meaningful delay occurred,About the same,Not applicable,No,09:00,Exact — checked using calendar/message/booking records,"Calendar, Booking application/system",
2026-09-29 09:32:57,P243,2,P243-J02,2026-09-25,Cleaning,Sofa/Carpet/Curtain Cleaning,Clean Mattress,,TASK_COMPLETION_BASED,Yes,N/A — Single Session,10:00,60,2,3,Second job,No,09:30,20,Yes,10:00,10:00,11:15,2,,20,No,No meaningful delay occurred,Yes,Complexity of the problem,No,10:00,Exact — checked using calendar/message/booking records,"Calendar, Booking application/system",
2026-09-29 09:33:49,P243,3,P243-J03,2026-09-25,Cleaning,Sofa/Carpet/Curtain Cleaning,Deep Clean Mattress,,TASK_COMPLETION_BASED,Yes,N/A — Single Session,11:00,100,2,3,Second job,No,09:30,20,Yes,11:15,11:15,12:55,2,,20,Yes,Traffic congestion,About the same,Not applicable,No,11:00,Exact — checked using calendar/message/booking records,"Calendar, Booking application/system",
2026-09-29 09:43:27,P244,4,P244-J04,2026-09-25,Care Support,Elderly Care,Elderly Home Care,,SHIFT_BASED,Yes,N/A — Single Session,12:00,285,1,3,Second job,No,09:30,20,Yes,12:10,12:10,17:00,1,,20,Yes,Traffic congestion,About the same,Not applicable,No,12:00,Exact — checked using calendar/message/booking records,"Calendar, Booking application/system",
2026-09-29 10:12:18,P244,5,P244-J05,2026-09-25,Care Support,Elderly Care,Elderly Assistance Session,,FIXED_DURATION,Yes,N/A — Single Session,13:00,135,1,3,Second job,No,09:30,20,Yes,13:00,13:00,15:05,1,,20,No,No meaningful delay occurred,"No, it finished earlier",Not applicable,No,13:00,Exact — checked using calendar/message/booking records,"Calendar, Booking application/system",
2026-09-29 10:32:25,P244,1,P244-J01,2026-09-25,Care Support,Elderly Care,Medication Assistance,,TASK_COMPLETION_BASED,Yes,N/A — Single Session,14:00,30,1,3,First job,Yes,,0,Not applicable,14:00,14:00,14:20,1,,0,No,No meaningful delay occurred,"No, it finished earlier",Not applicable,No,14:00,Exact — checked using calendar/message/booking records,"Calendar, Booking application/system",
2026-09-29 10:57:52,P244,2,P244-J02,2026-09-25,Care Support,Personal Assistance,Daily Household Assistance,,TASK_COMPLETION_BASED,Yes,N/A — Single Session,08:00,170,1,3,Second job,No,09:30,20,Yes,08:05,08:05,10:55,1,,20,No,No meaningful delay occurred,About the same,Not applicable,No,08:00,Exact — checked using calendar/message/booking records,"Calendar, Booking application/system",
2026-09-29 10:59:22,P244,3,P244-J03,2026-09-25,Care Support,Personal Assistance,Errand Assistance,,TASK_COMPLETION_BASED,Yes,N/A — Single Session,09:00,105,1,3,Second job,No,09:30,20,Yes,09:00,09:00,10:40,1,,20,No,No meaningful delay occurred,About the same,Not applicable,No,09:00,Exact — checked using calendar/message/booking records,"Calendar, Booking application/system",
2026-09-29 11:17:11,P245,4,P245-J04,2026-09-25,Care Support,Child Care,Babysitting,,FIXED_DURATION,Yes,N/A — Single Session,10:00,270,1,3,Second job,No,09:30,20,Yes,10:05,10:05,14:35,1,,20,No,No meaningful delay occurred,About the same,Not applicable,No,10:00,Exact — checked using calendar/message/booking records,"Calendar, Booking application/system",
2026-09-29 11:27:26,P245,5,P245-J05,2026-09-25,Care Support,Child Care,Baby Care Session,,FIXED_DURATION,Yes,N/A — Single Session,11:00,175,1,3,Second job,No,09:30,20,Yes,11:00,11:00,14:05,1,,20,No,No meaningful delay occurred,Yes,Complexity of the problem,No,11:00,Exact — checked using calendar/message/booking records,"Calendar, Booking application/system",
2026-09-29 11:38:20,P245,1,P245-J01,2026-09-25,Care Support,Child Care,Child Supervision,,FIXED_DURATION,Yes,N/A — Single Session,12:00,210,1,3,First job,Yes,,0,Not applicable,12:00,12:00,15:25,1,,0,No,No meaningful delay occurred,About the same,Not applicable,No,12:00,Exact — checked using calendar/message/booking records,"Calendar, Booking application/system",
2026-09-29 11:38:27,P245,2,P245-J02,2026-09-25,Care Support,Child Care,After-School Child Care,,FIXED_DURATION,Yes,N/A — Single Session,13:00,190,1,3,Second job,No,09:30,20,Yes,13:00,13:00,16:00,1,,20,No,No meaningful delay occurred,"No, it finished earlier",Not applicable,No,13:00,Exact — checked using calendar/message/booking records,"Calendar, Booking application/system",
2026-09-29 11:51:05,P246,3,P246-J03,2026-09-25,Repairing,Painting & Renovation,Paint Exterior Wall,,TASK_COMPLETION_BASED,Yes,N/A — Single Session,14:00,215,3,3,Second job,No,09:30,20,Yes,14:05,14:05,17:45,3,,20,No,No meaningful delay occurred,About the same,Not applicable,No,14:00,Exact — checked using calendar/message/booking records,"Calendar, Booking application/system",
2026-09-29 12:19:34,P246,4,P246-J04,2026-09-25,Repairing,Painting & Renovation,Repair Floor Tile,,TASK_COMPLETION_BASED,Yes,N/A — Single Session,08:00,85,3,3,Second job,No,09:30,20,Yes,08:00,08:00,09:20,3,,20,No,No meaningful delay occurred,About the same,Not applicable,No,08:00,Exact — checked using calendar/message/booking records,"Calendar, Booking application/system",
2026-09-29 13:44:49,P246,5,P246-J05,2026-09-25,Repairing,Painting & Renovation,Minor Renovation Work,,TASK_COMPLETION_BASED,Yes,N/A — Single Session,09:00,265,3,3,Second job,No,09:30,20,Yes,09:00,09:00,13:25,3,,20,No,No meaningful delay occurred,About the same,Not applicable,No,09:00,Exact — checked using calendar/message/booking records,"Calendar, Booking application/system",
2026-09-29 13:46:45,P246,1,P246-J01,2026-09-25,Repairing,Roofing Repair,Inspect Roof Damage,,TASK_COMPLETION_BASED,Yes,N/A — Single Session,10:00,50,3,3,First job,Yes,,0,Not applicable,10:15,10:15,11:10,3,,0,Yes,Traffic congestion,About the same,Not applicable,No,10:00,Exact — checked using calendar/message/booking records,"Calendar, Booking application/system",
2026-09-29 13:47:38,P246,2,P246-J02,2026-09-25,Repairing,Roofing Repair,Repair Roof Leak,,TASK_COMPLETION_BASED,Yes,N/A — Single Session,11:00,100,3,3,Second job,No,09:30,20,Yes,11:00,11:00,12:30,3,,20,No,No meaningful delay occurred,"No, it finished earlier",Not applicable,No,11:00,Exact — checked using calendar/message/booking records,"Calendar, Booking application/system",
2026-09-29 14:05:39,P246,3,P246-J03,2026-09-25,Repairing,Roofing Repair,Replace Roof Sheet,,TASK_COMPLETION_BASED,Yes,N/A — Single Session,12:00,125,3,3,Second job,No,09:30,20,Yes,12:10,12:10,14:20,3,,20,Yes,Traffic congestion,About the same,Not applicable,No,12:00,Exact — checked using calendar/message/booking records,"Calendar, Booking application/system",
2026-09-29 14:29:10,P246,4,P246-J04,2026-09-25,Repairing,Roofing Repair,Replace Roof Tile,,TASK_COMPLETION_BASED,Yes,N/A — Single Session,13:00,125,3,3,Second job,No,09:30,20,Yes,13:00,13:00,15:10,3,,20,No,No meaningful delay occurred,About the same,Not applicable,No,13:00,Exact — checked using calendar/message/booking records,"Calendar, Booking application/system",
2026-09-29 15:18:12,P247,5,P247-J05,2026-09-25,Gardening,Garden Maintenance,Water Plants,,TASK_COMPLETION_BASED,Yes,N/A — Single Session,14:00,40,1,3,Second job,No,09:30,20,Yes,14:10,14:10,14:50,1,,20,Yes,Traffic congestion,About the same,Not applicable,No,14:00,Exact — checked using calendar/message/booking records,"Calendar, Booking application/system",
2026-09-29 15:43:38,P247,1,P247-J01,2026-09-25,Gardening,Garden Maintenance,Trim Shrubs,,TASK_COMPLETION_BASED,Yes,N/A — Single Session,08:00,80,1,3,First job,Yes,,0,Not applicable,08:05,08:05,09:40,1,,0,No,No meaningful delay occurred,Yes,Complexity of the problem,No,08:00,Exact — checked using calendar/message/booking records,"Calendar, Booking application/system",
2026-09-29 15:52:13,P247,2,P247-J02,2026-09-25,Gardening,Garden Maintenance,Cut Grass,,TASK_COMPLETION_BASED,Yes,N/A — Single Session,09:00,110,1,3,Second job,No,09:30,20,Yes,09:00,09:00,11:00,1,,20,No,No meaningful delay occurred,Yes,Complexity of the problem,No,09:00,Exact — checked using calendar/message/booking records,"Calendar, Booking application/system",
2026-09-29 15:55:13,P247,3,P247-J03,2026-09-25,Gardening,Garden Maintenance,Mow Lawn,,TASK_COMPLETION_BASED,Yes,N/A — Single Session,10:00,85,1,3,Second job,No,09:30,20,Yes,10:00,10:00,11:25,1,,20,No,No meaningful delay occurred,About the same,Not applicable,No,10:00,Exact — checked using calendar/message/booking records,"Calendar, Booking application/system",
2026-09-29 17:23:05,P247,4,P247-J04,2026-09-25,Gardening,Garden Maintenance,Remove Weeds,,TASK_COMPLETION_BASED,Yes,N/A — Single Session,11:00,90,1,3,Second job,No,09:30,20,Yes,11:05,11:05,12:35,1,,20,No,No meaningful delay occurred,About the same,Not applicable,No,11:00,Exact — checked using calendar/message/booking records,"Calendar, Booking application/system",
2026-09-29 17:36:05,P247,5,P247-J05,2026-09-25,Gardening,Garden Maintenance,Trim Tree Branches,,TASK_COMPLETION_BASED,Yes,N/A — Single Session,12:00,135,1,3,Second job,No,09:30,20,Yes,12:15,12:15,14:35,1,,20,Yes,Traffic congestion,About the same,Not applicable,No,12:00,Exact — checked using calendar/message/booking records,"Calendar, Booking application/system",
2026-09-29 17:39:35,P247,1,P247-J01,2026-09-25,Gardening,Garden Maintenance,Prune Plants,,TASK_COMPLETION_BASED,Yes,N/A — Single Session,13:00,75,1,3,First job,Yes,,0,Not applicable,13:05,13:05,14:35,1,,0,No,No meaningful delay occurred,Yes,Complexity of the problem,No,13:00,Exact — checked using calendar/message/booking records,"Calendar, Booking application/system",
2026-09-29 17:56:15,P248,2,P248-J02,2026-09-25,Care Support,Personal Assistance,Personal Assistance,,SHIFT_BASED,Yes,N/A — Single Session,14:00,330,1,3,Second job,No,09:30,20,Yes,14:15,14:15,19:45,1,,20,Yes,Traffic congestion,About the same,Not applicable,No,14:00,Exact — checked using calendar/message/booking records,"Calendar, Booking application/system",
2026-09-29 18:14:23,P248,3,P248-J03,2026-09-25,Care Support,Personal Assistance,Errand Assistance,,TASK_COMPLETION_BASED,Yes,N/A — Single Session,08:00,95,1,3,Second job,No,09:30,20,Yes,08:00,08:00,09:35,1,,20,No,No meaningful delay occurred,About the same,Not applicable,No,08:00,Exact — checked using calendar/message/booking records,"Calendar, Booking application/system",
2026-09-29 18:21:05,P248,4,P248-J04,2026-09-25,Care Support,Pet Care,Dog Walking,,FIXED_DURATION,Yes,N/A — Single Session,09:00,45,1,3,Second job,No,09:30,20,Yes,09:05,09:05,09:50,1,,20,No,No meaningful delay occurred,About the same,Not applicable,No,09:00,Exact — checked using calendar/message/booking records,"Calendar, Booking application/system",
2026-09-29 18:44:58,P248,5,P248-J05,2026-09-25,Care Support,Pet Care,Pet Cleaning,,TASK_COMPLETION_BASED,Yes,N/A — Single Session,10:00,55,1,3,Second job,No,09:30,20,Yes,10:10,10:10,11:10,1,,20,Yes,Traffic congestion,About the same,Not applicable,No,10:00,Exact — checked using calendar/message/booking records,"Calendar, Booking application/system",
2026-09-29 19:02:33,P248,1,P248-J01,2026-09-25,Care Support,Pet Care,Pet Sitting,,FIXED_DURATION,Yes,N/A — Single Session,11:00,370,1,3,First job,Yes,,0,Not applicable,11:15,11:15,17:35,1,,0,Yes,Traffic congestion,Yes,Complexity of the problem,No,11:00,Exact — checked using calendar/message/booking records,"Calendar, Booking application/system",
2026-09-29 19:08:16,P249,2,P249-J02,2026-09-25,Cleaning,Office Cleaning,Clean Small Office,,TASK_COMPLETION_BASED,Yes,N/A — Single Session,12:00,110,3,3,Second job,No,09:30,20,Yes,12:05,12:05,13:50,3,,20,No,No meaningful delay occurred,About the same,Not applicable,No,12:00,Exact — checked using calendar/message/booking records,"Calendar, Booking application/system",
2026-09-29 19:15:02,P249,3,P249-J03,2026-09-25,Cleaning,Office Cleaning,Clean Retail Shop,,TASK_COMPLETION_BASED,Yes,N/A — Single Session,13:00,145,3,3,Second job,No,09:30,20,Yes,13:00,13:00,15:30,3,,20,No,No meaningful delay occurred,About the same,Not applicable,No,13:00,Exact — checked using calendar/message/booking records,"Calendar, Booking application/system",
2026-09-29 19:17:14,P249,4,P249-J04,2026-09-25,Cleaning,Office Cleaning,Clean Office Floors,,TASK_COMPLETION_BASED,Yes,N/A — Single Session,14:00,80,3,3,Second job,No,09:30,20,Yes,14:10,14:10,15:35,3,,20,Yes,Traffic congestion,About the same,Not applicable,No,14:00,Exact — checked using calendar/message/booking records,"Calendar, Booking application/system",
2026-09-29 19:40:12,P250,5,P250-J05,2026-09-25,Cleaning,Sofa/Carpet/Curtain Cleaning,Clean Sofa,,TASK_COMPLETION_BASED,Yes,N/A — Single Session,08:00,95,1,3,Second job,No,09:30,20,Yes,08:10,08:10,09:55,1,,20,Yes,Traffic congestion,Yes,Complexity of the problem,No,08:00,Exact — checked using calendar/message/booking records,"Calendar, Booking application/system",
2026-09-29 20:01:39,P250,1,P250-J01,2026-09-25,Cleaning,Sofa/Carpet/Curtain Cleaning,Deep Clean Sofa,,TASK_COMPLETION_BASED,Yes,N/A — Single Session,09:00,125,1,3,First job,Yes,,0,Not applicable,09:05,09:05,11:15,1,,0,No,No meaningful delay occurred,About the same,Not applicable,No,09:00,Exact — checked using calendar/message/booking records,"Calendar, Booking application/system",
2026-09-29 20:19:47,P250,2,P250-J02,2026-09-25,Cleaning,Sofa/Carpet/Curtain Cleaning,Clean Curtains,,TASK_COMPLETION_BASED,Yes,N/A — Single Session,10:00,80,1,3,Second job,No,09:30,20,Yes,10:10,10:10,11:30,1,,20,Yes,Traffic congestion,About the same,Not applicable,No,10:00,Exact — checked using calendar/message/booking records,"Calendar, Booking application/system",
2026-09-29 20:43:00,P250,3,P250-J03,2026-09-25,Cleaning,Sofa/Carpet/Curtain Cleaning,Steam Clean Curtains,,TASK_COMPLETION_BASED,Yes,N/A — Single Session,11:00,120,1,3,Second job,No,09:30,20,Yes,11:00,11:00,13:00,1,,20,No,No meaningful delay occurred,About the same,Not applicable,No,11:00,Exact — checked using calendar/message/booking records,"Calendar, Booking application/system",
2026-09-29 20:43:29,P250,4,P250-J04,2026-09-25,Cleaning,Sofa/Carpet/Curtain Cleaning,Clean Mattress,,TASK_COMPLETION_BASED,Yes,N/A — Single Session,12:00,60,1,3,Second job,No,09:30,20,Yes,12:00,12:00,12:55,1,,20,No,No meaningful delay occurred,About the same,Not applicable,No,12:00,Exact — checked using calendar/message/booking records,"Calendar, Booking application/system",
2026-09-29 20:51:17,P251,5,P251-J05,2026-09-25,Gardening,Garden Maintenance,Water Plants,,TASK_COMPLETION_BASED,Yes,N/A — Single Session,13:00,40,1,3,Second job,No,09:30,20,Yes,13:00,13:00,13:30,1,,20,No,No meaningful delay occurred,"No, it finished earlier",Not applicable,No,13:00,Exact — checked using calendar/message/booking records,"Calendar, Booking application/system",
2026-09-29 21:11:38,P251,1,P251-J01,2026-09-25,Gardening,Garden Maintenance,Trim Shrubs,,TASK_COMPLETION_BASED,Yes,N/A — Single Session,14:00,90,1,3,First job,Yes,,0,Not applicable,14:15,14:15,15:45,1,,0,Yes,Traffic congestion,About the same,Not applicable,No,14:00,Exact — checked using calendar/message/booking records,"Calendar, Booking application/system",
2026-09-29 21:24:51,P251,2,P251-J02,2026-09-25,Gardening,Garden Maintenance,Remove Weeds,,TASK_COMPLETION_BASED,Yes,N/A — Single Session,08:00,85,1,3,Second job,No,09:30,20,Yes,08:00,08:00,09:15,1,,20,No,No meaningful delay occurred,"No, it finished earlier",Not applicable,No,08:00,Exact — checked using calendar/message/booking records,"Calendar, Booking application/system",
2026-09-29 21:29:12,P251,3,P251-J03,2026-09-25,Gardening,Garden Maintenance,Trim Tree Branches,,TASK_COMPLETION_BASED,Yes,N/A — Single Session,09:00,115,1,3,Second job,No,09:30,20,Yes,09:00,09:00,10:55,1,,20,No,No meaningful delay occurred,About the same,Not applicable,No,09:00,Exact — checked using calendar/message/booking records,"Calendar, Booking application/system",
2026-09-29 21:48:44,P251,4,P251-J04,2026-09-25,Gardening,Garden Maintenance,General Garden Maintenance,,TASK_COMPLETION_BASED,Yes,N/A — Single Session,10:00,150,1,3,Second job,No,09:30,20,Yes,10:10,10:10,12:35,1,,20,Yes,Traffic congestion,About the same,Not applicable,No,10:00,Exact — checked using calendar/message/booking records,"Calendar, Booking application/system",
2026-09-29 21:58:03,P251,5,P251-J05,2026-09-25,Gardening,Planting Services,Plant Flowers,,TASK_COMPLETION_BASED,Yes,N/A — Single Session,11:00,70,1,3,Second job,No,09:30,20,Yes,11:15,11:15,12:40,1,,20,Yes,Traffic congestion,Yes,Complexity of the problem,No,11:00,Exact — checked using calendar/message/booking records,"Calendar, Booking application/system",
2026-09-30 08:55:26,P251,1,P251-J01,2026-09-25,Gardening,Planting Services,Plant Vegetables,,TASK_COMPLETION_BASED,Yes,N/A — Single Session,12:00,90,1,3,First job,Yes,,0,Not applicable,12:00,12:00,13:25,1,,0,No,No meaningful delay occurred,About the same,Not applicable,No,12:00,Exact — checked using calendar/message/booking records,"Calendar, Booking application/system",
2026-09-30 09:16:38,P251,2,P251-J02,2026-09-25,Gardening,Planting Services,Plant Garden Plants,,TASK_COMPLETION_BASED,Yes,N/A — Single Session,13:00,65,1,3,Second job,No,09:30,20,Yes,13:15,13:15,14:15,1,,20,Yes,Traffic congestion,About the same,Not applicable,No,13:00,Exact — checked using calendar/message/booking records,"Calendar, Booking application/system",
2026-09-30 09:28:55,P252,3,P252-J03,2026-09-25,Repairing,Plumbing Repair,Repair Sink Plumbing,,TASK_COMPLETION_BASED,Yes,N/A — Single Session,14:00,60,3,3,Second job,No,09:30,20,Yes,14:10,14:10,15:10,3,,20,Yes,Traffic congestion,About the same,Not applicable,No,14:00,Exact — checked using calendar/message/booking records,"Calendar, Booking application/system",
2026-09-30 10:34:01,P252,4,P252-J04,2026-09-25,Repairing,Plumbing Repair,Install Sink Plumbing,,TASK_COMPLETION_BASED,Yes,N/A — Single Session,08:00,75,3,3,Second job,No,09:30,20,Yes,08:10,08:10,09:35,3,,20,Yes,Traffic congestion,Yes,Complexity of the problem,No,08:00,Exact — checked using calendar/message/booking records,"Calendar, Booking application/system",
2026-09-30 10:38:04,P252,5,P252-J05,2026-09-25,Repairing,Plumbing Repair,Replace Toilet Pipe,,TASK_COMPLETION_BASED,Yes,N/A — Single Session,09:00,80,3,3,Second job,No,09:30,20,Yes,09:00,09:00,10:10,3,,20,No,No meaningful delay occurred,"No, it finished earlier",Not applicable,No,09:00,Exact — checked using calendar/message/booking records,"Calendar, Booking application/system",
2026-09-30 11:06:22,P252,1,P252-J01,2026-09-25,Repairing,Plumbing Repair,Repair Bathroom Pipe,,TASK_COMPLETION_BASED,Yes,N/A — Single Session,10:00,70,3,3,First job,Yes,,0,Not applicable,10:10,10:10,11:25,3,,0,Yes,Traffic congestion,About the same,Not applicable,No,10:00,Exact — checked using calendar/message/booking records,"Calendar, Booking application/system",
2026-09-30 11:09:13,P253,2,P253-J02,2026-09-25,Repairing,Roofing Repair,Inspect Roof Damage,,TASK_COMPLETION_BASED,Yes,N/A — Single Session,11:00,55,2,3,Second job,No,09:30,20,Yes,11:00,11:00,12:10,2,,20,No,No meaningful delay occurred,Yes,Complexity of the problem,No,11:00,Exact — checked using calendar/message/booking records,"Calendar, Booking application/system",
2026-09-30 11:10:37,P253,3,P253-J03,2026-09-25,Repairing,Roofing Repair,Repair Roof Leak,,TASK_COMPLETION_BASED,Yes,N/A — Single Session,12:00,125,2,3,Second job,No,09:30,20,Yes,12:05,12:05,14:15,2,,20,No,No meaningful delay occurred,About the same,Not applicable,No,12:00,Exact — checked using calendar/message/booking records,"Calendar, Booking application/system",
2026-09-30 11:17:04,P253,4,P253-J04,2026-09-25,Repairing,Roofing Repair,Replace Roof Sheet,,TASK_COMPLETION_BASED,Yes,N/A — Single Session,13:00,125,2,3,Second job,No,09:30,20,Yes,13:00,13:00,15:15,2,,20,No,No meaningful delay occurred,Yes,Complexity of the problem,No,13:00,Exact — checked using calendar/message/booking records,"Calendar, Booking application/system",
2026-09-30 11:57:29,P253,5,P253-J05,2026-09-25,Repairing,Roofing Repair,Replace Roof Tile,,TASK_COMPLETION_BASED,Yes,N/A — Single Session,14:00,140,2,3,Second job,No,09:30,20,Yes,14:15,14:15,16:45,2,,20,Yes,Traffic congestion,Yes,Complexity of the problem,No,14:00,Exact — checked using calendar/message/booking records,"Calendar, Booking application/system",
2026-09-30 12:01:56,P253,1,P253-J01,2026-09-25,Repairing,Roofing Repair,Seal Roof Leakage,,TASK_COMPLETION_BASED,Yes,N/A — Single Session,08:00,90,2,3,First job,Yes,,0,Not applicable,08:10,08:10,09:30,2,,0,Yes,Traffic congestion,"No, it finished earlier",Not applicable,No,08:00,Exact — checked using calendar/message/booking records,"Calendar, Booking application/system",
2026-09-30 12:12:53,P253,2,P253-J02,2026-09-25,Repairing,Roofing Repair,Repair Roof Structure,,TASK_COMPLETION_BASED,Yes,N/A — Single Session,09:00,280,2,3,Second job,No,09:30,20,Yes,09:00,09:00,13:30,2,,20,No,No meaningful delay occurred,"No, it finished earlier",Not applicable,No,09:00,Exact — checked using calendar/message/booking records,"Calendar, Booking application/system",
2026-09-30 12:13:18,P253,3,P253-J03,2026-09-25,Repairing,Roofing Repair,Minor Roof Maintenance,,TASK_COMPLETION_BASED,Yes,N/A — Single Session,10:00,75,2,3,Second job,No,09:30,20,Yes,10:00,10:00,11:10,2,,20,No,No meaningful delay occurred,About the same,Not applicable,No,10:00,Exact — checked using calendar/message/booking records,"Calendar, Booking application/system",
2026-09-30 12:44:03,P254,4,P254-J04,2026-09-25,Cleaning,Office Cleaning,Clean Small Office,,TASK_COMPLETION_BASED,Yes,N/A — Single Session,11:00,110,3,3,Second job,No,09:30,20,Yes,11:00,11:00,12:55,3,,20,No,No meaningful delay occurred,About the same,Not applicable,No,11:00,Exact — checked using calendar/message/booking records,"Calendar, Booking application/system",
2026-09-30 12:49:40,P254,5,P254-J05,2026-09-25,Cleaning,Office Cleaning,Clean Retail Shop,,TASK_COMPLETION_BASED,Yes,N/A — Single Session,12:00,120,3,3,Second job,No,09:30,20,Yes,12:00,12:00,13:50,3,,20,No,No meaningful delay occurred,"No, it finished earlier",Not applicable,No,12:00,Exact — checked using calendar/message/booking records,"Calendar, Booking application/system",
2026-09-30 12:55:06,P254,1,P254-J01,2026-09-25,Cleaning,Office Cleaning,Clean Office Floors,,TASK_COMPLETION_BASED,Yes,N/A — Single Session,13:00,75,3,3,First job,Yes,,0,Not applicable,13:00,13:00,14:15,3,,0,No,No meaningful delay occurred,About the same,Not applicable,No,13:00,Exact — checked using calendar/message/booking records,"Calendar, Booking application/system",
2026-09-30 13:07:47,P254,2,P254-J02,2026-09-25,Cleaning,Post-Construction Cleaning,Post-Construction House Cleaning,,TASK_COMPLETION_BASED,Yes,N/A — Single Session,14:00,365,3,3,Second job,No,09:30,20,Yes,14:15,14:15,20:20,3,,20,Yes,Traffic congestion,About the same,Not applicable,No,14:00,Exact — checked using calendar/message/booking records,"Calendar, Booking application/system",
2026-09-30 13:18:11,P254,3,P254-J03,2026-09-25,Cleaning,Post-Construction Cleaning,Remove Construction Dust,,TASK_COMPLETION_BASED,Yes,N/A — Single Session,08:00,165,3,3,Second job,No,09:30,20,Yes,08:00,08:00,10:45,3,,20,No,No meaningful delay occurred,About the same,Not applicable,No,08:00,Exact — checked using calendar/message/booking records,"Calendar, Booking application/system",
2026-09-30 13:18:42,P254,4,P254-J04,2026-09-25,Cleaning,Post-Construction Cleaning,Clean Newly Built Property,,TASK_COMPLETION_BASED,Yes,N/A — Single Session,09:00,320,3,3,Second job,No,09:30,20,Yes,09:10,09:10,14:30,3,,20,Yes,Traffic congestion,About the same,Not applicable,No,09:00,Exact — checked using calendar/message/booking records,"Calendar, Booking application/system",
2026-09-30 13:19:17,P255,5,P255-J05,2026-09-25,Cleaning,Office Cleaning,Clean Small Office,,TASK_COMPLETION_BASED,Yes,N/A — Single Session,10:00,115,2,3,Second job,No,09:30,20,Yes,10:00,10:00,11:45,2,,20,No,No meaningful delay occurred,"No, it finished earlier",Not applicable,No,10:00,Exact — checked using calendar/message/booking records,"Calendar, Booking application/system",
2026-09-30 13:37:25,P255,1,P255-J01,2026-09-25,Cleaning,Office Cleaning,Clean Retail Shop,,TASK_COMPLETION_BASED,Yes,N/A — Single Session,11:00,150,2,3,First job,Yes,,0,Not applicable,11:00,11:00,13:30,2,,0,No,No meaningful delay occurred,About the same,Not applicable,No,11:00,Exact — checked using calendar/message/booking records,"Calendar, Booking application/system",
2026-09-30 13:55:04,P255,2,P255-J02,2026-09-25,Cleaning,Office Cleaning,Clean Office Floors,,TASK_COMPLETION_BASED,Yes,N/A — Single Session,12:00,85,2,3,Second job,No,09:30,20,Yes,12:10,12:10,13:30,2,,20,Yes,Traffic congestion,About the same,Not applicable,No,12:00,Exact — checked using calendar/message/booking records,"Calendar, Booking application/system",
2026-09-30 14:06:09,P255,3,P255-J03,2026-09-25,Cleaning,Post-Construction Cleaning,Post-Construction House Cleaning,,TASK_COMPLETION_BASED,Yes,N/A — Single Session,13:00,385,2,3,Second job,No,09:30,20,Yes,13:00,13:00,19:40,2,,20,No,No meaningful delay occurred,Yes,Complexity of the problem,No,13:00,Exact — checked using calendar/message/booking records,"Calendar, Booking application/system",
2026-09-30 14:20:34,P255,4,P255-J04,2026-09-25,Cleaning,Post-Construction Cleaning,Remove Construction Dust,,TASK_COMPLETION_BASED,Yes,N/A — Single Session,14:00,195,2,3,Second job,No,09:30,20,Yes,14:00,14:00,17:20,2,,20,No,No meaningful delay occurred,About the same,Not applicable,No,14:00,Exact — checked using calendar/message/booking records,"Calendar, Booking application/system",
2026-09-30 14:24:57,P256,5,P256-J05,2026-09-25,Cleaning,House Cleaning,Mop and Clean Floors,,TASK_COMPLETION_BASED,Yes,N/A — Single Session,08:00,65,2,3,Second job,No,09:30,20,Yes,08:00,08:00,09:05,2,,20,No,No meaningful delay occurred,About the same,Not applicable,No,08:00,Exact — checked using calendar/message/booking records,"Calendar, Booking application/system",
2026-09-30 14:30:56,P256,1,P256-J01,2026-09-25,Cleaning,House Cleaning,Dust and Surface Cleaning,,TASK_COMPLETION_BASED,Yes,N/A — Single Session,09:00,50,2,3,First job,Yes,,0,Not applicable,09:10,09:10,09:55,2,,0,Yes,Traffic congestion,About the same,Not applicable,No,09:00,Exact — checked using calendar/message/booking records,"Calendar, Booking application/system",
2026-09-30 14:33:10,P256,2,P256-J02,2026-09-25,Cleaning,Kitchen Cleaning,Clean Kitchen Cabinets,,TASK_COMPLETION_BASED,Yes,N/A — Single Session,10:00,80,2,3,Second job,No,09:30,20,Yes,10:00,10:00,11:35,2,,20,No,No meaningful delay occurred,Yes,Complexity of the problem,No,10:00,Exact — checked using calendar/message/booking records,"Calendar, Booking application/system",
2026-09-30 14:33:30,P256,3,P256-J03,2026-09-25,Cleaning,Kitchen Cleaning,Clean Kitchen Floor,,TASK_COMPLETION_BASED,Yes,N/A — Single Session,11:00,30,2,3,Second job,No,09:30,20,Yes,11:15,11:15,11:35,2,,20,Yes,Traffic congestion,"No, it finished earlier",Not applicable,No,11:00,Exact — checked using calendar/message/booking records,"Calendar, Booking application/system",
2026-09-30 14:49:30,P257,4,P257-J04,2026-09-25,Repairing,Electrical Repair,Install Light Fitting,,TASK_COMPLETION_BASED,Yes,N/A — Single Session,12:00,40,1,3,Second job,No,09:30,20,Yes,12:00,12:00,12:45,1,,20,No,No meaningful delay occurred,About the same,Not applicable,No,12:00,Exact — checked using calendar/message/booking records,"Calendar, Booking application/system",
2026-09-30 15:05:23,P257,5,P257-J05,2026-09-25,Repairing,Electrical Repair,Install Power Socket,,TASK_COMPLETION_BASED,Yes,N/A — Single Session,13:00,40,1,3,Second job,No,09:30,20,Yes,13:05,13:05,13:45,1,,20,No,No meaningful delay occurred,About the same,Not applicable,No,13:00,Exact — checked using calendar/message/booking records,"Calendar, Booking application/system",
2026-09-30 15:05:38,P257,1,P257-J01,2026-09-25,Repairing,Electrical Repair,Repair Electrical Wiring,,TASK_COMPLETION_BASED,Yes,N/A — Single Session,14:00,110,1,3,First job,Yes,,0,Not applicable,14:05,14:05,15:50,1,,0,No,No meaningful delay occurred,About the same,Not applicable,No,14:00,Exact — checked using calendar/message/booking records,"Calendar, Booking application/system",
2026-09-30 15:37:34,P258,2,P258-J02,2026-09-25,Cleaning,House Cleaning,General House Cleaning,,TASK_COMPLETION_BASED,Yes,N/A — Single Session,08:00,125,3,3,Second job,No,09:30,20,Yes,08:00,08:00,10:15,3,,20,No,No meaningful delay occurred,Yes,Complexity of the problem,No,08:00,Exact — checked using calendar/message/booking records,"Calendar, Booking application/system",
2026-09-30 16:31:39,P258,3,P258-J03,2026-09-25,Cleaning,House Cleaning,Mop and Clean Floors,,TASK_COMPLETION_BASED,Yes,N/A — Single Session,09:00,55,3,3,Second job,No,09:30,20,Yes,09:15,09:15,10:15,3,,20,Yes,Traffic congestion,About the same,Not applicable,No,09:00,Exact — checked using calendar/message/booking records,"Calendar, Booking application/system",
2026-09-30 16:33:45,P258,4,P258-J04,2026-09-25,Cleaning,House Cleaning,Dust and Surface Cleaning,,TASK_COMPLETION_BASED,Yes,N/A — Single Session,10:00,50,3,3,Second job,No,09:30,20,Yes,10:00,10:00,11:00,3,,20,No,No meaningful delay occurred,Yes,Complexity of the problem,No,10:00,Exact — checked using calendar/message/booking records,"Calendar, Booking application/system",
2026-09-30 17:47:48,P258,5,P258-J05,2026-09-25,Cleaning,Post-Construction Cleaning,Remove Construction Dust,,TASK_COMPLETION_BASED,Yes,N/A — Single Session,11:00,160,3,3,Second job,No,09:30,20,Yes,11:00,11:00,13:35,3,,20,No,No meaningful delay occurred,About the same,Not applicable,No,11:00,Exact — checked using calendar/message/booking records,"Calendar, Booking application/system",
2026-09-30 18:01:17,P259,1,P259-J01,2026-09-25,Care Support,Pet Care,Feed Pet,,TASK_COMPLETION_BASED,Yes,N/A — Single Session,12:00,25,2,3,First job,Yes,,0,Not applicable,12:05,12:05,12:45,2,,0,No,No meaningful delay occurred,Yes,Complexity of the problem,No,12:00,Exact — checked using calendar/message/booking records,"Calendar, Booking application/system",
2026-09-30 18:14:37,P259,2,P259-J02,2026-09-25,Care Support,Pet Care,Dog Walking,,FIXED_DURATION,Yes,N/A — Single Session,13:00,50,2,3,Second job,No,09:30,20,Yes,13:15,13:15,14:00,2,,20,Yes,Traffic congestion,About the same,Not applicable,No,13:00,Exact — checked using calendar/message/booking records,"Calendar, Booking application/system",
2026-09-30 18:15:29,P259,3,P259-J03,2026-09-25,Care Support,Pet Care,Pet Grooming,,TASK_COMPLETION_BASED,Yes,N/A — Single Session,14:00,85,2,3,Second job,No,09:30,20,Yes,14:05,14:05,15:25,2,,20,No,No meaningful delay occurred,About the same,Not applicable,No,14:00,Exact — checked using calendar/message/booking records,"Calendar, Booking application/system",
2026-09-30 18:22:21,P259,4,P259-J04,2026-09-25,Care Support,Pet Care,Bathe Pet,,TASK_COMPLETION_BASED,Yes,N/A — Single Session,08:00,45,2,3,Second job,No,09:30,20,Yes,08:00,08:00,08:50,2,,20,No,No meaningful delay occurred,About the same,Not applicable,No,08:00,Exact — checked using calendar/message/booking records,"Calendar, Booking application/system",
2026-09-30 18:29:15,P259,5,P259-J05,2026-09-25,Care Support,Pet Care,Pet Cleaning,,TASK_COMPLETION_BASED,Yes,N/A — Single Session,09:00,50,2,3,Second job,No,09:30,20,Yes,09:00,09:00,09:40,2,,20,No,No meaningful delay occurred,"No, it finished earlier",Not applicable,No,09:00,Exact — checked using calendar/message/booking records,"Calendar, Booking application/system",
2026-09-30 18:32:19,P259,1,P259-J01,2026-09-25,Care Support,Pet Care,Pet Sitting,,SHIFT_BASED,Yes,N/A — Single Session,10:00,375,2,3,First job,Yes,,0,Not applicable,10:05,10:05,16:35,2,,0,No,No meaningful delay occurred,Yes,Complexity of the problem,No,10:00,Exact — checked using calendar/message/booking records,"Calendar, Booking application/system",
2026-09-30 18:42:43,P260,2,P260-J02,2026-09-25,Cleaning,Sofa/Carpet/Curtain Cleaning,Deep Clean Sofa,,TASK_COMPLETION_BASED,Yes,N/A — Single Session,11:00,105,1,3,Second job,No,09:30,20,Yes,11:10,11:10,13:05,1,,20,Yes,Traffic congestion,Yes,Complexity of the problem,No,11:00,Exact — checked using calendar/message/booking records,"Calendar, Booking application/system",
2026-09-30 19:05:37,P260,3,P260-J03,2026-09-25,Cleaning,Sofa/Carpet/Curtain Cleaning,Clean Carpet,,TASK_COMPLETION_BASED,Yes,N/A — Single Session,12:00,75,1,3,Second job,No,09:30,20,Yes,12:05,12:05,13:20,1,,20,No,No meaningful delay occurred,About the same,Not applicable,No,12:00,Exact — checked using calendar/message/booking records,"Calendar, Booking application/system",
2026-09-30 19:07:30,P260,4,P260-J04,2026-09-25,Cleaning,Sofa/Carpet/Curtain Cleaning,Steam Clean Curtains,,TASK_COMPLETION_BASED,Yes,N/A — Single Session,13:00,105,1,3,Second job,No,09:30,20,Yes,13:00,13:00,14:55,1,,20,No,No meaningful delay occurred,Yes,Complexity of the problem,No,13:00,Exact — checked using calendar/message/booking records,"Calendar, Booking application/system",
2026-09-30 19:14:16,P261,5,P261-J05,2026-09-25,Repairing,Electrical Repair,Install Ceiling Fan,,TASK_COMPLETION_BASED,Yes,N/A — Single Session,14:00,70,4,3,Second job,No,09:30,20,Yes,14:00,14:00,15:25,4,,20,No,No meaningful delay occurred,Yes,Complexity of the problem,No,14:00,Exact — checked using calendar/message/booking records,"Calendar, Booking application/system",
2026-09-30 19:36:27,P261,1,P261-J01,2026-09-25,Repairing,Electrical Repair,Install Light Fitting,,TASK_COMPLETION_BASED,Yes,N/A — Single Session,08:00,35,4,3,First job,Yes,,0,Not applicable,08:15,08:15,09:00,4,,0,Yes,Traffic congestion,Yes,Complexity of the problem,No,08:00,Exact — checked using calendar/message/booking records,"Calendar, Booking application/system",
2026-09-30 19:55:29,P261,2,P261-J02,2026-09-25,Repairing,Electrical Repair,Repair Light Circuit,,TASK_COMPLETION_BASED,Yes,N/A — Single Session,09:00,45,4,3,Second job,No,09:30,20,Yes,09:10,09:10,10:00,4,,20,Yes,Traffic congestion,About the same,Not applicable,No,09:00,Exact — checked using calendar/message/booking records,"Calendar, Booking application/system",
2026-09-30 20:15:15,P261,3,P261-J03,2026-09-25,Repairing,Electrical Repair,Repair Switch,,TASK_COMPLETION_BASED,Yes,N/A — Single Session,10:00,25,4,3,Second job,No,09:30,20,Yes,10:00,10:00,10:25,4,,20,No,No meaningful delay occurred,About the same,Not applicable,No,10:00,Exact — checked using calendar/message/booking records,"Calendar, Booking application/system",
2026-09-30 20:25:22,P261,4,P261-J04,2026-09-25,Repairing,Electrical Repair,Install Power Socket,,TASK_COMPLETION_BASED,Yes,N/A — Single Session,11:00,35,4,3,Second job,No,09:30,20,Yes,11:05,11:05,11:30,4,,20,No,No meaningful delay occurred,"No, it finished earlier",Not applicable,No,11:00,Exact — checked using calendar/message/booking records,"Calendar, Booking application/system",
2026-09-30 20:55:01,P261,5,P261-J05,2026-09-25,Repairing,Electrical Repair,Repair Electrical Wiring,,TASK_COMPLETION_BASED,Yes,N/A — Single Session,12:00,110,4,3,Second job,No,09:30,20,Yes,12:00,12:00,13:50,4,,20,No,No meaningful delay occurred,About the same,Not applicable,No,12:00,Exact — checked using calendar/message/booking records,"Calendar, Booking application/system",
2026-09-30 21:13:51,P262,1,P262-J01,2026-09-25,Repairing,Painting & Renovation,Paint Interior Wall,,TASK_COMPLETION_BASED,Yes,N/A — Single Session,13:00,115,4,3,First job,Yes,,0,Not applicable,13:00,13:00,14:45,4,,0,No,No meaningful delay occurred,"No, it finished earlier",Not applicable,No,13:00,Exact — checked using calendar/message/booking records,"Calendar, Booking application/system",
2026-09-30 21:16:01,P262,2,P262-J02,2026-09-25,Repairing,Roofing Repair,Inspect Roof Damage,,TASK_COMPLETION_BASED,Yes,N/A — Single Session,14:00,50,4,3,Second job,No,09:30,20,Yes,14:10,14:10,15:05,4,,20,Yes,Traffic congestion,About the same,Not applicable,No,14:00,Exact — checked using calendar/message/booking records,"Calendar, Booking application/system",
2026-10-01 08:12:07,P262,3,P262-J03,2026-09-25,Repairing,Roofing Repair,Repair Roof Leak,,TASK_COMPLETION_BASED,Yes,N/A — Single Session,08:00,120,4,3,Second job,No,09:30,20,Yes,08:00,08:00,10:00,4,,20,No,No meaningful delay occurred,About the same,Not applicable,No,08:00,Exact — checked using calendar/message/booking records,"Calendar, Booking application/system",
2026-10-01 08:22:44,P262,4,P262-J04,2026-09-25,Repairing,Roofing Repair,Replace Roof Sheet,,TASK_COMPLETION_BASED,Yes,N/A — Single Session,09:00,140,4,3,Second job,No,09:30,20,Yes,09:00,09:00,11:20,4,,20,No,No meaningful delay occurred,About the same,Not applicable,No,09:00,Exact — checked using calendar/message/booking records,"Calendar, Booking application/system",
2026-10-01 08:27:00,P262,5,P262-J05,2026-09-25,Repairing,Roofing Repair,Repair Roof Structure,,TASK_COMPLETION_BASED,Yes,N/A — Single Session,10:00,275,4,3,Second job,No,09:30,20,Yes,10:15,10:15,14:50,4,,20,Yes,Traffic congestion,About the same,Not applicable,No,10:00,Exact — checked using calendar/message/booking records,"Calendar, Booking application/system",
2026-10-01 08:38:03,P263,1,P263-J01,2026-09-25,Gardening,Planting Services,Plant Flowers,,TASK_COMPLETION_BASED,Yes,N/A — Single Session,11:00,60,2,3,First job,Yes,,0,Not applicable,11:05,11:05,12:10,2,,0,No,No meaningful delay occurred,About the same,Not applicable,No,11:00,Exact — checked using calendar/message/booking records,"Calendar, Booking application/system",
2026-10-01 08:38:31,P263,2,P263-J02,2026-09-25,Gardening,Planting Services,Plant Vegetables,,TASK_COMPLETION_BASED,Yes,N/A — Single Session,12:00,95,2,3,Second job,No,09:30,20,Yes,12:00,12:00,13:30,2,,20,No,No meaningful delay occurred,About the same,Not applicable,No,12:00,Exact — checked using calendar/message/booking records,"Calendar, Booking application/system",
2026-10-01 08:59:47,P263,3,P263-J03,2026-09-25,Gardening,Planting Services,Plant Small Tree,,TASK_COMPLETION_BASED,Yes,N/A — Single Session,13:00,50,2,3,Second job,No,09:30,20,Yes,13:05,13:05,14:05,2,,20,No,No meaningful delay occurred,Yes,Complexity of the problem,No,13:00,Exact — checked using calendar/message/booking records,"Calendar, Booking application/system",
2026-10-01 09:41:33,P263,4,P263-J04,2026-09-25,Gardening,Planting Services,Plant Large Tree,,TASK_COMPLETION_BASED,Yes,N/A — Single Session,14:00,115,2,3,Second job,No,09:30,20,Yes,14:10,14:10,16:10,2,,20,Yes,Traffic congestion,About the same,Not applicable,No,14:00,Exact — checked using calendar/message/booking records,"Calendar, Booking application/system",
2026-10-01 10:00:42,P263,5,P263-J05,2026-09-25,Gardening,Planting Services,Plant Garden Plants,,TASK_COMPLETION_BASED,Yes,N/A — Single Session,08:00,70,2,3,Second job,No,09:30,20,Yes,08:00,08:00,09:10,2,,20,No,No meaningful delay occurred,About the same,Not applicable,No,08:00,Exact — checked using calendar/message/booking records,"Calendar, Booking application/system",
2026-10-01 10:29:09,P263,1,P263-J01,2026-09-25,Gardening,Planting Services,Prepare Planting Area,,TASK_COMPLETION_BASED,Yes,N/A — Single Session,09:00,80,2,3,First job,Yes,,0,Not applicable,09:00,09:00,10:30,2,,0,No,No meaningful delay occurred,Yes,Complexity of the problem,No,09:00,Exact — checked using calendar/message/booking records,"Calendar, Booking application/system",
2026-10-01 11:02:56,P264,2,P264-J02,2026-09-25,Repairing,Furniture Repair,Repair Wooden Chair,,TASK_COMPLETION_BASED,Yes,N/A — Single Session,10:00,45,2,3,Second job,No,09:30,20,Yes,10:00,10:00,11:00,2,,20,No,No meaningful delay occurred,Yes,Complexity of the problem,No,10:00,Exact — checked using calendar/message/booking records,"Calendar, Booking application/system",
2026-10-01 11:08:52,P264,3,P264-J03,2026-09-25,Repairing,Furniture Repair,Repair Cupboard,,TASK_COMPLETION_BASED,Yes,N/A — Single Session,11:00,105,2,3,Second job,No,09:30,20,Yes,11:10,11:10,12:50,2,,20,Yes,Traffic congestion,About the same,Not applicable,No,11:00,Exact — checked using calendar/message/booking records,"Calendar, Booking application/system",
2026-10-01 11:17:06,P264,4,P264-J04,2026-09-25,Repairing,Furniture Repair,Repair Cabinet,,TASK_COMPLETION_BASED,Yes,N/A — Single Session,12:00,90,2,3,Second job,No,09:30,20,Yes,12:00,12:00,13:20,2,,20,No,No meaningful delay occurred,"No, it finished earlier",Not applicable,No,12:00,Exact — checked using calendar/message/booking records,"Calendar, Booking application/system",
2026-10-01 11:30:01,P264,5,P264-J05,2026-09-25,Repairing,Furniture Repair,Repair Wooden Door,,TASK_COMPLETION_BASED,Yes,N/A — Single Session,13:00,95,2,3,Second job,No,09:30,20,Yes,13:05,13:05,14:35,2,,20,No,No meaningful delay occurred,About the same,Not applicable,No,13:00,Exact — checked using calendar/message/booking records,"Calendar, Booking application/system",
2026-10-01 12:45:38,P264,1,P264-J01,2026-09-25,Repairing,Furniture Repair,Replace Door Hinges,,TASK_COMPLETION_BASED,Yes,N/A — Single Session,14:00,30,2,3,First job,Yes,,0,Not applicable,14:00,14:00,14:30,2,,0,No,No meaningful delay occurred,About the same,Not applicable,No,14:00,Exact — checked using calendar/message/booking records,"Calendar, Booking application/system",
2026-10-01 12:55:18,P264,2,P264-J02,2026-09-25,Repairing,Furniture Repair,Replace Furniture Hardware,,TASK_COMPLETION_BASED,Yes,N/A — Single Session,08:00,25,2,3,Second job,No,09:30,20,Yes,08:00,08:00,08:25,2,,20,No,No meaningful delay occurred,About the same,Not applicable,No,08:00,Exact — checked using calendar/message/booking records,"Calendar, Booking application/system",
2026-10-01 13:17:53,P264,3,P264-J03,2026-09-25,Repairing,Furniture Repair,Assemble Furniture,,TASK_COMPLETION_BASED,Yes,N/A — Single Session,09:00,80,2,3,Second job,No,09:30,20,Yes,09:00,09:00,10:20,2,,20,No,No meaningful delay occurred,About the same,Not applicable,No,09:00,Exact — checked using calendar/message/booking records,"Calendar, Booking application/system",
2026-10-01 13:27:45,P265,4,P265-J04,2026-09-25,Repairing,Painting & Renovation,Paint Interior Wall,,TASK_COMPLETION_BASED,Yes,N/A — Single Session,10:00,130,4,3,Second job,No,09:30,20,Yes,10:15,10:15,12:30,4,,20,Yes,Traffic congestion,About the same,Not applicable,No,10:00,Exact — checked using calendar/message/booking records,"Calendar, Booking application/system",
2026-10-01 13:34:05,P265,5,P265-J05,2026-09-25,Repairing,Painting & Renovation,Paint Exterior Wall,,TASK_COMPLETION_BASED,Yes,N/A — Single Session,11:00,245,4,3,Second job,No,09:30,20,Yes,11:15,11:15,15:35,4,,20,Yes,Traffic congestion,Yes,Complexity of the problem,No,11:00,Exact — checked using calendar/message/booking records,"Calendar, Booking application/system",
2026-10-01 13:49:10,P265,1,P265-J01,2026-09-25,Repairing,Painting & Renovation,Paint Room,,TASK_COMPLETION_BASED,Yes,N/A — Single Session,12:00,165,4,3,First job,Yes,,0,Not applicable,12:00,12:00,15:00,4,,0,No,No meaningful delay occurred,Yes,Complexity of the problem,No,12:00,Exact — checked using calendar/message/booking records,"Calendar, Booking application/system",
2026-10-01 13:53:29,P265,2,P265-J02,2026-09-25,Repairing,Painting & Renovation,Prepare Wall Surface,,TASK_COMPLETION_BASED,Yes,N/A — Single Session,13:00,90,4,3,Second job,No,09:30,20,Yes,13:00,13:00,14:40,4,,20,No,No meaningful delay occurred,Yes,Complexity of the problem,No,13:00,Exact — checked using calendar/message/booking records,"Calendar, Booking application/system",
2026-10-01 14:04:36,P265,3,P265-J03,2026-09-25,Repairing,Painting & Renovation,Replace Damaged Tile,,TASK_COMPLETION_BASED,Yes,N/A — Single Session,14:00,75,4,3,Second job,No,09:30,20,Yes,14:00,14:00,15:05,4,,20,No,No meaningful delay occurred,"No, it finished earlier",Not applicable,No,14:00,Exact — checked using calendar/message/booking records,"Calendar, Booking application/system",
2026-10-01 14:10:19,P266,4,P266-J04,2026-09-25,Cleaning,Office Cleaning,Clean Small Office,,TASK_COMPLETION_BASED,Yes,N/A — Single Session,08:00,115,4,3,Second job,No,09:30,20,Yes,08:10,08:10,09:55,4,,20,Yes,Traffic congestion,"No, it finished earlier",Not applicable,No,08:00,Exact — checked using calendar/message/booking records,"Calendar, Booking application/system",
2026-10-01 14:10:59,P266,5,P266-J05,2026-09-25,Cleaning,Office Cleaning,Clean Office Floors,,TASK_COMPLETION_BASED,Yes,N/A — Single Session,09:00,80,4,3,Second job,No,09:30,20,Yes,09:10,09:10,10:30,4,,20,Yes,Traffic congestion,About the same,Not applicable,No,09:00,Exact — checked using calendar/message/booking records,"Calendar, Booking application/system",
2026-10-01 14:51:02,P266,1,P266-J01,2026-09-25,Cleaning,Post-Construction Cleaning,Clean Post-Renovation Area,,TASK_COMPLETION_BASED,Yes,N/A — Single Session,10:00,175,4,3,First job,Yes,,0,Not applicable,10:05,10:05,13:10,4,,0,No,No meaningful delay occurred,Yes,Complexity of the problem,No,10:00,Exact — checked using calendar/message/booking records,"Calendar, Booking application/system",
2026-10-01 15:12:18,P266,2,P266-J02,2026-09-25,Cleaning,Post-Construction Cleaning,Clean Newly Built Property,,TASK_COMPLETION_BASED,Yes,N/A — Single Session,11:00,350,4,3,Second job,No,09:30,20,Yes,11:15,11:15,17:20,4,,20,Yes,Traffic congestion,Yes,Complexity of the problem,No,11:00,Exact — checked using calendar/message/booking records,"Calendar, Booking application/system",
2026-10-01 15:21:45,P267,3,P267-J03,2026-09-25,Cleaning,House Cleaning,General House Cleaning,,TASK_COMPLETION_BASED,Yes,N/A — Single Session,12:00,125,5,3,Second job,No,09:30,20,Yes,12:10,12:10,14:15,5,,20,Yes,Traffic congestion,About the same,Not applicable,No,12:00,Exact — checked using calendar/message/booking records,"Calendar, Booking application/system",
2026-10-01 15:33:20,P267,4,P267-J04,2026-09-25,Cleaning,House Cleaning,Deep Clean House,,TASK_COMPLETION_BASED,Yes,N/A — Single Session,13:00,215,5,3,Second job,No,09:30,20,Yes,13:00,13:00,16:40,5,,20,No,No meaningful delay occurred,About the same,Not applicable,No,13:00,Exact — checked using calendar/message/booking records,"Calendar, Booking application/system",
2026-10-01 17:38:34,P267,5,P267-J05,2026-09-25,Cleaning,House Cleaning,Mop and Clean Floors,,TASK_COMPLETION_BASED,Yes,N/A — Single Session,14:00,60,5,3,Second job,No,09:30,20,Yes,14:10,14:10,15:10,5,,20,Yes,Traffic congestion,About the same,Not applicable,No,14:00,Exact — checked using calendar/message/booking records,"Calendar, Booking application/system",
2026-10-01 17:39:28,P267,1,P267-J01,2026-09-25,Cleaning,House Cleaning,Dust and Surface Cleaning,,TASK_COMPLETION_BASED,Yes,N/A — Single Session,08:00,50,5,3,First job,Yes,,0,Not applicable,08:00,08:00,08:40,5,,0,No,No meaningful delay occurred,"No, it finished earlier",Not applicable,No,08:00,Exact — checked using calendar/message/booking records,"Calendar, Booking application/system",
2026-10-01 17:59:13,P267,2,P267-J02,2026-09-25,Cleaning,House Cleaning,Full Home Cleaning,,TASK_COMPLETION_BASED,Yes,N/A — Single Session,09:00,185,5,3,Second job,No,09:30,20,Yes,09:00,09:00,12:10,5,,20,No,No meaningful delay occurred,About the same,Not applicable,No,09:00,Exact — checked using calendar/message/booking records,"Calendar, Booking application/system",
2026-10-01 18:17:25,P267,3,P267-J03,2026-09-25,Cleaning,Office Cleaning,Clean Medium Office,,TASK_COMPLETION_BASED,Yes,N/A — Single Session,10:00,170,5,3,Second job,No,09:30,20,Yes,10:10,10:10,13:10,5,,20,Yes,Traffic congestion,Yes,Complexity of the problem,No,10:00,Exact — checked using calendar/message/booking records,"Calendar, Booking application/system",
2026-10-01 19:02:59,P268,4,P268-J04,2026-09-25,Repairing,Painting & Renovation,Paint Room,,TASK_COMPLETION_BASED,Yes,N/A — Single Session,11:00,230,1,3,Second job,No,09:30,20,Yes,11:00,11:00,14:45,1,,20,No,No meaningful delay occurred,About the same,Not applicable,No,11:00,Exact — checked using calendar/message/booking records,"Calendar, Booking application/system",
2026-10-01 19:50:16,P268,5,P268-J05,2026-09-25,Repairing,Painting & Renovation,Prepare Wall Surface,,TASK_COMPLETION_BASED,Yes,N/A — Single Session,12:00,100,1,3,Second job,No,09:30,20,Yes,12:00,12:00,13:45,1,,20,No,No meaningful delay occurred,About the same,Not applicable,No,12:00,Exact — checked using calendar/message/booking records,"Calendar, Booking application/system",
2026-10-01 19:54:39,P268,1,P268-J01,2026-09-25,Repairing,Painting & Renovation,Repair Wall Crack,,TASK_COMPLETION_BASED,Yes,N/A — Single Session,13:00,80,1,3,First job,Yes,,0,Not applicable,13:10,13:10,14:40,1,,0,Yes,Traffic congestion,Yes,Complexity of the problem,No,13:00,Exact — checked using calendar/message/booking records,"Calendar, Booking application/system",
2026-10-01 20:03:40,P268,2,P268-J02,2026-09-25,Repairing,Painting & Renovation,Replace Damaged Tile,,TASK_COMPLETION_BASED,Yes,N/A — Single Session,14:00,85,1,3,Second job,No,09:30,20,Yes,14:10,14:10,15:30,1,,20,Yes,Traffic congestion,About the same,Not applicable,No,14:00,Exact — checked using calendar/message/booking records,"Calendar, Booking application/system",
2026-10-01 20:08:43,P268,3,P268-J03,2026-09-25,Repairing,Painting & Renovation,Repair Floor Tile,,TASK_COMPLETION_BASED,Yes,N/A — Single Session,08:00,135,1,3,Second job,No,09:30,20,Yes,08:15,08:15,10:40,1,,20,Yes,Traffic congestion,Yes,Complexity of the problem,No,08:00,Exact — checked using calendar/message/booking records,"Calendar, Booking application/system",
2026-10-01 20:15:00,P269,4,P269-J04,2026-09-25,Repairing,Painting & Renovation,Prepare Wall Surface,,TASK_COMPLETION_BASED,Yes,N/A — Single Session,09:00,90,5,3,Second job,No,09:30,20,Yes,09:10,09:10,10:30,5,,20,Yes,Traffic congestion,"No, it finished earlier",Not applicable,No,09:00,Exact — checked using calendar/message/booking records,"Calendar, Booking application/system",
2026-10-01 20:20:43,P269,5,P269-J05,2026-09-25,Repairing,Painting & Renovation,Minor Renovation Work,,TASK_COMPLETION_BASED,Yes,N/A — Single Session,10:00,225,5,3,Second job,No,09:30,20,Yes,10:00,10:00,13:50,5,,20,No,No meaningful delay occurred,About the same,Not applicable,No,10:00,Exact — checked using calendar/message/booking records,"Calendar, Booking application/system",
2026-10-01 21:13:37,P269,1,P269-J01,2026-09-25,Repairing,Roofing Repair,Inspect Roof Damage,,TASK_COMPLETION_BASED,Yes,N/A — Single Session,11:00,50,5,3,First job,Yes,,0,Not applicable,11:00,11:00,11:40,5,,0,No,No meaningful delay occurred,"No, it finished earlier",Not applicable,No,11:00,Exact — checked using calendar/message/booking records,"Calendar, Booking application/system",
2026-10-01 21:14:07,P269,2,P269-J02,2026-09-25,Repairing,Roofing Repair,Minor Roof Maintenance,,TASK_COMPLETION_BASED,Yes,N/A — Single Session,12:00,95,5,3,Second job,No,09:30,20,Yes,12:15,12:15,13:45,5,,20,Yes,Traffic congestion,About the same,Not applicable,No,12:00,Exact — checked using calendar/message/booking records,"Calendar, Booking application/system",
2026-10-01 21:45:49,P270,3,P270-J03,2026-09-25,Cleaning,Move In/Out Cleaning,Move-In Cleaning,,TASK_COMPLETION_BASED,Yes,N/A — Single Session,13:00,205,4,3,Second job,No,09:30,20,Yes,13:05,13:05,16:20,4,,20,No,No meaningful delay occurred,"No, it finished earlier",Not applicable,No,13:00,Exact — checked using calendar/message/booking records,"Calendar, Booking application/system",
2026-10-01 21:49:53,P270,4,P270-J04,2026-09-25,Cleaning,Move In/Out Cleaning,Move-Out Cleaning,,TASK_COMPLETION_BASED,Yes,N/A — Single Session,14:00,170,4,3,Second job,No,09:30,20,Yes,14:00,14:00,16:40,4,,20,No,No meaningful delay occurred,"No, it finished earlier",Not applicable,No,14:00,Exact — checked using calendar/message/booking records,"Calendar, Booking application/system",
2026-10-01 21:57:31,P270,5,P270-J05,2026-09-25,Cleaning,Post-Construction Cleaning,Post-Construction House Cleaning,,TASK_COMPLETION_BASED,Yes,N/A — Single Session,08:00,335,4,3,Second job,No,09:30,20,Yes,08:05,08:05,13:40,4,,20,No,No meaningful delay occurred,About the same,Not applicable,No,08:00,Exact — checked using calendar/message/booking records,"Calendar, Booking application/system",
2026-10-02 08:13:28,P270,1,P270-J01,2026-09-25,Cleaning,Post-Construction Cleaning,Remove Construction Dust,,TASK_COMPLETION_BASED,Yes,N/A — Single Session,09:00,175,4,3,First job,Yes,,0,Not applicable,09:10,09:10,12:15,4,,0,Yes,Traffic congestion,Yes,Complexity of the problem,No,09:00,Exact — checked using calendar/message/booking records,"Calendar, Booking application/system",
2026-10-02 08:13:55,P270,2,P270-J02,2026-09-25,Cleaning,Post-Construction Cleaning,Clean Post-Renovation Area,,TASK_COMPLETION_BASED,Yes,N/A — Single Session,10:00,215,4,3,Second job,No,09:30,20,Yes,10:00,10:00,13:35,4,,20,No,No meaningful delay occurred,About the same,Not applicable,No,10:00,Exact — checked using calendar/message/booking records,"Calendar, Booking application/system",
2026-10-02 08:34:33,P271,3,P271-J03,2026-09-25,Care Support,Child Care,Baby Care Session,,FIXED_DURATION,Yes,N/A — Single Session,11:00,175,1,3,Second job,No,09:30,20,Yes,11:00,11:00,14:10,1,,20,No,No meaningful delay occurred,Yes,Complexity of the problem,No,11:00,Exact — checked using calendar/message/booking records,"Calendar, Booking application/system",
2026-10-02 08:48:31,P271,4,P271-J04,2026-09-25,Care Support,Child Care,Child Supervision,,SHIFT_BASED,Yes,N/A — Single Session,12:00,210,1,3,Second job,No,09:30,20,Yes,12:00,12:00,15:30,1,,20,No,No meaningful delay occurred,About the same,Not applicable,No,12:00,Exact — checked using calendar/message/booking records,"Calendar, Booking application/system",
2026-10-02 08:51:57,P271,5,P271-J05,2026-09-25,Care Support,Personal Assistance,Daily Household Assistance,,TASK_COMPLETION_BASED,Yes,N/A — Single Session,13:00,165,1,3,Second job,No,09:30,20,Yes,13:00,13:00,15:45,1,,20,No,No meaningful delay occurred,About the same,Not applicable,No,13:00,Exact — checked using calendar/message/booking records,"Calendar, Booking application/system",
2026-10-02 08:55:20,P272,1,P272-J01,2026-09-25,Cleaning,Bathroom Cleaning,General Bathroom Cleaning,,TASK_COMPLETION_BASED,Yes,N/A — Single Session,14:00,60,1,3,First job,Yes,,0,Not applicable,14:00,14:00,15:00,1,,0,No,No meaningful delay occurred,About the same,Not applicable,No,14:00,Exact — checked using calendar/message/booking records,"Calendar, Booking application/system",
2026-10-02 09:20:23,P272,2,P272-J02,2026-09-25,Cleaning,Bathroom Cleaning,Deep Clean Bathroom,,TASK_COMPLETION_BASED,Yes,N/A — Single Session,08:00,85,1,3,Second job,No,09:30,20,Yes,08:15,08:15,09:40,1,,20,Yes,Traffic congestion,About the same,Not applicable,No,08:00,Exact — checked using calendar/message/booking records,"Calendar, Booking application/system",
2026-10-02 09:41:13,P272,3,P272-J03,2026-09-25,Cleaning,Bathroom Cleaning,Clean Toilet,,TASK_COMPLETION_BASED,Yes,N/A — Single Session,09:00,30,1,3,Second job,No,09:30,20,Yes,09:00,09:00,09:30,1,,20,No,No meaningful delay occurred,About the same,Not applicable,No,09:00,Exact — checked using calendar/message/booking records,"Calendar, Booking application/system",
2026-10-02 09:56:38,P272,4,P272-J04,2026-09-25,Cleaning,Bathroom Cleaning,Clean Washroom,,TASK_COMPLETION_BASED,Yes,N/A — Single Session,10:00,40,1,3,Second job,No,09:30,20,Yes,10:00,10:00,10:35,1,,20,No,No meaningful delay occurred,About the same,Not applicable,No,10:00,Exact — checked using calendar/message/booking records,"Calendar, Booking application/system",
2026-10-02 10:15:54,P272,5,P272-J05,2026-09-25,Cleaning,Move In/Out Cleaning,Move-In Cleaning,,TASK_COMPLETION_BASED,Yes,N/A — Single Session,11:00,235,1,3,Second job,No,09:30,20,Yes,11:00,11:00,14:50,1,,20,No,No meaningful delay occurred,About the same,Not applicable,No,11:00,Exact — checked using calendar/message/booking records,"Calendar, Booking application/system",
2026-10-02 10:37:59,P272,1,P272-J01,2026-09-25,Cleaning,Move In/Out Cleaning,Move-Out Cleaning,,TASK_COMPLETION_BASED,Yes,N/A — Single Session,12:00,225,1,3,First job,Yes,,0,Not applicable,12:15,12:15,16:00,1,,0,Yes,Traffic congestion,About the same,Not applicable,No,12:00,Exact — checked using calendar/message/booking records,"Calendar, Booking application/system",
2026-10-02 10:52:38,P272,2,P272-J02,2026-09-25,Cleaning,Move In/Out Cleaning,Empty Property Deep Cleaning,,TASK_COMPLETION_BASED,Yes,N/A — Single Session,13:00,320,1,3,Second job,No,09:30,20,Yes,13:00,13:00,18:15,1,,20,No,No meaningful delay occurred,About the same,Not applicable,No,13:00,Exact — checked using calendar/message/booking records,"Calendar, Booking application/system",
2026-10-02 10:56:06,P273,3,P273-J03,2026-09-25,Repairing,Roofing Repair,Inspect Roof Damage,,TASK_COMPLETION_BASED,Yes,N/A — Single Session,14:00,55,2,3,Second job,No,09:30,20,Yes,14:00,14:00,15:05,2,,20,No,No meaningful delay occurred,Yes,Complexity of the problem,No,14:00,Exact — checked using calendar/message/booking records,"Calendar, Booking application/system",
2026-10-02 10:59:36,P273,4,P273-J04,2026-09-25,Repairing,Roofing Repair,Repair Roof Leak,,TASK_COMPLETION_BASED,Yes,N/A — Single Session,08:00,115,2,3,Second job,No,09:30,20,Yes,08:00,08:00,09:55,2,,20,No,No meaningful delay occurred,About the same,Not applicable,No,08:00,Exact — checked using calendar/message/booking records,"Calendar, Booking application/system",
2026-10-02 11:09:57,P273,5,P273-J05,2026-09-25,Repairing,Roofing Repair,Replace Roof Sheet,,TASK_COMPLETION_BASED,Yes,N/A — Single Session,09:00,170,2,3,Second job,No,09:30,20,Yes,09:10,09:10,12:10,2,,20,Yes,Traffic congestion,Yes,Complexity of the problem,No,09:00,Exact — checked using calendar/message/booking records,"Calendar, Booking application/system",
2026-10-02 12:00:57,P273,1,P273-J01,2026-09-25,Repairing,Roofing Repair,Replace Roof Tile,,TASK_COMPLETION_BASED,Yes,N/A — Single Session,10:00,160,2,3,First job,Yes,,0,Not applicable,10:00,10:00,12:55,2,,0,No,No meaningful delay occurred,Yes,Complexity of the problem,No,10:00,Exact — checked using calendar/message/booking records,"Calendar, Booking application/system",
2026-10-02 12:11:36,P273,2,P273-J02,2026-09-25,Repairing,Roofing Repair,Seal Roof Leakage,,TASK_COMPLETION_BASED,Yes,N/A — Single Session,11:00,85,2,3,Second job,No,09:30,20,Yes,11:15,11:15,12:40,2,,20,Yes,Traffic congestion,About the same,Not applicable,No,11:00,Exact — checked using calendar/message/booking records,"Calendar, Booking application/system",
2026-10-02 12:14:42,P273,3,P273-J03,2026-09-25,Repairing,Roofing Repair,Repair Roof Structure,,TASK_COMPLETION_BASED,Yes,N/A — Single Session,12:00,300,2,3,Second job,No,09:30,20,Yes,12:00,12:00,17:00,2,,20,No,No meaningful delay occurred,About the same,Not applicable,No,12:00,Exact — checked using calendar/message/booking records,"Calendar, Booking application/system",
2026-10-02 12:22:12,P274,4,P274-J04,2026-09-25,Cleaning,Sofa/Carpet/Curtain Cleaning,Clean Sofa,,TASK_COMPLETION_BASED,Yes,N/A — Single Session,13:00,80,3,3,Second job,No,09:30,20,Yes,13:00,13:00,14:20,3,,20,No,No meaningful delay occurred,About the same,Not applicable,No,13:00,Exact — checked using calendar/message/booking records,"Calendar, Booking application/system",
2026-10-02 12:34:42,P274,5,P274-J05,2026-09-25,Cleaning,Sofa/Carpet/Curtain Cleaning,Deep Clean Sofa,,TASK_COMPLETION_BASED,Yes,N/A — Single Session,14:00,115,3,3,Second job,No,09:30,20,Yes,14:00,14:00,16:05,3,,20,No,No meaningful delay occurred,Yes,Complexity of the problem,No,14:00,Exact — checked using calendar/message/booking records,"Calendar, Booking application/system",
2026-10-02 12:51:25,P274,1,P274-J01,2026-09-25,Cleaning,Sofa/Carpet/Curtain Cleaning,Clean Carpet,,TASK_COMPLETION_BASED,Yes,N/A — Single Session,08:00,75,3,3,First job,Yes,,0,Not applicable,08:10,08:10,09:20,3,,0,Yes,Traffic congestion,About the same,Not applicable,No,08:00,Exact — checked using calendar/message/booking records,"Calendar, Booking application/system",
2026-10-02 13:26:53,P274,2,P274-J02,2026-09-25,Cleaning,Sofa/Carpet/Curtain Cleaning,Steam Clean Curtains,,TASK_COMPLETION_BASED,Yes,N/A — Single Session,09:00,105,3,3,Second job,No,09:30,20,Yes,09:00,09:00,10:35,3,,20,No,No meaningful delay occurred,"No, it finished earlier",Not applicable,No,09:00,Exact — checked using calendar/message/booking records,"Calendar, Booking application/system",
2026-10-02 13:27:23,P274,3,P274-J03,2026-09-25,Cleaning,Sofa/Carpet/Curtain Cleaning,Clean Mattress,,TASK_COMPLETION_BASED,Yes,N/A — Single Session,10:00,45,3,3,Second job,No,09:30,20,Yes,10:00,10:00,10:35,3,,20,No,No meaningful delay occurred,"No, it finished earlier",Not applicable,No,10:00,Exact — checked using calendar/message/booking records,"Calendar, Booking application/system",
2026-10-02 13:36:23,P275,4,P275-J04,2026-09-25,Cleaning,House Cleaning,Deep Clean House,,TASK_COMPLETION_BASED,Yes,N/A — Single Session,11:00,215,4,3,Second job,No,09:30,20,Yes,11:15,11:15,15:00,4,,20,Yes,Traffic congestion,Yes,Complexity of the problem,No,11:00,Exact — checked using calendar/message/booking records,"Calendar, Booking application/system",
2026-10-02 13:47:16,P275,5,P275-J05,2026-09-25,Cleaning,House Cleaning,Clean Single Room,,TASK_COMPLETION_BASED,Yes,N/A — Single Session,12:00,45,4,3,Second job,No,09:30,20,Yes,12:00,12:00,12:45,4,,20,No,No meaningful delay occurred,About the same,Not applicable,No,12:00,Exact — checked using calendar/message/booking records,"Calendar, Booking application/system",
2026-10-02 13:55:59,P275,1,P275-J01,2026-09-25,Cleaning,House Cleaning,Mop and Clean Floors,,TASK_COMPLETION_BASED,Yes,N/A — Single Session,13:00,55,4,3,First job,Yes,,0,Not applicable,13:00,13:00,13:45,4,,0,No,No meaningful delay occurred,"No, it finished earlier",Not applicable,No,13:00,Exact — checked using calendar/message/booking records,"Calendar, Booking application/system",
2026-10-02 14:39:16,P275,2,P275-J02,2026-09-25,Cleaning,Move In/Out Cleaning,Move-Out Cleaning,,TASK_COMPLETION_BASED,Yes,N/A — Single Session,14:00,190,4,3,Second job,No,09:30,20,Yes,14:00,14:00,17:20,4,,20,No,No meaningful delay occurred,Yes,Complexity of the problem,No,14:00,Exact — checked using calendar/message/booking records,"Calendar, Booking application/system",
2026-10-02 15:35:07,P275,3,P275-J03,2026-09-25,Cleaning,Office Cleaning,Clean Office Floors,,TASK_COMPLETION_BASED,Yes,N/A — Single Session,08:00,80,4,3,Second job,No,09:30,20,Yes,08:00,08:00,09:25,4,,20,No,No meaningful delay occurred,About the same,Not applicable,No,08:00,Exact — checked using calendar/message/booking records,"Calendar, Booking application/system",
2026-10-02 15:39:54,P276,4,P276-J04,2026-09-25,Repairing,Painting & Renovation,Paint Interior Wall,,TASK_COMPLETION_BASED,Yes,N/A — Single Session,09:00,130,2,3,Second job,No,09:30,20,Yes,09:10,09:10,11:20,2,,20,Yes,Traffic congestion,About the same,Not applicable,No,09:00,Exact — checked using calendar/message/booking records,"Calendar, Booking application/system",
2026-10-02 16:27:41,P276,5,P276-J05,2026-09-25,Repairing,Painting & Renovation,Paint Ceiling,,TASK_COMPLETION_BASED,Yes,N/A — Single Session,10:00,110,2,3,Second job,No,09:30,20,Yes,10:05,10:05,11:45,2,,20,No,No meaningful delay occurred,"No, it finished earlier",Not applicable,No,10:00,Exact — checked using calendar/message/booking records,"Calendar, Booking application/system",
2026-10-02 16:29:14,P276,1,P276-J01,2026-09-25,Repairing,Painting & Renovation,Paint Whole House,,TASK_COMPLETION_BASED,Yes,N/A — Single Session,11:00,505,2,3,First job,Yes,,0,Not applicable,11:00,11:00,19:15,2,,0,No,No meaningful delay occurred,"No, it finished earlier",Not applicable,No,11:00,Exact — checked using calendar/message/booking records,"Calendar, Booking application/system",
2026-10-02 16:34:11,P276,2,P276-J02,2026-09-25,Repairing,Painting & Renovation,Repair Floor Tile,,TASK_COMPLETION_BASED,Yes,N/A — Single Session,12:00,105,2,3,Second job,No,09:30,20,Yes,12:15,12:15,14:05,2,,20,Yes,Traffic congestion,About the same,Not applicable,No,12:00,Exact — checked using calendar/message/booking records,"Calendar, Booking application/system",
2026-10-02 16:47:05,P276,3,P276-J03,2026-09-25,Repairing,Painting & Renovation,Minor Renovation Work,,TASK_COMPLETION_BASED,Yes,N/A — Single Session,13:00,240,2,3,Second job,No,09:30,20,Yes,13:00,13:00,17:05,2,,20,No,No meaningful delay occurred,About the same,Not applicable,No,13:00,Exact — checked using calendar/message/booking records,"Calendar, Booking application/system",
2026-10-02 16:55:52,P276,4,P276-J04,2026-09-25,Repairing,Roofing Repair,Minor Roof Maintenance,,TASK_COMPLETION_BASED,Yes,N/A — Single Session,14:00,80,2,3,Second job,No,09:30,20,Yes,14:00,14:00,15:20,2,,20,No,No meaningful delay occurred,About the same,Not applicable,No,14:00,Exact — checked using calendar/message/booking records,"Calendar, Booking application/system",
2026-10-02 17:08:39,P277,5,P277-J05,2026-09-25,Care Support,Personal Assistance,Home Helper Session,,SHIFT_BASED,Yes,N/A — Single Session,08:00,270,1,3,Second job,No,09:30,20,Yes,08:00,08:00,12:45,1,,20,No,No meaningful delay occurred,Yes,Complexity of the problem,No,08:00,Exact — checked using calendar/message/booking records,"Calendar, Booking application/system",
2026-10-02 17:24:21,P277,1,P277-J01,2026-09-25,Care Support,Personal Assistance,Daily Task Support,,FIXED_DURATION,Yes,N/A — Single Session,09:00,120,1,3,First job,Yes,,0,Not applicable,09:10,09:10,11:15,1,,0,Yes,Traffic congestion,About the same,Not applicable,No,09:00,Exact — checked using calendar/message/booking records,"Calendar, Booking application/system",
2026-10-02 17:40:31,P277,2,P277-J02,2026-09-25,Care Support,Pet Care,Feed Pet,,TASK_COMPLETION_BASED,Yes,N/A — Single Session,10:00,25,1,3,Second job,No,09:30,20,Yes,10:10,10:10,10:35,1,,20,Yes,Traffic congestion,About the same,Not applicable,No,10:00,Exact — checked using calendar/message/booking records,"Calendar, Booking application/system",
2026-10-02 17:55:12,P277,3,P277-J03,2026-09-25,Care Support,Pet Care,Dog Walking,,FIXED_DURATION,Yes,N/A — Single Session,11:00,45,1,3,Second job,No,09:30,20,Yes,11:10,11:10,12:00,1,,20,Yes,Traffic congestion,About the same,Not applicable,No,11:00,Exact — checked using calendar/message/booking records,"Calendar, Booking application/system",
2026-10-02 18:05:03,P277,4,P277-J04,2026-09-25,Care Support,Pet Care,Bathe Pet,,TASK_COMPLETION_BASED,Yes,N/A — Single Session,12:00,45,1,3,Second job,No,09:30,20,Yes,12:00,12:00,12:45,1,,20,No,No meaningful delay occurred,About the same,Not applicable,No,12:00,Exact — checked using calendar/message/booking records,"Calendar, Booking application/system",
2026-10-02 18:24:26,P277,5,P277-J05,2026-09-25,Care Support,Pet Care,Pet Cleaning,,TASK_COMPLETION_BASED,Yes,N/A — Single Session,13:00,60,1,3,Second job,No,09:30,20,Yes,13:00,13:00,14:05,1,,20,No,No meaningful delay occurred,About the same,Not applicable,No,13:00,Exact — checked using calendar/message/booking records,"Calendar, Booking application/system",
2026-10-02 18:34:50,P277,1,P277-J01,2026-09-25,Care Support,Pet Care,Pet Sitting,,SHIFT_BASED,Yes,N/A — Single Session,14:00,390,1,3,First job,Yes,,0,Not applicable,14:10,14:10,20:55,1,,0,Yes,Traffic congestion,Yes,Complexity of the problem,No,14:00,Exact — checked using calendar/message/booking records,"Calendar, Booking application/system",
2026-10-02 18:49:27,P278,2,P278-J02,2026-09-25,Cleaning,House Cleaning,General House Cleaning,,TASK_COMPLETION_BASED,Yes,N/A — Single Session,08:00,150,2,3,Second job,No,09:30,20,Yes,08:00,08:00,10:35,2,,20,No,No meaningful delay occurred,About the same,Not applicable,No,08:00,Exact — checked using calendar/message/booking records,"Calendar, Booking application/system",
2026-10-02 18:51:05,P278,3,P278-J03,2026-09-25,Cleaning,House Cleaning,Clean Single Room,,TASK_COMPLETION_BASED,Yes,N/A — Single Session,09:00,55,2,3,Second job,No,09:30,20,Yes,09:05,09:05,10:10,2,,20,No,No meaningful delay occurred,Yes,Complexity of the problem,No,09:00,Exact — checked using calendar/message/booking records,"Calendar, Booking application/system",
2026-10-02 19:05:30,P278,4,P278-J04,2026-09-25,Cleaning,House Cleaning,Dust and Surface Cleaning,,TASK_COMPLETION_BASED,Yes,N/A — Single Session,10:00,60,2,3,Second job,No,09:30,20,Yes,10:00,10:00,11:00,2,,20,No,No meaningful delay occurred,About the same,Not applicable,No,10:00,Exact — checked using calendar/message/booking records,"Calendar, Booking application/system",
2026-10-02 19:12:05,P278,5,P278-J05,2026-09-25,Cleaning,Post-Construction Cleaning,Post-Construction House Cleaning,,TASK_COMPLETION_BASED,Yes,N/A — Single Session,11:00,340,2,3,Second job,No,09:30,20,Yes,11:05,11:05,17:00,2,,20,No,No meaningful delay occurred,Yes,Complexity of the problem,No,11:00,Exact — checked using calendar/message/booking records,"Calendar, Booking application/system",
2026-10-02 19:18:53,P279,1,P279-J01,2026-09-25,Repairing,Furniture Repair,Repair Dining Table,,TASK_COMPLETION_BASED,Yes,N/A — Single Session,12:00,75,1,3,First job,Yes,,0,Not applicable,12:05,12:05,13:25,1,,0,No,No meaningful delay occurred,About the same,Not applicable,No,12:00,Exact — checked using calendar/message/booking records,"Calendar, Booking application/system",
2026-10-02 19:47:42,P279,2,P279-J02,2026-09-25,Repairing,Furniture Repair,Repair Sofa Frame,,TASK_COMPLETION_BASED,Yes,N/A — Single Session,13:00,100,1,3,Second job,No,09:30,20,Yes,13:05,13:05,14:40,1,,20,No,No meaningful delay occurred,About the same,Not applicable,No,13:00,Exact — checked using calendar/message/booking records,"Calendar, Booking application/system",
2026-10-02 20:28:44,P279,3,P279-J03,2026-09-25,Repairing,Furniture Repair,Repair Cabinet,,TASK_COMPLETION_BASED,Yes,N/A — Single Session,14:00,70,1,3,Second job,No,09:30,20,Yes,14:00,14:00,15:00,1,,20,No,No meaningful delay occurred,"No, it finished earlier",Not applicable,No,14:00,Exact — checked using calendar/message/booking records,"Calendar, Booking application/system",
2026-10-02 20:51:29,P279,4,P279-J04,2026-09-25,Repairing,Furniture Repair,Replace Door Hinges,,TASK_COMPLETION_BASED,Yes,N/A — Single Session,08:00,30,1,3,Second job,No,09:30,20,Yes,08:00,08:00,08:40,1,,20,No,No meaningful delay occurred,Yes,Complexity of the problem,No,08:00,Exact — checked using calendar/message/booking records,"Calendar, Booking application/system",
2026-10-02 20:54:11,P279,5,P279-J05,2026-09-25,Repairing,Furniture Repair,Repair Window Frame,,TASK_COMPLETION_BASED,Yes,N/A — Single Session,09:00,100,1,3,Second job,No,09:30,20,Yes,09:05,09:05,10:40,1,,20,No,No meaningful delay occurred,About the same,Not applicable,No,09:00,Exact — checked using calendar/message/booking records,"Calendar, Booking application/system",
2026-10-02 21:00:54,P279,1,P279-J01,2026-09-25,Repairing,Furniture Repair,Replace Furniture Hardware,,TASK_COMPLETION_BASED,Yes,N/A — Single Session,10:00,20,1,3,First job,Yes,,0,Not applicable,10:15,10:15,10:50,1,,0,Yes,Traffic congestion,Yes,Complexity of the problem,No,10:00,Exact — checked using calendar/message/booking records,"Calendar, Booking application/system",
2026-10-02 21:38:23,P279,2,P279-J02,2026-09-25,Repairing,Furniture Repair,Assemble Furniture,,TASK_COMPLETION_BASED,Yes,N/A — Single Session,11:00,80,1,3,Second job,No,09:30,20,Yes,11:00,11:00,12:35,1,,20,No,No meaningful delay occurred,Yes,Complexity of the problem,No,11:00,Exact — checked using calendar/message/booking records,"Calendar, Booking application/system",
2026-10-02 21:43:18,P280,3,P280-J03,2026-09-25,Care Support,Disability Support,Mobility Support,,FIXED_DURATION,Yes,N/A — Single Session,12:00,90,2,3,Second job,No,09:30,20,Yes,12:05,12:05,13:25,2,,20,No,No meaningful delay occurred,"No, it finished earlier",Not applicable,No,12:00,Exact — checked using calendar/message/booking records,"Calendar, Booking application/system",
2026-10-03 08:11:18,P280,4,P280-J04,2026-09-25,Care Support,Disability Support,Daily Living Assistance,,SHIFT_BASED,Yes,N/A — Single Session,13:00,360,2,3,Second job,No,09:30,20,Yes,13:05,13:05,19:10,2,,20,No,No meaningful delay occurred,About the same,Not applicable,No,13:00,Exact — checked using calendar/message/booking records,"Calendar, Booking application/system",
2026-10-03 08:29:39,P280,5,P280-J05,2026-09-25,Care Support,Disability Support,Special Needs Support Session,,FIXED_DURATION,Yes,N/A — Single Session,14:00,125,2,3,Second job,No,09:30,20,Yes,14:00,14:00,16:05,2,,20,No,No meaningful delay occurred,About the same,Not applicable,No,14:00,Exact — checked using calendar/message/booking records,"Calendar, Booking application/system",
2026-10-03 08:33:37,P280,1,P280-J01,2026-09-25,Care Support,Elderly Care,Elderly Home Care,,FIXED_DURATION,Yes,N/A — Single Session,08:00,275,2,3,First job,Yes,,0,Not applicable,08:00,08:00,12:45,2,,0,No,No meaningful delay occurred,Yes,Complexity of the problem,No,08:00,Exact — checked using calendar/message/booking records,"Calendar, Booking application/system",
2026-10-03 09:00:26,P280,2,P280-J02,2026-09-25,Care Support,Elderly Care,Medication Assistance,,TASK_COMPLETION_BASED,Yes,N/A — Single Session,09:00,25,2,3,Second job,No,09:30,20,Yes,09:05,09:05,09:45,2,,20,No,No meaningful delay occurred,Yes,Complexity of the problem,No,09:00,Exact — checked using calendar/message/booking records,"Calendar, Booking application/system",
2026-10-03 09:07:22,P280,3,P280-J03,2026-09-25,Care Support,Elderly Care,Mobility Assistance,,FIXED_DURATION,Yes,N/A — Single Session,10:00,95,2,3,Second job,No,09:30,20,Yes,10:10,10:10,11:35,2,,20,Yes,Traffic congestion,"No, it finished earlier",Not applicable,No,10:00,Exact — checked using calendar/message/booking records,"Calendar, Booking application/system",
2026-10-03 09:17:34,P280,4,P280-J04,2026-09-25,Care Support,Personal Assistance,Home Helper Session,,FIXED_DURATION,Yes,N/A — Single Session,11:00,265,2,3,Second job,No,09:30,20,Yes,11:10,11:10,15:35,2,,20,Yes,Traffic congestion,About the same,Not applicable,No,11:00,Exact — checked using calendar/message/booking records,"Calendar, Booking application/system",
2026-10-03 09:32:45,P280,5,P280-J05,2026-09-25,Care Support,Personal Assistance,Errand Assistance,,TASK_COMPLETION_BASED,Yes,N/A — Single Session,12:00,95,2,3,Second job,No,09:30,20,Yes,12:00,12:00,13:40,2,,20,No,No meaningful delay occurred,About the same,Not applicable,No,12:00,Exact — checked using calendar/message/booking records,"Calendar, Booking application/system",
2026-10-03 10:01:05,P281,1,P281-J01,2026-09-25,Repairing,Painting & Renovation,Paint Interior Wall,,TASK_COMPLETION_BASED,Yes,N/A — Single Session,13:00,130,3,3,First job,Yes,,0,Not applicable,13:10,13:10,15:20,3,,0,Yes,Traffic congestion,About the same,Not applicable,No,13:00,Exact — checked using calendar/message/booking records,"Calendar, Booking application/system",
2026-10-03 10:03:02,P281,2,P281-J02,2026-09-25,Repairing,Painting & Renovation,Paint Exterior Wall,,TASK_COMPLETION_BASED,Yes,N/A — Single Session,14:00,255,3,3,Second job,No,09:30,20,Yes,14:15,14:15,18:30,3,,20,Yes,Traffic congestion,About the same,Not applicable,No,14:00,Exact — checked using calendar/message/booking records,"Calendar, Booking application/system",
2026-10-03 10:07:25,P281,3,P281-J03,2026-09-25,Repairing,Painting & Renovation,Paint Room,,TASK_COMPLETION_BASED,Yes,N/A — Single Session,08:00,155,3,3,Second job,No,09:30,20,Yes,08:10,08:10,10:45,3,,20,Yes,Traffic congestion,About the same,Not applicable,No,08:00,Exact — checked using calendar/message/booking records,"Calendar, Booking application/system",
2026-10-03 10:25:20,P281,4,P281-J04,2026-09-25,Repairing,Painting & Renovation,Paint Ceiling,,TASK_COMPLETION_BASED,Yes,N/A — Single Session,09:00,110,3,3,Second job,No,09:30,20,Yes,09:00,09:00,11:05,3,,20,No,No meaningful delay occurred,Yes,Complexity of the problem,No,09:00,Exact — checked using calendar/message/booking records,"Calendar, Booking application/system",
2026-10-03 10:38:53,P281,5,P281-J05,2026-09-25,Repairing,Painting & Renovation,Prepare Wall Surface,,TASK_COMPLETION_BASED,Yes,N/A — Single Session,10:00,90,3,3,Second job,No,09:30,20,Yes,10:00,10:00,11:45,3,,20,No,No meaningful delay occurred,Yes,Complexity of the problem,No,10:00,Exact — checked using calendar/message/booking records,"Calendar, Booking application/system",
2026-10-03 10:54:10,P281,1,P281-J01,2026-09-25,Repairing,Painting & Renovation,Repair Floor Tile,,TASK_COMPLETION_BASED,Yes,N/A — Single Session,11:00,105,3,3,First job,Yes,,0,Not applicable,11:15,11:15,13:00,3,,0,Yes,Traffic congestion,About the same,Not applicable,No,11:00,Exact — checked using calendar/message/booking records,"Calendar, Booking application/system",
2026-10-03 11:16:59,P281,2,P281-J02,2026-09-25,Repairing,Painting & Renovation,Minor Renovation Work,,TASK_COMPLETION_BASED,Yes,N/A — Single Session,12:00,250,3,3,Second job,No,09:30,20,Yes,12:00,12:00,16:15,3,,20,No,No meaningful delay occurred,About the same,Not applicable,No,12:00,Exact — checked using calendar/message/booking records,"Calendar, Booking application/system",
2026-10-03 11:36:03,P282,3,P282-J03,2026-09-25,Repairing,Furniture Repair,Repair Dining Table,,TASK_COMPLETION_BASED,Yes,N/A — Single Session,13:00,85,1,3,Second job,No,09:30,20,Yes,13:05,13:05,14:45,1,,20,No,No meaningful delay occurred,Yes,Complexity of the problem,No,13:00,Exact — checked using calendar/message/booking records,"Calendar, Booking application/system",
2026-10-03 11:46:00,P282,4,P282-J04,2026-09-25,Repairing,Furniture Repair,Repair Bed Frame,,TASK_COMPLETION_BASED,Yes,N/A — Single Session,14:00,115,1,3,Second job,No,09:30,20,Yes,14:05,14:05,16:00,1,,20,No,No meaningful delay occurred,About the same,Not applicable,No,14:00,Exact — checked using calendar/message/booking records,"Calendar, Booking application/system",
2026-10-03 11:59:45,P282,5,P282-J05,2026-09-25,Repairing,Furniture Repair,Repair Cabinet,,TASK_COMPLETION_BASED,Yes,N/A — Single Session,08:00,90,1,3,Second job,No,09:30,20,Yes,08:00,08:00,09:40,1,,20,No,No meaningful delay occurred,Yes,Complexity of the problem,No,08:00,Exact — checked using calendar/message/booking records,"Calendar, Booking application/system",
2026-10-03 12:12:08,P282,1,P282-J01,2026-09-25,Repairing,Furniture Repair,Repair Wooden Door,,TASK_COMPLETION_BASED,Yes,N/A — Single Session,09:00,95,1,3,First job,Yes,,0,Not applicable,09:15,09:15,10:55,1,,0,Yes,Traffic congestion,About the same,Not applicable,No,09:00,Exact — checked using calendar/message/booking records,"Calendar, Booking application/system",
2026-10-03 12:13:13,P283,2,P283-J02,2026-09-25,Care Support,Personal Assistance,Home Helper Session,,SHIFT_BASED,Yes,N/A — Single Session,10:00,285,3,3,Second job,No,09:30,20,Yes,10:00,10:00,14:50,3,,20,No,No meaningful delay occurred,About the same,Not applicable,No,10:00,Exact — checked using calendar/message/booking records,"Calendar, Booking application/system",
2026-10-03 12:48:51,P283,3,P283-J03,2026-09-25,Care Support,Personal Assistance,Personal Assistance,,FIXED_DURATION,Yes,N/A — Single Session,11:00,330,3,3,Second job,No,09:30,20,Yes,11:00,11:00,16:45,3,,20,No,No meaningful delay occurred,Yes,Complexity of the problem,No,11:00,Exact — checked using calendar/message/booking records,"Calendar, Booking application/system",
2026-10-03 12:49:57,P283,4,P283-J04,2026-09-25,Care Support,Personal Assistance,Daily Household Assistance,,TASK_COMPLETION_BASED,Yes,N/A — Single Session,12:00,145,3,3,Second job,No,09:30,20,Yes,12:00,12:00,14:35,3,,20,No,No meaningful delay occurred,Yes,Complexity of the problem,No,12:00,Exact — checked using calendar/message/booking records,"Calendar, Booking application/system",
2026-10-03 12:50:58,P283,5,P283-J05,2026-09-25,Care Support,Personal Assistance,Errand Assistance,,TASK_COMPLETION_BASED,Yes,N/A — Single Session,13:00,85,3,3,Second job,No,09:30,20,Yes,13:05,13:05,14:35,3,,20,No,No meaningful delay occurred,About the same,Not applicable,No,13:00,Exact — checked using calendar/message/booking records,"Calendar, Booking application/system",
2026-10-03 13:22:04,P283,1,P283-J01,2026-09-25,Care Support,Personal Assistance,Daily Task Support,,FIXED_DURATION,Yes,N/A — Single Session,14:00,115,3,3,First job,Yes,,0,Not applicable,14:00,14:00,16:05,3,,0,No,No meaningful delay occurred,Yes,Complexity of the problem,No,14:00,Exact — checked using calendar/message/booking records,"Calendar, Booking application/system",
2026-10-03 13:27:21,P284,2,P284-J02,2026-09-25,Repairing,Furniture Repair,Repair Cupboard,,TASK_COMPLETION_BASED,Yes,N/A — Single Session,08:00,80,2,3,Second job,No,09:30,20,Yes,08:15,08:15,09:30,2,,20,Yes,Traffic congestion,About the same,Not applicable,No,08:00,Exact — checked using calendar/message/booking records,"Calendar, Booking application/system",
2026-10-03 13:29:50,P284,3,P284-J03,2026-09-25,Repairing,Furniture Repair,Repair Cabinet,,TASK_COMPLETION_BASED,Yes,N/A — Single Session,09:00,85,2,3,Second job,No,09:30,20,Yes,09:00,09:00,10:40,2,,20,No,No meaningful delay occurred,Yes,Complexity of the problem,No,09:00,Exact — checked using calendar/message/booking records,"Calendar, Booking application/system",
2026-10-03 13:45:50,P284,4,P284-J04,2026-09-25,Repairing,Furniture Repair,Repair Wooden Door,,TASK_COMPLETION_BASED,Yes,N/A — Single Session,10:00,75,2,3,Second job,No,09:30,20,Yes,10:15,10:15,11:20,2,,20,Yes,Traffic congestion,"No, it finished earlier",Not applicable,No,10:00,Exact — checked using calendar/message/booking records,"Calendar, Booking application/system",
2026-10-03 13:50:59,P284,5,P284-J05,2026-09-25,Repairing,Furniture Repair,Replace Furniture Hardware,,TASK_COMPLETION_BASED,Yes,N/A — Single Session,11:00,25,2,3,Second job,No,09:30,20,Yes,11:15,11:15,11:45,2,,20,Yes,Traffic congestion,About the same,Not applicable,No,11:00,Exact — checked using calendar/message/booking records,"Calendar, Booking application/system",
2026-10-03 13:55:41,P285,1,P285-J01,2026-09-25,Care Support,Pet Care,Feed Pet,,TASK_COMPLETION_BASED,Yes,N/A — Single Session,12:00,25,1,3,First job,Yes,,0,Not applicable,12:00,12:00,12:20,1,,0,No,No meaningful delay occurred,About the same,Not applicable,No,12:00,Exact — checked using calendar/message/booking records,"Calendar, Booking application/system",
2026-10-03 15:35:02,P285,2,P285-J02,2026-09-25,Care Support,Pet Care,Dog Walking,,FIXED_DURATION,Yes,N/A — Single Session,13:00,45,1,3,Second job,No,09:30,20,Yes,13:15,13:15,14:05,1,,20,Yes,Traffic congestion,About the same,Not applicable,No,13:00,Exact — checked using calendar/message/booking records,"Calendar, Booking application/system",
2026-10-03 16:24:46,P285,3,P285-J03,2026-09-25,Care Support,Pet Care,Pet Cleaning,,TASK_COMPLETION_BASED,Yes,N/A — Single Session,14:00,50,1,3,Second job,No,09:30,20,Yes,14:15,14:15,15:00,1,,20,Yes,Traffic congestion,About the same,Not applicable,No,14:00,Exact — checked using calendar/message/booking records,"Calendar, Booking application/system",
2026-10-03 16:42:38,P285,4,P285-J04,2026-09-25,Care Support,Pet Care,Pet Sitting,,FIXED_DURATION,Yes,N/A — Single Session,08:00,385,1,3,Second job,No,09:30,20,Yes,08:15,08:15,14:45,1,,20,Yes,Traffic congestion,About the same,Not applicable,No,08:00,Exact — checked using calendar/message/booking records,"Calendar, Booking application/system",
2026-10-03 16:50:16,P286,5,P286-J05,2026-09-25,Cleaning,House Cleaning,General House Cleaning,,TASK_COMPLETION_BASED,Yes,N/A — Single Session,09:00,135,3,3,Second job,No,09:30,20,Yes,09:10,09:10,11:15,3,,20,Yes,Traffic congestion,"No, it finished earlier",Not applicable,No,09:00,Exact — checked using calendar/message/booking records,"Calendar, Booking application/system",
2026-10-03 17:08:44,P286,1,P286-J01,2026-09-25,Cleaning,House Cleaning,Deep Clean House,,TASK_COMPLETION_BASED,Yes,N/A — Single Session,10:00,215,3,3,First job,Yes,,0,Not applicable,10:05,10:05,13:30,3,,0,No,No meaningful delay occurred,"No, it finished earlier",Not applicable,No,10:00,Exact — checked using calendar/message/booking records,"Calendar, Booking application/system",
2026-10-03 17:17:35,P286,2,P286-J02,2026-09-25,Cleaning,House Cleaning,Clean Single Room,,TASK_COMPLETION_BASED,Yes,N/A — Single Session,11:00,55,3,3,Second job,No,09:30,20,Yes,11:10,11:10,12:05,3,,20,Yes,Traffic congestion,About the same,Not applicable,No,11:00,Exact — checked using calendar/message/booking records,"Calendar, Booking application/system",
2026-10-03 17:21:28,P286,3,P286-J03,2026-09-25,Cleaning,House Cleaning,Mop and Clean Floors,,TASK_COMPLETION_BASED,Yes,N/A — Single Session,12:00,60,3,3,Second job,No,09:30,20,Yes,12:15,12:15,13:15,3,,20,Yes,Traffic congestion,About the same,Not applicable,No,12:00,Exact — checked using calendar/message/booking records,"Calendar, Booking application/system",
2026-10-03 18:02:40,P286,4,P286-J04,2026-09-25,Cleaning,House Cleaning,Full Home Cleaning,,TASK_COMPLETION_BASED,Yes,N/A — Single Session,13:00,240,3,3,Second job,No,09:30,20,Yes,13:15,13:15,17:10,3,,20,Yes,Traffic congestion,About the same,Not applicable,No,13:00,Exact — checked using calendar/message/booking records,"Calendar, Booking application/system",
2026-10-03 18:05:23,P286,5,P286-J05,2026-09-25,Cleaning,Sofa/Carpet/Curtain Cleaning,Clean Carpet,,TASK_COMPLETION_BASED,Yes,N/A — Single Session,14:00,75,3,3,Second job,No,09:30,20,Yes,14:00,14:00,15:15,3,,20,No,No meaningful delay occurred,About the same,Not applicable,No,14:00,Exact — checked using calendar/message/booking records,"Calendar, Booking application/system",
2026-10-03 18:16:03,P286,1,P286-J01,2026-09-25,Cleaning,Sofa/Carpet/Curtain Cleaning,Deep Clean Carpet,,TASK_COMPLETION_BASED,Yes,N/A — Single Session,08:00,115,3,3,First job,Yes,,0,Not applicable,08:00,08:00,09:55,3,,0,No,No meaningful delay occurred,About the same,Not applicable,No,08:00,Exact — checked using calendar/message/booking records,"Calendar, Booking application/system",
2026-10-03 18:32:01,P287,2,P287-J02,2026-09-25,Cleaning,Office Cleaning,Clean Small Office,,TASK_COMPLETION_BASED,Yes,N/A — Single Session,09:00,95,2,3,Second job,No,09:30,20,Yes,09:10,09:10,10:40,2,,20,Yes,Traffic congestion,About the same,Not applicable,No,09:00,Exact — checked using calendar/message/booking records,"Calendar, Booking application/system",
2026-10-03 18:36:16,P287,3,P287-J03,2026-09-25,Cleaning,Office Cleaning,Clean Medium Office,,TASK_COMPLETION_BASED,Yes,N/A — Single Session,10:00,200,2,3,Second job,No,09:30,20,Yes,10:05,10:05,13:15,2,,20,No,No meaningful delay occurred,"No, it finished earlier",Not applicable,No,10:00,Exact — checked using calendar/message/booking records,"Calendar, Booking application/system",
2026-10-03 18:38:05,P287,4,P287-J04,2026-09-25,Cleaning,Office Cleaning,Clean Retail Shop,,TASK_COMPLETION_BASED,Yes,N/A — Single Session,11:00,125,2,3,Second job,No,09:30,20,Yes,11:15,11:15,13:20,2,,20,Yes,Traffic congestion,About the same,Not applicable,No,11:00,Exact — checked using calendar/message/booking records,"Calendar, Booking application/system",
2026-10-03 18:40:45,P287,5,P287-J05,2026-09-25,Cleaning,Office Cleaning,Deep Clean Office,,TASK_COMPLETION_BASED,Yes,N/A — Single Session,12:00,310,2,3,Second job,No,09:30,20,Yes,12:15,12:15,17:35,2,,20,Yes,Traffic congestion,Yes,Complexity of the problem,No,12:00,Exact — checked using calendar/message/booking records,"Calendar, Booking application/system",
2026-10-03 18:52:28,P287,1,P287-J01,2026-09-25,Cleaning,Office Cleaning,Clean Office Floors,,TASK_COMPLETION_BASED,Yes,N/A — Single Session,13:00,75,2,3,First job,Yes,,0,Not applicable,13:00,13:00,14:20,2,,0,No,No meaningful delay occurred,About the same,Not applicable,No,13:00,Exact — checked using calendar/message/booking records,"Calendar, Booking application/system",
2026-10-03 18:55:07,P288,2,P288-J02,2026-09-25,Gardening,Garden Cleaning,General Garden Cleaning,,TASK_COMPLETION_BASED,Yes,N/A — Single Session,14:00,135,2,3,Second job,No,09:30,20,Yes,14:00,14:00,16:20,2,,20,No,No meaningful delay occurred,About the same,Not applicable,No,14:00,Exact — checked using calendar/message/booking records,"Calendar, Booking application/system",
2026-10-03 19:04:55,P288,3,P288-J03,2026-09-25,Gardening,Garden Cleaning,Remove Garden Waste,,TASK_COMPLETION_BASED,Yes,N/A — Single Session,08:00,105,2,3,Second job,No,09:30,20,Yes,08:00,08:00,09:35,2,,20,No,No meaningful delay occurred,"No, it finished earlier",Not applicable,No,08:00,Exact — checked using calendar/message/booking records,"Calendar, Booking application/system",
2026-10-03 20:03:49,P288,4,P288-J04,2026-09-25,Gardening,Planting Services,Plant Flowers,,TASK_COMPLETION_BASED,Yes,N/A — Single Session,09:00,65,2,3,Second job,No,09:30,20,Yes,09:00,09:00,09:55,2,,20,No,No meaningful delay occurred,"No, it finished earlier",Not applicable,No,09:00,Exact — checked using calendar/message/booking records,"Calendar, Booking application/system",
2026-10-03 20:19:00,P288,5,P288-J05,2026-09-25,Gardening,Planting Services,Plant Large Tree,,TASK_COMPLETION_BASED,Yes,N/A — Single Session,10:00,100,2,3,Second job,No,09:30,20,Yes,10:00,10:00,11:30,2,,20,No,No meaningful delay occurred,"No, it finished earlier",Not applicable,No,10:00,Exact — checked using calendar/message/booking records,"Calendar, Booking application/system",
2026-10-03 20:54:36,P288,1,P288-J01,2026-09-25,Gardening,Planting Services,Plant Garden Plants,,TASK_COMPLETION_BASED,Yes,N/A — Single Session,11:00,65,2,3,First job,Yes,,0,Not applicable,11:00,11:00,12:05,2,,0,No,No meaningful delay occurred,About the same,Not applicable,No,11:00,Exact — checked using calendar/message/booking records,"Calendar, Booking application/system",
2026-10-03 21:44:12,P289,2,P289-J02,2026-09-25,Care Support,Disability Support,Personal Disability Assistance,,FIXED_DURATION,Yes,N/A — Single Session,12:00,190,2,3,Second job,No,09:30,20,Yes,12:15,12:15,15:15,2,,20,Yes,Traffic congestion,"No, it finished earlier",Not applicable,No,12:00,Exact — checked using calendar/message/booking records,"Calendar, Booking application/system",
2026-10-03 21:53:19,P289,3,P289-J03,2026-09-25,Care Support,Elderly Care,Medication Assistance,,TASK_COMPLETION_BASED,Yes,N/A — Single Session,13:00,20,2,3,Second job,No,09:30,20,Yes,13:00,13:00,13:15,2,,20,No,No meaningful delay occurred,About the same,Not applicable,No,13:00,Exact — checked using calendar/message/booking records,"Calendar, Booking application/system",
2026-10-04 08:08:44,P289,4,P289-J04,2026-09-25,Care Support,Elderly Care,Mobility Assistance,,FIXED_DURATION,Yes,N/A — Single Session,14:00,95,2,3,Second job,No,09:30,20,Yes,14:00,14:00,15:35,2,,20,No,No meaningful delay occurred,About the same,Not applicable,No,14:00,Exact — checked using calendar/message/booking records,"Calendar, Booking application/system",
2026-10-04 08:40:29,P290,5,P290-J05,2026-09-25,Repairing,Furniture Repair,Repair Bed Frame,,TASK_COMPLETION_BASED,Yes,N/A — Single Session,08:00,100,2,3,Second job,No,09:30,20,Yes,08:15,08:15,09:55,2,,20,Yes,Traffic congestion,About the same,Not applicable,No,08:00,Exact — checked using calendar/message/booking records,"Calendar, Booking application/system",
2026-10-04 08:45:08,P290,1,P290-J01,2026-09-25,Repairing,Furniture Repair,Replace Door Hinges,,TASK_COMPLETION_BASED,Yes,N/A — Single Session,09:00,30,2,3,First job,Yes,,0,Not applicable,09:05,09:05,09:50,2,,0,No,No meaningful delay occurred,Yes,Complexity of the problem,No,09:00,Exact — checked using calendar/message/booking records,"Calendar, Booking application/system",
2026-10-04 09:26:44,P290,2,P290-J02,2026-09-25,Repairing,Furniture Repair,Assemble Furniture,,TASK_COMPLETION_BASED,Yes,N/A — Single Session,10:00,85,2,3,Second job,No,09:30,20,Yes,10:00,10:00,11:25,2,,20,No,No meaningful delay occurred,About the same,Not applicable,No,10:00,Exact — checked using calendar/message/booking records,"Calendar, Booking application/system",
2026-10-04 09:42:39,P290,3,P290-J03,2026-09-25,Repairing,Painting & Renovation,Paint Whole House,,TASK_COMPLETION_BASED,Yes,N/A — Single Session,11:00,535,2,3,Second job,No,09:30,20,Yes,11:00,11:00,19:45,2,,20,No,No meaningful delay occurred,"No, it finished earlier",Not applicable,No,11:00,Exact — checked using calendar/message/booking records,"Calendar, Booking application/system",
2026-10-04 09:46:18,P290,4,P290-J04,2026-09-25,Repairing,Painting & Renovation,Prepare Wall Surface,,TASK_COMPLETION_BASED,Yes,N/A — Single Session,12:00,95,2,3,Second job,No,09:30,20,Yes,12:00,12:00,13:35,2,,20,No,No meaningful delay occurred,About the same,Not applicable,No,12:00,Exact — checked using calendar/message/booking records,"Calendar, Booking application/system",
2026-10-04 10:34:07,P290,5,P290-J05,2026-09-25,Repairing,Painting & Renovation,Replace Damaged Tile,,TASK_COMPLETION_BASED,Yes,N/A — Single Session,13:00,80,2,3,Second job,No,09:30,20,Yes,13:15,13:15,14:35,2,,20,Yes,Traffic congestion,About the same,Not applicable,No,13:00,Exact — checked using calendar/message/booking records,"Calendar, Booking application/system",
2026-10-04 11:01:15,P291,1,P291-J01,2026-09-25,Repairing,Furniture Repair,Repair Cupboard,,TASK_COMPLETION_BASED,Yes,N/A — Single Session,14:00,75,1,3,First job,Yes,,0,Not applicable,14:15,14:15,15:30,1,,0,Yes,Traffic congestion,About the same,Not applicable,No,14:00,Exact — checked using calendar/message/booking records,"Calendar, Booking application/system",
2026-10-04 11:02:22,P291,2,P291-J02,2026-09-25,Repairing,Furniture Repair,Replace Door Hinges,,TASK_COMPLETION_BASED,Yes,N/A — Single Session,08:00,30,1,3,Second job,No,09:30,20,Yes,08:00,08:00,08:45,1,,20,No,No meaningful delay occurred,Yes,Complexity of the problem,No,08:00,Exact — checked using calendar/message/booking records,"Calendar, Booking application/system",
2026-10-04 11:07:01,P291,3,P291-J03,2026-09-25,Repairing,Furniture Repair,Repair Window Frame,,TASK_COMPLETION_BASED,Yes,N/A — Single Session,09:00,95,1,3,Second job,No,09:30,20,Yes,09:15,09:15,10:55,1,,20,Yes,Traffic congestion,About the same,Not applicable,No,09:00,Exact — checked using calendar/message/booking records,"Calendar, Booking application/system",
2026-10-04 11:08:03,P291,4,P291-J04,2026-09-25,Repairing,Furniture Repair,Replace Furniture Hardware,,TASK_COMPLETION_BASED,Yes,N/A — Single Session,10:00,25,1,3,Second job,No,09:30,20,Yes,10:00,10:00,10:40,1,,20,No,No meaningful delay occurred,Yes,Complexity of the problem,No,10:00,Exact — checked using calendar/message/booking records,"Calendar, Booking application/system",
2026-10-04 11:12:40,P292,5,P292-J05,2026-09-25,Repairing,Electrical Repair,Replace Switch,,TASK_COMPLETION_BASED,Yes,N/A — Single Session,11:00,25,2,3,Second job,No,09:30,20,Yes,11:05,11:05,11:20,2,,20,No,No meaningful delay occurred,"No, it finished earlier",Not applicable,No,11:00,Exact — checked using calendar/message/booking records,"Calendar, Booking application/system",
2026-10-04 11:13:13,P292,1,P292-J01,2026-09-25,Repairing,Electrical Repair,Repair Switch,,TASK_COMPLETION_BASED,Yes,N/A — Single Session,12:00,25,2,3,First job,Yes,,0,Not applicable,12:15,12:15,12:40,2,,0,Yes,Traffic congestion,About the same,Not applicable,No,12:00,Exact — checked using calendar/message/booking records,"Calendar, Booking application/system",
2026-10-04 11:20:31,P292,2,P292-J02,2026-09-25,Repairing,Electrical Repair,Install Power Socket,,TASK_COMPLETION_BASED,Yes,N/A — Single Session,13:00,40,2,3,Second job,No,09:30,20,Yes,13:05,13:05,13:35,2,,20,No,No meaningful delay occurred,"No, it finished earlier",Not applicable,No,13:00,Exact — checked using calendar/message/booking records,"Calendar, Booking application/system",
2026-10-04 11:26:19,P292,3,P292-J03,2026-09-25,Repairing,Electrical Repair,Repair Distribution Board,,TASK_COMPLETION_BASED,Yes,N/A — Single Session,14:00,110,2,3,Second job,No,09:30,20,Yes,14:15,14:15,16:05,2,,20,Yes,Traffic congestion,About the same,Not applicable,No,14:00,Exact — checked using calendar/message/booking records,"Calendar, Booking application/system",
2026-10-04 11:30:58,P292,4,P292-J04,2026-09-25,Repairing,Electrical Repair,Service Air Conditioner,,TASK_COMPLETION_BASED,Yes,N/A — Single Session,08:00,65,2,3,Second job,No,09:30,20,Yes,08:15,08:15,09:15,2,,20,Yes,Traffic congestion,About the same,Not applicable,No,08:00,Exact — checked using calendar/message/booking records,"Calendar, Booking application/system",
2026-10-04 12:23:12,P293,5,P293-J05,2026-09-25,Repairing,Painting & Renovation,Paint Interior Wall,,TASK_COMPLETION_BASED,Yes,N/A — Single Session,09:00,145,2,3,Second job,No,09:30,20,Yes,09:00,09:00,11:25,2,,20,No,No meaningful delay occurred,About the same,Not applicable,No,09:00,Exact — checked using calendar/message/booking records,"Calendar, Booking application/system",
2026-10-04 12:40:21,P293,1,P293-J01,2026-09-25,Repairing,Painting & Renovation,Paint Exterior Wall,,TASK_COMPLETION_BASED,Yes,N/A — Single Session,10:00,235,2,3,First job,Yes,,0,Not applicable,10:05,10:05,14:00,2,,0,No,No meaningful delay occurred,About the same,Not applicable,No,10:00,Exact — checked using calendar/message/booking records,"Calendar, Booking application/system",
2026-10-04 12:57:44,P293,2,P293-J02,2026-09-25,Repairing,Painting & Renovation,Paint Room,,TASK_COMPLETION_BASED,Yes,N/A — Single Session,11:00,215,2,3,Second job,No,09:30,20,Yes,11:05,11:05,14:55,2,,20,No,No meaningful delay occurred,Yes,Complexity of the problem,No,11:00,Exact — checked using calendar/message/booking records,"Calendar, Booking application/system",
2026-10-04 13:02:54,P293,3,P293-J03,2026-09-25,Repairing,Painting & Renovation,Paint Whole House,,TASK_COMPLETION_BASED,Yes,N/A — Single Session,12:00,550,2,3,Second job,No,09:30,20,Yes,12:05,12:05,21:15,2,,20,No,No meaningful delay occurred,About the same,Not applicable,No,12:00,Exact — checked using calendar/message/booking records,"Calendar, Booking application/system",
2026-10-04 13:29:11,P294,4,P294-J04,2026-09-25,Cleaning,House Cleaning,General House Cleaning,,TASK_COMPLETION_BASED,Yes,N/A — Single Session,13:00,135,2,3,Second job,No,09:30,20,Yes,13:05,13:05,15:20,2,,20,No,No meaningful delay occurred,About the same,Not applicable,No,13:00,Exact — checked using calendar/message/booking records,"Calendar, Booking application/system",
2026-10-04 13:35:07,P294,5,P294-J05,2026-09-25,Cleaning,House Cleaning,Dust and Surface Cleaning,,TASK_COMPLETION_BASED,Yes,N/A — Single Session,14:00,60,2,3,Second job,No,09:30,20,Yes,14:00,14:00,15:05,2,,20,No,No meaningful delay occurred,About the same,Not applicable,No,14:00,Exact — checked using calendar/message/booking records,"Calendar, Booking application/system",
2026-10-04 13:36:07,P294,1,P294-J01,2026-09-25,Cleaning,Kitchen Cleaning,Deep Clean Kitchen,,TASK_COMPLETION_BASED,Yes,N/A — Single Session,08:00,145,2,3,First job,Yes,,0,Not applicable,08:15,08:15,10:50,2,,0,Yes,Traffic congestion,Yes,Complexity of the problem,No,08:00,Exact — checked using calendar/message/booking records,"Calendar, Booking application/system",
2026-10-04 14:14:46,P294,2,P294-J02,2026-09-25,Cleaning,Kitchen Cleaning,Clean Kitchen Floor,,TASK_COMPLETION_BASED,Yes,N/A — Single Session,09:00,35,2,3,Second job,No,09:30,20,Yes,09:00,09:00,09:30,2,,20,No,No meaningful delay occurred,About the same,Not applicable,No,09:00,Exact — checked using calendar/message/booking records,"Calendar, Booking application/system",
2026-10-04 15:32:40,P295,3,P295-J03,2026-09-25,Repairing,Plumbing Repair,Repair Leaking Pipe,,TASK_COMPLETION_BASED,Yes,N/A — Single Session,10:00,55,5,3,Second job,No,09:30,20,Yes,10:00,10:00,11:10,5,,20,No,No meaningful delay occurred,Yes,Complexity of the problem,No,10:00,Exact — checked using calendar/message/booking records,"Calendar, Booking application/system",
2026-10-04 16:01:59,P295,4,P295-J04,2026-09-25,Repairing,Plumbing Repair,Repair Tap,,TASK_COMPLETION_BASED,Yes,N/A — Single Session,11:00,30,5,3,Second job,No,09:30,20,Yes,11:10,11:10,11:30,5,,20,Yes,Traffic congestion,"No, it finished earlier",Not applicable,No,11:00,Exact — checked using calendar/message/booking records,"Calendar, Booking application/system",
2026-10-04 16:14:57,P295,5,P295-J05,2026-09-25,Repairing,Plumbing Repair,Clean Water Tank,,TASK_COMPLETION_BASED,Yes,N/A — Single Session,12:00,125,5,3,Second job,No,09:30,20,Yes,12:00,12:00,13:55,5,,20,No,No meaningful delay occurred,"No, it finished earlier",Not applicable,No,12:00,Exact — checked using calendar/message/booking records,"Calendar, Booking application/system",
2026-10-04 16:16:39,P295,1,P295-J01,2026-09-25,Repairing,Plumbing Repair,Repair Water Tank Connection,,TASK_COMPLETION_BASED,Yes,N/A — Single Session,13:00,60,5,3,First job,Yes,,0,Not applicable,13:00,13:00,14:15,5,,0,No,No meaningful delay occurred,Yes,Complexity of the problem,No,13:00,Exact — checked using calendar/message/booking records,"Calendar, Booking application/system",
2026-10-04 16:17:24,P296,2,P296-J02,2026-09-25,Cleaning,Sofa/Carpet/Curtain Cleaning,Clean Sofa,,TASK_COMPLETION_BASED,Yes,N/A — Single Session,14:00,80,2,3,Second job,No,09:30,20,Yes,14:00,14:00,15:20,2,,20,No,No meaningful delay occurred,About the same,Not applicable,No,14:00,Exact — checked using calendar/message/booking records,"Calendar, Booking application/system",
2026-10-04 16:42:25,P296,3,P296-J03,2026-09-25,Cleaning,Sofa/Carpet/Curtain Cleaning,Clean Carpet,,TASK_COMPLETION_BASED,Yes,N/A — Single Session,08:00,80,2,3,Second job,No,09:30,20,Yes,08:00,08:00,09:20,2,,20,No,No meaningful delay occurred,About the same,Not applicable,No,08:00,Exact — checked using calendar/message/booking records,"Calendar, Booking application/system",
2026-10-04 17:00:27,P296,4,P296-J04,2026-09-25,Cleaning,Sofa/Carpet/Curtain Cleaning,Clean Curtains,,TASK_COMPLETION_BASED,Yes,N/A — Single Session,09:00,70,2,3,Second job,No,09:30,20,Yes,09:00,09:00,10:10,2,,20,No,No meaningful delay occurred,About the same,Not applicable,No,09:00,Exact — checked using calendar/message/booking records,"Calendar, Booking application/system",
2026-10-04 17:35:50,P296,5,P296-J05,2026-09-25,Cleaning,Sofa/Carpet/Curtain Cleaning,Clean Mattress,,TASK_COMPLETION_BASED,Yes,N/A — Single Session,10:00,55,2,3,Second job,No,09:30,20,Yes,10:00,10:00,10:45,2,,20,No,No meaningful delay occurred,"No, it finished earlier",Not applicable,No,10:00,Exact — checked using calendar/message/booking records,"Calendar, Booking application/system",
2026-10-04 17:46:39,P297,1,P297-J01,2026-09-25,Repairing,Electrical Repair,Install Switch,,TASK_COMPLETION_BASED,Yes,N/A — Single Session,11:00,30,4,3,First job,Yes,,0,Not applicable,11:00,11:00,11:20,4,,0,No,No meaningful delay occurred,"No, it finished earlier",Not applicable,No,11:00,Exact — checked using calendar/message/booking records,"Calendar, Booking application/system",
2026-10-04 17:49:31,P297,2,P297-J02,2026-09-25,Repairing,Electrical Repair,Replace Switch,,TASK_COMPLETION_BASED,Yes,N/A — Single Session,12:00,25,4,3,Second job,No,09:30,20,Yes,12:00,12:00,12:40,4,,20,No,No meaningful delay occurred,Yes,Complexity of the problem,No,12:00,Exact — checked using calendar/message/booking records,"Calendar, Booking application/system",
2026-10-04 18:25:21,P297,3,P297-J03,2026-09-25,Repairing,Electrical Repair,Replace Power Socket,,TASK_COMPLETION_BASED,Yes,N/A — Single Session,13:00,30,4,3,Second job,No,09:30,20,Yes,13:00,13:00,13:45,4,,20,No,No meaningful delay occurred,Yes,Complexity of the problem,No,13:00,Exact — checked using calendar/message/booking records,"Calendar, Booking application/system",
2026-10-04 18:28:46,P297,4,P297-J04,2026-09-25,Repairing,Electrical Repair,Repair Rice Cooker,,TASK_COMPLETION_BASED,Yes,N/A — Single Session,14:00,45,4,3,Second job,No,09:30,20,Yes,14:00,14:00,14:40,4,,20,No,No meaningful delay occurred,About the same,Not applicable,No,14:00,Exact — checked using calendar/message/booking records,"Calendar, Booking application/system",
2026-10-04 18:31:00,P298,5,P298-J05,2026-09-25,Repairing,Plumbing Repair,Repair Water Leak,,TASK_COMPLETION_BASED,Yes,N/A — Single Session,08:00,60,1,3,Second job,No,09:30,20,Yes,08:15,08:15,09:15,1,,20,Yes,Traffic congestion,About the same,Not applicable,No,08:00,Exact — checked using calendar/message/booking records,"Calendar, Booking application/system",
2026-10-04 18:47:47,P298,1,P298-J01,2026-09-25,Repairing,Plumbing Repair,Clear Blocked Drain,,TASK_COMPLETION_BASED,Yes,N/A — Single Session,09:00,75,1,3,First job,Yes,,0,Not applicable,09:10,09:10,10:25,1,,0,Yes,Traffic congestion,About the same,Not applicable,No,09:00,Exact — checked using calendar/message/booking records,"Calendar, Booking application/system",
2026-10-04 18:58:40,P298,2,P298-J02,2026-09-25,Repairing,Plumbing Repair,Repair Sink Plumbing,,TASK_COMPLETION_BASED,Yes,N/A — Single Session,10:00,60,1,3,Second job,No,09:30,20,Yes,10:00,10:00,11:10,1,,20,No,No meaningful delay occurred,Yes,Complexity of the problem,No,10:00,Exact — checked using calendar/message/booking records,"Calendar, Booking application/system",
2026-10-04 19:02:59,P298,3,P298-J03,2026-09-25,Repairing,Plumbing Repair,Repair Bathroom Pipe,,TASK_COMPLETION_BASED,Yes,N/A — Single Session,11:00,75,1,3,Second job,No,09:30,20,Yes,11:15,11:15,12:35,1,,20,Yes,Traffic congestion,About the same,Not applicable,No,11:00,Exact — checked using calendar/message/booking records,"Calendar, Booking application/system",
2026-10-04 19:27:36,P299,4,P299-J04,2026-09-25,Cleaning,House Cleaning,General House Cleaning,,TASK_COMPLETION_BASED,Yes,N/A — Single Session,12:00,145,1,3,Second job,No,09:30,20,Yes,12:10,12:10,14:30,1,,20,Yes,Traffic congestion,About the same,Not applicable,No,12:00,Exact — checked using calendar/message/booking records,"Calendar, Booking application/system",
2026-10-04 19:54:23,P299,5,P299-J05,2026-09-25,Cleaning,House Cleaning,Clean Single Room,,TASK_COMPLETION_BASED,Yes,N/A — Single Session,13:00,55,1,3,Second job,No,09:30,20,Yes,13:05,13:05,13:55,1,,20,No,No meaningful delay occurred,About the same,Not applicable,No,13:00,Exact — checked using calendar/message/booking records,"Calendar, Booking application/system",
2026-10-04 20:07:58,P299,1,P299-J01,2026-09-25,Cleaning,House Cleaning,Mop and Clean Floors,,TASK_COMPLETION_BASED,Yes,N/A — Single Session,14:00,60,1,3,First job,Yes,,0,Not applicable,14:00,14:00,14:55,1,,0,No,No meaningful delay occurred,About the same,Not applicable,No,14:00,Exact — checked using calendar/message/booking records,"Calendar, Booking application/system",
2026-10-04 20:25:48,P299,2,P299-J02,2026-09-25,Cleaning,Sofa/Carpet/Curtain Cleaning,Deep Clean Mattress,,TASK_COMPLETION_BASED,Yes,N/A — Single Session,08:00,100,1,3,Second job,No,09:30,20,Yes,08:00,08:00,09:30,1,,20,No,No meaningful delay occurred,"No, it finished earlier",Not applicable,No,08:00,Exact — checked using calendar/message/booking records,"Calendar, Booking application/system",
2026-10-04 20:56:17,P300,3,P300-J03,2026-09-25,Repairing,Electrical Repair,Replace Switch,,TASK_COMPLETION_BASED,Yes,N/A — Single Session,09:00,25,2,3,Second job,No,09:30,20,Yes,09:05,09:05,09:40,2,,20,No,No meaningful delay occurred,Yes,Complexity of the problem,No,09:00,Exact — checked using calendar/message/booking records,"Calendar, Booking application/system",
2026-10-04 21:06:02,P300,4,P300-J04,2026-09-25,Repairing,Electrical Repair,Replace Power Socket,,TASK_COMPLETION_BASED,Yes,N/A — Single Session,10:00,30,2,3,Second job,No,09:30,20,Yes,10:10,10:10,10:35,2,,20,Yes,Traffic congestion,About the same,Not applicable,No,10:00,Exact — checked using calendar/message/booking records,"Calendar, Booking application/system",
2026-10-04 21:08:41,P300,5,P300-J05,2026-09-25,Repairing,Electrical Repair,Repair Refrigerator,,TASK_COMPLETION_BASED,Yes,N/A — Single Session,11:00,125,2,3,Second job,No,09:30,20,Yes,11:00,11:00,13:00,2,,20,No,No meaningful delay occurred,About the same,Not applicable,No,11:00,Exact — checked using calendar/message/booking records,"Calendar, Booking application/system",
2026-10-04 21:30:15,P301,1,P301-J01,2026-09-25,Cleaning,Bathroom Cleaning,Clean Washroom,,TASK_COMPLETION_BASED,Yes,N/A — Single Session,12:00,40,1,3,First job,Yes,,0,Not applicable,12:00,12:00,12:40,1,,0,No,No meaningful delay occurred,About the same,Not applicable,No,12:00,Exact — checked using calendar/message/booking records,"Calendar, Booking application/system",
2026-10-04 21:44:55,P301,2,P301-J02,2026-09-25,Cleaning,Bathroom Cleaning,Remove Bathroom Stains,,TASK_COMPLETION_BASED,Yes,N/A — Single Session,13:00,55,1,3,Second job,No,09:30,20,Yes,13:00,13:00,13:55,1,,20,No,No meaningful delay occurred,About the same,Not applicable,No,13:00,Exact — checked using calendar/message/booking records,"Calendar, Booking application/system",
2026-10-04 21:48:17,P301,3,P301-J03,2026-09-25,Cleaning,House Cleaning,General House Cleaning,,TASK_COMPLETION_BASED,Yes,N/A — Single Session,14:00,115,1,3,Second job,No,09:30,20,Yes,14:15,14:15,16:10,1,,20,Yes,Traffic congestion,About the same,Not applicable,No,14:00,Exact — checked using calendar/message/booking records,"Calendar, Booking application/system",
2026-10-05 08:01:14,P301,4,P301-J04,2026-09-25,Cleaning,Kitchen Cleaning,Degrease Cooking Area,,TASK_COMPLETION_BASED,Yes,N/A — Single Session,08:00,55,1,3,Second job,No,09:30,20,Yes,08:05,08:05,09:10,1,,20,No,No meaningful delay occurred,Yes,Complexity of the problem,No,08:00,Exact — checked using calendar/message/booking records,"Calendar, Booking application/system",
2026-10-05 08:15:54,P302,5,P302-J05,2026-09-25,Care Support,Child Care,Baby Care Session,,FIXED_DURATION,Yes,N/A — Single Session,09:00,170,1,3,Second job,No,09:30,20,Yes,09:00,09:00,11:55,1,,20,No,No meaningful delay occurred,About the same,Not applicable,No,09:00,Exact — checked using calendar/message/booking records,"Calendar, Booking application/system",
2026-10-05 08:19:28,P302,1,P302-J01,2026-09-25,Care Support,Child Care,Child Supervision,,FIXED_DURATION,Yes,N/A — Single Session,10:00,230,1,3,First job,Yes,,0,Not applicable,10:05,10:05,13:50,1,,0,No,No meaningful delay occurred,About the same,Not applicable,No,10:00,Exact — checked using calendar/message/booking records,"Calendar, Booking application/system",
2026-10-05 08:52:29,P302,2,P302-J02,2026-09-25,Care Support,Child Care,After-School Child Care,,FIXED_DURATION,Yes,N/A — Single Session,11:00,200,1,3,Second job,No,09:30,20,Yes,11:00,11:00,14:35,1,,20,No,No meaningful delay occurred,Yes,Complexity of the problem,No,11:00,Exact — checked using calendar/message/booking records,"Calendar, Booking application/system",
2026-10-05 09:18:52,P303,3,P303-J03,2026-09-25,Repairing,Furniture Repair,Repair Sofa Frame,,TASK_COMPLETION_BASED,Yes,N/A — Single Session,12:00,120,2,3,Second job,No,09:30,20,Yes,12:00,12:00,14:00,2,,20,No,No meaningful delay occurred,About the same,Not applicable,No,12:00,Exact — checked using calendar/message/booking records,"Calendar, Booking application/system",
2026-10-05 10:09:26,P303,4,P303-J04,2026-09-25,Repairing,Furniture Repair,Repair Cabinet,,TASK_COMPLETION_BASED,Yes,N/A — Single Session,13:00,80,2,3,Second job,No,09:30,20,Yes,13:00,13:00,14:35,2,,20,No,No meaningful delay occurred,Yes,Complexity of the problem,No,13:00,Exact — checked using calendar/message/booking records,"Calendar, Booking application/system",
2026-10-05 10:11:08,P303,5,P303-J05,2026-09-25,Repairing,Furniture Repair,Repair Wooden Door,,TASK_COMPLETION_BASED,Yes,N/A — Single Session,14:00,85,2,3,Second job,No,09:30,20,Yes,14:00,14:00,15:30,2,,20,No,No meaningful delay occurred,About the same,Not applicable,No,14:00,Exact — checked using calendar/message/booking records,"Calendar, Booking application/system",
2026-10-05 10:19:51,P303,1,P303-J01,2026-09-25,Repairing,Furniture Repair,Replace Door Hinges,,TASK_COMPLETION_BASED,Yes,N/A — Single Session,08:00,25,2,3,First job,Yes,,0,Not applicable,08:15,08:15,08:50,2,,0,Yes,Traffic congestion,Yes,Complexity of the problem,No,08:00,Exact — checked using calendar/message/booking records,"Calendar, Booking application/system",
2026-10-05 10:37:52,P303,2,P303-J02,2026-09-25,Repairing,Furniture Repair,Repair Window Frame,,TASK_COMPLETION_BASED,Yes,N/A — Single Session,09:00,95,2,3,Second job,No,09:30,20,Yes,09:15,09:15,11:00,2,,20,Yes,Traffic congestion,Yes,Complexity of the problem,No,09:00,Exact — checked using calendar/message/booking records,"Calendar, Booking application/system",
2026-10-05 10:40:12,P304,3,P304-J03,2026-09-25,Care Support,Child Care,Babysitting,,FIXED_DURATION,Yes,N/A — Single Session,10:00,265,1,3,Second job,No,09:30,20,Yes,10:00,10:00,14:35,1,,20,No,No meaningful delay occurred,Yes,Complexity of the problem,No,10:00,Exact — checked using calendar/message/booking records,"Calendar, Booking application/system",
2026-10-05 12:09:13,P304,4,P304-J04,2026-09-25,Care Support,Child Care,Child Supervision,,FIXED_DURATION,Yes,N/A — Single Session,11:00,210,1,3,Second job,No,09:30,20,Yes,11:10,11:10,14:40,1,,20,Yes,Traffic congestion,About the same,Not applicable,No,11:00,Exact — checked using calendar/message/booking records,"Calendar, Booking application/system",
2026-10-05 12:11:18,P304,5,P304-J05,2026-09-25,Care Support,Child Care,After-School Child Care,,FIXED_DURATION,Yes,N/A — Single Session,12:00,180,1,3,Second job,No,09:30,20,Yes,12:00,12:00,15:10,1,,20,No,No meaningful delay occurred,Yes,Complexity of the problem,No,12:00,Exact — checked using calendar/message/booking records,"Calendar, Booking application/system",
2026-10-05 12:20:13,P305,1,P305-J01,2026-09-25,Cleaning,House Cleaning,Dust and Surface Cleaning,,TASK_COMPLETION_BASED,Yes,N/A — Single Session,13:00,55,1,3,First job,Yes,,0,Not applicable,13:05,13:05,13:50,1,,0,No,No meaningful delay occurred,"No, it finished earlier",Not applicable,No,13:00,Exact — checked using calendar/message/booking records,"Calendar, Booking application/system",
2026-10-05 12:34:13,P305,2,P305-J02,2026-09-25,Cleaning,House Cleaning,Full Home Cleaning,,TASK_COMPLETION_BASED,Yes,N/A — Single Session,14:00,220,1,3,Second job,No,09:30,20,Yes,14:00,14:00,17:40,1,,20,No,No meaningful delay occurred,About the same,Not applicable,No,14:00,Exact — checked using calendar/message/booking records,"Calendar, Booking application/system",
2026-10-05 12:44:21,P305,3,P305-J03,2026-09-25,Cleaning,Sofa/Carpet/Curtain Cleaning,Deep Clean Carpet,,TASK_COMPLETION_BASED,Yes,N/A — Single Session,08:00,130,1,3,Second job,No,09:30,20,Yes,08:15,08:15,10:30,1,,20,Yes,Traffic congestion,About the same,Not applicable,No,08:00,Exact — checked using calendar/message/booking records,"Calendar, Booking application/system",
2026-10-05 13:03:51,P305,4,P305-J04,2026-09-25,Cleaning,Sofa/Carpet/Curtain Cleaning,Deep Clean Mattress,,TASK_COMPLETION_BASED,Yes,N/A — Single Session,09:00,100,1,3,Second job,No,09:30,20,Yes,09:00,09:00,10:35,1,,20,No,No meaningful delay occurred,About the same,Not applicable,No,09:00,Exact — checked using calendar/message/booking records,"Calendar, Booking application/system",
2026-10-05 13:19:09,P306,5,P306-J05,2026-09-25,Repairing,Electrical Repair,Replace Light Fitting,,TASK_COMPLETION_BASED,Yes,N/A — Single Session,10:00,25,1,3,Second job,No,09:30,20,Yes,10:15,10:15,10:45,1,,20,Yes,Traffic congestion,About the same,Not applicable,No,10:00,Exact — checked using calendar/message/booking records,"Calendar, Booking application/system",
2026-10-05 13:20:52,P306,1,P306-J01,2026-09-25,Repairing,Electrical Repair,Install Power Socket,,TASK_COMPLETION_BASED,Yes,N/A — Single Session,11:00,40,1,3,First job,Yes,,0,Not applicable,11:10,11:10,11:50,1,,0,Yes,Traffic congestion,About the same,Not applicable,No,11:00,Exact — checked using calendar/message/booking records,"Calendar, Booking application/system",
2026-10-05 13:23:05,P306,2,P306-J02,2026-09-25,Repairing,Electrical Repair,Repair Refrigerator,,TASK_COMPLETION_BASED,Yes,N/A — Single Session,12:00,85,1,3,Second job,No,09:30,20,Yes,12:00,12:00,13:40,1,,20,No,No meaningful delay occurred,Yes,Complexity of the problem,No,12:00,Exact — checked using calendar/message/booking records,"Calendar, Booking application/system",
2026-10-05 13:48:34,P306,3,P306-J03,2026-09-25,Repairing,Electrical Repair,Repair Washing Machine,,TASK_COMPLETION_BASED,Yes,N/A — Single Session,13:00,95,1,3,Second job,No,09:30,20,Yes,13:05,13:05,14:55,1,,20,No,No meaningful delay occurred,Yes,Complexity of the problem,No,13:00,Exact — checked using calendar/message/booking records,"Calendar, Booking application/system",
2026-10-05 13:59:35,P306,4,P306-J04,2026-09-25,Repairing,Electrical Repair,Repair Microwave Oven,,TASK_COMPLETION_BASED,Yes,N/A — Single Session,14:00,60,1,3,Second job,No,09:30,20,Yes,14:10,14:10,15:15,1,,20,Yes,Traffic congestion,About the same,Not applicable,No,14:00,Exact — checked using calendar/message/booking records,"Calendar, Booking application/system",
2026-10-05 14:02:31,P306,5,P306-J05,2026-09-25,Repairing,Electrical Repair,Service Air Conditioner,,TASK_COMPLETION_BASED,Yes,N/A — Single Session,08:00,65,1,3,Second job,No,09:30,20,Yes,08:00,08:00,09:05,1,,20,No,No meaningful delay occurred,About the same,Not applicable,No,08:00,Exact — checked using calendar/message/booking records,"Calendar, Booking application/system",
2026-10-05 14:38:36,P307,1,P307-J01,2026-09-25,Cleaning,House Cleaning,General House Cleaning,,TASK_COMPLETION_BASED,Yes,N/A — Single Session,09:00,145,4,3,First job,Yes,,0,Not applicable,09:15,09:15,11:45,4,,0,Yes,Traffic congestion,About the same,Not applicable,No,09:00,Exact — checked using calendar/message/booking records,"Calendar, Booking application/system",
2026-10-05 14:59:21,P307,2,P307-J02,2026-09-25,Cleaning,House Cleaning,Deep Clean House,,TASK_COMPLETION_BASED,Yes,N/A — Single Session,10:00,200,4,3,Second job,No,09:30,20,Yes,10:00,10:00,13:20,4,,20,No,No meaningful delay occurred,About the same,Not applicable,No,10:00,Exact — checked using calendar/message/booking records,"Calendar, Booking application/system",
2026-10-05 15:07:30,P307,3,P307-J03,2026-09-25,Cleaning,House Cleaning,Clean Single Room,,TASK_COMPLETION_BASED,Yes,N/A — Single Session,11:00,50,4,3,Second job,No,09:30,20,Yes,11:00,11:00,11:50,4,,20,No,No meaningful delay occurred,About the same,Not applicable,No,11:00,Exact — checked using calendar/message/booking records,"Calendar, Booking application/system",
2026-10-05 15:08:59,P307,4,P307-J04,2026-09-25,Cleaning,House Cleaning,Mop and Clean Floors,,TASK_COMPLETION_BASED,Yes,N/A — Single Session,12:00,55,4,3,Second job,No,09:30,20,Yes,12:15,12:15,13:20,4,,20,Yes,Traffic congestion,Yes,Complexity of the problem,No,12:00,Exact — checked using calendar/message/booking records,"Calendar, Booking application/system",
2026-10-05 15:13:48,P307,5,P307-J05,2026-09-25,Cleaning,House Cleaning,Full Home Cleaning,,TASK_COMPLETION_BASED,Yes,N/A — Single Session,13:00,170,4,3,Second job,No,09:30,20,Yes,13:10,13:10,16:15,4,,20,Yes,Traffic congestion,Yes,Complexity of the problem,No,13:00,Exact — checked using calendar/message/booking records,"Calendar, Booking application/system",
2026-10-05 15:45:26,P308,1,P308-J01,2026-09-25,Care Support,Elderly Care,Elderly Home Care,,FIXED_DURATION,Yes,N/A — Single Session,14:00,285,1,3,First job,Yes,,0,Not applicable,14:00,14:00,18:50,1,,0,No,No meaningful delay occurred,About the same,Not applicable,No,14:00,Exact — checked using calendar/message/booking records,"Calendar, Booking application/system",
2026-10-05 16:10:12,P308,2,P308-J02,2026-09-25,Care Support,Elderly Care,Medication Assistance,,TASK_COMPLETION_BASED,Yes,N/A — Single Session,08:00,25,1,3,Second job,No,09:30,20,Yes,08:00,08:00,08:20,1,,20,No,No meaningful delay occurred,About the same,Not applicable,No,08:00,Exact — checked using calendar/message/booking records,"Calendar, Booking application/system",
2026-10-05 16:13:51,P308,3,P308-J03,2026-09-25,Care Support,Personal Assistance,Personal Assistance,,SHIFT_BASED,Yes,N/A — Single Session,09:00,330,1,3,Second job,No,09:30,20,Yes,09:00,09:00,14:30,1,,20,No,No meaningful delay occurred,About the same,Not applicable,No,09:00,Exact — checked using calendar/message/booking records,"Calendar, Booking application/system",
2026-10-05 17:08:42,P308,4,P308-J04,2026-09-25,Care Support,Personal Assistance,Daily Household Assistance,,TASK_COMPLETION_BASED,Yes,N/A — Single Session,10:00,170,1,3,Second job,No,09:30,20,Yes,10:15,10:15,13:05,1,,20,Yes,Traffic congestion,About the same,Not applicable,No,10:00,Exact — checked using calendar/message/booking records,"Calendar, Booking application/system",
2026-10-05 17:10:05,P309,5,P309-J05,2026-09-25,Repairing,Painting & Renovation,Paint Room,,TASK_COMPLETION_BASED,Yes,N/A — Single Session,11:00,200,3,3,Second job,No,09:30,20,Yes,11:00,11:00,14:20,3,,20,No,No meaningful delay occurred,About the same,Not applicable,No,11:00,Exact — checked using calendar/message/booking records,"Calendar, Booking application/system",
2026-10-05 17:12:51,P309,1,P309-J01,2026-09-25,Repairing,Painting & Renovation,Paint Ceiling,,TASK_COMPLETION_BASED,Yes,N/A — Single Session,12:00,110,3,3,First job,Yes,,0,Not applicable,12:05,12:05,13:50,3,,0,No,No meaningful delay occurred,About the same,Not applicable,No,12:00,Exact — checked using calendar/message/booking records,"Calendar, Booking application/system",
2026-10-05 17:15:32,P309,2,P309-J02,2026-09-25,Repairing,Painting & Renovation,Paint Whole House,,TASK_COMPLETION_BASED,Yes,N/A — Single Session,13:00,500,3,3,Second job,No,09:30,20,Yes,13:00,13:00,21:20,3,,20,No,No meaningful delay occurred,About the same,Not applicable,No,13:00,Exact — checked using calendar/message/booking records,"Calendar, Booking application/system",
2026-10-05 17:26:12,P309,3,P309-J03,2026-09-25,Repairing,Painting & Renovation,Prepare Wall Surface,,TASK_COMPLETION_BASED,Yes,N/A — Single Session,14:00,105,3,3,Second job,No,09:30,20,Yes,14:00,14:00,15:40,3,,20,No,No meaningful delay occurred,About the same,Not applicable,No,14:00,Exact — checked using calendar/message/booking records,"Calendar, Booking application/system",
2026-10-05 17:51:30,P309,4,P309-J04,2026-09-25,Repairing,Painting & Renovation,Minor Renovation Work,,TASK_COMPLETION_BASED,Yes,N/A — Single Session,08:00,230,3,3,Second job,No,09:30,20,Yes,08:15,08:15,12:15,3,,20,Yes,Traffic congestion,Yes,Complexity of the problem,No,08:00,Exact — checked using calendar/message/booking records,"Calendar, Booking application/system",
2026-10-05 17:55:09,P310,5,P310-J05,2026-09-25,Care Support,Child Care,Baby Care Session,,FIXED_DURATION,Yes,N/A — Single Session,09:00,170,1,3,Second job,No,09:30,20,Yes,09:05,09:05,11:55,1,,20,No,No meaningful delay occurred,About the same,Not applicable,No,09:00,Exact — checked using calendar/message/booking records,"Calendar, Booking application/system",
2026-10-05 19:02:32,P310,1,P310-J01,2026-09-25,Care Support,Child Care,After-School Child Care,,FIXED_DURATION,Yes,N/A — Single Session,10:00,195,1,3,First job,Yes,,0,Not applicable,10:00,10:00,13:05,1,,0,No,No meaningful delay occurred,"No, it finished earlier",Not applicable,No,10:00,Exact — checked using calendar/message/booking records,"Calendar, Booking application/system",
2026-10-05 19:15:22,P310,2,P310-J02,2026-09-25,Care Support,Personal Assistance,Home Helper Session,,FIXED_DURATION,Yes,N/A — Single Session,11:00,265,1,3,Second job,No,09:30,20,Yes,11:15,11:15,15:30,1,,20,Yes,Traffic congestion,"No, it finished earlier",Not applicable,No,11:00,Exact — checked using calendar/message/booking records,"Calendar, Booking application/system",
2026-10-05 19:22:15,P310,3,P310-J03,2026-09-25,Care Support,Personal Assistance,Personal Assistance,,SHIFT_BASED,Yes,N/A — Single Session,12:00,330,1,3,Second job,No,09:30,20,Yes,12:10,12:10,17:40,1,,20,Yes,Traffic congestion,About the same,Not applicable,No,12:00,Exact — checked using calendar/message/booking records,"Calendar, Booking application/system",
2026-10-05 19:38:06,P311,4,P311-J04,2026-09-25,Gardening,Landscaping & Design,Set Up New Garden,,TASK_COMPLETION_BASED,Yes,N/A — Single Session,13:00,225,2,3,Second job,No,09:30,20,Yes,13:00,13:00,16:40,2,,20,No,No meaningful delay occurred,About the same,Not applicable,No,13:00,Exact — checked using calendar/message/booking records,"Calendar, Booking application/system",
2026-10-05 19:44:22,P311,5,P311-J05,2026-09-25,Gardening,Landscaping & Design,Landscape Existing Garden,,TASK_COMPLETION_BASED,Yes,N/A — Single Session,14:00,370,2,3,Second job,No,09:30,20,Yes,14:00,14:00,20:05,2,,20,No,No meaningful delay occurred,About the same,Not applicable,No,14:00,Exact — checked using calendar/message/booking records,"Calendar, Booking application/system",
2026-10-05 19:47:09,P311,1,P311-J01,2026-09-25,Gardening,Planting Services,Plant Vegetables,,TASK_COMPLETION_BASED,Yes,N/A — Single Session,08:00,90,2,3,First job,Yes,,0,Not applicable,08:00,08:00,09:30,2,,0,No,No meaningful delay occurred,About the same,Not applicable,No,08:00,Exact — checked using calendar/message/booking records,"Calendar, Booking application/system",
2026-10-05 20:02:13,P311,2,P311-J02,2026-09-25,Gardening,Planting Services,Plant Large Tree,,TASK_COMPLETION_BASED,Yes,N/A — Single Session,09:00,100,2,3,Second job,No,09:30,20,Yes,09:00,09:00,10:50,2,,20,No,No meaningful delay occurred,Yes,Complexity of the problem,No,09:00,Exact — checked using calendar/message/booking records,"Calendar, Booking application/system",
2026-10-05 20:08:20,P311,3,P311-J03,2026-09-25,Gardening,Planting Services,Plant Garden Plants,,TASK_COMPLETION_BASED,Yes,N/A — Single Session,10:00,70,2,3,Second job,No,09:30,20,Yes,10:00,10:00,11:00,2,,20,No,No meaningful delay occurred,"No, it finished earlier",Not applicable,No,10:00,Exact — checked using calendar/message/booking records,"Calendar, Booking application/system",
2026-10-05 20:12:44,P312,4,P312-J04,2026-09-25,Cleaning,House Cleaning,General House Cleaning,,TASK_COMPLETION_BASED,Yes,N/A — Single Session,11:00,155,1,3,Second job,No,09:30,20,Yes,11:00,11:00,13:40,1,,20,No,No meaningful delay occurred,About the same,Not applicable,No,11:00,Exact — checked using calendar/message/booking records,"Calendar, Booking application/system",
2026-10-05 20:40:41,P312,5,P312-J05,2026-09-25,Cleaning,House Cleaning,Clean Single Room,,TASK_COMPLETION_BASED,Yes,N/A — Single Session,12:00,60,1,3,Second job,No,09:30,20,Yes,12:00,12:00,13:00,1,,20,No,No meaningful delay occurred,About the same,Not applicable,No,12:00,Exact — checked using calendar/message/booking records,"Calendar, Booking application/system",
2026-10-05 20:57:40,P312,1,P312-J01,2026-09-25,Cleaning,Sofa/Carpet/Curtain Cleaning,Clean Sofa,,TASK_COMPLETION_BASED,Yes,N/A — Single Session,13:00,90,1,3,First job,Yes,,0,Not applicable,13:05,13:05,14:35,1,,0,No,No meaningful delay occurred,About the same,Not applicable,No,13:00,Exact — checked using calendar/message/booking records,"Calendar, Booking application/system",
2026-10-05 20:58:44,P312,2,P312-J02,2026-09-25,Cleaning,Sofa/Carpet/Curtain Cleaning,Deep Clean Sofa,,TASK_COMPLETION_BASED,Yes,N/A — Single Session,14:00,125,1,3,Second job,No,09:30,20,Yes,14:00,14:00,16:05,1,,20,No,No meaningful delay occurred,About the same,Not applicable,No,14:00,Exact — checked using calendar/message/booking records,"Calendar, Booking application/system",
2026-10-05 21:30:32,P312,3,P312-J03,2026-09-25,Cleaning,Sofa/Carpet/Curtain Cleaning,Deep Clean Carpet,,TASK_COMPLETION_BASED,Yes,N/A — Single Session,08:00,155,1,3,Second job,No,09:30,20,Yes,08:15,08:15,10:45,1,,20,Yes,Traffic congestion,About the same,Not applicable,No,08:00,Exact — checked using calendar/message/booking records,"Calendar, Booking application/system",
2026-10-06 08:11:59,P312,4,P312-J04,2026-09-25,Cleaning,Sofa/Carpet/Curtain Cleaning,Clean Curtains,,TASK_COMPLETION_BASED,Yes,N/A — Single Session,09:00,75,1,3,Second job,No,09:30,20,Yes,09:10,09:10,10:40,1,,20,Yes,Traffic congestion,Yes,Complexity of the problem,No,09:00,Exact — checked using calendar/message/booking records,"Calendar, Booking application/system",
2026-10-06 08:21:39,P313,5,P313-J05,2026-09-25,Repairing,Plumbing Repair,Replace Water Pipe,,TASK_COMPLETION_BASED,Yes,N/A — Single Session,10:00,130,1,3,Second job,No,09:30,20,Yes,10:15,10:15,12:25,1,,20,Yes,Traffic congestion,About the same,Not applicable,No,10:00,Exact — checked using calendar/message/booking records,"Calendar, Booking application/system",
2026-10-06 08:34:24,P313,1,P313-J01,2026-09-25,Repairing,Plumbing Repair,Repair Leaking Pipe,,TASK_COMPLETION_BASED,Yes,N/A — Single Session,11:00,65,1,3,First job,Yes,,0,Not applicable,11:10,11:10,12:10,1,,0,Yes,Traffic congestion,About the same,Not applicable,No,11:00,Exact — checked using calendar/message/booking records,"Calendar, Booking application/system",
2026-10-06 09:08:57,P313,2,P313-J02,2026-09-25,Repairing,Plumbing Repair,Install Tap,,TASK_COMPLETION_BASED,Yes,N/A — Single Session,12:00,35,1,3,Second job,No,09:30,20,Yes,12:00,12:00,12:35,1,,20,No,No meaningful delay occurred,About the same,Not applicable,No,12:00,Exact — checked using calendar/message/booking records,"Calendar, Booking application/system",
2026-10-06 09:18:30,P313,3,P313-J03,2026-09-25,Repairing,Plumbing Repair,Replace Tap,,TASK_COMPLETION_BASED,Yes,N/A — Single Session,13:00,30,1,3,Second job,No,09:30,20,Yes,13:00,13:00,13:35,1,,20,No,No meaningful delay occurred,About the same,Not applicable,No,13:00,Exact — checked using calendar/message/booking records,"Calendar, Booking application/system",
2026-10-06 09:44:00,P313,4,P313-J04,2026-09-25,Repairing,Plumbing Repair,Repair Tap,,TASK_COMPLETION_BASED,Yes,N/A — Single Session,14:00,30,1,3,Second job,No,09:30,20,Yes,14:00,14:00,14:35,1,,20,No,No meaningful delay occurred,About the same,Not applicable,No,14:00,Exact — checked using calendar/message/booking records,"Calendar, Booking application/system",
2026-10-06 09:52:07,P313,5,P313-J05,2026-09-25,Repairing,Plumbing Repair,Repair Sink Plumbing,,TASK_COMPLETION_BASED,Yes,N/A — Single Session,08:00,70,1,3,Second job,No,09:30,20,Yes,08:00,08:00,09:25,1,,20,No,No meaningful delay occurred,Yes,Complexity of the problem,No,08:00,Exact — checked using calendar/message/booking records,"Calendar, Booking application/system",
2026-10-06 10:10:57,P313,1,P313-J01,2026-09-25,Repairing,Plumbing Repair,Replace Toilet Pipe,,TASK_COMPLETION_BASED,Yes,N/A — Single Session,09:00,80,1,3,First job,Yes,,0,Not applicable,09:15,09:15,10:30,1,,0,Yes,Traffic congestion,About the same,Not applicable,No,09:00,Exact — checked using calendar/message/booking records,"Calendar, Booking application/system",
2026-10-06 10:15:23,P314,2,P314-J02,2026-09-25,Care Support,Personal Assistance,Personal Assistance,,SHIFT_BASED,Yes,N/A — Single Session,10:00,315,3,3,Second job,No,09:30,20,Yes,10:00,10:00,15:25,3,,20,No,No meaningful delay occurred,Yes,Complexity of the problem,No,10:00,Exact — checked using calendar/message/booking records,"Calendar, Booking application/system",
2026-10-06 10:24:06,P314,3,P314-J03,2026-09-25,Care Support,Personal Assistance,Daily Task Support,,FIXED_DURATION,Yes,N/A — Single Session,11:00,120,3,3,Second job,No,09:30,20,Yes,11:10,11:10,13:10,3,,20,Yes,Traffic congestion,About the same,Not applicable,No,11:00,Exact — checked using calendar/message/booking records,"Calendar, Booking application/system",
2026-10-06 10:25:19,P314,4,P314-J04,2026-09-25,Care Support,Pet Care,Feed Pet,,TASK_COMPLETION_BASED,Yes,N/A — Single Session,12:00,25,3,3,Second job,No,09:30,20,Yes,12:00,12:00,12:30,3,,20,No,No meaningful delay occurred,About the same,Not applicable,No,12:00,Exact — checked using calendar/message/booking records,"Calendar, Booking application/system",
2026-10-06 10:29:49,P314,5,P314-J05,2026-09-25,Care Support,Pet Care,Dog Walking,,FIXED_DURATION,Yes,N/A — Single Session,13:00,40,3,3,Second job,No,09:30,20,Yes,13:10,13:10,13:40,3,,20,Yes,Traffic congestion,"No, it finished earlier",Not applicable,No,13:00,Exact — checked using calendar/message/booking records,"Calendar, Booking application/system",
2026-10-06 10:32:54,P314,1,P314-J01,2026-09-25,Care Support,Pet Care,Bathe Pet,,TASK_COMPLETION_BASED,Yes,N/A — Single Session,14:00,45,3,3,First job,Yes,,0,Not applicable,14:10,14:10,15:00,3,,0,Yes,Traffic congestion,About the same,Not applicable,No,14:00,Exact — checked using calendar/message/booking records,"Calendar, Booking application/system",
2026-10-06 10:54:52,P314,2,P314-J02,2026-09-25,Care Support,Pet Care,Pet Sitting,,SHIFT_BASED,Yes,N/A — Single Session,08:00,390,3,3,Second job,No,09:30,20,Yes,08:00,08:00,14:30,3,,20,No,No meaningful delay occurred,About the same,Not applicable,No,08:00,Exact — checked using calendar/message/booking records,"Calendar, Booking application/system",
2026-10-06 10:59:10,P315,3,P315-J03,2026-09-25,Cleaning,Bathroom Cleaning,General Bathroom Cleaning,,TASK_COMPLETION_BASED,Yes,N/A — Single Session,09:00,50,2,3,Second job,No,09:30,20,Yes,09:15,09:15,10:00,2,,20,Yes,Traffic congestion,About the same,Not applicable,No,09:00,Exact — checked using calendar/message/booking records,"Calendar, Booking application/system",
2026-10-06 11:27:38,P315,4,P315-J04,2026-09-25,Cleaning,Bathroom Cleaning,Clean Toilet,,TASK_COMPLETION_BASED,Yes,N/A — Single Session,10:00,25,2,3,Second job,No,09:30,20,Yes,10:10,10:10,10:35,2,,20,Yes,Traffic congestion,About the same,Not applicable,No,10:00,Exact — checked using calendar/message/booking records,"Calendar, Booking application/system",
2026-10-06 11:39:40,P315,5,P315-J05,2026-09-25,Cleaning,House Cleaning,General House Cleaning,,TASK_COMPLETION_BASED,Yes,N/A — Single Session,11:00,135,2,3,Second job,No,09:30,20,Yes,11:00,11:00,13:10,2,,20,No,No meaningful delay occurred,About the same,Not applicable,No,11:00,Exact — checked using calendar/message/booking records,"Calendar, Booking application/system",
2026-10-06 11:44:00,P315,1,P315-J01,2026-09-25,Cleaning,House Cleaning,Clean Single Room,,TASK_COMPLETION_BASED,Yes,N/A — Single Session,12:00,50,2,3,First job,Yes,,0,Not applicable,12:00,12:00,12:45,2,,0,No,No meaningful delay occurred,About the same,Not applicable,No,12:00,Exact — checked using calendar/message/booking records,"Calendar, Booking application/system",
2026-10-06 11:46:09,P316,2,P316-J02,2026-09-25,Repairing,Plumbing Repair,Repair Water Leak,,TASK_COMPLETION_BASED,Yes,N/A — Single Session,13:00,60,2,3,Second job,No,09:30,20,Yes,13:05,13:05,14:20,2,,20,No,No meaningful delay occurred,Yes,Complexity of the problem,No,13:00,Exact — checked using calendar/message/booking records,"Calendar, Booking application/system",
2026-10-06 12:24:27,P316,3,P316-J03,2026-09-25,Repairing,Plumbing Repair,Repair Tap,,TASK_COMPLETION_BASED,Yes,N/A — Single Session,14:00,30,2,3,Second job,No,09:30,20,Yes,14:10,14:10,14:40,2,,20,Yes,Traffic congestion,About the same,Not applicable,No,14:00,Exact — checked using calendar/message/booking records,"Calendar, Booking application/system",
2026-10-06 12:30:51,P316,4,P316-J04,2026-09-25,Repairing,Plumbing Repair,Repair Water Tank Connection,,TASK_COMPLETION_BASED,Yes,N/A — Single Session,08:00,55,2,3,Second job,No,09:30,20,Yes,08:05,08:05,08:50,2,,20,No,No meaningful delay occurred,"No, it finished earlier",Not applicable,No,08:00,Exact — checked using calendar/message/booking records,"Calendar, Booking application/system",
2026-10-06 12:37:25,P316,5,P316-J05,2026-09-25,Repairing,Plumbing Repair,Repair Sink Plumbing,,TASK_COMPLETION_BASED,Yes,N/A — Single Session,09:00,60,2,3,Second job,No,09:30,20,Yes,09:00,09:00,10:00,2,,20,No,No meaningful delay occurred,About the same,Not applicable,No,09:00,Exact — checked using calendar/message/booking records,"Calendar, Booking application/system",
2026-10-06 12:47:44,P317,1,P317-J01,2026-09-25,Gardening,Planting Services,Plant Flowers,,TASK_COMPLETION_BASED,Yes,N/A — Single Session,10:00,60,2,3,First job,Yes,,0,Not applicable,10:00,10:00,11:05,2,,0,No,No meaningful delay occurred,About the same,Not applicable,No,10:00,Exact — checked using calendar/message/booking records,"Calendar, Booking application/system",
2026-10-06 13:01:04,P317,2,P317-J02,2026-09-25,Gardening,Planting Services,Plant Vegetables,,TASK_COMPLETION_BASED,Yes,N/A — Single Session,11:00,90,2,3,Second job,No,09:30,20,Yes,11:10,11:10,12:50,2,,20,Yes,Traffic congestion,Yes,Complexity of the problem,No,11:00,Exact — checked using calendar/message/booking records,"Calendar, Booking application/system",
2026-10-06 13:02:02,P317,3,P317-J03,2026-09-25,Gardening,Planting Services,Plant Small Tree,,TASK_COMPLETION_BASED,Yes,N/A — Single Session,12:00,40,2,3,Second job,No,09:30,20,Yes,12:00,12:00,12:50,2,,20,No,No meaningful delay occurred,Yes,Complexity of the problem,No,12:00,Exact — checked using calendar/message/booking records,"Calendar, Booking application/system",
2026-10-06 13:26:12,P317,4,P317-J04,2026-09-25,Gardening,Planting Services,Plant Large Tree,,TASK_COMPLETION_BASED,Yes,N/A — Single Session,13:00,115,2,3,Second job,No,09:30,20,Yes,13:15,13:15,15:25,2,,20,Yes,Traffic congestion,Yes,Complexity of the problem,No,13:00,Exact — checked using calendar/message/booking records,"Calendar, Booking application/system",
2026-10-06 13:34:45,P317,5,P317-J05,2026-09-25,Gardening,Planting Services,Plant Garden Plants,,TASK_COMPLETION_BASED,Yes,N/A — Single Session,14:00,70,2,3,Second job,No,09:30,20,Yes,14:10,14:10,15:20,2,,20,Yes,Traffic congestion,About the same,Not applicable,No,14:00,Exact — checked using calendar/message/booking records,"Calendar, Booking application/system",
2026-10-06 13:38:36,P318,1,P318-J01,2026-09-25,Repairing,Electrical Repair,Replace Light Fitting,,TASK_COMPLETION_BASED,Yes,N/A — Single Session,08:00,25,1,3,First job,Yes,,0,Not applicable,08:15,08:15,08:40,1,,0,Yes,Traffic congestion,About the same,Not applicable,No,08:00,Exact — checked using calendar/message/booking records,"Calendar, Booking application/system",
2026-10-06 13:54:12,P318,2,P318-J02,2026-09-25,Repairing,Electrical Repair,Replace Power Socket,,TASK_COMPLETION_BASED,Yes,N/A — Single Session,09:00,30,1,3,Second job,No,09:30,20,Yes,09:00,09:00,09:45,1,,20,No,No meaningful delay occurred,Yes,Complexity of the problem,No,09:00,Exact — checked using calendar/message/booking records,"Calendar, Booking application/system",
2026-10-06 14:10:00,P318,3,P318-J03,2026-09-25,Repairing,Electrical Repair,Diagnose Television Fault,,TASK_COMPLETION_BASED,Yes,N/A — Single Session,10:00,40,1,3,Second job,No,09:30,20,Yes,10:00,10:00,10:55,1,,20,No,No meaningful delay occurred,Yes,Complexity of the problem,No,10:00,Exact — checked using calendar/message/booking records,"Calendar, Booking application/system",
2026-10-06 14:21:46,P318,4,P318-J04,2026-09-25,Repairing,Electrical Repair,Diagnose Refrigerator Fault,,TASK_COMPLETION_BASED,Yes,N/A — Single Session,11:00,50,1,3,Second job,No,09:30,20,Yes,11:00,11:00,11:45,1,,20,No,No meaningful delay occurred,About the same,Not applicable,No,11:00,Exact — checked using calendar/message/booking records,"Calendar, Booking application/system",
2026-10-06 14:23:43,P318,5,P318-J05,2026-09-25,Repairing,Electrical Repair,Repair Microwave Oven,,TASK_COMPLETION_BASED,Yes,N/A — Single Session,12:00,65,1,3,Second job,No,09:30,20,Yes,12:10,12:10,13:05,1,,20,Yes,Traffic congestion,"No, it finished earlier",Not applicable,No,12:00,Exact — checked using calendar/message/booking records,"Calendar, Booking application/system",
2026-10-06 15:10:20,P319,1,P319-J01,2026-09-25,Gardening,Garden Maintenance,Water Plants,,TASK_COMPLETION_BASED,Yes,N/A — Single Session,13:00,40,2,3,First job,Yes,,0,Not applicable,13:05,13:05,13:45,2,,0,No,No meaningful delay occurred,About the same,Not applicable,No,13:00,Exact — checked using calendar/message/booking records,"Calendar, Booking application/system",
2026-10-06 15:22:49,P319,2,P319-J02,2026-09-25,Gardening,Garden Maintenance,Mow Lawn,,TASK_COMPLETION_BASED,Yes,N/A — Single Session,14:00,75,2,3,Second job,No,09:30,20,Yes,14:05,14:05,15:35,2,,20,No,No meaningful delay occurred,Yes,Complexity of the problem,No,14:00,Exact — checked using calendar/message/booking records,"Calendar, Booking application/system",
2026-10-06 15:39:33,P319,3,P319-J03,2026-09-25,Gardening,Landscaping & Design,Basic Landscaping,,TASK_COMPLETION_BASED,Yes,N/A — Single Session,08:00,320,2,3,Second job,No,09:30,20,Yes,08:05,08:05,13:15,2,,20,No,No meaningful delay occurred,"No, it finished earlier",Not applicable,No,08:00,Exact — checked using calendar/message/booking records,"Calendar, Booking application/system",
2026-10-06 16:05:13,P319,4,P319-J04,2026-09-25,Gardening,Landscaping & Design,Landscape Existing Garden,,TASK_COMPLETION_BASED,Yes,N/A — Single Session,09:00,430,2,3,Second job,No,09:30,20,Yes,09:10,09:10,16:30,2,,20,Yes,Traffic congestion,Yes,Complexity of the problem,No,09:00,Exact — checked using calendar/message/booking records,"Calendar, Booking application/system",
2026-10-06 16:07:18,P320,5,P320-J05,2026-09-25,Repairing,Electrical Repair,Install Switch,,TASK_COMPLETION_BASED,Yes,N/A — Single Session,10:00,25,2,3,Second job,No,09:30,20,Yes,10:15,10:15,10:30,2,,20,Yes,Traffic congestion,"No, it finished earlier",Not applicable,No,10:00,Exact — checked using calendar/message/booking records,"Calendar, Booking application/system",
2026-10-06 16:13:03,P320,1,P320-J01,2026-09-25,Repairing,Electrical Repair,Repair Switch,,TASK_COMPLETION_BASED,Yes,N/A — Single Session,11:00,25,2,3,First job,Yes,,0,Not applicable,11:00,11:00,11:35,2,,0,No,No meaningful delay occurred,Yes,Complexity of the problem,No,11:00,Exact — checked using calendar/message/booking records,"Calendar, Booking application/system",
2026-10-06 16:16:53,P320,2,P320-J02,2026-09-25,Repairing,Electrical Repair,Replace Damaged Wiring,,TASK_COMPLETION_BASED,Yes,N/A — Single Session,12:00,135,2,3,Second job,No,09:30,20,Yes,12:10,12:10,14:25,2,,20,Yes,Traffic congestion,About the same,Not applicable,No,12:00,Exact — checked using calendar/message/booking records,"Calendar, Booking application/system",
2026-10-06 16:36:02,P320,3,P320-J03,2026-09-25,Repairing,Electrical Repair,Repair Washing Machine,,TASK_COMPLETION_BASED,Yes,N/A — Single Session,13:00,105,2,3,Second job,No,09:30,20,Yes,13:05,13:05,15:05,2,,20,No,No meaningful delay occurred,Yes,Complexity of the problem,No,13:00,Exact — checked using calendar/message/booking records,"Calendar, Booking application/system",
2026-10-06 16:48:31,P320,4,P320-J04,2026-09-25,Repairing,Electrical Repair,Repair Air Conditioner,,TASK_COMPLETION_BASED,Yes,N/A — Single Session,14:00,85,2,3,Second job,No,09:30,20,Yes,14:00,14:00,15:40,2,,20,No,No meaningful delay occurred,Yes,Complexity of the problem,No,14:00,Exact — checked using calendar/message/booking records,"Calendar, Booking application/system",
2026-10-06 17:15:24,P321,5,P321-J05,2026-09-25,Care Support,Disability Support,Mobility Support,,FIXED_DURATION,Yes,N/A — Single Session,08:00,90,1,3,Second job,No,09:30,20,Yes,08:00,08:00,09:30,1,,20,No,No meaningful delay occurred,About the same,Not applicable,No,08:00,Exact — checked using calendar/message/booking records,"Calendar, Booking application/system",
2026-10-06 17:20:38,P321,1,P321-J01,2026-09-25,Care Support,Elderly Care,Elderly Home Care,,FIXED_DURATION,Yes,N/A — Single Session,09:00,285,1,3,First job,Yes,,0,Not applicable,09:05,09:05,14:05,1,,0,No,No meaningful delay occurred,Yes,Complexity of the problem,No,09:00,Exact — checked using calendar/message/booking records,"Calendar, Booking application/system",
2026-10-06 17:59:43,P321,2,P321-J02,2026-09-25,Care Support,Elderly Care,Elderly Assistance Session,,FIXED_DURATION,Yes,N/A — Single Session,10:00,130,1,3,Second job,No,09:30,20,Yes,10:00,10:00,12:05,1,,20,No,No meaningful delay occurred,About the same,Not applicable,No,10:00,Exact — checked using calendar/message/booking records,"Calendar, Booking application/system",
2026-10-06 18:18:42,P321,3,P321-J03,2026-09-25,Care Support,Elderly Care,Medication Assistance,,TASK_COMPLETION_BASED,Yes,N/A — Single Session,11:00,30,1,3,Second job,No,09:30,20,Yes,11:15,11:15,11:35,1,,20,Yes,Traffic congestion,"No, it finished earlier",Not applicable,No,11:00,Exact — checked using calendar/message/booking records,"Calendar, Booking application/system",
2026-10-06 18:23:08,P321,4,P321-J04,2026-09-25,Care Support,Elderly Care,Mobility Assistance,,FIXED_DURATION,Yes,N/A — Single Session,12:00,90,1,3,Second job,No,09:30,20,Yes,12:10,12:10,13:45,1,,20,Yes,Traffic congestion,About the same,Not applicable,No,12:00,Exact — checked using calendar/message/booking records,"Calendar, Booking application/system",
2026-10-06 18:32:07,P322,5,P322-J05,2026-09-25,Repairing,Painting & Renovation,Paint Exterior Wall,,TASK_COMPLETION_BASED,Yes,N/A — Single Session,13:00,200,4,3,Second job,No,09:30,20,Yes,13:00,13:00,16:15,4,,20,No,No meaningful delay occurred,About the same,Not applicable,No,13:00,Exact — checked using calendar/message/booking records,"Calendar, Booking application/system",
2026-10-06 18:37:45,P322,1,P322-J01,2026-09-25,Repairing,Painting & Renovation,Paint Room,,TASK_COMPLETION_BASED,Yes,N/A — Single Session,14:00,195,4,3,First job,Yes,,0,Not applicable,14:05,14:05,17:25,4,,0,No,No meaningful delay occurred,About the same,Not applicable,No,14:00,Exact — checked using calendar/message/booking records,"Calendar, Booking application/system",
2026-10-06 18:47:06,P322,2,P322-J02,2026-09-25,Repairing,Painting & Renovation,Paint Whole House,,TASK_COMPLETION_BASED,Yes,N/A — Single Session,08:00,485,4,3,Second job,No,09:30,20,Yes,08:05,08:05,16:00,4,,20,No,No meaningful delay occurred,"No, it finished earlier",Not applicable,No,08:00,Exact — checked using calendar/message/booking records,"Calendar, Booking application/system",
2026-10-06 18:50:41,P322,3,P322-J03,2026-09-25,Repairing,Painting & Renovation,Prepare Wall Surface,,TASK_COMPLETION_BASED,Yes,N/A — Single Session,09:00,85,4,3,Second job,No,09:30,20,Yes,09:00,09:00,10:35,4,,20,No,No meaningful delay occurred,Yes,Complexity of the problem,No,09:00,Exact — checked using calendar/message/booking records,"Calendar, Booking application/system",
2026-10-06 19:31:55,P322,4,P322-J04,2026-09-25,Repairing,Painting & Renovation,Repair Ceiling,,TASK_COMPLETION_BASED,Yes,N/A — Single Session,10:00,120,4,3,Second job,No,09:30,20,Yes,10:00,10:00,12:05,4,,20,No,No meaningful delay occurred,About the same,Not applicable,No,10:00,Exact — checked using calendar/message/booking records,"Calendar, Booking application/system",
2026-10-06 19:44:41,P322,5,P322-J05,2026-09-25,Repairing,Painting & Renovation,Replace Damaged Tile,,TASK_COMPLETION_BASED,Yes,N/A — Single Session,11:00,80,4,3,Second job,No,09:30,20,Yes,11:00,11:00,12:10,4,,20,No,No meaningful delay occurred,"No, it finished earlier",Not applicable,No,11:00,Exact — checked using calendar/message/booking records,"Calendar, Booking application/system",
2026-10-06 19:45:17,P322,1,P322-J01,2026-09-25,Repairing,Painting & Renovation,Repair Floor Tile,,TASK_COMPLETION_BASED,Yes,N/A — Single Session,12:00,105,4,3,First job,Yes,,0,Not applicable,12:05,12:05,13:55,4,,0,No,No meaningful delay occurred,About the same,Not applicable,No,12:00,Exact — checked using calendar/message/booking records,"Calendar, Booking application/system",
2026-10-06 20:05:39,P322,2,P322-J02,2026-09-25,Repairing,Painting & Renovation,Minor Renovation Work,,TASK_COMPLETION_BASED,Yes,N/A — Single Session,13:00,265,4,3,Second job,No,09:30,20,Yes,13:05,13:05,17:35,4,,20,No,No meaningful delay occurred,About the same,Not applicable,No,13:00,Exact — checked using calendar/message/booking records,"Calendar, Booking application/system",
2026-10-06 20:15:35,P323,3,P323-J03,2026-09-25,Cleaning,House Cleaning,Deep Clean House,,TASK_COMPLETION_BASED,Yes,N/A — Single Session,14:00,245,3,3,Second job,No,09:30,20,Yes,14:05,14:05,18:05,3,,20,No,No meaningful delay occurred,About the same,Not applicable,No,14:00,Exact — checked using calendar/message/booking records,"Calendar, Booking application/system",
2026-10-06 20:22:28,P323,4,P323-J04,2026-09-25,Cleaning,House Cleaning,Clean Single Room,,TASK_COMPLETION_BASED,Yes,N/A — Single Session,08:00,60,3,3,Second job,No,09:30,20,Yes,08:05,08:05,09:15,3,,20,No,No meaningful delay occurred,Yes,Complexity of the problem,No,08:00,Exact — checked using calendar/message/booking records,"Calendar, Booking application/system",
2026-10-06 20:56:38,P323,5,P323-J05,2026-09-25,Cleaning,House Cleaning,Mop and Clean Floors,,TASK_COMPLETION_BASED,Yes,N/A — Single Session,09:00,65,3,3,Second job,No,09:30,20,Yes,09:00,09:00,10:05,3,,20,No,No meaningful delay occurred,About the same,Not applicable,No,09:00,Exact — checked using calendar/message/booking records,"Calendar, Booking application/system",
2026-10-06 20:58:11,P323,1,P323-J01,2026-09-25,Cleaning,House Cleaning,Dust and Surface Cleaning,,TASK_COMPLETION_BASED,Yes,N/A — Single Session,10:00,50,3,3,First job,Yes,,0,Not applicable,10:15,10:15,11:10,3,,0,Yes,Traffic congestion,About the same,Not applicable,No,10:00,Exact — checked using calendar/message/booking records,"Calendar, Booking application/system",
2026-10-06 21:14:28,P323,2,P323-J02,2026-09-25,Cleaning,House Cleaning,Full Home Cleaning,,TASK_COMPLETION_BASED,Yes,N/A — Single Session,11:00,210,3,3,Second job,No,09:30,20,Yes,11:15,11:15,14:45,3,,20,Yes,Traffic congestion,About the same,Not applicable,No,11:00,Exact — checked using calendar/message/booking records,"Calendar, Booking application/system",
2026-10-06 21:22:33,P324,3,P324-J03,2026-09-25,Cleaning,Office Cleaning,Clean Medium Office,,TASK_COMPLETION_BASED,Yes,N/A — Single Session,12:00,165,3,3,Second job,No,09:30,20,Yes,12:00,12:00,14:50,3,,20,No,No meaningful delay occurred,About the same,Not applicable,No,12:00,Exact — checked using calendar/message/booking records,"Calendar, Booking application/system",
2026-10-06 21:42:25,P324,4,P324-J04,2026-09-25,Cleaning,Office Cleaning,Clean Retail Shop,,TASK_COMPLETION_BASED,Yes,N/A — Single Session,13:00,120,3,3,Second job,No,09:30,20,Yes,13:00,13:00,15:05,3,,20,No,No meaningful delay occurred,About the same,Not applicable,No,13:00,Exact — checked using calendar/message/booking records,"Calendar, Booking application/system",
2026-10-06 21:48:51,P324,5,P324-J05,2026-09-25,Cleaning,Office Cleaning,Deep Clean Office,,TASK_COMPLETION_BASED,Yes,N/A — Single Session,14:00,290,3,3,Second job,No,09:30,20,Yes,14:10,14:10,19:10,3,,20,Yes,Traffic congestion,Yes,Complexity of the problem,No,14:00,Exact — checked using calendar/message/booking records,"Calendar, Booking application/system",
2026-10-07 08:05:28,P324,1,P324-J01,2026-09-25,Cleaning,Post-Construction Cleaning,Post-Construction House Cleaning,,TASK_COMPLETION_BASED,Yes,N/A — Single Session,08:00,335,3,3,First job,Yes,,0,Not applicable,08:00,08:00,13:35,3,,0,No,No meaningful delay occurred,About the same,Not applicable,No,08:00,Exact — checked using calendar/message/booking records,"Calendar, Booking application/system",
2026-10-07 08:07:33,P324,2,P324-J02,2026-09-25,Cleaning,Post-Construction Cleaning,Remove Construction Dust,,TASK_COMPLETION_BASED,Yes,N/A — Single Session,09:00,150,3,3,Second job,No,09:30,20,Yes,09:00,09:00,11:45,3,,20,No,No meaningful delay occurred,Yes,Complexity of the problem,No,09:00,Exact — checked using calendar/message/booking records,"Calendar, Booking application/system",
2026-10-07 08:21:48,P324,3,P324-J03,2026-09-25,Cleaning,Post-Construction Cleaning,Clean Post-Renovation Area,,TASK_COMPLETION_BASED,Yes,N/A — Single Session,10:00,195,3,3,Second job,No,09:30,20,Yes,10:00,10:00,13:15,3,,20,No,No meaningful delay occurred,About the same,Not applicable,No,10:00,Exact — checked using calendar/message/booking records,"Calendar, Booking application/system",
2026-10-07 09:21:08,P325,4,P325-J04,2026-09-25,Gardening,Planting Services,Plant Flowers,,TASK_COMPLETION_BASED,Yes,N/A — Single Session,11:00,65,1,3,Second job,No,09:30,20,Yes,11:00,11:00,11:55,1,,20,No,No meaningful delay occurred,"No, it finished earlier",Not applicable,No,11:00,Exact — checked using calendar/message/booking records,"Calendar, Booking application/system",
2026-10-07 09:21:38,P325,5,P325-J05,2026-09-25,Gardening,Planting Services,Plant Vegetables,,TASK_COMPLETION_BASED,Yes,N/A — Single Session,12:00,95,1,3,Second job,No,09:30,20,Yes,12:10,12:10,13:55,1,,20,Yes,Traffic congestion,Yes,Complexity of the problem,No,12:00,Exact — checked using calendar/message/booking records,"Calendar, Booking application/system",
2026-10-07 09:48:53,P325,1,P325-J01,2026-09-25,Gardening,Planting Services,Plant Small Tree,,TASK_COMPLETION_BASED,Yes,N/A — Single Session,13:00,50,1,3,First job,Yes,,0,Not applicable,13:00,13:00,14:00,1,,0,No,No meaningful delay occurred,Yes,Complexity of the problem,No,13:00,Exact — checked using calendar/message/booking records,"Calendar, Booking application/system",
2026-10-07 10:16:09,P325,2,P325-J02,2026-09-25,Gardening,Planting Services,Plant Large Tree,,TASK_COMPLETION_BASED,Yes,N/A — Single Session,14:00,135,1,3,Second job,No,09:30,20,Yes,14:00,14:00,16:15,1,,20,No,No meaningful delay occurred,About the same,Not applicable,No,14:00,Exact — checked using calendar/message/booking records,"Calendar, Booking application/system",
2026-10-07 10:16:17,P325,3,P325-J03,2026-09-25,Gardening,Planting Services,Plant Garden Plants,,TASK_COMPLETION_BASED,Yes,N/A — Single Session,08:00,80,1,3,Second job,No,09:30,20,Yes,08:10,08:10,09:30,1,,20,Yes,Traffic congestion,About the same,Not applicable,No,08:00,Exact — checked using calendar/message/booking records,"Calendar, Booking application/system",
2026-10-07 10:20:17,P325,4,P325-J04,2026-09-25,Gardening,Planting Services,Prepare Planting Area,,TASK_COMPLETION_BASED,Yes,N/A — Single Session,09:00,105,1,3,Second job,No,09:30,20,Yes,09:00,09:00,11:00,1,,20,No,No meaningful delay occurred,Yes,Complexity of the problem,No,09:00,Exact — checked using calendar/message/booking records,"Calendar, Booking application/system",
2026-10-07 10:20:46,P326,5,P326-J05,2026-09-25,Repairing,Electrical Repair,Replace Switch,,TASK_COMPLETION_BASED,Yes,N/A — Single Session,10:00,25,1,3,Second job,No,09:30,20,Yes,10:10,10:10,10:25,1,,20,Yes,Traffic congestion,"No, it finished earlier",Not applicable,No,10:00,Exact — checked using calendar/message/booking records,"Calendar, Booking application/system",
2026-10-07 11:19:35,P326,1,P326-J01,2026-09-25,Repairing,Electrical Repair,Repair Power Socket,,TASK_COMPLETION_BASED,Yes,N/A — Single Session,11:00,40,1,3,First job,Yes,,0,Not applicable,11:10,11:10,11:55,1,,0,Yes,Traffic congestion,About the same,Not applicable,No,11:00,Exact — checked using calendar/message/booking records,"Calendar, Booking application/system",
2026-10-07 11:21:07,P326,2,P326-J02,2026-09-25,Repairing,Electrical Repair,Diagnose Refrigerator Fault,,TASK_COMPLETION_BASED,Yes,N/A — Single Session,12:00,50,1,3,Second job,No,09:30,20,Yes,12:00,12:00,12:50,1,,20,No,No meaningful delay occurred,About the same,Not applicable,No,12:00,Exact — checked using calendar/message/booking records,"Calendar, Booking application/system",
2026-10-07 11:39:07,P326,3,P326-J03,2026-09-25,Repairing,Electrical Repair,Repair Microwave Oven,,TASK_COMPLETION_BASED,Yes,N/A — Single Session,13:00,65,1,3,Second job,No,09:30,20,Yes,13:00,13:00,14:15,1,,20,No,No meaningful delay occurred,Yes,Complexity of the problem,No,13:00,Exact — checked using calendar/message/booking records,"Calendar, Booking application/system",
2026-10-07 13:42:16,P327,4,P327-J04,2026-09-25,Care Support,Child Care,Babysitting,,FIXED_DURATION,Yes,N/A — Single Session,14:00,260,1,3,Second job,No,09:30,20,Yes,14:00,14:00,18:20,1,,20,No,No meaningful delay occurred,About the same,Not applicable,No,14:00,Exact — checked using calendar/message/booking records,"Calendar, Booking application/system",
2026-10-07 14:12:36,P327,5,P327-J05,2026-09-25,Care Support,Child Care,Baby Care Session,,FIXED_DURATION,Yes,N/A — Single Session,08:00,165,1,3,Second job,No,09:30,20,Yes,08:05,08:05,11:05,1,,20,No,No meaningful delay occurred,Yes,Complexity of the problem,No,08:00,Exact — checked using calendar/message/booking records,"Calendar, Booking application/system",
2026-10-07 14:45:10,P327,1,P327-J01,2026-09-25,Care Support,Child Care,After-School Child Care,,FIXED_DURATION,Yes,N/A — Single Session,09:00,200,1,3,First job,Yes,,0,Not applicable,09:10,09:10,12:40,1,,0,Yes,Traffic congestion,Yes,Complexity of the problem,No,09:00,Exact — checked using calendar/message/booking records,"Calendar, Booking application/system",
2026-10-07 14:48:50,P328,2,P328-J02,2026-09-25,Gardening,Garden Maintenance,Water Plants,,TASK_COMPLETION_BASED,Yes,N/A — Single Session,10:00,40,1,3,Second job,No,09:30,20,Yes,10:00,10:00,10:50,1,,20,No,No meaningful delay occurred,Yes,Complexity of the problem,No,10:00,Exact — checked using calendar/message/booking records,"Calendar, Booking application/system",
2026-10-07 15:25:46,P328,3,P328-J03,2026-09-25,Gardening,Garden Maintenance,Cut Grass,,TASK_COMPLETION_BASED,Yes,N/A — Single Session,11:00,110,1,3,Second job,No,09:30,20,Yes,11:00,11:00,12:40,1,,20,No,No meaningful delay occurred,"No, it finished earlier",Not applicable,No,11:00,Exact — checked using calendar/message/booking records,"Calendar, Booking application/system",
2026-10-07 15:57:46,P328,4,P328-J04,2026-09-25,Gardening,Garden Maintenance,Remove Weeds,,TASK_COMPLETION_BASED,Yes,N/A — Single Session,12:00,80,1,3,Second job,No,09:30,20,Yes,12:15,12:15,13:45,1,,20,Yes,Traffic congestion,Yes,Complexity of the problem,No,12:00,Exact — checked using calendar/message/booking records,"Calendar, Booking application/system",
2026-10-07 16:14:21,P328,5,P328-J05,2026-09-25,Gardening,Garden Maintenance,Prune Plants,,TASK_COMPLETION_BASED,Yes,N/A — Single Session,13:00,75,1,3,Second job,No,09:30,20,Yes,13:10,13:10,14:15,1,,20,Yes,Traffic congestion,"No, it finished earlier",Not applicable,No,13:00,Exact — checked using calendar/message/booking records,"Calendar, Booking application/system",
2026-10-07 16:14:45,P329,1,P329-J01,2026-09-25,Repairing,Painting & Renovation,Paint Exterior Wall,,TASK_COMPLETION_BASED,Yes,N/A — Single Session,14:00,230,3,3,First job,Yes,,0,Not applicable,14:15,14:15,18:05,3,,0,Yes,Traffic congestion,About the same,Not applicable,No,14:00,Exact — checked using calendar/message/booking records,"Calendar, Booking application/system",
2026-10-07 16:15:15,P329,2,P329-J02,2026-09-25,Repairing,Painting & Renovation,Paint Room,,TASK_COMPLETION_BASED,Yes,N/A — Single Session,08:00,190,3,3,Second job,No,09:30,20,Yes,08:05,08:05,11:15,3,,20,No,No meaningful delay occurred,About the same,Not applicable,No,08:00,Exact — checked using calendar/message/booking records,"Calendar, Booking application/system",
2026-10-07 16:50:19,P329,3,P329-J03,2026-09-25,Repairing,Painting & Renovation,Paint Ceiling,,TASK_COMPLETION_BASED,Yes,N/A — Single Session,09:00,125,3,3,Second job,No,09:30,20,Yes,09:00,09:00,11:00,3,,20,No,No meaningful delay occurred,About the same,Not applicable,No,09:00,Exact — checked using calendar/message/booking records,"Calendar, Booking application/system",
2026-10-07 17:15:14,P329,4,P329-J04,2026-09-25,Repairing,Painting & Renovation,Replace Damaged Tile,,TASK_COMPLETION_BASED,Yes,N/A — Single Session,10:00,85,3,3,Second job,No,09:30,20,Yes,10:05,10:05,11:20,3,,20,No,No meaningful delay occurred,"No, it finished earlier",Not applicable,No,10:00,Exact — checked using calendar/message/booking records,"Calendar, Booking application/system",
2026-10-07 17:31:45,P329,5,P329-J05,2026-09-25,Repairing,Painting & Renovation,Repair Floor Tile,,TASK_COMPLETION_BASED,Yes,N/A — Single Session,11:00,130,3,3,Second job,No,09:30,20,Yes,11:15,11:15,13:25,3,,20,Yes,Traffic congestion,About the same,Not applicable,No,11:00,Exact — checked using calendar/message/booking records,"Calendar, Booking application/system",
2026-10-07 18:13:53,P330,1,P330-J01,2026-09-25,Cleaning,House Cleaning,Deep Clean House,,TASK_COMPLETION_BASED,Yes,N/A — Single Session,12:00,240,4,3,First job,Yes,,0,Not applicable,12:00,12:00,15:50,4,,0,No,No meaningful delay occurred,"No, it finished earlier",Not applicable,No,12:00,Exact — checked using calendar/message/booking records,"Calendar, Booking application/system",
2026-10-07 18:25:45,P330,2,P330-J02,2026-09-25,Cleaning,House Cleaning,Mop and Clean Floors,,TASK_COMPLETION_BASED,Yes,N/A — Single Session,13:00,50,4,3,Second job,No,09:30,20,Yes,13:05,13:05,14:10,4,,20,No,No meaningful delay occurred,Yes,Complexity of the problem,No,13:00,Exact — checked using calendar/message/booking records,"Calendar, Booking application/system",
2026-10-07 19:09:22,P330,3,P330-J03,2026-09-25,Cleaning,House Cleaning,Dust and Surface Cleaning,,TASK_COMPLETION_BASED,Yes,N/A — Single Session,14:00,45,4,3,Second job,No,09:30,20,Yes,14:00,14:00,15:00,4,,20,No,No meaningful delay occurred,Yes,Complexity of the problem,No,14:00,Exact — checked using calendar/message/booking records,"Calendar, Booking application/system",
2026-10-07 20:10:45,P330,4,P330-J04,2026-09-25,Cleaning,Post-Construction Cleaning,Post-Construction House Cleaning,,TASK_COMPLETION_BASED,Yes,N/A — Single Session,08:00,255,4,3,Second job,No,09:30,20,Yes,08:00,08:00,12:15,4,,20,No,No meaningful delay occurred,About the same,Not applicable,No,08:00,Exact — checked using calendar/message/booking records,"Calendar, Booking application/system",
2026-10-07 20:22:37,P330,5,P330-J05,2026-09-25,Cleaning,Post-Construction Cleaning,Remove Construction Dust,,TASK_COMPLETION_BASED,Yes,N/A — Single Session,09:00,145,4,3,Second job,No,09:30,20,Yes,09:10,09:10,11:50,4,,20,Yes,Traffic congestion,Yes,Complexity of the problem,No,09:00,Exact — checked using calendar/message/booking records,"Calendar, Booking application/system",
2026-10-07 21:25:53,P330,1,P330-J01,2026-09-25,Cleaning,Post-Construction Cleaning,Clean Post-Renovation Area,,TASK_COMPLETION_BASED,Yes,N/A — Single Session,10:00,155,4,3,First job,Yes,,0,Not applicable,10:15,10:15,12:45,4,,0,Yes,Traffic congestion,About the same,Not applicable,No,10:00,Exact — checked using calendar/message/booking records,"Calendar, Booking application/system",
2026-10-07 21:35:47,P331,2,P331-J02,2026-09-25,Repairing,Electrical Repair,Install Light Fitting,,TASK_COMPLETION_BASED,Yes,N/A — Single Session,11:00,40,1,3,Second job,No,09:30,20,Yes,11:00,11:00,11:40,1,,20,No,No meaningful delay occurred,About the same,Not applicable,No,11:00,Exact — checked using calendar/message/booking records,"Calendar, Booking application/system",
2026-10-07 21:36:38,P331,3,P331-J03,2026-09-25,Repairing,Electrical Repair,Replace Light Fitting,,TASK_COMPLETION_BASED,Yes,N/A — Single Session,12:00,30,1,3,Second job,No,09:30,20,Yes,12:00,12:00,12:20,1,,20,No,No meaningful delay occurred,"No, it finished earlier",Not applicable,No,12:00,Exact — checked using calendar/message/booking records,"Calendar, Booking application/system",
2026-10-07 21:49:16,P331,4,P331-J04,2026-09-25,Repairing,Electrical Repair,Repair Switch,,TASK_COMPLETION_BASED,Yes,N/A — Single Session,13:00,35,1,3,Second job,No,09:30,20,Yes,13:15,13:15,13:45,1,,20,Yes,Traffic congestion,About the same,Not applicable,No,13:00,Exact — checked using calendar/message/booking records,"Calendar, Booking application/system",
2026-10-08 08:03:31,P331,5,P331-J05,2026-09-25,Repairing,Electrical Repair,Replace Power Socket,,TASK_COMPLETION_BASED,Yes,N/A — Single Session,14:00,30,1,3,Second job,No,09:30,20,Yes,14:15,14:15,14:40,1,,20,Yes,Traffic congestion,About the same,Not applicable,No,14:00,Exact — checked using calendar/message/booking records,"Calendar, Booking application/system",
2026-10-08 08:10:54,P332,1,P332-J01,2026-09-25,Gardening,Planting Services,Plant Flowers,,TASK_COMPLETION_BASED,Yes,N/A — Single Session,08:00,65,1,3,First job,Yes,,0,Not applicable,08:15,08:15,09:20,1,,0,Yes,Traffic congestion,About the same,Not applicable,No,08:00,Exact — checked using calendar/message/booking records,"Calendar, Booking application/system",
2026-10-08 08:17:20,P332,2,P332-J02,2026-09-25,Gardening,Planting Services,Plant Vegetables,,TASK_COMPLETION_BASED,Yes,N/A — Single Session,09:00,115,1,3,Second job,No,09:30,20,Yes,09:00,09:00,11:00,1,,20,No,No meaningful delay occurred,About the same,Not applicable,No,09:00,Exact — checked using calendar/message/booking records,"Calendar, Booking application/system",
2026-10-08 08:20:09,P332,3,P332-J03,2026-09-25,Gardening,Planting Services,Plant Small Tree,,TASK_COMPLETION_BASED,Yes,N/A — Single Session,10:00,50,1,3,Second job,No,09:30,20,Yes,10:00,10:00,10:50,1,,20,No,No meaningful delay occurred,About the same,Not applicable,No,10:00,Exact — checked using calendar/message/booking records,"Calendar, Booking application/system",
2026-10-08 08:29:12,P332,4,P332-J04,2026-09-25,Gardening,Planting Services,Plant Large Tree,,TASK_COMPLETION_BASED,Yes,N/A — Single Session,11:00,115,1,3,Second job,No,09:30,20,Yes,11:05,11:05,12:50,1,,20,No,No meaningful delay occurred,"No, it finished earlier",Not applicable,No,11:00,Exact — checked using calendar/message/booking records,"Calendar, Booking application/system",
2026-10-08 08:43:27,P332,5,P332-J05,2026-09-25,Gardening,Planting Services,Plant Garden Plants,,TASK_COMPLETION_BASED,Yes,N/A — Single Session,12:00,75,1,3,Second job,No,09:30,20,Yes,12:15,12:15,13:30,1,,20,Yes,Traffic congestion,About the same,Not applicable,No,12:00,Exact — checked using calendar/message/booking records,"Calendar, Booking application/system",
2026-10-08 09:06:25,P332,1,P332-J01,2026-09-25,Gardening,Planting Services,Prepare Planting Area,,TASK_COMPLETION_BASED,Yes,N/A — Single Session,13:00,85,1,3,First job,Yes,,0,Not applicable,13:00,13:00,14:30,1,,0,No,No meaningful delay occurred,About the same,Not applicable,No,13:00,Exact — checked using calendar/message/booking records,"Calendar, Booking application/system",
2026-10-08 09:07:47,P333,2,P333-J02,2026-09-25,Care Support,Elderly Care,Elderly Assistance Session,,FIXED_DURATION,Yes,N/A — Single Session,14:00,135,2,3,Second job,No,09:30,20,Yes,14:00,14:00,16:05,2,,20,No,No meaningful delay occurred,"No, it finished earlier",Not applicable,No,14:00,Exact — checked using calendar/message/booking records,"Calendar, Booking application/system",
2026-10-08 09:25:27,P333,3,P333-J03,2026-09-25,Care Support,Elderly Care,Home Nursing Visit,,FIXED_DURATION,Yes,N/A — Single Session,08:00,75,2,3,Second job,No,09:30,20,Yes,08:00,08:00,09:20,2,,20,No,No meaningful delay occurred,About the same,Not applicable,No,08:00,Exact — checked using calendar/message/booking records,"Calendar, Booking application/system",
2026-10-08 09:37:31,P333,4,P333-J04,2026-09-25,Care Support,Elderly Care,Mobility Assistance,,FIXED_DURATION,Yes,N/A — Single Session,09:00,90,2,3,Second job,No,09:30,20,Yes,09:10,09:10,10:55,2,,20,Yes,Traffic congestion,Yes,Complexity of the problem,No,09:00,Exact — checked using calendar/message/booking records,"Calendar, Booking application/system",
2026-10-08 09:53:14,P333,5,P333-J05,2026-09-25,Care Support,Personal Assistance,Home Helper Session,,FIXED_DURATION,Yes,N/A — Single Session,10:00,285,2,3,Second job,No,09:30,20,Yes,10:00,10:00,14:35,2,,20,No,No meaningful delay occurred,"No, it finished earlier",Not applicable,No,10:00,Exact — checked using calendar/message/booking records,"Calendar, Booking application/system",
2026-10-08 10:12:37,P334,1,P334-J01,2026-09-25,Repairing,Electrical Repair,Install New Wiring,,TASK_COMPLETION_BASED,Yes,N/A — Single Session,11:00,205,1,3,First job,Yes,,0,Not applicable,11:00,11:00,14:40,1,,0,No,No meaningful delay occurred,Yes,Complexity of the problem,No,11:00,Exact — checked using calendar/message/booking records,"Calendar, Booking application/system",
2026-10-08 10:25:33,P334,2,P334-J02,2026-09-25,Repairing,Electrical Repair,Replace Distribution Board Component,,TASK_COMPLETION_BASED,Yes,N/A — Single Session,12:00,75,1,3,Second job,No,09:30,20,Yes,12:00,12:00,13:05,1,,20,No,No meaningful delay occurred,"No, it finished earlier",Not applicable,No,12:00,Exact — checked using calendar/message/booking records,"Calendar, Booking application/system",
2026-10-08 10:33:39,P334,3,P334-J03,2026-09-25,Repairing,Electrical Repair,Diagnose Television Fault,,TASK_COMPLETION_BASED,Yes,N/A — Single Session,13:00,35,1,3,Second job,No,09:30,20,Yes,13:15,13:15,13:55,1,,20,Yes,Traffic congestion,About the same,Not applicable,No,13:00,Exact — checked using calendar/message/booking records,"Calendar, Booking application/system",
2026-10-08 10:41:39,P334,4,P334-J04,2026-09-25,Repairing,Electrical Repair,Repair Microwave Oven,,TASK_COMPLETION_BASED,Yes,N/A — Single Session,14:00,55,1,3,Second job,No,09:30,20,Yes,14:00,14:00,14:55,1,,20,No,No meaningful delay occurred,About the same,Not applicable,No,14:00,Exact — checked using calendar/message/booking records,"Calendar, Booking application/system",
2026-10-08 10:46:09,P334,5,P334-J05,2026-09-25,Repairing,Electrical Repair,Repair Air Conditioner,,TASK_COMPLETION_BASED,Yes,N/A — Single Session,08:00,95,1,3,Second job,No,09:30,20,Yes,08:00,08:00,09:35,1,,20,No,No meaningful delay occurred,About the same,Not applicable,No,08:00,Exact — checked using calendar/message/booking records,"Calendar, Booking application/system",
2026-10-08 11:23:44,P335,1,P335-J01,2026-09-25,Care Support,Pet Care,Feed Pet,,TASK_COMPLETION_BASED,Yes,N/A — Single Session,09:00,25,1,3,First job,Yes,,0,Not applicable,09:00,09:00,09:40,1,,0,No,No meaningful delay occurred,Yes,Complexity of the problem,No,09:00,Exact — checked using calendar/message/booking records,"Calendar, Booking application/system",
2026-10-08 12:41:25,P335,2,P335-J02,2026-09-25,Care Support,Pet Care,Dog Walking,,FIXED_DURATION,Yes,N/A — Single Session,10:00,45,1,3,Second job,No,09:30,20,Yes,10:00,10:00,10:35,1,,20,No,No meaningful delay occurred,"No, it finished earlier",Not applicable,No,10:00,Exact — checked using calendar/message/booking records,"Calendar, Booking application/system",
2026-10-08 12:41:32,P335,3,P335-J03,2026-09-25,Care Support,Pet Care,Pet Grooming,,TASK_COMPLETION_BASED,Yes,N/A — Single Session,11:00,90,1,3,Second job,No,09:30,20,Yes,11:00,11:00,12:25,1,,20,No,No meaningful delay occurred,About the same,Not applicable,No,11:00,Exact — checked using calendar/message/booking records,"Calendar, Booking application/system",
2026-10-08 13:35:21,P335,4,P335-J04,2026-09-25,Care Support,Pet Care,Bathe Pet,,TASK_COMPLETION_BASED,Yes,N/A — Single Session,12:00,50,1,3,Second job,No,09:30,20,Yes,12:00,12:00,13:00,1,,20,No,No meaningful delay occurred,Yes,Complexity of the problem,No,12:00,Exact — checked using calendar/message/booking records,"Calendar, Booking application/system",
2026-10-08 13:38:28,P335,5,P335-J05,2026-09-25,Care Support,Pet Care,Pet Sitting,,SHIFT_BASED,Yes,N/A — Single Session,13:00,375,1,3,Second job,No,09:30,20,Yes,13:00,13:00,19:10,1,,20,No,No meaningful delay occurred,About the same,Not applicable,No,13:00,Exact — checked using calendar/message/booking records,"Calendar, Booking application/system",
2026-10-08 15:35:28,P336,1,P336-J01,2026-09-25,Cleaning,Office Cleaning,Clean Small Office,,TASK_COMPLETION_BASED,Yes,N/A — Single Session,14:00,120,3,3,First job,Yes,,0,Not applicable,14:00,14:00,15:55,3,,0,No,No meaningful delay occurred,About the same,Not applicable,No,14:00,Exact — checked using calendar/message/booking records,"Calendar, Booking application/system",
2026-10-08 15:55:52,P336,2,P336-J02,2026-09-25,Cleaning,Office Cleaning,Clean Medium Office,,TASK_COMPLETION_BASED,Yes,N/A — Single Session,08:00,225,3,3,Second job,No,09:30,20,Yes,08:15,08:15,12:05,3,,20,Yes,Traffic congestion,About the same,Not applicable,No,08:00,Exact — checked using calendar/message/booking records,"Calendar, Booking application/system",
2026-10-08 15:56:01,P336,3,P336-J03,2026-09-25,Cleaning,Office Cleaning,Clean Office Floors,,TASK_COMPLETION_BASED,Yes,N/A — Single Session,09:00,100,3,3,Second job,No,09:30,20,Yes,09:00,09:00,10:50,3,,20,No,No meaningful delay occurred,Yes,Complexity of the problem,No,09:00,Exact — checked using calendar/message/booking records,"Calendar, Booking application/system",
2026-10-08 16:05:40,P336,4,P336-J04,2026-09-25,Cleaning,Post-Construction Cleaning,Remove Construction Dust,,TASK_COMPLETION_BASED,Yes,N/A — Single Session,10:00,190,3,3,Second job,No,09:30,20,Yes,10:00,10:00,13:05,3,,20,No,No meaningful delay occurred,About the same,Not applicable,No,10:00,Exact — checked using calendar/message/booking records,"Calendar, Booking application/system",
2026-10-08 16:27:09,P337,5,P337-J05,2026-09-25,Repairing,Plumbing Repair,Repair Water Leak,,TASK_COMPLETION_BASED,Yes,N/A — Single Session,11:00,55,1,3,Second job,No,09:30,20,Yes,11:00,11:00,11:50,1,,20,No,No meaningful delay occurred,About the same,Not applicable,No,11:00,Exact — checked using calendar/message/booking records,"Calendar, Booking application/system",
2026-10-08 16:29:04,P337,1,P337-J01,2026-09-25,Repairing,Plumbing Repair,Install Tap,,TASK_COMPLETION_BASED,Yes,N/A — Single Session,12:00,35,1,3,First job,Yes,,0,Not applicable,12:05,12:05,12:45,1,,0,No,No meaningful delay occurred,About the same,Not applicable,No,12:00,Exact — checked using calendar/message/booking records,"Calendar, Booking application/system",
2026-10-08 16:33:48,P337,2,P337-J02,2026-09-25,Repairing,Plumbing Repair,Replace Tap,,TASK_COMPLETION_BASED,Yes,N/A — Single Session,13:00,30,1,3,Second job,No,09:30,20,Yes,13:00,13:00,13:30,1,,20,No,No meaningful delay occurred,About the same,Not applicable,No,13:00,Exact — checked using calendar/message/booking records,"Calendar, Booking application/system",
2026-10-08 16:50:36,P337,3,P337-J03,2026-09-25,Repairing,Plumbing Repair,Repair Toilet Plumbing,,TASK_COMPLETION_BASED,Yes,N/A — Single Session,14:00,60,1,3,Second job,No,09:30,20,Yes,14:00,14:00,15:00,1,,20,No,No meaningful delay occurred,About the same,Not applicable,No,14:00,Exact — checked using calendar/message/booking records,"Calendar, Booking application/system",
2026-10-08 17:25:32,P338,4,P338-J04,2026-09-25,Repairing,Electrical Repair,Install Ceiling Fan,,TASK_COMPLETION_BASED,Yes,N/A — Single Session,08:00,75,2,3,Second job,No,09:30,20,Yes,08:05,08:05,09:15,2,,20,No,No meaningful delay occurred,About the same,Not applicable,No,08:00,Exact — checked using calendar/message/booking records,"Calendar, Booking application/system",
2026-10-08 17:29:20,P338,5,P338-J05,2026-09-25,Repairing,Electrical Repair,Replace Light Fitting,,TASK_COMPLETION_BASED,Yes,N/A — Single Session,09:00,25,2,3,Second job,No,09:30,20,Yes,09:05,09:05,09:30,2,,20,No,No meaningful delay occurred,About the same,Not applicable,No,09:00,Exact — checked using calendar/message/booking records,"Calendar, Booking application/system",
2026-10-08 17:54:14,P338,1,P338-J01,2026-09-25,Repairing,Electrical Repair,Repair Light Circuit,,TASK_COMPLETION_BASED,Yes,N/A — Single Session,10:00,50,2,3,First job,Yes,,0,Not applicable,10:00,10:00,11:05,2,,0,No,No meaningful delay occurred,Yes,Complexity of the problem,No,10:00,Exact — checked using calendar/message/booking records,"Calendar, Booking application/system",
2026-10-08 18:12:46,P338,2,P338-J02,2026-09-25,Repairing,Electrical Repair,Install Switch,,TASK_COMPLETION_BASED,Yes,N/A — Single Session,11:00,25,2,3,Second job,No,09:30,20,Yes,11:15,11:15,11:40,2,,20,Yes,Traffic congestion,About the same,Not applicable,No,11:00,Exact — checked using calendar/message/booking records,"Calendar, Booking application/system",
2026-10-08 18:39:44,P338,3,P338-J03,2026-09-25,Repairing,Electrical Repair,Replace Switch,,TASK_COMPLETION_BASED,Yes,N/A — Single Session,12:00,25,2,3,Second job,No,09:30,20,Yes,12:00,12:00,12:40,2,,20,No,No meaningful delay occurred,Yes,Complexity of the problem,No,12:00,Exact — checked using calendar/message/booking records,"Calendar, Booking application/system",
2026-10-08 19:00:49,P338,4,P338-J04,2026-09-25,Repairing,Electrical Repair,Repair Electrical Wiring,,TASK_COMPLETION_BASED,Yes,N/A — Single Session,13:00,105,2,3,Second job,No,09:30,20,Yes,13:10,13:10,15:05,2,,20,Yes,Traffic congestion,Yes,Complexity of the problem,No,13:00,Exact — checked using calendar/message/booking records,"Calendar, Booking application/system",
2026-10-08 19:29:55,P338,5,P338-J05,2026-09-25,Repairing,Electrical Repair,Replace Distribution Board Component,,TASK_COMPLETION_BASED,Yes,N/A — Single Session,14:00,70,2,3,Second job,No,09:30,20,Yes,14:10,14:10,15:30,2,,20,Yes,Traffic congestion,Yes,Complexity of the problem,No,14:00,Exact — checked using calendar/message/booking records,"Calendar, Booking application/system",
2026-10-08 20:29:40,P338,1,P338-J01,2026-09-25,Repairing,Electrical Repair,Repair Rice Cooker,,TASK_COMPLETION_BASED,Yes,N/A — Single Session,08:00,40,2,3,First job,Yes,,0,Not applicable,08:15,08:15,09:10,2,,0,Yes,Traffic congestion,Yes,Complexity of the problem,No,08:00,Exact — checked using calendar/message/booking records,"Calendar, Booking application/system",
2026-10-08 21:09:23,P338,2,P338-J02,2026-09-25,Repairing,Electrical Repair,Service Air Conditioner,,TASK_COMPLETION_BASED,Yes,N/A — Single Session,09:00,65,2,3,Second job,No,09:30,20,Yes,09:00,09:00,10:05,2,,20,No,No meaningful delay occurred,About the same,Not applicable,No,09:00,Exact — checked using calendar/message/booking records,"Calendar, Booking application/system",
2026-10-08 21:23:52,P339,3,P339-J03,2026-09-25,Repairing,Painting & Renovation,Paint Interior Wall,,TASK_COMPLETION_BASED,Yes,N/A — Single Session,10:00,130,3,3,Second job,No,09:30,20,Yes,10:10,10:10,12:30,3,,20,Yes,Traffic congestion,Yes,Complexity of the problem,No,10:00,Exact — checked using calendar/message/booking records,"Calendar, Booking application/system",
2026-10-08 21:33:00,P339,4,P339-J04,2026-09-25,Repairing,Painting & Renovation,Paint Exterior Wall,,TASK_COMPLETION_BASED,Yes,N/A — Single Session,11:00,220,3,3,Second job,No,09:30,20,Yes,11:05,11:05,14:50,3,,20,No,No meaningful delay occurred,About the same,Not applicable,No,11:00,Exact — checked using calendar/message/booking records,"Calendar, Booking application/system",
2026-10-08 21:50:33,P339,5,P339-J05,2026-09-25,Repairing,Painting & Renovation,Paint Whole House,,TASK_COMPLETION_BASED,Yes,N/A — Single Session,12:00,475,3,3,Second job,No,09:30,20,Yes,12:00,12:00,19:50,3,,20,No,No meaningful delay occurred,About the same,Not applicable,No,12:00,Exact — checked using calendar/message/booking records,"Calendar, Booking application/system",
2026-10-08 21:54:24,P339,1,P339-J01,2026-09-25,Repairing,Painting & Renovation,Prepare Wall Surface,,TASK_COMPLETION_BASED,Yes,N/A — Single Session,13:00,90,3,3,First job,Yes,,0,Not applicable,13:10,13:10,14:35,3,,0,Yes,Traffic congestion,About the same,Not applicable,No,13:00,Exact — checked using calendar/message/booking records,"Calendar, Booking application/system",
2026-10-08 21:54:55,P340,2,P340-J02,2026-09-25,Cleaning,House Cleaning,General House Cleaning,,TASK_COMPLETION_BASED,Yes,N/A — Single Session,14:00,135,2,3,Second job,No,09:30,20,Yes,14:00,14:00,16:30,2,,20,No,No meaningful delay occurred,Yes,Complexity of the problem,No,14:00,Exact — checked using calendar/message/booking records,"Calendar, Booking application/system",
2026-10-08 21:59:08,P340,3,P340-J03,2026-09-25,Cleaning,House Cleaning,Deep Clean House,,TASK_COMPLETION_BASED,Yes,N/A — Single Session,08:00,230,2,3,Second job,No,09:30,20,Yes,08:00,08:00,11:40,2,,20,No,No meaningful delay occurred,"No, it finished earlier",Not applicable,No,08:00,Exact — checked using calendar/message/booking records,"Calendar, Booking application/system",
2026-10-09 08:05:50,P340,4,P340-J04,2026-09-25,Cleaning,House Cleaning,Clean Single Room,,TASK_COMPLETION_BASED,Yes,N/A — Single Session,09:00,55,2,3,Second job,No,09:30,20,Yes,09:00,09:00,09:55,2,,20,No,No meaningful delay occurred,About the same,Not applicable,No,09:00,Exact — checked using calendar/message/booking records,"Calendar, Booking application/system",
2026-10-09 08:25:52,P340,5,P340-J05,2026-09-25,Cleaning,House Cleaning,Full Home Cleaning,,TASK_COMPLETION_BASED,Yes,N/A — Single Session,10:00,230,2,3,Second job,No,09:30,20,Yes,10:10,10:10,13:50,2,,20,Yes,Traffic congestion,"No, it finished earlier",Not applicable,No,10:00,Exact — checked using calendar/message/booking records,"Calendar, Booking application/system",
2026-10-09 08:30:49,P340,1,P340-J01,2026-09-25,Cleaning,Office Cleaning,Clean Small Office,,TASK_COMPLETION_BASED,Yes,N/A — Single Session,11:00,110,2,3,First job,Yes,,0,Not applicable,11:00,11:00,12:50,2,,0,No,No meaningful delay occurred,About the same,Not applicable,No,11:00,Exact — checked using calendar/message/booking records,"Calendar, Booking application/system",
2026-10-09 08:44:46,P340,2,P340-J02,2026-09-25,Cleaning,Office Cleaning,Clean Retail Shop,,TASK_COMPLETION_BASED,Yes,N/A — Single Session,12:00,140,2,3,Second job,No,09:30,20,Yes,12:05,12:05,14:35,2,,20,No,No meaningful delay occurred,Yes,Complexity of the problem,No,12:00,Exact — checked using calendar/message/booking records,"Calendar, Booking application/system",
2026-10-09 08:58:36,P340,3,P340-J03,2026-09-25,Cleaning,Office Cleaning,Deep Clean Office,,TASK_COMPLETION_BASED,Yes,N/A — Single Session,13:00,290,2,3,Second job,No,09:30,20,Yes,13:10,13:10,18:15,2,,20,Yes,Traffic congestion,Yes,Complexity of the problem,No,13:00,Exact — checked using calendar/message/booking records,"Calendar, Booking application/system",
2026-10-09 09:23:14,P340,4,P340-J04,2026-09-25,Cleaning,Office Cleaning,Clean Office Floors,,TASK_COMPLETION_BASED,Yes,N/A — Single Session,14:00,90,2,3,Second job,No,09:30,20,Yes,14:00,14:00,15:30,2,,20,No,No meaningful delay occurred,About the same,Not applicable,No,14:00,Exact — checked using calendar/message/booking records,"Calendar, Booking application/system",
2026-10-09 09:36:52,P341,5,P341-J05,2026-09-25,Cleaning,House Cleaning,General House Cleaning,,TASK_COMPLETION_BASED,Yes,N/A — Single Session,08:00,150,3,3,Second job,No,09:30,20,Yes,08:00,08:00,10:30,3,,20,No,No meaningful delay occurred,About the same,Not applicable,No,08:00,Exact — checked using calendar/message/booking records,"Calendar, Booking application/system",
2026-10-09 09:49:31,P341,1,P341-J01,2026-09-25,Cleaning,House Cleaning,Deep Clean House,,TASK_COMPLETION_BASED,Yes,N/A — Single Session,09:00,220,3,3,First job,Yes,,0,Not applicable,09:05,09:05,12:50,3,,0,No,No meaningful delay occurred,About the same,Not applicable,No,09:00,Exact — checked using calendar/message/booking records,"Calendar, Booking application/system",
2026-10-09 09:56:37,P341,2,P341-J02,2026-09-25,Cleaning,House Cleaning,Mop and Clean Floors,,TASK_COMPLETION_BASED,Yes,N/A — Single Session,10:00,70,3,3,Second job,No,09:30,20,Yes,10:05,10:05,11:15,3,,20,No,No meaningful delay occurred,About the same,Not applicable,No,10:00,Exact — checked using calendar/message/booking records,"Calendar, Booking application/system",
2026-10-09 09:57:34,P341,3,P341-J03,2026-09-25,Cleaning,House Cleaning,Dust and Surface Cleaning,,TASK_COMPLETION_BASED,Yes,N/A — Single Session,11:00,60,3,3,Second job,No,09:30,20,Yes,11:10,11:10,12:05,3,,20,Yes,Traffic congestion,About the same,Not applicable,No,11:00,Exact — checked using calendar/message/booking records,"Calendar, Booking application/system",
2026-10-09 11:27:56,P341,4,P341-J04,2026-09-25,Cleaning,Kitchen Cleaning,Deep Clean Kitchen,,TASK_COMPLETION_BASED,Yes,N/A — Single Session,12:00,130,3,3,Second job,No,09:30,20,Yes,12:10,12:10,14:20,3,,20,Yes,Traffic congestion,About the same,Not applicable,No,12:00,Exact — checked using calendar/message/booking records,"Calendar, Booking application/system",
2026-10-09 11:58:12,P341,5,P341-J05,2026-09-25,Cleaning,Kitchen Cleaning,Degrease Cooking Area,,TASK_COMPLETION_BASED,Yes,N/A — Single Session,13:00,70,3,3,Second job,No,09:30,20,Yes,13:00,13:00,14:10,3,,20,No,No meaningful delay occurred,About the same,Not applicable,No,13:00,Exact — checked using calendar/message/booking records,"Calendar, Booking application/system",
2026-10-09 12:12:35,P342,1,P342-J01,2026-09-25,Care Support,Disability Support,Daily Living Assistance,,SHIFT_BASED,Yes,N/A — Single Session,14:00,360,5,3,First job,Yes,,0,Not applicable,14:15,14:15,20:20,5,,0,Yes,Traffic congestion,About the same,Not applicable,No,14:00,Exact — checked using calendar/message/booking records,"Calendar, Booking application/system",
2026-10-09 12:19:56,P342,2,P342-J02,2026-09-25,Care Support,Disability Support,Special Needs Support Session,,FIXED_DURATION,Yes,N/A — Single Session,08:00,115,5,3,Second job,No,09:30,20,Yes,08:00,08:00,10:10,5,,20,No,No meaningful delay occurred,Yes,Complexity of the problem,No,08:00,Exact — checked using calendar/message/booking records,"Calendar, Booking application/system",
2026-10-09 12:29:55,P342,3,P342-J03,2026-09-25,Care Support,Personal Assistance,Home Helper Session,,FIXED_DURATION,Yes,N/A — Single Session,09:00,270,5,3,Second job,No,09:30,20,Yes,09:00,09:00,13:25,5,,20,No,No meaningful delay occurred,About the same,Not applicable,No,09:00,Exact — checked using calendar/message/booking records,"Calendar, Booking application/system",
2026-10-09 12:32:43,P342,4,P342-J04,2026-09-25,Care Support,Personal Assistance,Daily Household Assistance,,TASK_COMPLETION_BASED,Yes,N/A — Single Session,10:00,150,5,3,Second job,No,09:30,20,Yes,10:00,10:00,12:30,5,,20,No,No meaningful delay occurred,About the same,Not applicable,No,10:00,Exact — checked using calendar/message/booking records,"Calendar, Booking application/system",
2026-10-09 12:51:53,P342,5,P342-J05,2026-09-25,Care Support,Personal Assistance,Daily Task Support,,FIXED_DURATION,Yes,N/A — Single Session,11:00,120,5,3,Second job,No,09:30,20,Yes,11:10,11:10,13:20,5,,20,Yes,Traffic congestion,Yes,Complexity of the problem,No,11:00,Exact — checked using calendar/message/booking records,"Calendar, Booking application/system",
2026-10-09 13:13:19,P343,1,P343-J01,2026-09-25,Repairing,Plumbing Repair,Install Water Pipe,,TASK_COMPLETION_BASED,Yes,N/A — Single Session,12:00,130,1,3,First job,Yes,,0,Not applicable,12:10,12:10,14:15,1,,0,Yes,Traffic congestion,About the same,Not applicable,No,12:00,Exact — checked using calendar/message/booking records,"Calendar, Booking application/system",
2026-10-09 13:23:43,P343,2,P343-J02,2026-09-25,Repairing,Plumbing Repair,Install Tap,,TASK_COMPLETION_BASED,Yes,N/A — Single Session,13:00,35,1,3,Second job,No,09:30,20,Yes,13:05,13:05,13:45,1,,20,No,No meaningful delay occurred,About the same,Not applicable,No,13:00,Exact — checked using calendar/message/booking records,"Calendar, Booking application/system",
2026-10-09 13:50:58,P343,3,P343-J03,2026-09-25,Repairing,Plumbing Repair,Repair Water Tank Connection,,TASK_COMPLETION_BASED,Yes,N/A — Single Session,14:00,60,1,3,Second job,No,09:30,20,Yes,14:05,14:05,15:05,1,,20,No,No meaningful delay occurred,About the same,Not applicable,No,14:00,Exact — checked using calendar/message/booking records,"Calendar, Booking application/system",
2026-10-09 14:14:09,P343,4,P343-J04,2026-09-25,Repairing,Plumbing Repair,Clear Blocked Drain,,TASK_COMPLETION_BASED,Yes,N/A — Single Session,08:00,75,1,3,Second job,No,09:30,20,Yes,08:00,08:00,09:15,1,,20,No,No meaningful delay occurred,About the same,Not applicable,No,08:00,Exact — checked using calendar/message/booking records,"Calendar, Booking application/system",
2026-10-09 14:15:54,P343,5,P343-J05,2026-09-25,Repairing,Plumbing Repair,Repair Toilet Plumbing,,TASK_COMPLETION_BASED,Yes,N/A — Single Session,09:00,70,1,3,Second job,No,09:30,20,Yes,09:00,09:00,10:00,1,,20,No,No meaningful delay occurred,"No, it finished earlier",Not applicable,No,09:00,Exact — checked using calendar/message/booking records,"Calendar, Booking application/system",
2026-10-09 14:16:54,P343,1,P343-J01,2026-09-25,Repairing,Plumbing Repair,Replace Toilet Pipe,,TASK_COMPLETION_BASED,Yes,N/A — Single Session,10:00,80,1,3,First job,Yes,,0,Not applicable,10:10,10:10,11:20,1,,0,Yes,Traffic congestion,"No, it finished earlier",Not applicable,No,10:00,Exact — checked using calendar/message/booking records,"Calendar, Booking application/system",
2026-10-09 14:26:23,P344,2,P344-J02,2026-09-25,Repairing,Electrical Repair,Repair Light Circuit,,TASK_COMPLETION_BASED,Yes,N/A — Single Session,11:00,45,1,3,Second job,No,09:30,20,Yes,11:15,11:15,12:00,1,,20,Yes,Traffic congestion,About the same,Not applicable,No,11:00,Exact — checked using calendar/message/booking records,"Calendar, Booking application/system",
2026-10-09 14:36:30,P344,3,P344-J03,2026-09-25,Repairing,Electrical Repair,Repair Switch,,TASK_COMPLETION_BASED,Yes,N/A — Single Session,12:00,25,1,3,Second job,No,09:30,20,Yes,12:05,12:05,12:35,1,,20,No,No meaningful delay occurred,About the same,Not applicable,No,12:00,Exact — checked using calendar/message/booking records,"Calendar, Booking application/system",
2026-10-09 14:54:05,P344,4,P344-J04,2026-09-25,Repairing,Electrical Repair,Install New Wiring,,TASK_COMPLETION_BASED,Yes,N/A — Single Session,13:00,155,1,3,Second job,No,09:30,20,Yes,13:10,13:10,15:55,1,,20,Yes,Traffic congestion,Yes,Complexity of the problem,No,13:00,Exact — checked using calendar/message/booking records,"Calendar, Booking application/system",
2026-10-09 15:15:40,P344,5,P344-J05,2026-09-25,Repairing,Electrical Repair,Repair Distribution Board,,TASK_COMPLETION_BASED,Yes,N/A — Single Session,14:00,100,1,3,Second job,No,09:30,20,Yes,14:00,14:00,15:50,1,,20,No,No meaningful delay occurred,Yes,Complexity of the problem,No,14:00,Exact — checked using calendar/message/booking records,"Calendar, Booking application/system",
2026-10-09 15:18:47,P344,1,P344-J01,2026-09-25,Repairing,Electrical Repair,Diagnose Television Fault,,TASK_COMPLETION_BASED,Yes,N/A — Single Session,08:00,40,1,3,First job,Yes,,0,Not applicable,08:00,08:00,08:40,1,,0,No,No meaningful delay occurred,About the same,Not applicable,No,08:00,Exact — checked using calendar/message/booking records,"Calendar, Booking application/system",
2026-10-09 15:45:38,P344,2,P344-J02,2026-09-25,Repairing,Electrical Repair,Repair Washing Machine,,TASK_COMPLETION_BASED,Yes,N/A — Single Session,09:00,80,1,3,Second job,No,09:30,20,Yes,09:00,09:00,10:20,1,,20,No,No meaningful delay occurred,About the same,Not applicable,No,09:00,Exact — checked using calendar/message/booking records,"Calendar, Booking application/system",
2026-10-09 15:45:59,P344,3,P344-J03,2026-09-25,Repairing,Electrical Repair,Repair Rice Cooker,,TASK_COMPLETION_BASED,Yes,N/A — Single Session,10:00,45,1,3,Second job,No,09:30,20,Yes,10:05,10:05,11:00,1,,20,No,No meaningful delay occurred,Yes,Complexity of the problem,No,10:00,Exact — checked using calendar/message/booking records,"Calendar, Booking application/system",
2026-10-09 15:49:45,P345,4,P345-J04,2026-09-25,Gardening,Planting Services,Plant Large Tree,,TASK_COMPLETION_BASED,Yes,N/A — Single Session,11:00,100,1,3,Second job,No,09:30,20,Yes,11:00,11:00,12:55,1,,20,No,No meaningful delay occurred,Yes,Complexity of the problem,No,11:00,Exact — checked using calendar/message/booking records,"Calendar, Booking application/system",
2026-10-09 16:48:12,P345,5,P345-J05,2026-09-25,Gardening,Planting Services,Plant Garden Plants,,TASK_COMPLETION_BASED,Yes,N/A — Single Session,12:00,75,1,3,Second job,No,09:30,20,Yes,12:15,12:15,13:45,1,,20,Yes,Traffic congestion,Yes,Complexity of the problem,No,12:00,Exact — checked using calendar/message/booking records,"Calendar, Booking application/system",
2026-10-09 16:58:54,P345,1,P345-J01,2026-09-25,Gardening,Planting Services,Prepare Planting Area,,TASK_COMPLETION_BASED,Yes,N/A — Single Session,13:00,90,1,3,First job,Yes,,0,Not applicable,13:15,13:15,14:50,1,,0,Yes,Traffic congestion,About the same,Not applicable,No,13:00,Exact — checked using calendar/message/booking records,"Calendar, Booking application/system",
2026-10-09 17:02:39,P346,2,P346-J02,2026-09-25,Cleaning,Bathroom Cleaning,General Bathroom Cleaning,,TASK_COMPLETION_BASED,Yes,N/A — Single Session,14:00,60,1,3,Second job,No,09:30,20,Yes,14:00,14:00,15:05,1,,20,No,No meaningful delay occurred,About the same,Not applicable,No,14:00,Exact — checked using calendar/message/booking records,"Calendar, Booking application/system",
2026-10-09 17:12:12,P346,3,P346-J03,2026-09-25,Cleaning,Bathroom Cleaning,Deep Clean Bathroom,,TASK_COMPLETION_BASED,Yes,N/A — Single Session,08:00,80,1,3,Second job,No,09:30,20,Yes,08:00,08:00,09:20,1,,20,No,No meaningful delay occurred,About the same,Not applicable,No,08:00,Exact — checked using calendar/message/booking records,"Calendar, Booking application/system",
2026-10-09 17:40:08,P346,4,P346-J04,2026-09-25,Cleaning,Bathroom Cleaning,Clean Toilet,,TASK_COMPLETION_BASED,Yes,N/A — Single Session,09:00,25,1,3,Second job,No,09:30,20,Yes,09:10,09:10,09:45,1,,20,Yes,Traffic congestion,Yes,Complexity of the problem,No,09:00,Exact — checked using calendar/message/booking records,"Calendar, Booking application/system",
2026-10-09 17:43:36,P346,5,P346-J05,2026-09-25,Cleaning,Bathroom Cleaning,Clean Washroom,,TASK_COMPLETION_BASED,Yes,N/A — Single Session,10:00,45,1,3,Second job,No,09:30,20,Yes,10:00,10:00,11:00,1,,20,No,No meaningful delay occurred,Yes,Complexity of the problem,No,10:00,Exact — checked using calendar/message/booking records,"Calendar, Booking application/system",
2026-10-09 17:51:43,P346,1,P346-J01,2026-09-25,Cleaning,Bathroom Cleaning,Remove Bathroom Stains,,TASK_COMPLETION_BASED,Yes,N/A — Single Session,11:00,70,1,3,First job,Yes,,0,Not applicable,11:05,11:05,12:30,1,,0,No,No meaningful delay occurred,Yes,Complexity of the problem,No,11:00,Exact — checked using calendar/message/booking records,"Calendar, Booking application/system",
2026-10-09 18:19:06,P346,2,P346-J02,2026-09-25,Cleaning,House Cleaning,Full Home Cleaning,,TASK_COMPLETION_BASED,Yes,N/A — Single Session,12:00,215,1,3,Second job,No,09:30,20,Yes,12:05,12:05,15:45,1,,20,No,No meaningful delay occurred,About the same,Not applicable,No,12:00,Exact — checked using calendar/message/booking records,"Calendar, Booking application/system",
2026-10-09 18:27:17,P347,3,P347-J03,2026-09-25,Care Support,Pet Care,Feed Pet,,TASK_COMPLETION_BASED,Yes,N/A — Single Session,13:00,30,3,3,Second job,No,09:30,20,Yes,13:00,13:00,13:30,3,,20,No,No meaningful delay occurred,About the same,Not applicable,No,13:00,Exact — checked using calendar/message/booking records,"Calendar, Booking application/system",
2026-10-09 18:40:50,P347,4,P347-J04,2026-09-25,Care Support,Pet Care,Dog Walking,,FIXED_DURATION,Yes,N/A — Single Session,14:00,45,3,3,Second job,No,09:30,20,Yes,14:00,14:00,14:45,3,,20,No,No meaningful delay occurred,About the same,Not applicable,No,14:00,Exact — checked using calendar/message/booking records,"Calendar, Booking application/system",
2026-10-09 19:00:19,P347,5,P347-J05,2026-09-25,Care Support,Pet Care,Bathe Pet,,TASK_COMPLETION_BASED,Yes,N/A — Single Session,08:00,50,3,3,Second job,No,09:30,20,Yes,08:00,08:00,08:50,3,,20,No,No meaningful delay occurred,About the same,Not applicable,No,08:00,Exact — checked using calendar/message/booking records,"Calendar, Booking application/system",
2026-10-09 19:15:44,P347,1,P347-J01,2026-09-25,Care Support,Pet Care,Pet Sitting,,SHIFT_BASED,Yes,N/A — Single Session,09:00,390,3,3,First job,Yes,,0,Not applicable,09:00,09:00,15:25,3,,0,No,No meaningful delay occurred,About the same,Not applicable,No,09:00,Exact — checked using calendar/message/booking records,"Calendar, Booking application/system",
2026-10-09 19:37:26,P348,2,P348-J02,2026-09-25,Care Support,Disability Support,Personal Disability Assistance,,FIXED_DURATION,Yes,N/A — Single Session,10:00,200,4,3,Second job,No,09:30,20,Yes,10:00,10:00,13:30,4,,20,No,No meaningful delay occurred,Yes,Complexity of the problem,No,10:00,Exact — checked using calendar/message/booking records,"Calendar, Booking application/system",
2026-10-09 19:39:33,P348,3,P348-J03,2026-09-25,Care Support,Disability Support,Mobility Support,,FIXED_DURATION,Yes,N/A — Single Session,11:00,90,4,3,Second job,No,09:30,20,Yes,11:15,11:15,12:45,4,,20,Yes,Traffic congestion,About the same,Not applicable,No,11:00,Exact — checked using calendar/message/booking records,"Calendar, Booking application/system",
2026-10-09 19:41:52,P348,4,P348-J04,2026-09-25,Care Support,Disability Support,Daily Living Assistance,,FIXED_DURATION,Yes,N/A — Single Session,12:00,355,4,3,Second job,No,09:30,20,Yes,12:15,12:15,18:10,4,,20,Yes,Traffic congestion,About the same,Not applicable,No,12:00,Exact — checked using calendar/message/booking records,"Calendar, Booking application/system",
2026-10-09 19:42:13,P348,5,P348-J05,2026-09-25,Care Support,Elderly Care,Home Nursing Visit,,FIXED_DURATION,Yes,N/A — Single Session,13:00,75,4,3,Second job,No,09:30,20,Yes,13:15,13:15,14:20,4,,20,Yes,Traffic congestion,"No, it finished earlier",Not applicable,No,13:00,Exact — checked using calendar/message/booking records,"Calendar, Booking application/system",
2026-10-09 19:44:34,P348,1,P348-J01,2026-09-25,Care Support,Elderly Care,Medication Assistance,,TASK_COMPLETION_BASED,Yes,N/A — Single Session,14:00,25,4,3,First job,Yes,,0,Not applicable,14:10,14:10,14:45,4,,0,Yes,Traffic congestion,Yes,Complexity of the problem,No,14:00,Exact — checked using calendar/message/booking records,"Calendar, Booking application/system",
2026-10-09 19:56:08,P348,2,P348-J02,2026-09-25,Care Support,Personal Assistance,Home Helper Session,,FIXED_DURATION,Yes,N/A — Single Session,08:00,270,4,3,Second job,No,09:30,20,Yes,08:00,08:00,12:40,4,,20,No,No meaningful delay occurred,Yes,Complexity of the problem,No,08:00,Exact — checked using calendar/message/booking records,"Calendar, Booking application/system",
2026-10-09 20:56:49,P348,3,P348-J03,2026-09-25,Care Support,Personal Assistance,Personal Assistance,,FIXED_DURATION,Yes,N/A — Single Session,09:00,315,4,3,Second job,No,09:30,20,Yes,09:05,09:05,14:20,4,,20,No,No meaningful delay occurred,About the same,Not applicable,No,09:00,Exact — checked using calendar/message/booking records,"Calendar, Booking application/system",
2026-10-09 21:18:34,P349,4,P349-J04,2026-09-25,Repairing,Painting & Renovation,Paint Interior Wall,,TASK_COMPLETION_BASED,Yes,N/A — Single Session,10:00,120,5,3,Second job,No,09:30,20,Yes,10:10,10:10,12:00,5,,20,Yes,Traffic congestion,"No, it finished earlier",Not applicable,No,10:00,Exact — checked using calendar/message/booking records,"Calendar, Booking application/system",
2026-10-09 21:43:03,P349,5,P349-J05,2026-09-25,Repairing,Painting & Renovation,Paint Exterior Wall,,TASK_COMPLETION_BASED,Yes,N/A — Single Session,11:00,185,5,3,Second job,No,09:30,20,Yes,11:05,11:05,14:05,5,,20,No,No meaningful delay occurred,About the same,Not applicable,No,11:00,Exact — checked using calendar/message/booking records,"Calendar, Booking application/system",
2026-10-09 21:49:30,P349,1,P349-J01,2026-09-25,Repairing,Painting & Renovation,Paint Room,,TASK_COMPLETION_BASED,Yes,N/A — Single Session,12:00,165,5,3,First job,Yes,,0,Not applicable,12:10,12:10,14:55,5,,0,Yes,Traffic congestion,About the same,Not applicable,No,12:00,Exact — checked using calendar/message/booking records,"Calendar, Booking application/system",
2026-10-09 21:53:37,P349,2,P349-J02,2026-09-25,Repairing,Painting & Renovation,Paint Whole House,,TASK_COMPLETION_BASED,Yes,N/A — Single Session,13:00,450,5,3,Second job,No,09:30,20,Yes,13:00,13:00,20:35,5,,20,No,No meaningful delay occurred,About the same,Not applicable,No,13:00,Exact — checked using calendar/message/booking records,"Calendar, Booking application/system",
2026-10-10 08:08:15,P349,3,P349-J03,2026-09-25,Repairing,Painting & Renovation,Prepare Wall Surface,,TASK_COMPLETION_BASED,Yes,N/A — Single Session,14:00,70,5,3,Second job,No,09:30,20,Yes,14:00,14:00,15:20,5,,20,No,No meaningful delay occurred,Yes,Complexity of the problem,No,14:00,Exact — checked using calendar/message/booking records,"Calendar, Booking application/system",
2026-10-10 08:38:22,P349,4,P349-J04,2026-09-25,Repairing,Painting & Renovation,Repair Wall Crack,,TASK_COMPLETION_BASED,Yes,N/A — Single Session,08:00,70,5,3,Second job,No,09:30,20,Yes,08:05,08:05,09:15,5,,20,No,No meaningful delay occurred,About the same,Not applicable,No,08:00,Exact — checked using calendar/message/booking records,"Calendar, Booking application/system",
2026-10-10 08:52:25,P349,5,P349-J05,2026-09-25,Repairing,Painting & Renovation,Replace Damaged Tile,,TASK_COMPLETION_BASED,Yes,N/A — Single Session,09:00,70,5,3,Second job,No,09:30,20,Yes,09:10,09:10,10:30,5,,20,Yes,Traffic congestion,Yes,Complexity of the problem,No,09:00,Exact — checked using calendar/message/booking records,"Calendar, Booking application/system",
2026-10-10 09:53:04,P350,1,P350-J01,2026-09-25,Gardening,Garden Maintenance,Water Plants,,TASK_COMPLETION_BASED,Yes,N/A — Single Session,10:00,35,2,3,First job,Yes,,0,Not applicable,10:00,10:00,10:40,2,,0,No,No meaningful delay occurred,About the same,Not applicable,No,10:00,Exact — checked using calendar/message/booking records,"Calendar, Booking application/system",
2026-10-10 10:59:23,P350,2,P350-J02,2026-09-25,Gardening,Garden Maintenance,Mow Lawn,,TASK_COMPLETION_BASED,Yes,N/A — Single Session,11:00,65,2,3,Second job,No,09:30,20,Yes,11:10,11:10,12:10,2,,20,Yes,Traffic congestion,About the same,Not applicable,No,11:00,Exact — checked using calendar/message/booking records,"Calendar, Booking application/system",
2026-10-10 10:59:35,P350,3,P350-J03,2026-09-25,Gardening,Garden Maintenance,Trim Tree Branches,,TASK_COMPLETION_BASED,Yes,N/A — Single Session,12:00,110,2,3,Second job,No,09:30,20,Yes,12:00,12:00,13:40,2,,20,No,No meaningful delay occurred,"No, it finished earlier",Not applicable,No,12:00,Exact — checked using calendar/message/booking records,"Calendar, Booking application/system",
2026-10-10 11:19:17,P350,4,P350-J04,2026-09-25,Gardening,Garden Maintenance,Prune Plants,,TASK_COMPLETION_BASED,Yes,N/A — Single Session,13:00,50,2,3,Second job,No,09:30,20,Yes,13:15,13:15,14:05,2,,20,Yes,Traffic congestion,About the same,Not applicable,No,13:00,Exact — checked using calendar/message/booking records,"Calendar, Booking application/system",
2026-10-10 11:28:36,P351,5,P351-J05,2026-09-25,Repairing,Electrical Repair,Replace Ceiling Fan,,TASK_COMPLETION_BASED,Yes,N/A — Single Session,14:00,65,3,3,Second job,No,09:30,20,Yes,14:10,14:10,15:10,3,,20,Yes,Traffic congestion,About the same,Not applicable,No,14:00,Exact — checked using calendar/message/booking records,"Calendar, Booking application/system",
2026-10-10 11:53:36,P351,1,P351-J01,2026-09-25,Repairing,Electrical Repair,Install Switch,,TASK_COMPLETION_BASED,Yes,N/A — Single Session,08:00,30,3,3,First job,Yes,,0,Not applicable,08:00,08:00,08:30,3,,0,No,No meaningful delay occurred,About the same,Not applicable,No,08:00,Exact — checked using calendar/message/booking records,"Calendar, Booking application/system",
2026-10-10 12:03:41,P351,2,P351-J02,2026-09-25,Repairing,Electrical Repair,Replace Power Socket,,TASK_COMPLETION_BASED,Yes,N/A — Single Session,09:00,35,3,3,Second job,No,09:30,20,Yes,09:00,09:00,09:30,3,,20,No,No meaningful delay occurred,About the same,Not applicable,No,09:00,Exact — checked using calendar/message/booking records,"Calendar, Booking application/system",
2026-10-10 12:17:59,P351,3,P351-J03,2026-09-25,Repairing,Electrical Repair,Repair Electrical Wiring,,TASK_COMPLETION_BASED,Yes,N/A — Single Session,10:00,95,3,3,Second job,No,09:30,20,Yes,10:05,10:05,11:30,3,,20,No,No meaningful delay occurred,"No, it finished earlier",Not applicable,No,10:00,Exact — checked using calendar/message/booking records,"Calendar, Booking application/system",
2026-10-10 12:45:06,P351,4,P351-J04,2026-09-25,Repairing,Electrical Repair,Install New Wiring,,TASK_COMPLETION_BASED,Yes,N/A — Single Session,11:00,190,3,3,Second job,No,09:30,20,Yes,11:00,11:00,14:00,3,,20,No,No meaningful delay occurred,"No, it finished earlier",Not applicable,No,11:00,Exact — checked using calendar/message/booking records,"Calendar, Booking application/system",
2026-10-10 14:03:46,P351,5,P351-J05,2026-09-25,Repairing,Electrical Repair,Diagnose Television Fault,,TASK_COMPLETION_BASED,Yes,N/A — Single Session,12:00,30,3,3,Second job,No,09:30,20,Yes,12:15,12:15,12:45,3,,20,Yes,Traffic congestion,About the same,Not applicable,No,12:00,Exact — checked using calendar/message/booking records,"Calendar, Booking application/system",
2026-10-10 15:27:50,P351,1,P351-J01,2026-09-25,Repairing,Electrical Repair,Repair Refrigerator,,TASK_COMPLETION_BASED,Yes,N/A — Single Session,13:00,105,3,3,First job,Yes,,0,Not applicable,13:05,13:05,15:00,3,,0,No,No meaningful delay occurred,Yes,Complexity of the problem,No,13:00,Exact — checked using calendar/message/booking records,"Calendar, Booking application/system",
2026-10-10 15:53:28,P352,2,P352-J02,2026-09-25,Cleaning,House Cleaning,Clean Single Room,,TASK_COMPLETION_BASED,Yes,N/A — Single Session,14:00,60,1,3,Second job,No,09:30,20,Yes,14:05,14:05,15:05,1,,20,No,No meaningful delay occurred,About the same,Not applicable,No,14:00,Exact — checked using calendar/message/booking records,"Calendar, Booking application/system",
2026-10-10 16:00:06,P352,3,P352-J03,2026-09-25,Cleaning,House Cleaning,Dust and Surface Cleaning,,TASK_COMPLETION_BASED,Yes,N/A — Single Session,08:00,60,1,3,Second job,No,09:30,20,Yes,08:00,08:00,09:00,1,,20,No,No meaningful delay occurred,About the same,Not applicable,No,08:00,Exact — checked using calendar/message/booking records,"Calendar, Booking application/system",
2026-10-10 16:04:39,P352,4,P352-J04,2026-09-25,Cleaning,House Cleaning,Full Home Cleaning,,TASK_COMPLETION_BASED,Yes,N/A — Single Session,09:00,205,1,3,Second job,No,09:30,20,Yes,09:15,09:15,12:35,1,,20,Yes,Traffic congestion,About the same,Not applicable,No,09:00,Exact — checked using calendar/message/booking records,"Calendar, Booking application/system",
2026-10-10 16:16:17,P353,5,P353-J05,2026-09-25,Cleaning,House Cleaning,Deep Clean House,,TASK_COMPLETION_BASED,Yes,N/A — Single Session,10:00,205,2,3,Second job,No,09:30,20,Yes,10:00,10:00,13:25,2,,20,No,No meaningful delay occurred,About the same,Not applicable,No,10:00,Exact — checked using calendar/message/booking records,"Calendar, Booking application/system",
2026-10-10 16:17:21,P353,1,P353-J01,2026-09-25,Cleaning,House Cleaning,Dust and Surface Cleaning,,TASK_COMPLETION_BASED,Yes,N/A — Single Session,11:00,55,2,3,First job,Yes,,0,Not applicable,11:10,11:10,12:20,2,,0,Yes,Traffic congestion,Yes,Complexity of the problem,No,11:00,Exact — checked using calendar/message/booking records,"Calendar, Booking application/system",
2026-10-10 16:19:52,P353,2,P353-J02,2026-09-25,Cleaning,Post-Construction Cleaning,Post-Construction House Cleaning,,TASK_COMPLETION_BASED,Yes,N/A — Single Session,12:00,320,2,3,Second job,No,09:30,20,Yes,12:00,12:00,17:10,2,,20,No,No meaningful delay occurred,"No, it finished earlier",Not applicable,No,12:00,Exact — checked using calendar/message/booking records,"Calendar, Booking application/system",
2026-10-10 16:23:45,P354,3,P354-J03,2026-09-25,Repairing,Plumbing Repair,Repair Leaking Pipe,,TASK_COMPLETION_BASED,Yes,N/A — Single Session,13:00,60,2,3,Second job,No,09:30,20,Yes,13:10,13:10,14:10,2,,20,Yes,Traffic congestion,About the same,Not applicable,No,13:00,Exact — checked using calendar/message/booking records,"Calendar, Booking application/system",
2026-10-10 16:30:40,P354,4,P354-J04,2026-09-25,Repairing,Plumbing Repair,Replace Tap,,TASK_COMPLETION_BASED,Yes,N/A — Single Session,14:00,30,2,3,Second job,No,09:30,20,Yes,14:00,14:00,14:45,2,,20,No,No meaningful delay occurred,Yes,Complexity of the problem,No,14:00,Exact — checked using calendar/message/booking records,"Calendar, Booking application/system",
2026-10-10 16:41:55,P354,5,P354-J05,2026-09-25,Repairing,Plumbing Repair,Clean Water Tank,,TASK_COMPLETION_BASED,Yes,N/A — Single Session,08:00,150,2,3,Second job,No,09:30,20,Yes,08:05,08:05,10:35,2,,20,No,No meaningful delay occurred,About the same,Not applicable,No,08:00,Exact — checked using calendar/message/booking records,"Calendar, Booking application/system",
2026-10-10 17:12:02,P354,1,P354-J01,2026-09-25,Repairing,Plumbing Repair,Repair Water Tank Connection,,TASK_COMPLETION_BASED,Yes,N/A — Single Session,09:00,65,2,3,First job,Yes,,0,Not applicable,09:00,09:00,09:55,2,,0,No,No meaningful delay occurred,"No, it finished earlier",Not applicable,No,09:00,Exact — checked using calendar/message/booking records,"Calendar, Booking application/system",
2026-10-10 17:42:09,P354,2,P354-J02,2026-09-25,Repairing,Plumbing Repair,Clear Blocked Drain,,TASK_COMPLETION_BASED,Yes,N/A — Single Session,10:00,70,2,3,Second job,No,09:30,20,Yes,10:00,10:00,11:25,2,,20,No,No meaningful delay occurred,Yes,Complexity of the problem,No,10:00,Exact — checked using calendar/message/booking records,"Calendar, Booking application/system",
2026-10-10 17:53:05,P354,3,P354-J03,2026-09-25,Repairing,Plumbing Repair,Replace Toilet Pipe,,TASK_COMPLETION_BASED,Yes,N/A — Single Session,11:00,80,2,3,Second job,No,09:30,20,Yes,11:15,11:15,12:35,2,,20,Yes,Traffic congestion,About the same,Not applicable,No,11:00,Exact — checked using calendar/message/booking records,"Calendar, Booking application/system",
2026-10-10 18:39:07,P354,4,P354-J04,2026-09-25,Repairing,Plumbing Repair,Install Bathroom Pipe,,TASK_COMPLETION_BASED,Yes,N/A — Single Session,12:00,140,2,3,Second job,No,09:30,20,Yes,12:00,12:00,14:25,2,,20,No,No meaningful delay occurred,About the same,Not applicable,No,12:00,Exact — checked using calendar/message/booking records,"Calendar, Booking application/system",
2026-10-10 18:41:46,P355,5,P355-J05,2026-09-25,Repairing,Painting & Renovation,Paint Interior Wall,,TASK_COMPLETION_BASED,Yes,N/A — Single Session,13:00,110,3,3,Second job,No,09:30,20,Yes,13:15,13:15,15:15,3,,20,Yes,Traffic congestion,Yes,Complexity of the problem,No,13:00,Exact — checked using calendar/message/booking records,"Calendar, Booking application/system",
2026-10-10 19:03:15,P355,1,P355-J01,2026-09-25,Repairing,Painting & Renovation,Paint Room,,TASK_COMPLETION_BASED,Yes,N/A — Single Session,14:00,165,3,3,First job,Yes,,0,Not applicable,14:10,14:10,17:05,3,,0,Yes,Traffic congestion,Yes,Complexity of the problem,No,14:00,Exact — checked using calendar/message/booking records,"Calendar, Booking application/system",
2026-10-10 19:03:52,P355,2,P355-J02,2026-09-25,Repairing,Painting & Renovation,Paint Ceiling,,TASK_COMPLETION_BASED,Yes,N/A — Single Session,08:00,80,3,3,Second job,No,09:30,20,Yes,08:10,08:10,09:30,3,,20,Yes,Traffic congestion,About the same,Not applicable,No,08:00,Exact — checked using calendar/message/booking records,"Calendar, Booking application/system",
2026-10-10 19:23:45,P355,3,P355-J03,2026-09-25,Repairing,Painting & Renovation,Prepare Wall Surface,,TASK_COMPLETION_BASED,Yes,N/A — Single Session,09:00,85,3,3,Second job,No,09:30,20,Yes,09:00,09:00,10:40,3,,20,No,No meaningful delay occurred,Yes,Complexity of the problem,No,09:00,Exact — checked using calendar/message/booking records,"Calendar, Booking application/system",
2026-10-10 19:55:07,P355,4,P355-J04,2026-09-25,Repairing,Painting & Renovation,Repair Wall Crack,,TASK_COMPLETION_BASED,Yes,N/A — Single Session,10:00,70,3,3,Second job,No,09:30,20,Yes,10:00,10:00,11:10,3,,20,No,No meaningful delay occurred,About the same,Not applicable,No,10:00,Exact — checked using calendar/message/booking records,"Calendar, Booking application/system",
2026-10-10 19:59:22,P355,5,P355-J05,2026-09-25,Repairing,Painting & Renovation,Minor Renovation Work,,TASK_COMPLETION_BASED,Yes,N/A — Single Session,11:00,205,3,3,Second job,No,09:30,20,Yes,11:10,11:10,14:40,3,,20,Yes,Traffic congestion,About the same,Not applicable,No,11:00,Exact — checked using calendar/message/booking records,"Calendar, Booking application/system",
2026-10-10 20:04:41,P356,1,P356-J01,2026-09-25,Cleaning,House Cleaning,General House Cleaning,,TASK_COMPLETION_BASED,Yes,N/A — Single Session,12:00,150,1,3,First job,Yes,,0,Not applicable,12:00,12:00,14:30,1,,0,No,No meaningful delay occurred,About the same,Not applicable,No,12:00,Exact — checked using calendar/message/booking records,"Calendar, Booking application/system",
2026-10-10 20:37:45,P356,2,P356-J02,2026-09-25,Cleaning,House Cleaning,Deep Clean House,,TASK_COMPLETION_BASED,Yes,N/A — Single Session,13:00,240,1,3,Second job,No,09:30,20,Yes,13:00,13:00,17:10,1,,20,No,No meaningful delay occurred,Yes,Complexity of the problem,No,13:00,Exact — checked using calendar/message/booking records,"Calendar, Booking application/system",
2026-10-10 20:38:25,P356,3,P356-J03,2026-09-25,Cleaning,House Cleaning,Clean Single Room,,TASK_COMPLETION_BASED,Yes,N/A — Single Session,14:00,55,1,3,Second job,No,09:30,20,Yes,14:05,14:05,15:00,1,,20,No,No meaningful delay occurred,About the same,Not applicable,No,14:00,Exact — checked using calendar/message/booking records,"Calendar, Booking application/system",
2026-10-10 20:46:55,P356,4,P356-J04,2026-09-25,Cleaning,House Cleaning,Mop and Clean Floors,,TASK_COMPLETION_BASED,Yes,N/A — Single Session,08:00,55,1,3,Second job,No,09:30,20,Yes,08:05,08:05,09:00,1,,20,No,No meaningful delay occurred,About the same,Not applicable,No,08:00,Exact — checked using calendar/message/booking records,"Calendar, Booking application/system",
2026-10-10 20:58:56,P356,5,P356-J05,2026-09-25,Cleaning,House Cleaning,Dust and Surface Cleaning,,TASK_COMPLETION_BASED,Yes,N/A — Single Session,09:00,60,1,3,Second job,No,09:30,20,Yes,09:00,09:00,10:10,1,,20,No,No meaningful delay occurred,Yes,Complexity of the problem,No,09:00,Exact — checked using calendar/message/booking records,"Calendar, Booking application/system",
2026-10-10 21:42:35,P356,1,P356-J01,2026-09-25,Cleaning,House Cleaning,Full Home Cleaning,,TASK_COMPLETION_BASED,Yes,N/A — Single Session,10:00,225,1,3,First job,Yes,,0,Not applicable,10:00,10:00,13:55,1,,0,No,No meaningful delay occurred,Yes,Complexity of the problem,No,10:00,Exact — checked using calendar/message/booking records,"Calendar, Booking application/system",
2026-10-10 21:45:44,P356,2,P356-J02,2026-09-25,Cleaning,Move In/Out Cleaning,Move-In Cleaning,,TASK_COMPLETION_BASED,Yes,N/A — Single Session,11:00,220,1,3,Second job,No,09:30,20,Yes,11:10,11:10,14:55,1,,20,Yes,Traffic congestion,About the same,Not applicable,No,11:00,Exact — checked using calendar/message/booking records,"Calendar, Booking application/system",
2026-10-10 21:50:00,P356,3,P356-J03,2026-09-25,Cleaning,Post-Construction Cleaning,Clean Post-Renovation Area,,TASK_COMPLETION_BASED,Yes,N/A — Single Session,12:00,235,1,3,Second job,No,09:30,20,Yes,12:00,12:00,15:55,1,,20,No,No meaningful delay occurred,About the same,Not applicable,No,12:00,Exact — checked using calendar/message/booking records,"Calendar, Booking application/system",
