text,service,sub_service
i need house cleaning,cleaning,house cleaning
clean full home please,cleaning,house cleaning
home deep cleaning needed,cleaning,house cleaning
my house is very dirty clean all,cleaning,house cleaning
clean living room and bedrooms,cleaning,house cleaning
need full apartment cleaning,cleaning,house cleaning
kitchen cleaning needed,cleaning,kitchen cleaning
clean my kitchen stove and sink,cleaning,kitchen cleaning
kitchen full grease remove,cleaning,kitchen cleaning
need kitchen deep clean,cleaning,kitchen cleaning
bathroom cleaning needed,cleaning,bathroom cleaning
toilet washroom cleaning,cleaning,bathroom cleaning
clean bathroom tiles and toilet,cleaning,bathroom cleaning
bath room bad smell clean,cleaning,bathroom cleaning
office cleaning service,cleaning,office cleaning
small office need cleaning,cleaning,office cleaning
shop place clean required,cleaning,office cleaning
workspace cleaning today,cleaning,office cleaning
post construction cleaning needed,cleaning,post-construction cleaning
after renovation cleaning help,cleaning,post-construction cleaning
cement dust cleaning service,cleaning,post-construction cleaning
new house construction clean,cleaning,post-construction cleaning
move in cleaning needed,cleaning,move-in/move-out cleaning
move out deep clean house,cleaning,move-in/move-out cleaning
tenant leaving need clean,cleaning,move-in/move-out cleaning
handover cleaning service,cleaning,move-in/move-out cleaning
sofa cleaning needed,cleaning,sofa/carpet/curtain cleaning
carpet cleaning service,cleaning,sofa/carpet/curtain cleaning
curtain wash and clean,cleaning,sofa/carpet/curtain cleaning
sofa carpet curtain clean all,cleaning,sofa/carpet/curtain cleaning
garden maintenance needed,gardening,garden maintenance
trim grass in garden,gardening,garden maintenance
watering plants daily help,gardening,garden maintenance
cut bushes and cleaning garden,gardening,garden maintenance
landscaping service needed,gardening,landscaping
need garden design idea,gardening,landscaping
arrange front yard landscape,gardening,landscaping
garden makeover help,gardening,landscaping
plant flowers in garden,gardening,planting
flower planting support,gardening,planting
need plant new flowers,gardening,planting
vegetable planting in backyard,gardening,planting
kitchen garden setup help,gardening,planting
need gardener for planting,gardening,planting
need babysitter,care_support,child care
child care at home needed,care_support,child care
look after my baby,care_support,child care
take care of kids after school,care_support,child care
elderly care service needed,care_support,elderly care
home nursing for old father,care_support,elderly care
care for senior mother,care_support,elderly care
old patient home support,care_support,elderly care
pet care needed for dog,care_support,pet care
dog walking and feeding,care_support,pet care
cat grooming support,care_support,pet care
pet sitter needed,care_support,pet care
need disability support helper,care_support,disability support
special needs support at home,care_support,disability support
assist disabled person daily,care_support,disability support
personal assistant for daily tasks,care_support,personal assistance
need person for home daily help,care_support,personal assistance
help with shopping and medicine,care_support,personal assistance
fan not working,repairing,electrical
fan not spinning,repairing,electrical
fan stopped working suddenly,repairing,electrical
ceiling fan making noise,repairing,electrical
fan very slow,repairing,electrical
fan burning smell,repairing,electrical
fan not turning on,repairing,electrical
need fan repair,repairing,electrical
tv not turning on,repairing,electrical
tv black screen,repairing,electrical
tv no signal issue,repairing,electrical
tv has sound but no picture,repairing,electrical
tv cracked screen,repairing,electrical
smart tv not working,repairing,electrical
fridge not cooling,repairing,electrical
fridge making noise,repairing,electrical
refrigerator leaking water,repairing,electrical
fridge door not closing properly,repairing,electrical
freezer ice buildup problem,repairing,electrical
washing machine not spinning,repairing,electrical
washing machine leaking water,repairing,electrical
washing machine not starting,repairing,electrical
washing machine shaking a lot,repairing,electrical
washing machine error code showing,repairing,electrical
light not working,repairing,electrical
light flickering,repairing,electrical
bulb not turning on,repairing,electrical
led light issue,repairing,electrical
power issue in light,repairing,electrical
rice cooker not heating,repairing,electrical
rice cooker burning food,repairing,electrical
rice cooker power problem,repairing,electrical
pipe leaking,repairing,plumbing
water leaking from pipe,repairing,plumbing
water leak in bathroom,repairing,plumbing
kitchen pipe leaking,repairing,plumbing
tap leaking continuously,repairing,plumbing
sink blocked,repairing,plumbing
kitchen sink clogged,repairing,plumbing
drain blocked,repairing,plumbing
bathroom drain slow,repairing,plumbing
water not draining,repairing,plumbing
toilet overflow,repairing,plumbing
toilet not flushing,repairing,plumbing
toilet water keeps running,repairing,plumbing
toilet blocked,repairing,plumbing
low water pressure,repairing,plumbing
water pressure very low,repairing,plumbing
no water from tap sometimes,repairing,plumbing
water tank overflow,repairing,plumbing
tank leaking,repairing,plumbing
pipe burst issue,repairing,plumbing
broken pipe,repairing,plumbing
broken chair,repairing,furniture
chair leg broken,repairing,furniture
chair unstable,repairing,furniture
chair shaking problem,repairing,furniture
chair screw loose,repairing,furniture
table broken,repairing,furniture
table leg damaged,repairing,furniture
table shaking,repairing,furniture
table surface cracked,repairing,furniture
sofa damaged,repairing,furniture
sofa torn fabric,repairing,furniture
sofa cushion sagging,repairing,furniture
sofa broken frame,repairing,furniture
sofa need repair,repairing,furniture
bed broken,repairing,furniture
bed making noise,repairing,furniture
bed frame damaged,repairing,furniture
bed support broken,repairing,furniture
wardrobe door not closing,repairing,furniture
cabinet hinge broken,repairing,furniture
drawer stuck,repairing,furniture
cupboard door misaligned,repairing,furniture
furniture assembly needed,repairing,furniture
need help assembling furniture,repairing,furniture
install new bed,repairing,furniture
fan not wrking,repairing,electrical
tv not wrking,repairing,electrical
fridge nt cooling,repairing,electrical
pipe leakng,repairing,plumbing
sink blokd,repairing,plumbing
chair brokn,repairing,furniture
sofa dmg,repairing,furniture
looking for living room and bedroom cleaning in colombo,cleaning,house cleaning
my house is very dirty need full clean in negombo,cleaning,house cleaning
please send residential cleaning helper urgently,cleaning,house cleaning
dusty house clean up required,cleaning,house cleaning
looking for ceiling dust cobweb removal home in negombo,cleaning,house cleaning
need home helper for deep cleaning floor and rooms,cleaning,house cleaning
full villa deep clean service,cleaning,house cleaning
urgently need home floor scrubbing and dust cleaning asap,cleaning,house cleaning
whole house cleaning needed urgently,cleaning,house cleaning
i need house disinfection and cleaning at my location,cleaning,house cleaning
find me 3 bedroom house clean at my home,cleaning,house cleaning
req 3 bedroom house clean in galle,cleaning,house cleaning
i need living room and bedroom cleaning near me,cleaning,house cleaning
search for house dusting and mopping at my home,cleaning,house cleaning
i need complete home maid cleaning service for my office,cleaning,house cleaning
req home floor scrubbing and dust cleaning this weekend,cleaning,house cleaning
req deep clean apartment before party in negombo,cleaning,house cleaning
urgent home floor scrubbing and dust cleaning in negombo,cleaning,house cleaning
can someone full house deep clening in galle,cleaning,house cleaning
please send residential cleaning helper in negombo,cleaning,house cleaning
search for house disinfection and cleaning in kandy,cleaning,house cleaning
urgent complete home maid cleaning service today,cleaning,house cleaning
my house is very dirty need full clen quick service,cleaning,house cleaning
want to hire full house deep cleaning at my home,cleaning,house cleaning
find me full house deep cleaning today,cleaning,house cleaning
asap house disinfection and cleaning at my home,cleaning,house cleaning
plz home floor scrubbing and dust cleaning near me,cleaning,house cleaning
asap house dusting and mopping at my location,cleaning,house cleaning
asap full house deep cleaning urgently,cleaning,house cleaning
want to hire residential cleaning helper urgently,cleaning,house cleaning
want to hire house disinfection and cleaning quick service,cleaning,house cleaning
search for house disinfection and cleaning for my apartment,cleaning,house cleaning
my house is very dirty need full clean for my apartment,cleaning,house cleaning
please send home floor scrubbing and dust cleaning this weekend,cleaning,house cleaning
urgently need ceiling dust cobweb removal home in galle,cleaning,house cleaning
please send 3 bedroom house clean near me,cleaning,house cleaning
i need 3 bedroom house clean asap,cleaning,house cleaning
urgently need home floor scrubbing and dust cleaning in colombo,cleaning,house cleaning
i need full house deep cleaning quick service,cleaning,house cleaning
need complete home maid cleaning service at my home,cleaning,house cleaning
please send home floor scrubbing and dust cleaning today,cleaning,house cleaning
my house is very dirty need full clean in kandy,cleaning,house cleaning
need complete home maid cleaning service in kurunegala,cleaning,house cleaning
can i get house dusting and mopping urgently,cleaning,house cleaning
can i get house disinfection and cleaning urgently,cleaning,house cleaning
search for house dusting and mopping in kurunegala,cleaning,house cleaning
can i get living room and bedroom clening at my home,cleaning,house cleaning
looking for complete home maid cleaning service this weekend,cleaning,house cleaning
where to get full house deep cleaning at my home,cleaning,house cleaning
need 3 bedroom house clean quick service,cleaning,house cleaning
please send house dusting and mopping for my office,cleaning,house cleaning
please send 3 bedroom house clean at my home,cleaning,house cleaning
can i get ceiling dust cobweb removal home in kurunegala,cleaning,house cleaning
urgently need deep clean apartment before party today,cleaning,house cleaning
my house is very dirty need full clean in kurunegala,cleaning,house cleaning
search for 3 bedroom house clean in colombo,cleaning,house cleaning
help me with ceiling dust cobweb removal home in galle,cleaning,house cleaning
req house dusting and mopping urgently,cleaning,house cleaning
req residential cleaning helper asap,cleaning,house cleaning
help me with 3 bedroom house clean quick service,cleaning,house cleaning
where to get residential cleaning helper for my house,cleaning,house cleaning
can i get ceiling dust cobweb removal home for my house,cleaning,house cleaning
my house is very dirty need full clean near me,cleaning,house cleaning
can someone ceiling dust cobweb removal home for my apartment,cleaning,house cleaning
asap full house deep cleaning at my location,cleaning,house cleaning
i need house disinfection and cleaning in kandy,cleaning,house cleaning
i need living room and bedroom cleaning urgently,cleaning,house cleaning
want to hire residential cleaning helper for my apartment,cleaning,house cleaning
i need home floor scrubbing and dust cleaning in galle,cleaning,house cleaning
find me deep clean apartment before party at my home,cleaning,house cleaning
looking for deep clean apartment before party asap,cleaning,house cleaning
find me complete home maid cleaning service near me,cleaning,house cleaning
need 3 bedroom house clean this weekend,cleaning,house cleaning
my house is very dirty need full clean for my house,cleaning,house cleaning
help me with home floor scrubbing and dust cleaning in colombo,cleaning,house cleaning
plz ceiling dust cobweb removal home for my house,cleaning,house cleaning
can i get house disinfection and cleaning in colombo,cleaning,house cleaning
find me house disinfection and cleaning for my office,cleaning,house cleaning
can someone 3 bedroom house clean in galle,cleaning,house cleaning
please send full house deep cleaning at my home,cleaning,house cleaning
req home floor scrubbing and dust cleaning urgently,cleaning,house cleaning
need 3 bedroom house clean for my house,cleaning,house cleaning
urgently need deep clean apartment before party quick service,cleaning,house cleaning
where to get deep clean apartment before party for my house,cleaning,house cleaning
urgent ceiling dust cobweb removal home for my house,cleaning,house cleaning
can i get full house deep cleaning urgently,cleaning,house cleaning
my house is very dirty need full clean in galle,cleaning,house cleaning
urgent 3 bedroom house clean in galle,cleaning,house cleaning
want to hire deep clean apartment before party asap,cleaning,house cleaning
please send complete home maid cleaning service today,cleaning,house cleaning
my house is very dirty need full clean for my office,cleaning,house cleaning
urgently need home floor scrubbing and dust cleaning this weekend,cleaning,house cleaning
urgent living room and bedroom cleaning quick service,cleaning,house cleaning
asap ceiling dust cobweb removal home near me,cleaning,house cleaning
asap living room and bedroom cleaning at my home,cleaning,house cleaning
can i get house dusting and mopping in kurunegala,cleaning,house cleaning
asap ceiling dust cobweb removal home for my apartment,cleaning,house cleaning
req living room and bedroom cleaning near me,cleaning,house cleaning
req 3 bedroom house clean in negombo,cleaning,house cleaning
urgent residential cleaning helper today,cleaning,house cleaning
please send ceiling dust cobweb removal home in colombo,cleaning,house cleaning
req residential clening helper for my office,cleaning,house cleaning
req home floor scrubbing and dust cleaning in kandy,cleaning,house cleaning
can someone full house deep cleaning in galle,cleaning,house cleaning
urgently need full house deep cleaning at my home,cleaning,house cleaning
urgently need deep clean apartment before party in kurunegala,cleaning,house cleaning
need ceiling dust cobweb removal home in colombo,cleaning,house cleaning
my house is very dirty need full clean urgently,cleaning,house cleaning
please send home floor scrubbing and dust cleaning asap,cleaning,house cleaning
help me with house disinfection and cleaning in kurunegala,cleaning,house cleaning
find me house dusting and mopping today,cleaning,house cleaning
find me ceiling dust cobweb removal home in negombo,cleaning,house cleaning
looking for ceiling dust cobweb removal home for my office,cleaning,house cleaning
want to hire full house deep cleaning in colombo,cleaning,house cleaning
need home floor scrubbing and dust cleaning in kurunegala,cleaning,house cleaning
can i get home floor scrubbing and dust cleaning in negombo,cleaning,house cleaning
please send complete home maid cleaning service for my apartment,cleaning,house cleaning
can someone deep clean apartment before party quick service,cleaning,house cleaning
i need full house deep cleaning for my office,cleaning,house cleaning
i need complete home maid cleaning service at my home,cleaning,house cleaning
want to hire deep clean apartment before party for my office,cleaning,house cleaning
urgent house dusting and mopping urgently,cleaning,house cleaning
urgently need complete home maid cleaning service for my house,cleaning,house cleaning
want to hire full house deep cleaning near me,cleaning,house cleaning
urgently need full house deep clening today,cleaning,house cleaning
can someone living room and bedroom cleaning for my apartment,cleaning,house cleaning
can i get living room and bedroom cleaning urgently,cleaning,house cleaning
find me 3 bedroom house clean urgently,cleaning,house cleaning
whole house clening needed urgently,cleaning,house cleaning
full villa deep clean servis,cleaning,house cleaning
help me with home floor scrubbing and dust cleaning at my location,cleaning,house cleaning
please send living room and bedroom cleaning for my office,cleaning,house cleaning
my house is very dirty need full clean in colombo,cleaning,house cleaning
please send full house deep cleaning in colombo,cleaning,house cleaning
req deep clean apartment before party today,cleaning,house cleaning
can i get house dusting and mopping asap,cleaning,house cleaning
my house is very dirty need full clean at my home,cleaning,house cleaning
req residential cleaning helper in kandy,cleaning,house cleaning
want to hire 3 bedroom house clean for my house,cleaning,house cleaning
please send house dusting and mopping at my home,cleaning,house cleaning
need residential cleaning helper for my office,cleaning,house cleaning
req 3 bedroom house clean in kandy,cleaning,house cleaning
req ceiling dust cobweb removal home in colombo,cleaning,house cleaning
asap deep clean apartment before party in colombo,cleaning,house cleaning
urgent ceiling dust cobweb removal home in kandy,cleaning,house cleaning
please send deep clean apartment before party asap,cleaning,house cleaning
looking for house disinfection and cleaning in kurunegala,cleaning,house cleaning
find me residential cleaning helper this weekend,cleaning,house cleaning
can someone home floor scrubbing and dust cleaning today,cleaning,house cleaning
help me with full house deep cleaning in negombo,cleaning,house cleaning
req residential cleaning helper in galle,cleaning,house cleaning
my house is very dirty need full clean at my location,cleaning,house cleaning
can someone ceiling dust cobweb removal home at my home,cleaning,house cleaning
urgent house disinfection and cleaning at my home,cleaning,house cleaning
can someone house dusting and mopping in kurunegala,cleaning,house cleaning
want to hire 3 bedroom house clean asap,cleaning,house cleaning
urgent deep clean apartment before party urgently,cleaning,house cleaning
help me with home floor scrubbing and dust clening asap,cleaning,house cleaning
can i get 3 bedroom house clean this weekend,cleaning,house cleaning
looking for complete home maid clening service this weekend,cleaning,house cleaning
looking for residential cleaning helper at my home,cleaning,house cleaning
where to get residential cleaning helper urgently,cleaning,house cleaning
urgent complete home maid cleaning service in kurunegala,cleaning,house cleaning
want to hire house disinfection and cleaning near me,cleaning,house cleaning
need complete home maid cleaning service for my house,cleaning,house cleaning
urgent ceiling dust cobweb removal home in galle,cleaning,house cleaning
urgently need living room and bedroom cleaning in galle,cleaning,house cleaning
req living room and bedroom cleaning in negombo,cleaning,house cleaning
please send home floor scrubbing and dust cleaning for my office,cleaning,house cleaning
need 3 bedroom house clean for my office,cleaning,house cleaning
want to hire house dusting and mopping in colombo,cleaning,house cleaning
plz deep clean apartment before party in kurunegala,cleaning,house cleaning
need residential cleaning helper asap,cleaning,house cleaning
can someone house dusting and mopping quick servis,cleaning,house cleaning
req house disinfection and cleaning quick service,cleaning,house cleaning
my house is very dirty need full clean this weekend,cleaning,house cleaning
urgent residential cleaning helper urgently,cleaning,house cleaning
help me with living room and bedroom cleaning urgently,cleaning,house cleaning
can i get deep clean apartment before party in negombo,cleaning,house cleaning
search for 3 bedroom house clean near me,cleaning,house cleaning
want to hire house disinfection and cleaning in kurunegala,cleaning,house cleaning
looking for house disinfection and cleaning for my house,cleaning,house cleaning
search for deep clean apartment before party near me,cleaning,house cleaning
asap residential cleaning helper in negombo,cleaning,house cleaning
asap house dusting and mopping near me,cleaning,house cleaning
plz 3 bedroom house clean in galle,cleaning,house cleaning
search for home floor scrubbing and dust cleaning in colombo,cleaning,house cleaning
help me with residential cleaning helper in colombo,cleaning,house cleaning
asap residential cleaning helper asap,cleaning,house cleaning
plz full house deep cleaning today,cleaning,house cleaning
help me with living room and bedroom cleaning in negombo,cleaning,house cleaning
req residential cleaning helper for my house,cleaning,house cleaning
asap house disinfection and cleaning at my location,cleaning,house cleaning
can i get residential cleaning helper at my home,cleaning,house cleaning
please send residential cleaning helper today,cleaning,house cleaning
plz 3 bedroom house clean in negombo,cleaning,house cleaning
asap home floor scrubbing and dust cleaning today,cleaning,house cleaning
please send ceiling dust cobweb removal home this weekend,cleaning,house cleaning
search for living room and bedroom clening in colombo,cleaning,house cleaning
req residential cleaning helper for my apartment,cleaning,house cleaning
can i get ceiling dust cobweb removal home for my office,cleaning,house cleaning
where to get living room and bedroom clening quick service,cleaning,house cleaning
urgently need full house deep cleaning in galle,cleaning,house cleaning
can someone 3 bedroom house clean urgently,cleaning,house cleaning
urgently need home floor scrubbing and dust cleaning in negombo,cleaning,house cleaning
where to get 3 bedroom house clean in negombo,cleaning,house cleaning
can someone 3 bedroom house clean in kandy,cleaning,house cleaning
req full house deep cleaning urgently,cleaning,house cleaning
want to hire living room and bedroom cleaning for my office,cleaning,house cleaning
looking for full house deep cleaning at my home,cleaning,house cleaning
can i get home floor scrubbing and dust cleaning asap,cleaning,house cleaning
looking for house disinfection and cleaning in negombo,cleaning,house cleaning
asap home floor scrubbing and dust cleaning in kandy,cleaning,house cleaning
req complete home maid cleaning service for my house,cleaning,house cleaning
req 3 bedroom house clean asap,cleaning,house cleaning
help me with residential cleaning helper today,cleaning,house cleaning
full villa deep clen service,cleaning,house cleaning
plz ceiling dust cobweb removal home in kurunegala,cleaning,house cleaning
req living room and bedroom cleaning in kandy,cleaning,house cleaning
asap complete home maid cleaning service quick service,cleaning,house cleaning
please send house disinfection and cleaning in kurunegala,cleaning,house cleaning
want to hire living room and bedroom cleaning in kandy,cleaning,house cleaning
plz complete home maid cleaning service in kandy,cleaning,house cleaning
urgent living room and bedroom cleaning in kurunegala,cleaning,house cleaning
can i get living room and bedroom cleaning at my home,cleaning,house cleaning
urgent complete home maid cleaning service at my home,cleaning,house cleaning
asap 3 bedroom house clean quick service,cleaning,house cleaning
asap home floor scrubbing and dust cleaning in galle,cleaning,house cleaning
looking for house disinfection and cleaning this weekend,cleaning,house cleaning
req house dusting and mopping quick service,cleaning,house cleaning
where to get complete home maid cleaning service in colombo,cleaning,house cleaning
my house is very dirty need full clean today,cleaning,house cleaning
can someone living room and bedroom cleaning quick service,cleaning,house cleaning
req 3 bedroom house clean for my apartment,cleaning,house cleaning
where to get full house deep cleaning in kandy,cleaning,house cleaning
find me ceiling dust cobweb removal home for my apartment,cleaning,house cleaning
where to get 3 bedroom house clean at my home,cleaning,house cleaning
i need deep clean apartment before party for my house,cleaning,house cleaning
urgent complete home maid cleaning service in kandy,cleaning,house cleaning
where to get full house deep cleaning this weekend,cleaning,house cleaning
i need complete home maid cleaning service in negombo,cleaning,house cleaning
find me house disinfection and cleaning for my apartment,cleaning,house cleaning
where to get residential cleaning helper near me,cleaning,house cleaning
where to get living room and bedroom cleaning urgently,cleaning,house cleaning
looking for home floor scrubbing and dust cleaning in kurunegala,cleaning,house cleaning
i need home floor scrubbing and dust cleaning in negombo,cleaning,house cleaning
search for 3 bedroom house clean for my office,cleaning,house cleaning
need home helper for deep clening floor and rooms,cleaning,house cleaning
find me ceiling dust cobweb removal home in galle,cleaning,house cleaning
can someone house dusting and mopping urgently,cleaning,house cleaning
plz complete home maid cleaning service in kurunegala,cleaning,house cleaning
can someone residential cleaning helper asap,cleaning,house cleaning
need ceiling dust cobweb removal home in kandy,cleaning,house cleaning
need home floor scrubbing and dust cleaning in kandy,cleaning,house cleaning
i need ceiling dust cobweb removal home for my house,cleaning,house cleaning
need house disinfection and cleaning for my apartment,cleaning,house cleaning
urgently need 3 bedroom house clean in kandy,cleaning,house cleaning
where to get house disinfection and cleaning today,cleaning,house cleaning
plz home floor scrubbing and dust cleaning at my home,cleaning,house cleaning
please send house disinfection and cleaning this weekend,cleaning,house cleaning
need house disinfection and cleaning in colombo,cleaning,house cleaning
my house is very dirty need full clean quick service,cleaning,house cleaning
search for deep clean apartment before party in galle,cleaning,house cleaning
i need complete home maid cleaning service at my location,cleaning,house cleaning
urgent house dusting and mopping for my house,cleaning,house cleaning
want to hire ceiling dust cobweb removal home for my house,cleaning,house cleaning
can someone home floor scrubbing and dust cleaning for my apartment,cleaning,house cleaning
want to hire complete home maid cleaning service at my location,cleaning,house cleaning
can someone deep clen apartment before party in galle,cleaning,house cleaning
i need residential cleaning helper at my location,cleaning,house cleaning
asap home floor scrubbing and dust clening quick service,cleaning,house cleaning
need house dusting and mopping quick service,cleaning,house cleaning
asap residential cleaning helper in kandy,cleaning,house cleaning
urgently need home floor scrubbing and dust cleaning in galle,cleaning,house cleaning
i need house disinfection and clening today,cleaning,house cleaning
asap full house deep cleaning for my house,cleaning,house cleaning
urgent deep clean apartment before party this weekend,cleaning,house cleaning
i need residential cleaning helper in kurunegala,cleaning,house cleaning
plz ceiling dust cobweb removal home in kandy,cleaning,house cleaning
help me with 3 bedroom house clean at my home,cleaning,house cleaning
need complete home maid cleaning service in negombo,cleaning,house cleaning
req house dusting and mopping at my home,cleaning,house cleaning
search for house disinfection and cleaning asap,cleaning,house cleaning
looking for house dusting and mopping in galle,cleaning,house cleaning
please send complete home maid cleaning service for my house,cleaning,house cleaning
plz home floor scrubbing and dust cleaning in negombo,cleaning,house cleaning
urgent full house deep cleaning for my apartment,cleaning,house cleaning
can i get house disinfection and cleaning for my office,cleaning,house cleaning
asap living room and bedroom cleaning in colombo,cleaning,house cleaning
need deep clen apartment before party for my apartment,cleaning,house cleaning
help me with deep clean apartment before party for my house,cleaning,house cleaning
can i get 3 bedroom house clean today,cleaning,house cleaning
can i get home floor scrubbing and dust cleaning at my home,cleaning,house cleaning
urgently need 3 bedroom house clean quick service,cleaning,house cleaning
asap chimney grease cleaning in galle,cleaning,kitchen cleaning
help me with stove and exhaust hood cleaning in kandy,cleaning,kitchen cleaning
please send stove and exhaust hood cleaning at my home,cleaning,kitchen cleaning
stovetop and kitchen chimney cleaning required,cleaning,kitchen cleaning
can i get stove and exhaust hood cleaning in galle,cleaning,kitchen cleaning
please send commercial kitchen deep wash for my office,cleaning,kitchen cleaning
where to get dirty kitchen tile scrubbing quick service,cleaning,kitchen cleaning
urgently need commercial kitchen deep wash asap,cleaning,kitchen cleaning
help me with dirty kitchen tile scrubbing for my apartment,cleaning,kitchen cleaning
can i get kitchen oil grease removal for my house,cleaning,kitchen cleaning
can someone kitchen cabinet dust clean near me,cleaning,kitchen cleaning
kitchen is full of grease need wash at my home,cleaning,kitchen cleaning
help me with kitchen sink and counter deep clean in negombo,cleaning,kitchen cleaning
kitchen is full of grease need wash for my office,cleaning,kitchen cleaning
urgently need kitchen cabinet dust clean for my house,cleaning,kitchen cleaning
urgently need kitchen sink and counter deep clean in kandy,cleaning,kitchen cleaning
can someone stove and exhaust hood cleaning asap,cleaning,kitchen cleaning
where to get refrigerator and oven cleaning inside urgently,cleaning,kitchen cleaning
req dirty kitchen tile scrubbing at my home,cleaning,kitchen cleaning
want to hire chimney grease cleaning this weekend,cleaning,kitchen cleaning
req kitchen oil grease removal today,cleaning,kitchen cleaning
help me with kitchen oil grease removal this weekend,cleaning,kitchen cleaning
can someone stove and exhaust hood cleaning this weekend,cleaning,kitchen cleaning
urgent dirty kitchen tile scrubbing in galle,cleaning,kitchen cleaning
where to get dirty kitchen tile scrubbing at my location,cleaning,kitchen cleaning
please send stove and exhaust hood cleaning for my apartment,cleaning,kitchen cleaning
plz kitchen oil grease removal asap,cleaning,kitchen cleaning
req kitchen cabinet dust clean in kandy,cleaning,kitchen cleaning
pantry cleaning and organization service,cleaning,kitchen cleaning
help me with refrigerator and oven cleaning inside in colombo,cleaning,kitchen cleaning
need commercial kitchen deep wash in kurunegala,cleaning,kitchen cleaning
urgently need dirty kitchen tile scrubbing this weekend,cleaning,kitchen cleaning
i need kitchen sink and counter deep clean near me,cleaning,kitchen cleaning
asap kitchen cabinet dust clean in negombo,cleaning,kitchen cleaning
kitchen is full of grease need wash in negombo,cleaning,kitchen cleaning
kitchen is full of grease need wash at my location,cleaning,kitchen cleaning
asap chimney grease cleaning at my home,cleaning,kitchen cleaning
i need refrigerator and oven cleaning inside for my apartment,cleaning,kitchen cleaning
looking for kitchen cabinet dust clean quick service,cleaning,kitchen cleaning
need commercial kitchen deep wash quick service,cleaning,kitchen cleaning
please send chimney grease cleaning in colombo,cleaning,kitchen cleaning
can i get refrigerator and oven cleaning inside for my office,cleaning,kitchen cleaning
urgent kitchen oil grease removal in negombo,cleaning,kitchen cleaning
asap kitchen sink and counter deep clean for my office,cleaning,kitchen cleaning
find me kitchen sink and counter deep clean at my home,cleaning,kitchen cleaning
need kitchen cabinet dust clean for my apartment,cleaning,kitchen cleaning
req kitchen sink and counter deep clean in galle,cleaning,kitchen cleaning
please send refrigerator and oven cleaning inside in negombo,cleaning,kitchen cleaning
urgent commercial kitchen deep wash this weekend,cleaning,kitchen cleaning
kitchen is full of grease need wash in galle,cleaning,kitchen cleaning
looking for dirty kitchen tile scrubbing urgently,cleaning,kitchen cleaning
looking for kitchen oil grease removal urgently,cleaning,kitchen cleaning
need stove and exhaust hood cleaning for my office,cleaning,kitchen cleaning
where to get stove and exhaust hood cleaning for my house,cleaning,kitchen cleaning
kichen is full of grease need wash for my apartment,cleaning,kitchen cleaning
help me with kitchen sink and counter deep clean in kurunegala,cleaning,kitchen cleaning
req stove and exhaust hood cleaning for my apartment,cleaning,kitchen cleaning
help me with kichen cabinet dust clean today,cleaning,kitchen cleaning
plz refrigerator and oven cleaning inside in colombo,cleaning,kitchen cleaning
need stove and exhaust hood cleaning at my home,cleaning,kitchen cleaning
pantry clening and organization service,cleaning,kitchen cleaning
i need commercial kitchen deep wash in colombo,cleaning,kitchen cleaning
please send kitchen cabinet dust clean at my home,cleaning,kitchen cleaning
req dirty kitchen tile scrubbing in galle,cleaning,kitchen cleaning
looking for refrigerator and oven cleaning inside near me,cleaning,kitchen cleaning
search for chimney grease cleaning in kurunegala,cleaning,kitchen cleaning
kitchen is full of grease need wash quick service,cleaning,kitchen cleaning
kitchen is full of grease need wash near me,cleaning,kitchen cleaning
find me chimney grease cleaning in galle,cleaning,kitchen cleaning
urgently need stove and exhaust hood cleaning in kurunegala,cleaning,kitchen cleaning
req refrigerator and oven cleaning inside today,cleaning,kitchen cleaning
where to get chimney grease cleaning at my home,cleaning,kitchen cleaning
req kitchen oil grease removal quick service,cleaning,kitchen cleaning
urgently need kitchen sink and counter deep clean in colombo,cleaning,kitchen cleaning
want to hire stove and exhaust hood cleaning at my home,cleaning,kitchen cleaning
asap kitchen oil grease removal in colombo,cleaning,kitchen cleaning
can i get commercial kitchen deep wash quick service,cleaning,kitchen cleaning
i need refrigerator and oven cleaning inside in kandy,cleaning,kitchen cleaning
plz kitchen cabinet dust clean in negombo,cleaning,kitchen cleaning
find me kichen cabinet dust clean for my house,cleaning,kitchen cleaning
can i get commercial kitchen deep wash today,cleaning,kitchen cleaning
stovetop and kichen chimney cleaning required,cleaning,kitchen cleaning
find me kitchen oil grease removal near me,cleaning,kitchen cleaning
plz chimney grease cleaning in kandy,cleaning,kitchen cleaning
find me kichen oil grease removal near me,cleaning,kitchen cleaning
can i get kitchen sink and counter deep clean at my location,cleaning,kitchen cleaning
need kitchen cabinet dust clean for my house,cleaning,kitchen cleaning
plz commercial kitchen deep wash asap,cleaning,kitchen cleaning
asap kitchen sink and counter deep clean asap,cleaning,kitchen cleaning
need stove and exhaust hood cleaning today,cleaning,kitchen cleaning
looking for kitchen cabinet dust clean for my office,cleaning,kitchen cleaning
can i get kitchen sink and counter deep clean for my apartment,cleaning,kitchen cleaning
req kitchen oil grease removal at my location,cleaning,kitchen cleaning
want to hire commercial kitchen deep wash near me,cleaning,kitchen cleaning
where to get chimney grease cleaning in kurunegala,cleaning,kitchen cleaning
looking for commercial kitchen deep wash in colombo,cleaning,kitchen cleaning
urgently need commercial kitchen deep wash quick service,cleaning,kitchen cleaning
kitchen is full of grease need wash this weekend,cleaning,kitchen cleaning
where to get stove and exhaust hood cleaning in galle,cleaning,kitchen cleaning
want to hire kitchen cabinet dust clean in kurunegala,cleaning,kitchen cleaning
want to hire refrigerator and oven cleaning inside in negombo,cleaning,kitchen cleaning
plz refrigerator and oven cleaning inside in kandy,cleaning,kitchen cleaning
req kitchen oil grease removal asap,cleaning,kitchen cleaning
asap dirty kitchen tile scrubbing today,cleaning,kitchen cleaning
please send kitchen oil grease removal at my home,cleaning,kitchen cleaning
urgent kitchen sink and counter deep clean for my apartment,cleaning,kitchen cleaning
can someone kitchen sink and counter deep clean quick service,cleaning,kitchen cleaning
help me with stove and exhaust hood cleaning for my office,cleaning,kitchen cleaning
where to get dirty kitchen tile scrubbing in negombo,cleaning,kitchen cleaning
urgent kitchen sink and counter deep clean at my home,cleaning,kitchen cleaning
where to get kitchen cabinet dust clean in kurunegala,cleaning,kitchen cleaning
find me stove and exhaust hood cleaning urgently,cleaning,kitchen cleaning
help me with commercial kitchen deep wash at my home,cleaning,kitchen cleaning
please send kitchen cabinet dust clean near me,cleaning,kitchen cleaning
urgent refrigerator and oven cleaning inside at my location,cleaning,kitchen cleaning
want to hire kitchen cabinet dust clean in negombo,cleaning,kitchen cleaning
urgent stove and exhaust hood cleaning for my house,cleaning,kitchen cleaning
req stove and exhaust hood cleaning today,cleaning,kitchen cleaning
need chimney grease cleaning this weekend,cleaning,kitchen cleaning
need kitchen cabinet dust clean today,cleaning,kitchen cleaning
kichen is full of grease need wash in kurunegala,cleaning,kitchen cleaning
urgent kitchen cabinet dust clean this weekend,cleaning,kitchen cleaning
urgently need kitchen cabinet dust clean in kandy,cleaning,kitchen cleaning
want to hire kitchen oil grease removal in colombo,cleaning,kitchen cleaning
can someone chimney grease cleaning at my home,cleaning,kitchen cleaning
looking for commercial kichen deep wash at my location,cleaning,kitchen cleaning
can someone kitchen cabinet dust clean today,cleaning,kitchen cleaning
urgently need kitchen cabinet dust clean quick service,cleaning,kitchen cleaning
urgent commercial kitchen deep wash for my house,cleaning,kitchen cleaning
please send kitchen cabinet dust clean in negombo,cleaning,kitchen cleaning
urgent kitchen cabinet dust clean for my apartment,cleaning,kitchen cleaning
help me with chimney grease cleaning today,cleaning,kitchen cleaning
urgent stove and exhaust hood cleaning this weekend,cleaning,kitchen cleaning
need refrigerator and oven cleaning inside in negombo,cleaning,kitchen cleaning
i need commercial kitchen deep wash for my house,cleaning,kitchen cleaning
plz commercial kitchen deep wash in kurunegala,cleaning,kitchen cleaning
help me with stove and exhaust hood cleaning today,cleaning,kitchen cleaning
can i get stove and exhaust hood cleaning in colombo,cleaning,kitchen cleaning
help me with kitchen sink and counter deep clean asap,cleaning,kitchen cleaning
req commercial kitchen deep wash in galle,cleaning,kitchen cleaning
find me refrigerator and oven cleaning inside at my home,cleaning,kitchen cleaning
urgent kitchen oil grease removal in kandy,cleaning,kitchen cleaning
asap refrigerator and oven clening inside today,cleaning,kitchen cleaning
find me stove and exhaust hood cleaning in negombo,cleaning,kitchen cleaning
find me kitchen oil grease removal in galle,cleaning,kitchen cleaning
urgent kitchen cabinet dust clean near me,cleaning,kitchen cleaning
want to hire stove and exhaust hood cleaning in kurunegala,cleaning,kitchen cleaning
urgently need refrigerator and oven cleaning inside at my home,cleaning,kitchen cleaning
stovetop and kitchen chimney clening required,cleaning,kitchen cleaning
plz refrigerator and oven cleaning inside in kurunegala,cleaning,kitchen cleaning
req commercial kitchen deep wash at my home,cleaning,kitchen cleaning
help me with kitchen cabinet dust clean for my office,cleaning,kitchen cleaning
kitchen is full of grease need wash for my house,cleaning,kitchen cleaning
req kitchen sink and counter deep clean asap,cleaning,kitchen cleaning
can someone dirty kitchen tile scrubbing for my apartment,cleaning,kitchen cleaning
search for kitchen sink and counter deep clean in colombo,cleaning,kitchen cleaning
where to get stove and exhaust hood cleaning in kurunegala,cleaning,kitchen cleaning
i need kitchen oil grease removal at my home,cleaning,kitchen cleaning
search for kitchen sink and counter deep clean this weekend,cleaning,kitchen cleaning
find me dirty kitchen tile scrubbing for my office,cleaning,kitchen cleaning
find me kitchen cabinet dust clean at my location,cleaning,kitchen cleaning
plz chimney grease cleaning for my office,cleaning,kitchen cleaning
please send kitchen oil grease removal for my apartment,cleaning,kitchen cleaning
where to get kitchen cabinet dust clean at my home,cleaning,kitchen cleaning
can i get stove and exhaust hood cleaning for my office,cleaning,kitchen cleaning
help me with stove and exhaust hood cleaning at my location,cleaning,kitchen cleaning
urgently need kitchen sink and counter deep clean for my house,cleaning,kitchen cleaning
kitchen is full of grease need wash urgently,cleaning,kitchen cleaning
looking for chimney grease cleaning in negombo,cleaning,kitchen cleaning
can i get kitchen oil grease removal for my apartment,cleaning,kitchen cleaning
can someone commercial kitchen deep wash in galle,cleaning,kitchen cleaning
can i get commercial kitchen deep wash at my location,cleaning,kitchen cleaning
i need kitchen cabinet dust clean quick service,cleaning,kitchen cleaning
can someone dirty kitchen tile scrubbing in kandy,cleaning,kitchen cleaning
please send commercial kitchen deep wash in colombo,cleaning,kitchen cleaning
please send refrigerator and oven cleaning inside for my office,cleaning,kitchen cleaning
search for refrigerator and oven clening inside in negombo,cleaning,kitchen cleaning
plz refrigerator and oven clening inside asap,cleaning,kitchen cleaning
asap chimney grease cleaning today,cleaning,kitchen cleaning
search for dirty kitchen tile scrubbing this weekend,cleaning,kitchen cleaning
find me kitchen oil grease removal in kurunegala,cleaning,kitchen cleaning
please send kitchen sink and counter deep clean in kandy,cleaning,kitchen cleaning
urgently need dirty kitchen tile scrubbing quick service,cleaning,kitchen cleaning
kitchen is full of grease need wash in kandy,cleaning,kitchen cleaning
find me dirty kitchen tile scrubbing at my home,cleaning,kitchen cleaning
urgent commercial kitchen deep wash at my home,cleaning,kitchen cleaning
want to hire dirty kitchen tile scrubbing for my apartment,cleaning,kitchen cleaning
urgently need kitchen oil grease removal in negombo,cleaning,kitchen cleaning
please send stove and exhaust hood cleaning today,cleaning,kitchen cleaning
looking for stove and exhaust hood cleaning quick service,cleaning,kitchen cleaning
where to get refrigerator and oven cleaning inside in negombo,cleaning,kitchen cleaning
urgently need dirty kitchen tile scrubbing for my office,cleaning,kitchen cleaning
please send kitchen cabinet dust clean at my location,cleaning,kitchen cleaning
please send chimney grease cleaning asap,cleaning,kitchen cleaning
looking for kitchen cabinet dust clean at my location,cleaning,kitchen cleaning
urgent kitchen cabinet dust clean for my house,cleaning,kitchen cleaning
i need dirty kitchen tile scrubbing at my home,cleaning,kitchen cleaning
can i get chimney grease cleaning today,cleaning,kitchen cleaning
urgently need chimney grease cleaning at my home,cleaning,kitchen cleaning
want to hire chimney grease cleaning urgently,cleaning,kitchen cleaning
where to get commercial kitchen deep wash at my location,cleaning,kitchen cleaning
req kitchen cabinet dust clean in colombo,cleaning,kitchen cleaning
urgently need dirty kitchen tile scrubbing in galle,cleaning,kitchen cleaning
can i get kitchen sink and counter deep clean asap,cleaning,kitchen cleaning
i need chimney grease cleaning asap,cleaning,kitchen cleaning
urgently need dirty kitchen tile scrubbing in kandy,cleaning,kitchen cleaning
i need kitchen cabinet dust clean this weekend,cleaning,kitchen cleaning
want to hire chimney grease cleaning near me,cleaning,kitchen cleaning
urgent kitchen sink and counter deep clean for my office,cleaning,kitchen cleaning
can someone kitchen sink and counter deep clean asap,cleaning,kitchen cleaning
find me kitchen sink and counter deep clean today,cleaning,kitchen cleaning
find me kitchen cabinet dust clean for my house,cleaning,kitchen cleaning
where to get stove and exhaust hood cleaning in colombo,cleaning,kitchen cleaning
can i get kitchen oil grease removal in negombo,cleaning,kitchen cleaning
can someone stove and exhaust hood cleaning in kurunegala,cleaning,kitchen cleaning
help me with kitchen oil grease removal in kandy,cleaning,kitchen cleaning
asap kitchen oil grease removal in kurunegala,cleaning,kitchen cleaning
help me with stove and exhaust hood cleaning asap,cleaning,kitchen cleaning
want to hire kitchen cabinet dust clean asap,cleaning,kitchen cleaning
where to get kitchen cabinet dust clean in galle,cleaning,kitchen cleaning
asap chimney grease cleaning quick service,cleaning,kitchen cleaning
where to get dirty kitchen tile scrubbing for my apartment,cleaning,kitchen cleaning
can i get refrigerator and oven cleaning inside quick service,cleaning,kitchen cleaning
search for stove and exhaust hood cleaning this weekend,cleaning,kitchen cleaning
looking for kitchen sink and counter deep clean at my location,cleaning,kitchen cleaning
kitchen is full of grease need wash in kurunegala,cleaning,kitchen cleaning
search for chimney grease cleaning at my home,cleaning,kitchen cleaning
find me commercial kitchen deep wash in kandy,cleaning,kitchen cleaning
need commercial kitchen deep wash urgently,cleaning,kitchen cleaning
i need dirty kitchen tile scrubbing today,cleaning,kitchen cleaning
looking for refrigerator and oven cleaning inside in galle,cleaning,kitchen cleaning
help me with refrigerator and oven cleaning inside asap,cleaning,kitchen cleaning
urgent stove and exhaust hood cleaning today,cleaning,kitchen cleaning
where to get stove and exhaust hood cleaning quick service,cleaning,kitchen cleaning
plz commercial kitchen deep wash at my location,cleaning,kitchen cleaning
asap stove and exhaust hood cleaning in galle,cleaning,kitchen cleaning
asap commercial kitchen deep wash in kandy,cleaning,kitchen cleaning
where to get kitchen sink and counter deep clean today,cleaning,kitchen cleaning
search for kitchen cabinet dust clean quick service,cleaning,kitchen cleaning
please send kitchen oil grease removal quick service,cleaning,kitchen cleaning
i need dirty kitchen tile scrubbing for my apartment,cleaning,kitchen cleaning
urgently need stove and exhaust hood cleaning for my house,cleaning,kitchen cleaning
asap chimney grease clening urgently,cleaning,kitchen cleaning
can i get commercial kitchen deep wash near me,cleaning,kitchen cleaning
find me commercial kitchen deep wash for my office,cleaning,kitchen cleaning
urgent commercial kitchen deep wash today,cleaning,kitchen cleaning
need dirty kitchen tile scrubbing quick service,cleaning,kitchen cleaning
find me kitchen oil grease removal quick servis,cleaning,kitchen cleaning
plz kitchen cabinet dust clean at my home,cleaning,kitchen cleaning
search for commercial kitchen deep wash quick service,cleaning,kitchen cleaning
urgent dirty kitchen tile scrubbing near me,cleaning,kitchen cleaning
looking for stove and exhaust hood cleaning for my house,cleaning,kitchen cleaning
req chimney grease cleaning in negombo,cleaning,kitchen cleaning
where to get chimney grease cleaning at my location,cleaning,kitchen cleaning
asap kitchen oil grease removal at my location,cleaning,kitchen cleaning
kitchen is full of grease need wash asap,cleaning,kitchen cleaning
looking for kitchen cabinet dust clean urgently,cleaning,kitchen cleaning
urgent refrigerator and oven cleaning inside in colombo,cleaning,kitchen cleaning
want to hire kitchen cabinet dust clean this weekend,cleaning,kitchen cleaning
i need kitchen cabinet dust clean for my house,cleaning,kitchen cleaning
req dirty kitchen tile scrubbing urgently,cleaning,kitchen cleaning
help me with kitchen oil grease removal near me,cleaning,kitchen cleaning
looking for refrigerator and oven cleaning inside this weekend,cleaning,kitchen cleaning
urgent refrigerator and oven cleaning inside asap,cleaning,kitchen cleaning
find me chimney grease cleaning for my office,cleaning,kitchen cleaning
i need commercial kitchen deep wash in kurunegala,cleaning,kitchen cleaning
can i get kitchen cabinet dust clean in colombo,cleaning,kitchen cleaning
find me chimney grease cleaning near me,cleaning,kitchen cleaning
please send kitchen cabinet dust clean this weekend,cleaning,kitchen cleaning
help me with refrigerator and oven cleaning inside urgently,cleaning,kitchen cleaning
i need kitchen sink and counter deep clean in kandy,cleaning,kitchen cleaning
req kitchen cabinet dust clean asap,cleaning,kitchen cleaning
req refrigerator and oven cleaning inside this weekend,cleaning,kitchen cleaning
plz dirty kitchen tile scrubbing in colombo,cleaning,kitchen cleaning
want to hire chimney grease cleaning for my apartment,cleaning,kitchen cleaning
where to get kitchen oil grease removal quick service,cleaning,kitchen cleaning
urgently need kitchen oil grease removal asap,cleaning,kitchen cleaning
urgently need kitchen oil grease removal in colombo,cleaning,kitchen cleaning
urgently need refrigerator and oven cleaning inside in colombo,cleaning,kitchen cleaning
where to get refrigerator and oven cleaning inside for my office,cleaning,kitchen cleaning
can i get kitchen oil grease removal asap,cleaning,kitchen cleaning
looking for dirty kitchen tile scrubbing at my home,cleaning,kitchen cleaning
urgent kitchen sink and counter deep clean asap,cleaning,kitchen cleaning
urgently need kitchen sink and counter deep clean in negombo,cleaning,kitchen cleaning
can i get commercial kitchen deep wash this weekend,cleaning,kitchen cleaning
need stove and exhaust hood cleaning in kandy,cleaning,kitchen cleaning
where to get kitchen cabinet dust clean for my office,cleaning,kitchen cleaning
urgent refrigerator and oven cleaning inside quick service,cleaning,kitchen cleaning
search for chimney grease cleaning asap,cleaning,kitchen cleaning
can i get kitchen cabinet dust clean in kandy,cleaning,kitchen cleaning
asap kitchen sink and counter deep clean at my home,cleaning,kitchen cleaning
need kitchen oil grease removal at my home,cleaning,kitchen cleaning
find me kitchen sink and counter deep clean in negombo,cleaning,kitchen cleaning
plz stove and exhaust hood cleaning this weekend,cleaning,kitchen cleaning
can someone dirty kitchen tile scrubbing in negombo,cleaning,kitchen cleaning
req kichen cabinet dust clean in colombo,cleaning,kitchen cleaning
can i get toilet washroom deep scrubbing in galle,cleaning,bathroom cleaning
plz bathroom bad smell and mold clean this weekend,cleaning,bathroom cleaning
bathroom deep wash and disinfection,cleaning,bathroom cleaning
washroom very smelly need thorough cleaning today,cleaning,bathroom cleaning
urgently need bathroom tile stain removal asap,cleaning,bathroom cleaning
plz toilet washroom deep scrubbing at my home,cleaning,bathroom cleaning
urgently need bath tub and shower glass cleaning asap,cleaning,bathroom cleaning
toilet clogged tile dirty clean needed,cleaning,bathroom cleaning
where to get bathroom tile stain removal asap,cleaning,bathroom cleaning
please send bath tub and shower glass cleaning urgently,cleaning,bathroom cleaning
where to get bathroom bad smell and mold clean near me,cleaning,bathroom cleaning
help me with toilet bowl stain clean at my home,cleaning,bathroom cleaning
urgently need bathroom bad smell and mold clean asap,cleaning,bathroom cleaning
i need hard water stain removal bathroom quick service,cleaning,bathroom cleaning
washroom very smelly need thorough clening near me,cleaning,bathroom cleaning
urgent bathroom bad smell and mold clean in kandy,cleaning,bathroom cleaning
urgent bathroom tile stain removal at my home,cleaning,bathroom cleaning
need bathroom bad smell and mold clean urgently,cleaning,bathroom cleaning
find me bathroom tile stain removal near me,cleaning,bathroom cleaning
can someone washroom wall tile wash for my apartment,cleaning,bathroom cleaning
please send bath tub and shower glass cleaning near me,cleaning,bathroom cleaning
can someone bathroom bad smell and mold clean at my location,cleaning,bathroom cleaning
can someone bath tub and shower glass cleaning quick service,cleaning,bathroom cleaning
looking for bathroom bad smell and mold clean in kandy,cleaning,bathroom cleaning
help me with hard water stain removal bathroom quick service,cleaning,bathroom cleaning
can i get bathroom tile stain removal asap,cleaning,bathroom cleaning
can someone bath tub and shower glass cleaning at my home,cleaning,bathroom cleaning
asap bathroom bad smell and mold clean for my house,cleaning,bathroom cleaning
urgent toilet washroom deep scrubbing for my apartment,cleaning,bathroom cleaning
urgently need toilet washroom deep scrubbing for my house,cleaning,bathroom cleaning
can someone toilet washroom deep scrubbing near me,cleaning,bathroom cleaning
asap toilet bowl stain clean at my home,cleaning,bathroom cleaning
asap bathroom bad smell and mold clean quick service,cleaning,bathroom cleaning
urgent bath tub and shower glass cleaning in colombo,cleaning,bathroom cleaning
search for bath tub and shower glass cleaning quick service,cleaning,bathroom cleaning
i need toilet bowl stain clean in kurunegala,cleaning,bathroom cleaning
looking for bathroom bad smell and mold clean near me,cleaning,bathroom cleaning
plz toilet bowl stain clean for my house,cleaning,bathroom cleaning
urgently need bathroom tile stain removal for my office,cleaning,bathroom cleaning
urgent bathroom tile stain removal asap,cleaning,bathroom cleaning
can i get washroom wall tile wash in kandy,cleaning,bathroom cleaning
search for bathroom bad smell and mold clean in kandy,cleaning,bathroom cleaning
can i get toilet bowl stain clean this weekend,cleaning,bathroom cleaning
please send bath tub and shower glass cleaning in galle,cleaning,bathroom cleaning
req washroom wall tile wash for my apartment,cleaning,bathroom cleaning
find me washroom wall tile wash at my location,cleaning,bathroom cleaning
find me toilet washroom deep scrubbing in galle,cleaning,bathroom cleaning
plz bathroom bad smell and mold clean near me,cleaning,bathroom cleaning
req hard water stain removal bathrom this weekend,cleaning,bathroom cleaning
washroom very smelly need thorough cleaning in negombo,cleaning,bathroom cleaning
plz hard water stain removal bathroom at my location,cleaning,bathroom cleaning
help me with washroom wall tile wash asap,cleaning,bathroom cleaning
can i get toilet bowl stain clean in negombo,cleaning,bathroom cleaning
urgently need bathroom tile stain removal near me,cleaning,bathroom cleaning
washroom very smelly need thorough cleaning for my apartment,cleaning,bathroom cleaning
i need bathroom tile stain removal today,cleaning,bathroom cleaning
can someone bathroom tile stain removal urgently,cleaning,bathroom cleaning
bathrom deep wash and disinfection,cleaning,bathroom cleaning
plz washroom wall tile wash in colombo,cleaning,bathroom cleaning
washroom very smelly need thorough cleaning for my house,cleaning,bathroom cleaning
washroom very smelly need thorough cleaning urgently,cleaning,bathroom cleaning
urgently need bathroom tile stain removal for my house,cleaning,bathroom cleaning
washroom very smelly need thorough cleaning in galle,cleaning,bathroom cleaning
help me with hard water stain removal bathroom for my office,cleaning,bathroom cleaning
please send washroom wall tile wash in negombo,cleaning,bathroom cleaning
where to get bathroom bad smell and mold clean for my apartment,cleaning,bathroom cleaning
req bath tub and shower glass cleaning in colombo,cleaning,bathroom cleaning
can someone toilet bowl stain clean in colombo,cleaning,bathroom cleaning
looking for washroom wall tile wash for my office,cleaning,bathroom cleaning
req bath tub and shower glass cleaning in kandy,cleaning,bathroom cleaning
can someone hard water stain removal bathroom at my location,cleaning,bathroom cleaning
i need bath tub and shower glass cleaning this weekend,cleaning,bathroom cleaning
need toilet bowl stain clean in colombo,cleaning,bathroom cleaning
urgently need bathroom tile stain removal in negombo,cleaning,bathroom cleaning
search for toilet washroom deep scrubbing today,cleaning,bathroom cleaning
find me bathroom tile stain removal for my house,cleaning,bathroom cleaning
need hard water stain removal bathroom quick service,cleaning,bathroom cleaning
please send hard water stain removal bathroom urgently,cleaning,bathroom cleaning
please send hard water stain removal bathroom for my house,cleaning,bathroom cleaning
where to get bathroom tile stain removal for my apartment,cleaning,bathroom cleaning
urgently need hard water stain removal bathroom in colombo,cleaning,bathroom cleaning
want to hire toilet washroom deep scrubbing for my house,cleaning,bathroom cleaning
plz washroom wall tile wash urgently,cleaning,bathroom cleaning
urgent hard water stain removal bathroom this weekend,cleaning,bathroom cleaning
washroom very smelly need thorough cleaning this weekend,cleaning,bathroom cleaning
urgent toilet washroom deep scrubbing for my office,cleaning,bathroom cleaning
urgently need hard water stain removal bathroom asap,cleaning,bathroom cleaning
please send bath tub and shower glass cleaning today,cleaning,bathroom cleaning
i need bathroom bad smell and mold clean in colombo,cleaning,bathroom cleaning
please send bathroom bad smell and mold clean at my location,cleaning,bathroom cleaning
i need toilet washroom deep scrubbing for my apartment,cleaning,bathroom cleaning
need bath tub and shower glass cleaning for my house,cleaning,bathroom cleaning
need bathroom tile stain removal near me,cleaning,bathroom cleaning
req bathroom tile stain removal in kurunegala,cleaning,bathroom cleaning
urgently need hard water stain removal bathroom in negombo,cleaning,bathroom cleaning
urgent toilet bowl stain clean this weekend,cleaning,bathroom cleaning
please send bathroom tile stain removal quick service,cleaning,bathroom cleaning
urgent hard water stain removal bathroom quick service,cleaning,bathroom cleaning
can i get toilet bowl stain clean in kandy,cleaning,bathroom cleaning
looking for bathroom bad smell and mold clean in colombo,cleaning,bathroom cleaning
need bathroom bad smell and mold clean at my home,cleaning,bathroom cleaning
find me bathroom bad smell and mold clean in negombo,cleaning,bathroom cleaning
search for bathroom bad smell and mold clean in kurunegala,cleaning,bathroom cleaning
asap bathroom bad smell and mold clean today,cleaning,bathroom cleaning
washroom very smelly need thorough clening today,cleaning,bathroom cleaning
want to hire bath tub and shower glass cleaning in galle,cleaning,bathroom cleaning
can someone bathroom bad smell and mold clean this weekend,cleaning,bathroom cleaning
urgently need bathroom tile stain removal urgently,cleaning,bathroom cleaning
need bath tub and shower glass cleaning at my home,cleaning,bathroom cleaning
urgent bathroom tile stain removal urgently,cleaning,bathroom cleaning
washroom very smelly need thorough cleaning for my office,cleaning,bathroom cleaning
plz toilet washroom deep scrubbing urgently,cleaning,bathroom cleaning
asap hard water stain removal bathroom today,cleaning,bathroom cleaning
where to get bathroom bad smell and mold clean urgently,cleaning,bathroom cleaning
find me bath tub and shower glass cleaning today,cleaning,bathroom cleaning
i need toilet washroom deep scrubbing at my home,cleaning,bathroom cleaning
washroom very smelly need thorough cleaning in kurunegala,cleaning,bathroom cleaning
plz toilet washroom deep scrubbing for my office,cleaning,bathroom cleaning
washroom very smelly need thorough cleaning at my location,cleaning,bathroom cleaning
req toilet bowl stain clean urgently,cleaning,bathroom cleaning
urgent toilet bowl stain clean urgently,cleaning,bathroom cleaning
where to get washroom wall tile wash asap,cleaning,bathroom cleaning
help me with bathroom bad smell and mold clean in galle,cleaning,bathroom cleaning
i need washroom wall tile wash this weekend,cleaning,bathroom cleaning
urgently need washroom wall tile wash in galle,cleaning,bathroom cleaning
plz toilet bowl stain clean in kurunegala,cleaning,bathroom cleaning
help me with bath tub and shower glass cleaning at my home,cleaning,bathroom cleaning
where to get toilet bowl stain clean in galle,cleaning,bathroom cleaning
urgent bathroom bad smell and mold clean quick service,cleaning,bathroom cleaning
plz bath tub and shower glass cleaning asap,cleaning,bathroom cleaning
want to hire hard water stain removal bathroom asap,cleaning,bathroom cleaning
can someone bathroom bad smell and mold clean quick service,cleaning,bathroom cleaning
can i get hard water stain removal bathroom in kandy,cleaning,bathroom cleaning
looking for washroom wall tile wash today,cleaning,bathroom cleaning
where to get hard water stain removal bathroom in kandy,cleaning,bathroom cleaning
washroom very smelly need thorough cleaning near me,cleaning,bathroom cleaning
search for bath tub and shower glass cleaning for my apartment,cleaning,bathroom cleaning
please send bathroom tile stain removal asap,cleaning,bathroom cleaning
urgent washroom wall tile wash urgently,cleaning,bathroom cleaning
please send toilet washroom deep scrubbing near me,cleaning,bathroom cleaning
req washroom wall tile wash in negombo,cleaning,bathroom cleaning
help me with washroom wall tile wash at my home,cleaning,bathroom cleaning
need washroom wall tile wash asap,cleaning,bathroom cleaning
looking for toilet bowl stain clean urgently,cleaning,bathroom cleaning
can i get hard water stain removal bathroom in kurunegala,cleaning,bathroom cleaning
need washroom wall tile wash at my location,cleaning,bathroom cleaning
help me with bathroom tile stain removal at my location,cleaning,bathroom cleaning
please send bath tub and shower glass cleaning for my apartment,cleaning,bathroom cleaning
find me washroom wall tile wash for my apartment,cleaning,bathroom cleaning
washroom very smelly need thorough cleaning asap,cleaning,bathroom cleaning
urgent bathroom tile stain removal in kandy,cleaning,bathroom cleaning
urgent hard water stain removal bathroom urgently,cleaning,bathroom cleaning
looking for bath tub and shower glass cleaning in kurunegala,cleaning,bathroom cleaning
can someone bathroom tile stain removal quick service,cleaning,bathroom cleaning
please send hard water stain removal bathroom for my apartment,cleaning,bathroom cleaning
can i get toilet washroom deep scrubbing for my house,cleaning,bathroom cleaning
urgent toilet washroom deep scrubbing near me,cleaning,bathroom cleaning
plz bathroom tile stain removal in colombo,cleaning,bathroom cleaning
asap bathroom tile stain removal in galle,cleaning,bathroom cleaning
where to get toilet washroom deep scrubbing in negombo,cleaning,bathroom cleaning
looking for toilet washroom deep scrubbing in galle,cleaning,bathroom cleaning
need hard water stain removal bathroom near me,cleaning,bathroom cleaning
req toilet bowl stain clean near me,cleaning,bathroom cleaning
i need bathroom tile stain removal for my apartment,cleaning,bathroom cleaning
asap toilet washroom deep scrubbing urgently,cleaning,bathroom cleaning
find me bath tub and shower glass cleaning at my location,cleaning,bathroom cleaning
asap toilet washroom deep scrubbing in negombo,cleaning,bathroom cleaning
can i get toilet bowl stain clean at my location,cleaning,bathroom cleaning
can someone bathroom tile stain removal this weekend,cleaning,bathroom cleaning
urgent bathroom bad smell and mold clean in negombo,cleaning,bathroom cleaning
urgent toilet bowl stain clean at my home,cleaning,bathroom cleaning
plz bathroom bad smell and mold clean in negombo,cleaning,bathroom cleaning
please send bathroom bad smell and mold clean today,cleaning,bathroom cleaning
want to hire toilet bowl stain clean in negombo,cleaning,bathroom cleaning
i need toilet washroom deep scrubbing asap,cleaning,bathroom cleaning
please send washroom wall tile wash in galle,cleaning,bathroom cleaning
i need washroom wall tile wash asap,cleaning,bathroom cleaning
plz bathroom tile stain removal urgently,cleaning,bathroom cleaning
need bath tub and shower glass cleaning in colombo,cleaning,bathroom cleaning
urgent washroom wall tile wash in kandy,cleaning,bathroom cleaning
need bathroom bad smell and mold clean asap,cleaning,bathroom cleaning
i need bathroom bad smell and mold clean for my house,cleaning,bathroom cleaning
can someone hard water stain removal bathroom in kurunegala,cleaning,bathroom cleaning
please send toilet washroom deep scrubbing for my apartment,cleaning,bathroom cleaning
i need toilet bowl stain clean quick service,cleaning,bathroom cleaning
i need toilet washroom deep scrubbing this weekend,cleaning,bathroom cleaning
asap bath tub and shower glass cleaning urgently,cleaning,bathroom cleaning
looking for hard water stain removal bathroom in negombo,cleaning,bathroom cleaning
i need toilet washroom deep scrubbing urgently,cleaning,bathroom cleaning
urgently need hard water stain removal bathroom at my location,cleaning,bathroom cleaning
washroom very smelly need thorough cleaning in kandy,cleaning,bathroom cleaning
looking for bathroom bad smell and mold clean for my office,cleaning,bathroom cleaning
i need washroom wall tile wash at my location,cleaning,bathroom cleaning
asap washroom wall tile wash for my apartment,cleaning,bathroom cleaning
washroom very smelly need thorough cleaning in colombo,cleaning,bathroom cleaning
asap toilet washroom deep scrubbing asap,cleaning,bathroom cleaning
can i get bathroom bad smell and mold clean this weekend,cleaning,bathroom cleaning
looking for bathroom tile stain removal for my house,cleaning,bathroom cleaning
req bathroom bad smell and mold clean asap,cleaning,bathroom cleaning
looking for bath tub and shower glass cleaning for my house,cleaning,bathroom cleaning
want to hire bath tub and shower glass cleaning today,cleaning,bathroom cleaning
urgently need toilet washroom deep scrubbing in colombo,cleaning,bathroom cleaning
req toilet washroom deep scrubbing in kurunegala,cleaning,bathroom cleaning
urgently need toilet bowl stain clean for my office,cleaning,bathroom cleaning
please send bathroom bad smell and mold clean for my office,cleaning,bathroom cleaning
please send hard water stain removal bathroom at my home,cleaning,bathroom cleaning
want to hire washroom wall tile wash at my home,cleaning,bathroom cleaning
urgent washroom wall tile wash near me,cleaning,bathroom cleaning
search for toilet bowl stain clean urgently,cleaning,bathroom cleaning
can i get toilet bowl stain clean asap,cleaning,bathroom cleaning
urgent washroom wall tile wash at my location,cleaning,bathroom cleaning
i need washroom wall tile wash today,cleaning,bathroom cleaning
i need washroom wall tile wash in negombo,cleaning,bathroom cleaning
where to get toilet washroom deep scrubbing in kandy,cleaning,bathroom cleaning
urgent hard water stain removal bathroom for my apartment,cleaning,bathroom cleaning
can i get bath tub and shower glass cleaning this weekend,cleaning,bathroom cleaning
please send toilet washroom deep scrubbing urgently,cleaning,bathroom cleaning
urgent bathroom tile stain removal today,cleaning,bathroom cleaning
urgent toilet washroom deep scrubbing in kurunegala,cleaning,bathroom cleaning
where to get hard water stain removal bathroom in galle,cleaning,bathroom cleaning
req hard water stain removal bathroom in colombo,cleaning,bathroom cleaning
asap bathroom bad smell and mold clean in negombo,cleaning,bathroom cleaning
can someone toilet bowl stain clean for my house,cleaning,bathroom cleaning
where to get hard water stain removal bathroom asap,cleaning,bathroom cleaning
req hard water stain removal bathroom asap,cleaning,bathroom cleaning
urgently need bathrom tile stain removal today,cleaning,bathroom cleaning
urgently need hard water stain removal bathroom urgently,cleaning,bathroom cleaning
i need bathroom tile stain removal for my house,cleaning,bathroom cleaning
can someone bathroom bad smell and mold clean in kurunegala,cleaning,bathroom cleaning
search for bath tub and shower glass cleaning in galle,cleaning,bathroom cleaning
search for bathroom bad smell and mold clean in negombo,cleaning,bathroom cleaning
need washroom wall tile wash for my office,cleaning,bathroom cleaning
find me toilet bowl stain clean today,cleaning,bathroom cleaning
can i get toilet bowl stain clean near me,cleaning,bathroom cleaning
search for bathroom bad smell and mold clean at my location,cleaning,bathroom cleaning
need bathroom tile stain removal for my office,cleaning,bathroom cleaning
need bath tub and shower glass cleaning in kandy,cleaning,bathroom cleaning
need bath tub and shower glass clening in kandy,cleaning,bathroom cleaning
find me bathroom tile stain removal today,cleaning,bathroom cleaning
need bathroom bad smell and mold clean this weekend,cleaning,bathroom cleaning
can someone bathroom bad smell and mold clean in colombo,cleaning,bathroom cleaning
help me with bathroom bad smell and mold clean at my home,cleaning,bathroom cleaning
plz bath tub and shower glass cleaning urgently,cleaning,bathroom cleaning
can i get bathroom tile stain removal at my home,cleaning,bathroom cleaning
search for bathroom tile stain removal in kandy,cleaning,bathroom cleaning
looking for bathrom bad smell and mold clean asap,cleaning,bathroom cleaning
urgently need bath tub and shower glass cleaning quick service,cleaning,bathroom cleaning
can someone bath tub and shower glass cleaning today,cleaning,bathroom cleaning
plz toilet bowl stain clean at my location,cleaning,bathroom cleaning
looking for hard water stain removal bathroom in colombo,cleaning,bathroom cleaning
can i get hard water stain removal bathroom today,cleaning,bathroom cleaning
looking for bath tub and shower glass cleaning this weekend,cleaning,bathroom cleaning
urgent bathroom tile stain removal in negombo,cleaning,bathroom cleaning
search for bathroom bad smell and mold clean urgently,cleaning,bathroom cleaning
i need hard water stain removal bathroom for my house,cleaning,bathroom cleaning
i need bathroom tile stain removal this weekend,cleaning,bathroom cleaning
urgent toilet washroom deep scrubbing in kandy,cleaning,bathroom cleaning
can someone hard water stain removal bathroom today,cleaning,bathroom cleaning
where to get toilet washroom deep scrubbing at my location,cleaning,bathroom cleaning
i need toilet washroom deep scrubbing in galle,cleaning,bathroom cleaning
looking for bathroom bad smell and mold clean at my home,cleaning,bathroom cleaning
plz bathroom bad smell and mold clean in kandy,cleaning,bathroom cleaning
search for hard water stain removal bathroom at my home,cleaning,bathroom cleaning
need bathroom tile stain removal in negombo,cleaning,bathroom cleaning
help me with toilet washroom deep scrubbing today,cleaning,bathroom cleaning
urgently need toilet washroom deep scrubbing quick service,cleaning,bathroom cleaning
req toilet washroom deep scrubbing for my office,cleaning,bathroom cleaning
i need bathroom tile stain removal quick service,cleaning,bathroom cleaning
search for toilet bowl stain clean today,cleaning,bathroom cleaning
urgently need toilet bowl stain clean near me,cleaning,bathroom cleaning
where to get bathrom bad smell and mold clean in colombo,cleaning,bathroom cleaning
plz washroom wall tile wash for my office,cleaning,bathroom cleaning
can i get toilet bowl stain clean for my house,cleaning,bathroom cleaning
asap bath tub and shower glass cleaning today,cleaning,bathroom cleaning
req washroom wall tile wash in kandy,cleaning,bathroom cleaning
please send bathroom bad smell and mold clean near me,cleaning,bathroom cleaning
plz toilet bowl stain clean urgently,cleaning,bathroom cleaning
i need toilet washroom deep scrubbing in kurunegala,cleaning,bathroom cleaning
looking for toilet washroom deep scrubbing at my location,cleaning,bathroom cleaning
looking for hard water stain removal bathroom for my house,cleaning,bathroom cleaning
looking for toilet washroom deep scrubbing for my office,cleaning,bathroom cleaning
where to get toilet washroom deep scrubbing for my apartment,cleaning,bathroom cleaning
want to hire hard water stain removal bathroom this weekend,cleaning,bathroom cleaning
urgent bathroom tile stain removal in kurunegala,cleaning,bathroom cleaning
plz bath tub and shower glass cleaning in galle,cleaning,bathroom cleaning
please send bathroom tile stain removal at my home,cleaning,bathroom cleaning
plz toilet bowl stain clean in negombo,cleaning,bathroom cleaning
req bathroom bad smell and mold clean today,cleaning,bathroom cleaning
can someone bath tub and shower glass cleaning urgently,cleaning,bathroom cleaning
please send hard water stain removal bathroom quick service,cleaning,bathroom cleaning
search for bathroom bad smell and mold clean near me,cleaning,bathroom cleaning
urgently need toilet washroom deep scrubbing for my office,cleaning,bathroom cleaning
looking for toilet bowl stain clean today,cleaning,bathroom cleaning
asap bathroom tile stain removal for my office,cleaning,bathroom cleaning
can someone toilet bowl stain clean for my office,cleaning,bathroom cleaning
urgent bath tub and shower glass cleaning at my location,cleaning,bathroom cleaning
looking for meeting room carpet and floor cleaning in colombo,cleaning,office cleaning
asap corporate office night cleaning at my home,cleaning,office cleaning
looking for office workspace cleaning in galle,cleaning,office cleaning
can i get desk and computer dusting office at my home,cleaning,office cleaning
find me meeting room carpet and floor cleaning in galle,cleaning,office cleaning
shop front glass and floor cleaning required,cleaning,office cleaning
office building daily cleaner required,cleaning,office cleaning
small office space needs deep cleaning today,cleaning,office cleaning
asap desk and computer dusting office in galle,cleaning,office cleaning
want to hire commercial shop area floor clean urgently,cleaning,office cleaning
can i get meeting room carpet and floor cleaning quick service,cleaning,office cleaning
urgent corporate office night cleaning in negombo,cleaning,office cleaning
find me desk and computer dusting office in negombo,cleaning,office cleaning
looking for workplace janitorial daily clean this weekend,cleaning,office cleaning
urgent office glass window cleaning for my house,cleaning,office cleaning
search for office glass window cleaning in colombo,cleaning,office cleaning
can i get meeting room carpet and floor cleaning for my apartment,cleaning,office cleaning
want to hire office workspace cleaning at my location,cleaning,office cleaning
please send office glass window cleaning in kandy,cleaning,office cleaning
help me with office glass window cleaning in kurunegala,cleaning,office cleaning
looking for meeting room carpet and floor clening in colombo,cleaning,office cleaning
can i get desk and computer dusting office this weekend,cleaning,office cleaning
can i get corporate office night cleaning at my location,cleaning,office cleaning
urgently need workplace janitorial daily clean this weekend,cleaning,office cleaning
looking for workplace janitorial daily clean near me,cleaning,office cleaning
want to hire workplace janitorial daily clean quick service,cleaning,office cleaning
plz office glass window cleaning in negombo,cleaning,office cleaning
req office workspace cleaning in colombo,cleaning,office cleaning
search for corporate office night cleaning quick service,cleaning,office cleaning
urgent commercial shop area floor clean quick service,cleaning,office cleaning
plz corporate office night cleaning for my office,cleaning,office cleaning
find me office glass window cleaning in kandy,cleaning,office cleaning
plz office glass window cleaning for my house,cleaning,office cleaning
can someone commercial shop area floor clean for my apartment,cleaning,office cleaning
i need desk and computer dusting office asap,cleaning,office cleaning
urgent office workspace cleaning for my house,cleaning,office cleaning
need office glass window cleaning today,cleaning,office cleaning
looking for corporate office night cleaning at my location,cleaning,office cleaning
can someone desk and computer dusting office for my house,cleaning,office cleaning
plz commercial shop area floor clean today,cleaning,office cleaning
can someone corporate office night cleaning asap,cleaning,office cleaning
find me office workspace cleaning asap,cleaning,office cleaning
urgent office workspace clening asap,cleaning,office cleaning
help me with desk and computer dusting office at my location,cleaning,office cleaning
help me with corporate office night cleaning in kurunegala,cleaning,office cleaning
can i get office workspace cleaning in colombo,cleaning,office cleaning
help me with office glass window cleaning for my office,cleaning,office cleaning
help me with desk and computer dusting office in galle,cleaning,office cleaning
small office space needs deep clening today,cleaning,office cleaning
i need office glass window cleaning in colombo,cleaning,office cleaning
find me meeting room carpet and floor cleaning in kandy,cleaning,office cleaning
need office glass window cleaning for my apartment,cleaning,office cleaning
please send workplace janitorial daily clean quick service,cleaning,office cleaning
asap meeting room carpet and floor cleaning for my office,cleaning,office cleaning
urgently need meeting room carpet and floor cleaning near me,cleaning,office cleaning
find me office workspace cleaning for my office,cleaning,office cleaning
need commercial shop area floor clean urgently,cleaning,office cleaning
search for workplace janitorial daily clean in galle,cleaning,office cleaning
please send commercial shop area floor clean in kandy,cleaning,office cleaning
please send corporate office night cleaning at my location,cleaning,office cleaning
search for desk and computer dusting office today,cleaning,office cleaning
help me with corporate office night cleaning asap,cleaning,office cleaning
req corporate office night cleaning near me,cleaning,office cleaning
plz office workspace clening in galle,cleaning,office cleaning
looking for commercial shop area floor clean in negombo,cleaning,office cleaning
need workplace janitorial daily clean in galle,cleaning,office cleaning
urgent workplace janitorial daily clean for my office,cleaning,office cleaning
search for corporate office night cleaning for my apartment,cleaning,office cleaning
please send corporate office night cleaning at my home,cleaning,office cleaning
urgently need workplace janitorial daily clen at my home,cleaning,office cleaning
please send office glass window cleaning for my house,cleaning,office cleaning
search for office glass window cleaning quick service,cleaning,office cleaning
i need office workspace cleaning for my apartment,cleaning,office cleaning
urgently need desk and computer dusting office asap,cleaning,office cleaning
where to get office workspace cleaning in negombo,cleaning,office cleaning
req office workspace cleaning at my location,cleaning,office cleaning
search for corporate office night cleaning urgently,cleaning,office cleaning
urgently need office workspace cleaning for my office,cleaning,office cleaning
looking for workplace janitorial daily clean urgently,cleaning,office cleaning
plz office glass window cleaning urgently,cleaning,office cleaning
want to hire commercial shop area floor clean at my location,cleaning,office cleaning
where to get workplace janitorial daily clean this weekend,cleaning,office cleaning
help me with office workspace clening in negombo,cleaning,office cleaning
req office glass window cleaning asap,cleaning,office cleaning
please send meeting room carpet and floor cleaning near me,cleaning,office cleaning
req meeting room carpet and floor cleaning in kurunegala,cleaning,office cleaning
can someone meeting room carpet and floor cleaning in negombo,cleaning,office cleaning
urgent corporate office night cleaning in colombo,cleaning,office cleaning
want to hire commercial shop area floor clean in galle,cleaning,office cleaning
need corporate office night cleaning urgently,cleaning,office cleaning
i need commercial shop area floor clean this weekend,cleaning,office cleaning
req meeting room carpet and floor cleaning for my office,cleaning,office cleaning
where to get commercial shop area floor clean in galle,cleaning,office cleaning
where to get office glass window cleaning for my office,cleaning,office cleaning
where to get desk and computer dusting office in galle,cleaning,office cleaning
i need meeting room carpet and floor cleaning quick service,cleaning,office cleaning
plz commercial shop area floor clean in galle,cleaning,office cleaning
looking for desk and computer dusting office for my office,cleaning,office cleaning
i need office glass window cleaning at my location,cleaning,office cleaning
plz office glass window cleaning asap,cleaning,office cleaning
i need office workspace cleaning for my office,cleaning,office cleaning
where to get office workspace cleaning in kandy,cleaning,office cleaning
urgently need corporate office night cleaning asap,cleaning,office cleaning
plz desk and computer dusting office urgently,cleaning,office cleaning
want to hire workplace janitorial daily clean today,cleaning,office cleaning
want to hire office glass window cleaning in kandy,cleaning,office cleaning
help me with corporate office night cleaning in galle,cleaning,office cleaning
asap office workspace cleaning in kandy,cleaning,office cleaning
need desk and computer dusting office asap,cleaning,office cleaning
plz office glass window clening asap,cleaning,office cleaning
urgently need commercial shop area floor clean for my apartment,cleaning,office cleaning
urgently need desk and computer dusting office for my apartment,cleaning,office cleaning
where to get corporate office night cleaning at my home,cleaning,office cleaning
where to get corporate office night cleaning asap,cleaning,office cleaning
where to get office glass window cleaning in kandy,cleaning,office cleaning
help me with meeting room carpet and floor cleaning urgently,cleaning,office cleaning
can someone office glass window cleaning today,cleaning,office cleaning
i need office glass window cleaning asap,cleaning,office cleaning
where to get corporate office night cleaning for my house,cleaning,office cleaning
please send office glass window cleaning urgently,cleaning,office cleaning
looking for commercial shop area floor clean for my apartment,cleaning,office cleaning
looking for meeting room carpet and floor cleaning for my house,cleaning,office cleaning
find me office workspace cleaning for my apartment,cleaning,office cleaning
find me workplace janitorial daily clean at my home,cleaning,office cleaning
where to get workplace janitorial daily clean near me,cleaning,office cleaning
req meeting room carpet and floor cleaning today,cleaning,office cleaning
plz office glass window cleaning in colombo,cleaning,office cleaning
where to get corporate office night cleaning this weekend,cleaning,office cleaning
urgent workplace janitorial daily clean urgently,cleaning,office cleaning
search for commercial shop area floor clean in kandy,cleaning,office cleaning
please send meeting room carpet and floor cleaning urgently,cleaning,office cleaning
urgent desk and computer dusting office near me,cleaning,office cleaning
need meeting room carpet and floor cleaning quick service,cleaning,office cleaning
need corporate office night clening for my house,cleaning,office cleaning
please send corporate office night cleaning in galle,cleaning,office cleaning
help me with office workspace cleaning in negombo,cleaning,office cleaning
please send meeting room carpet and floor cleaning at my location,cleaning,office cleaning
can i get commercial shop area floor clean in negombo,cleaning,office cleaning
can someone office workspace cleaning in kurunegala,cleaning,office cleaning
need commercial shop area floor clean for my apartment,cleaning,office cleaning
please send meeting room carpet and floor cleaning in negombo,cleaning,office cleaning
want to hire office workspace cleaning urgently,cleaning,office cleaning
please send commercial shop area floor clean for my house,cleaning,office cleaning
plz office workspace cleaning this weekend,cleaning,office cleaning
want to hire corporate office night cleaning at my home,cleaning,office cleaning
find me workplace janitorial daily clean for my apartment,cleaning,office cleaning
plz desk and computer dusting office at my home,cleaning,office cleaning
find me workplace janitorial daily clean in kurunegala,cleaning,office cleaning
plz office workspace cleaning quick service,cleaning,office cleaning
urgent office workspace clening urgently,cleaning,office cleaning
can someone office workspace cleaning quick service,cleaning,office cleaning
need workplace janitorial daily clean for my office,cleaning,office cleaning
plz meeting room carpet and floor cleaning at my home,cleaning,office cleaning
i need workplace janitorial daily clean quick service,cleaning,office cleaning
req corporate office night cleaning in negombo,cleaning,office cleaning
need office workspace cleaning in negombo,cleaning,office cleaning
asap meeting room carpet and floor cleaning today,cleaning,office cleaning
where to get commercial shop area floor clean urgently,cleaning,office cleaning
need meeting room carpet and floor cleaning for my apartment,cleaning,office cleaning
search for desk and computer dusting office for my office,cleaning,office cleaning
can i get corporate office night cleaning this weekend,cleaning,office cleaning
plz office workspace cleaning in colombo,cleaning,office cleaning
urgently need desk and computer dusting office in colombo,cleaning,office cleaning
can someone office glass window cleaning asap,cleaning,office cleaning
asap desk and computer dusting office in colombo,cleaning,office cleaning
can i get commercial shop area floor clean in kandy,cleaning,office cleaning
where to get office workspace cleaning for my house,cleaning,office cleaning
find me commercial shop area floor clean asap,cleaning,office cleaning
search for desk and computer dusting office for my apartment,cleaning,office cleaning
asap commercial shop area floor clean in galle,cleaning,office cleaning
plz office workspace cleaning for my house,cleaning,office cleaning
i need commercial shop area floor clean quick servis,cleaning,office cleaning
plz meeting room carpet and floor cleaning for my house,cleaning,office cleaning
find me corporate office night cleaning at my location,cleaning,office cleaning
urgent commercial shop area floor clean at my home,cleaning,office cleaning
find me meeting room carpet and floor cleaning today,cleaning,office cleaning
find me office workspace cleaning at my location,cleaning,office cleaning
i need desk and computer dusting office in galle,cleaning,office cleaning
can i get commercial shop area floor clean asap,cleaning,office cleaning
urgent office glass window cleaning near me,cleaning,office cleaning
can i get office glass window clening at my location,cleaning,office cleaning
can someone office workspace cleaning in negombo,cleaning,office cleaning
req desk and computer dusting office urgently,cleaning,office cleaning
help me with office glass window cleaning quick service,cleaning,office cleaning
find me office workspace cleaning in galle,cleaning,office cleaning
looking for desk and computer dusting office in galle,cleaning,office cleaning
can someone corporate office night cleaning in colombo,cleaning,office cleaning
want to hire office workspace cleaning in negombo,cleaning,office cleaning
find me desk and computer dusting office for my house,cleaning,office cleaning
need desk and computer dusting office quick service,cleaning,office cleaning
help me with meeting room carpet and floor cleaning quick service,cleaning,office cleaning
plz office glass window cleaning today,cleaning,office cleaning
please send workplace janitorial daily clean at my home,cleaning,office cleaning
req meeting room carpet and floor cleaning in colombo,cleaning,office cleaning
i need corporate office night cleaning for my office,cleaning,office cleaning
help me with office workspace cleaning in kandy,cleaning,office cleaning
want to hire desk and computer dusting office for my apartment,cleaning,office cleaning
looking for workplace janitorial daily clean asap,cleaning,office cleaning
please send workplace janitorial daily clean for my office,cleaning,office cleaning
please send desk and computer dusting office in galle,cleaning,office cleaning
req office glass window cleaning this weekend,cleaning,office cleaning
can i get commercial shop area floor clean at my home,cleaning,office cleaning
want to hire workplace janitorial daily clean in galle,cleaning,office cleaning
want to hire office glass window clening in kurunegala,cleaning,office cleaning
asap meeting room carpet and floor cleaning quick service,cleaning,office cleaning
req office workspace cleaning at my home,cleaning,office cleaning
can someone office glass window cleaning for my house,cleaning,office cleaning
i need office workspace cleaning today,cleaning,office cleaning
urgently need workplace janitorial daily clean for my apartment,cleaning,office cleaning
can i get desk and computer dusting office for my office,cleaning,office cleaning
help me with corporate office night cleaning quick service,cleaning,office cleaning
want to hire commercial shop area floor clean today,cleaning,office cleaning
search for desk and computer dusting office asap,cleaning,office cleaning
looking for commercial shop area floor clean near me,cleaning,office cleaning
looking for office workspace cleaning for my office,cleaning,office cleaning
plz office workspace cleaning at my home,cleaning,office cleaning
i need meeting room carpet and floor cleaning at my location,cleaning,office cleaning
req commercial shop area floor clean at my home,cleaning,office cleaning
plz desk and computer dusting office for my house,cleaning,office cleaning
where to get workplace janitorial daily clean in galle,cleaning,office cleaning
help me with corporate office night cleaning urgently,cleaning,office cleaning
need office workspace cleaning for my office,cleaning,office cleaning
req workplace janitorial daily clean in negombo,cleaning,office cleaning
looking for desk and computer dusting office at my home,cleaning,office cleaning
need office glass window cleaning for my house,cleaning,office cleaning
req meeting room carpet and floor cleaning at my location,cleaning,office cleaning
urgently need meeting room carpet and floor cleaning for my house,cleaning,office cleaning
where to get meeting room carpet and floor clening in negombo,cleaning,office cleaning
where to get desk and computer dusting office for my apartment,cleaning,office cleaning
can i get desk and computer dusting office today,cleaning,office cleaning
can i get office glass window cleaning near me,cleaning,office cleaning
find me meeting room carpet and floor cleaning for my office,cleaning,office cleaning
i need office workspace cleaning asap,cleaning,office cleaning
want to hire workplace janitorial daily clean for my office,cleaning,office cleaning
urgently need commercial shop area floor clean in colombo,cleaning,office cleaning
looking for office workspace cleaning at my home,cleaning,office cleaning
urgently need office workspace cleaning today,cleaning,office cleaning
asap corporate office night cleaning for my house,cleaning,office cleaning
help me with office workspace cleaning in colombo,cleaning,office cleaning
need workplace janitorial daily clean for my house,cleaning,office cleaning
can i get meeting room carpet and floor cleaning for my house,cleaning,office cleaning
req office glass window cleaning near me,cleaning,office cleaning
want to hire meeting room carpet and floor cleaning today,cleaning,office cleaning
want to hire office glass window cleaning in galle,cleaning,office cleaning
asap workplace janitorial daily clean in kandy,cleaning,office cleaning
please send commercial shop area floor clean in galle,cleaning,office cleaning
can i get commercial shop area floor clean in colombo,cleaning,office cleaning
i need commercial shop area floor clean today,cleaning,office cleaning
need corporate office night cleaning in negombo,cleaning,office cleaning
help me with office workspace cleaning today,cleaning,office cleaning
where to get commercial shop area floor clean for my house,cleaning,office cleaning
urgent office glass window cleaning today,cleaning,office cleaning
need corporate office night cleaning asap,cleaning,office cleaning
urgent commercial shop area floor clean at my location,cleaning,office cleaning
want to hire commercial shop area floor clean at my home,cleaning,office cleaning
asap workplace janitorial daily clean for my house,cleaning,office cleaning
search for meeting room carpet and floor cleaning in kandy,cleaning,office cleaning
plz commercial shop area floor clean this weekend,cleaning,office cleaning
urgent corporate office night cleaning in kurunegala,cleaning,office cleaning
need commercial shop area floor clean at my home,cleaning,office cleaning
please send office glass window cleaning at my location,cleaning,office cleaning
need commercial shop area floor clean at my location,cleaning,office cleaning
where to get meeting room carpet and floor cleaning in negombo,cleaning,office cleaning
can someone corporate office night cleaning near me,cleaning,office cleaning
i need workplace janitorial daily clean at my home,cleaning,office cleaning
search for workplace janitorial daily clean today,cleaning,office cleaning
search for meeting room carpet and floor cleaning asap,cleaning,office cleaning
please send desk and computer dusting office for my apartment,cleaning,office cleaning
can someone desk and computer dusting office at my location,cleaning,office cleaning
i need workplace janitorial daily clean in kurunegala,cleaning,office cleaning
can i get corporate office night cleaning near me,cleaning,office cleaning
can i get desk and computer dusting office asap,cleaning,office cleaning
urgently need desk and computer dusting office for my house,cleaning,office cleaning
urgent commercial shop area floor clean for my house,cleaning,office cleaning
urgently need office glass window cleaning for my apartment,cleaning,office cleaning
looking for corporate office night clening quick service,cleaning,office cleaning
urgently need corporate office night cleaning in colombo,cleaning,office cleaning
search for corporate office night cleaning in negombo,cleaning,office cleaning
plz meeting room carpet and floor cleaning in kandy,cleaning,office cleaning
please send meeting room carpet and floor cleaning this weekend,cleaning,office cleaning
help me with commercial shop area floor clean urgently,cleaning,office cleaning
urgent meeting room carpet and floor cleaning for my house,cleaning,office cleaning
urgent meeting room carpet and floor cleaning near me,cleaning,office cleaning
looking for corporate office night cleaning in negombo,cleaning,office cleaning
please send workplace janitorial daily clean at my location,cleaning,office cleaning
looking for commercial shop area floor clean this weekend,cleaning,office cleaning
need corporate office night cleaning for my office,cleaning,office cleaning
please send commercial shop area floor clean for my office,cleaning,office cleaning
urgent workplace janitorial daily clean for my apartment,cleaning,office cleaning
can someone corporate office night cleaning today,cleaning,office cleaning
asap meeting room carpet and floor cleaning in galle,cleaning,office cleaning
please send desk and computer dusting office quick service,cleaning,office cleaning
can someone desk and computer dusting office near me,cleaning,office cleaning
i need office glass window cleaning in negombo,cleaning,office cleaning
plz workplace janitorial daily clean at my location,cleaning,office cleaning
asap corporate office night cleaning for my office,cleaning,office cleaning
search for debris tile mortar cleaning urgently,cleaning,post-construction cleaning
urgently need post construction house deep cleaning for my office,cleaning,post-construction cleaning
need debris tile mortar cleaning near me,cleaning,post-construction cleaning
post building site dust clearing helper,cleaning,post-construction cleaning
please send new build building site clean up in galle,cleaning,post-construction cleaning
req after renovation dust clean in kurunegala,cleaning,post-construction cleaning
please send post construction house deep cleaning urgently,cleaning,post-construction cleaning
where to get after renovation dust clean for my office,cleaning,post-construction cleaning
looking for new build building site clean up in colombo,cleaning,post-construction cleaning
plz debris tile mortar cleaning asap,cleaning,post-construction cleaning
plz newly constructed apartment dust removal today,cleaning,post-construction cleaning
please send post construction house deep cleaning in kandy,cleaning,post-construction cleaning
where to get newly constructed apartment dust removal quick service,cleaning,post-construction cleaning
urgently need after renovation dust clean in negombo,cleaning,post-construction cleaning
plz after renovation dust clean for my house,cleaning,post-construction cleaning
can someone cement dust and paint stain clean at my home,cleaning,post-construction cleaning
can someone debris tile mortar cleaning at my home,cleaning,post-construction cleaning
can i get new build building site clean up in galle,cleaning,post-construction cleaning
construction work finished need full house cleanup,cleaning,post-construction cleaning
renovation dust all over house need deep wash,cleaning,post-construction cleaning
where to get cement dust and paint stain clean in negombo,cleaning,post-construction cleaning
plz post construction house deep cleaning in colombo,cleaning,post-construction cleaning
urgent debris tile mortar cleaning at my location,cleaning,post-construction cleaning
help me with newly constructed apartment dust removal today,cleaning,post-construction cleaning
looking for new build building site clean up urgently,cleaning,post-construction cleaning
urgent debris tile mortar cleaning quick service,cleaning,post-construction cleaning
find me after renovation dust clean in kurunegala,cleaning,post-construction cleaning
search for post construction house deep cleaning for my house,cleaning,post-construction cleaning
need newly constructed apartment dust removal near me,cleaning,post-construction cleaning
plz new build building site clean up quick service,cleaning,post-construction cleaning
asap cement dust and paint stain clean quick service,cleaning,post-construction cleaning
req new build building site clean up in galle,cleaning,post-construction cleaning
can someone debris tile mortar cleaning for my house,cleaning,post-construction cleaning
help me with cement dust and paint stain clean for my apartment,cleaning,post-construction cleaning
where to get debris tile mortar cleaning for my apartment,cleaning,post-construction cleaning
find me newly constructed apartment dust removal this weekend,cleaning,post-construction cleaning
want to hire new build building site clean up for my apartment,cleaning,post-construction cleaning
can someone post construction house deep cleaning for my apartment,cleaning,post-construction cleaning
can i get after renovation dust clean this weekend,cleaning,post-construction cleaning
urgently need new build building site clean up in colombo,cleaning,post-construction cleaning
can someone newly constructed apartment dust removal in colombo,cleaning,post-construction cleaning
urgent after renovation dust clean today,cleaning,post-construction cleaning
i need debris tile mortar cleaning near me,cleaning,post-construction cleaning
find me after renovation dust clean in galle,cleaning,post-construction cleaning
where to get newly constructed apartment dust removal at my home,cleaning,post-construction cleaning
where to get debris tile mortar cleaning in galle,cleaning,post-construction cleaning
want to hire post construction house deep cleaning at my home,cleaning,post-construction cleaning
i need post construction house deep cleaning today,cleaning,post-construction cleaning
search for new build building site clean up in galle,cleaning,post-construction cleaning
find me debris tile mortar cleaning today,cleaning,post-construction cleaning
plz newly constructed apartment dust removal for my house,cleaning,post-construction cleaning
i need post construction house deep cleaning at my home,cleaning,post-construction cleaning
urgently need post construction house deep cleaning in kandy,cleaning,post-construction cleaning
urgently need after renovation dust clean asap,cleaning,post-construction cleaning
urgently need post construction house deep cleaning for my apartment,cleaning,post-construction cleaning
help me with new build building site clean up for my apartment,cleaning,post-construction cleaning
need newly constructed apartment dust removal in kandy,cleaning,post-construction cleaning
i need new build building site clean up quick service,cleaning,post-construction cleaning
need newly constructed apartment dust removal urgently,cleaning,post-construction cleaning
looking for post construction house deep cleaning for my apartment,cleaning,post-construction cleaning
urgent newly constructed apartment dust removal in galle,cleaning,post-construction cleaning
want to hire cement dust and paint stain clean for my apartment,cleaning,post-construction cleaning
please send cement dust and paint stain clean at my home,cleaning,post-construction cleaning
want to hire cement dust and paint stain clean near me,cleaning,post-construction cleaning
help me with post construction house deep cleaning in negombo,cleaning,post-construction cleaning
help me with newly constructed apartment dust removal for my office,cleaning,post-construction cleaning
plz cement dust and paint stain clean at my location,cleaning,post-construction cleaning
want to hire newly constructed apartment dust removal in colombo,cleaning,post-construction cleaning
urgent new build building site clean up in kurunegala,cleaning,post-construction cleaning
need post construction house deep cleaning in galle,cleaning,post-construction cleaning
req post construction house deep cleaning urgently,cleaning,post-construction cleaning
help me with new build building site clean up in kandy,cleaning,post-construction cleaning
search for cement dust and paint stain clean asap,cleaning,post-construction cleaning
req new build building site clean up near me,cleaning,post-construction cleaning
can someone new build building site clean up for my house,cleaning,post-construction cleaning
can someone post construction house deep clening urgently,cleaning,post-construction cleaning
help me with cement dust and paint stain clean at my location,cleaning,post-construction cleaning
asap after renovation dust clean quick service,cleaning,post-construction cleaning
urgently need post construction house deep cleaning in colombo,cleaning,post-construction cleaning
want to hire cement dust and paint stain clean in negombo,cleaning,post-construction cleaning
asap newly constructed apartment dust removal at my location,cleaning,post-construction cleaning
asap post construction house deep cleaning in kandy,cleaning,post-construction cleaning
where to get debris tile mortar cleaning in kandy,cleaning,post-construction cleaning
help me with newly constructed apartment dust removal for my house,cleaning,post-construction cleaning
plz debris tile mortar cleaning at my home,cleaning,post-construction cleaning
help me with debris tile mortar cleaning for my house,cleaning,post-construction cleaning
asap cement dust and paint stain clean in galle,cleaning,post-construction cleaning
search for new build building site clean up at my location,cleaning,post-construction cleaning
urgent post construction house deep cleaning for my office,cleaning,post-construction cleaning
construction work finished need full house clenup,cleaning,post-construction cleaning
looking for debris tile mortar cleaning quick service,cleaning,post-construction cleaning
want to hire cement dust and paint stain clean quick service,cleaning,post-construction cleaning
search for newly constructed apartment dust removal asap,cleaning,post-construction cleaning
can someone after renovation dust clean in kurunegala,cleaning,post-construction cleaning
please send after renovation dust clean asap,cleaning,post-construction cleaning
please send newly constructed apartment dust removal at my home,cleaning,post-construction cleaning
i need post construction house deep cleaning this weekend,cleaning,post-construction cleaning
please send new build building site clean up this weekend,cleaning,post-construction cleaning
urgently need cement dust and paint stain clean at my location,cleaning,post-construction cleaning
find me debris tile mortar cleaning at my location,cleaning,post-construction cleaning
req after renovation dust clean in colombo,cleaning,post-construction cleaning
urgently need new build building site clean up urgently,cleaning,post-construction cleaning
can someone newly constructed apartment dust removal in galle,cleaning,post-construction cleaning
search for new build building site clean up quick service,cleaning,post-construction cleaning
please send after renovation dust clean for my office,cleaning,post-construction cleaning
search for newly constructed apartment dust removal in negombo,cleaning,post-construction cleaning
i need post construction house deep cleaning in kurunegala,cleaning,post-construction cleaning
where to get cement dust and paint stain clean today,cleaning,post-construction cleaning
can i get after renovation dust clean at my home,cleaning,post-construction cleaning
can i get cement dust and paint stain clean for my house,cleaning,post-construction cleaning
please send post construction house deep cleaning for my office,cleaning,post-construction cleaning
want to hire cement dust and paint stain clean at my location,cleaning,post-construction cleaning
asap newly constructed apartment dust removal in kurunegala,cleaning,post-construction cleaning
where to get newly constructed apartment dust removal today,cleaning,post-construction cleaning
can someone after renovation dust clen asap,cleaning,post-construction cleaning
please send debris tile mortar cleaning for my house,cleaning,post-construction cleaning
looking for post construction house deep cleaning in negombo,cleaning,post-construction cleaning
search for new build building site clen up asap,cleaning,post-construction cleaning
want to hire cement dust and paint stain clen this weekend,cleaning,post-construction cleaning
can someone post construction house deep cleaning at my home,cleaning,post-construction cleaning
find me newly constructed apartment dust removal asap,cleaning,post-construction cleaning
req debris tile mortar cleaning at my home,cleaning,post-construction cleaning
can someone post construction house deep cleaning in kurunegala,cleaning,post-construction cleaning
req after renovation dust clen in galle,cleaning,post-construction cleaning
help me with newly constructed apartment dust removal for my apartment,cleaning,post-construction cleaning
please send debris tile mortar cleaning at my home,cleaning,post-construction cleaning
req after renovation dust clean today,cleaning,post-construction cleaning
help me with post construction house deep cleaning in colombo,cleaning,post-construction cleaning
want to hire newly constructed apartment dust removal for my office,cleaning,post-construction cleaning
please send after renovation dust clean in negombo,cleaning,post-construction cleaning
urgently need cement dust and paint stain clean in negombo,cleaning,post-construction cleaning
i need new build building site clean up in colombo,cleaning,post-construction cleaning
need debris tile mortar cleaning today,cleaning,post-construction cleaning
help me with new build building site clean up for my house,cleaning,post-construction cleaning
can i get debris tile mortar cleaning for my apartment,cleaning,post-construction cleaning
req post construction house deep cleaning in negombo,cleaning,post-construction cleaning
can someone cement dust and paint stain clean in galle,cleaning,post-construction cleaning
asap newly constructed apartment dust removal for my house,cleaning,post-construction cleaning
find me after renovation dust clean in colombo,cleaning,post-construction cleaning
need post construction house deep cleaning urgently,cleaning,post-construction cleaning
asap post construction house deep cleaning in negombo,cleaning,post-construction cleaning
looking for new build building site clean up in negombo,cleaning,post-construction cleaning
asap new build building site clean up for my office,cleaning,post-construction cleaning
can i get after renovation dust clean at my location,cleaning,post-construction cleaning
where to get cement dust and paint stain clean near me,cleaning,post-construction cleaning
plz newly constructed apartment dust removal near me,cleaning,post-construction cleaning
can i get newly constructed apartment dust removal in colombo,cleaning,post-construction cleaning
want to hire post construction house deep cleaning near me,cleaning,post-construction cleaning
plz debris tile mortar cleaning quick service,cleaning,post-construction cleaning
looking for post construction house deep cleaning urgently,cleaning,post-construction cleaning
plz cement dust and paint stain clean for my apartment,cleaning,post-construction cleaning
need cement dust and paint stain clean in kurunegala,cleaning,post-construction cleaning
find me after renovation dust clean for my apartment,cleaning,post-construction cleaning
urgent cement dust and paint stain clean at my location,cleaning,post-construction cleaning
urgent post construction house deep cleaning at my home,cleaning,post-construction cleaning
want to hire post construction house deep cleaning in galle,cleaning,post-construction cleaning
need cement dust and paint stain clean in colombo,cleaning,post-construction cleaning
req after renovation dust clean at my location,cleaning,post-construction cleaning
can i get post construction house deep cleaning in negombo,cleaning,post-construction cleaning
plz newly constructed apartment dust removal for my office,cleaning,post-construction cleaning
can someone new build building site clean up today,cleaning,post-construction cleaning
please send new build building site clean up in colombo,cleaning,post-construction cleaning
help me with post construction house deep cleaning near me,cleaning,post-construction cleaning
urgent post construction house deep cleaning in colombo,cleaning,post-construction cleaning
urgently need cement dust and paint stain clean for my apartment,cleaning,post-construction cleaning
looking for after renovation dust clean asap,cleaning,post-construction cleaning
can i get newly constructed apartment dust removal this weekend,cleaning,post-construction cleaning
plz cement dust and paint stain clean near me,cleaning,post-construction cleaning
req newly constructed apartment dust removal for my office,cleaning,post-construction cleaning
looking for debris tile mortar cleaning for my office,cleaning,post-construction cleaning
need newly constructed apartment dust removal at my location,cleaning,post-construction cleaning
asap debris tile mortar cleaning near me,cleaning,post-construction cleaning
i need debris tile mortar cleaning this weekend,cleaning,post-construction cleaning
search for after renovation dust clean today,cleaning,post-construction cleaning
can i get newly constructed apartment dust removal for my office,cleaning,post-construction cleaning
i need post construction house deep cleaning asap,cleaning,post-construction cleaning
search for debris tile mortar cleaning in kurunegala,cleaning,post-construction cleaning
can someone new build building site clean up this weekend,cleaning,post-construction cleaning
can i get debris tile mortar cleaning quick service,cleaning,post-construction cleaning
can i get post construction house deep cleaning in galle,cleaning,post-construction cleaning
search for after renovation dust clean urgently,cleaning,post-construction cleaning
looking for newly constructed apartment dust removal at my home,cleaning,post-construction cleaning
help me with new build building site clean up for my office,cleaning,post-construction cleaning
urgent cement dust and paint stain clean urgently,cleaning,post-construction cleaning
want to hire cement dust and paint stain clean asap,cleaning,post-construction cleaning
find me after renovation dust clean quick service,cleaning,post-construction cleaning
i need after renovation dust clean today,cleaning,post-construction cleaning
req post construction house deep cleaning for my house,cleaning,post-construction cleaning
i need cement dust and paint stain clean in kandy,cleaning,post-construction cleaning
can someone debris tile mortar cleaning near me,cleaning,post-construction cleaning
where to get new build building site clean up asap,cleaning,post-construction cleaning
need newly constructed apartment dust removal quick service,cleaning,post-construction cleaning
search for new build building site clean up for my apartment,cleaning,post-construction cleaning
please send cement dust and paint stain clen for my office,cleaning,post-construction cleaning
want to hire new build building site clean up in colombo,cleaning,post-construction cleaning
asap new build building site clean up asap,cleaning,post-construction cleaning
i need new build building site clean up in kandy,cleaning,post-construction cleaning
looking for new build building site clean up for my house,cleaning,post-construction cleaning
want to hire after renovation dust clean this weekend,cleaning,post-construction cleaning
can someone newly constructed apartment dust removal at my home,cleaning,post-construction cleaning
urgent new build building site clean up for my apartment,cleaning,post-construction cleaning
i need new build building site clean up at my location,cleaning,post-construction cleaning
i need newly constructed apartment dust removal for my office,cleaning,post-construction cleaning
want to hire after renovation dust clean in kandy,cleaning,post-construction cleaning
i need post construction house deep cleaning in galle,cleaning,post-construction cleaning
urgent post construction house deep cleaning in kurunegala,cleaning,post-construction cleaning
i need debris tile mortar cleaning today,cleaning,post-construction cleaning
plz after renovation dust clean in kurunegala,cleaning,post-construction cleaning
urgently need new build building site clean up for my apartment,cleaning,post-construction cleaning
find me cement dust and paint stain clean at my home,cleaning,post-construction cleaning
i need after renovation dust clean this weekend,cleaning,post-construction cleaning
urgently need post construction house deep cleaning in kurunegala,cleaning,post-construction cleaning
asap post construction house deep cleaning at my home,cleaning,post-construction cleaning
can i get after renovation dust clean asap,cleaning,post-construction cleaning
i need debris tile mortar cleaning in kurunegala,cleaning,post-construction cleaning
help me with after renovation dust clean at my location,cleaning,post-construction cleaning
plz post construction house deep cleaning urgently,cleaning,post-construction cleaning
urgently need after renovation dust clean in kandy,cleaning,post-construction cleaning
help me with post construction house deep cleaning in kurunegala,cleaning,post-construction cleaning
plz cement dust and paint stain clean in kandy,cleaning,post-construction cleaning
i need newly constructed apartment dust removal quick service,cleaning,post-construction cleaning
looking for debris tile mortar cleaning this weekend,cleaning,post-construction cleaning
want to hire cement dust and paint stain clean for my office,cleaning,post-construction cleaning
urgent after renovation dust clean in kurunegala,cleaning,post-construction cleaning
please send cement dust and paint stain clean in negombo,cleaning,post-construction cleaning
asap after renovation dust clean asap,cleaning,post-construction cleaning
urgently need post construction house deep cleaning urgently,cleaning,post-construction cleaning
looking for debris tile mortar cleaning today,cleaning,post-construction cleaning
asap newly constructed apartment dust removal this weekend,cleaning,post-construction cleaning
find me after renovation dust clean in kandy,cleaning,post-construction cleaning
looking for new build building site clean up in kurunegala,cleaning,post-construction cleaning
looking for after renovation dust clean this weekend,cleaning,post-construction cleaning
urgent newly constructed apartment dust removal asap,cleaning,post-construction cleaning
looking for newly constructed apartment dust removal quick service,cleaning,post-construction cleaning
can someone new build building site clean up in kandy,cleaning,post-construction cleaning
looking for after renovation dust clean for my apartment,cleaning,post-construction cleaning
please send newly constructed apartment dust removal urgently,cleaning,post-construction cleaning
can someone newly constructed apartment dust removal in negombo,cleaning,post-construction cleaning
help me with post construction house deep cleaning quick service,cleaning,post-construction cleaning
want to hire post construction house deep cleaning in colombo,cleaning,post-construction cleaning
where to get post construction house deep cleaning at my location,cleaning,post-construction cleaning
search for debris tile mortar cleaning today,cleaning,post-construction cleaning
i need after renovation dust clean in kurunegala,cleaning,post-construction cleaning
where to get new build building site clean up today,cleaning,post-construction cleaning
can i get after renovation dust clen quick service,cleaning,post-construction cleaning
looking for post construction house deep cleaning at my location,cleaning,post-construction cleaning
plz debris tile mortar cleaning for my apartment,cleaning,post-construction cleaning
help me with cement dust and paint stain clean urgently,cleaning,post-construction cleaning
please send cement dust and paint stain clean for my house,cleaning,post-construction cleaning
urgent post construction house deep cleaning in kandy,cleaning,post-construction cleaning
can i get new build building site clean up for my apartment,cleaning,post-construction cleaning
help me with debris tile mortar clening in galle,cleaning,post-construction cleaning
need cement dust and paint stain clean for my office,cleaning,post-construction cleaning
plz new build building site clean up today,cleaning,post-construction cleaning
can i get post construction house deep cleaning for my office,cleaning,post-construction cleaning
please send after renovation dust clean this weekend,cleaning,post-construction cleaning
req cement dust and paint stain clean at my home,cleaning,post-construction cleaning
looking for newly constructed apartment dust removal in kandy,cleaning,post-construction cleaning
where to get after renovation dust clean today,cleaning,post-construction cleaning
find me debris tile mortar cleaning in negombo,cleaning,post-construction cleaning
urgently need after renovation dust clean urgently,cleaning,post-construction cleaning
where to get new build building site clean up at my location,cleaning,post-construction cleaning
urgently need debris tile mortar cleaning in kandy,cleaning,post-construction cleaning
looking for post construction house deep cleaning near me,cleaning,post-construction cleaning
looking for debris tile mortar cleaning in negombo,cleaning,post-construction cleaning
help me with after renovation dust clean in galle,cleaning,post-construction cleaning
want to hire post construction house deep cleaning in kandy,cleaning,post-construction cleaning
search for debris tile mortar cleaning in colombo,cleaning,post-construction cleaning
search for debris tile mortar cleaning for my office,cleaning,post-construction cleaning
where to get cement dust and paint stain clean at my home,cleaning,post-construction cleaning
asap newly constructed apartment dust removal in kandy,cleaning,post-construction cleaning
urgent newly constructed apartment dust removal for my apartment,cleaning,post-construction cleaning
i need new build building site clen up asap,cleaning,post-construction cleaning
can i get post construction house deep cleaning in kurunegala,cleaning,post-construction cleaning
where to get post construction house deep cleaning this weekend,cleaning,post-construction cleaning
please send post construction house deep cleaning in kurunegala,cleaning,post-construction cleaning
help me with after renovation dust clean urgently,cleaning,post-construction cleaning
want to hire cement dust and paint stain clean in kurunegala,cleaning,post-construction cleaning
asap after renovation dust clean urgently,cleaning,post-construction cleaning
want to hire debris tile mortar cleaning in colombo,cleaning,post-construction cleaning
need new build building site clean up in galle,cleaning,post-construction cleaning
please send newly constructed apartment dust removal today,cleaning,post-construction cleaning
plz after renovation dust clean in galle,cleaning,post-construction cleaning
want to hire after renovation dust clean asap,cleaning,post-construction cleaning
req newly constructed apartment dust removal in galle,cleaning,post-construction cleaning
help me with new build building site clean up near me,cleaning,post-construction cleaning
urgent debris tile mortar cleaning at my home,cleaning,post-construction cleaning
i need cement dust and paint stain clean asap,cleaning,post-construction cleaning
plz after renovation dust clean quick service,cleaning,post-construction cleaning
where to get cement dust and paint stain clen at my location,cleaning,post-construction cleaning
req after renovation dust clean urgently,cleaning,post-construction cleaning
find me new build building site clean up at my home,cleaning,post-construction cleaning
i need after renovation dust clean quick service,cleaning,post-construction cleaning
need new build building site clean up at my location,cleaning,post-construction cleaning
can i get post construction house deep cleaning near me,cleaning,post-construction cleaning
req new build building site clean up today,cleaning,post-construction cleaning
please send empty house clean before moving in in kandy,cleaning,move-in/move-out cleaning
urgently need landlord handover inspection cleaning in negombo,cleaning,move-in/move-out cleaning
req move in new home cleaning service in kandy,cleaning,move-in/move-out cleaning
moving out cleaning to get deposit back,cleaning,move-in/move-out cleaning
new tenant coming need house sanitized and cleaned,cleaning,move-in/move-out cleaning
looking for move out deep house clean in colombo,cleaning,move-in/move-out cleaning
can i get tenant handover house cleaning in galle,cleaning,move-in/move-out cleaning
vacating house need complete deep cleaning,cleaning,move-in/move-out cleaning
plz landlord handover inspection cleaning in negombo,cleaning,move-in/move-out cleaning
where to get move in new home cleaning service this weekend,cleaning,move-in/move-out cleaning
looking for move in new home cleaning service quick service,cleaning,move-in/move-out cleaning
please send tenant handover house cleaning in galle,cleaning,move-in/move-out cleaning
search for rental property end of lease clean at my home,cleaning,move-in/move-out cleaning
please send rental property end of lease clean urgently,cleaning,move-in/move-out cleaning
i need move out deep house clean in negombo,cleaning,move-in/move-out cleaning
where to get rental property end of lease clean in negombo,cleaning,move-in/move-out cleaning
find me landlord handover inspection cleaning for my apartment,cleaning,move-in/move-out cleaning
looking for empty house clean before moving in urgently,cleaning,move-in/move-out cleaning
can i get landlord handover inspection cleaning urgently,cleaning,move-in/move-out cleaning
plz move in new home cleaning service for my office,cleaning,move-in/move-out cleaning
need move in new home cleaning service urgently,cleaning,move-in/move-out cleaning
help me with move in new home cleaning service for my office,cleaning,move-in/move-out cleaning
help me with landlord handover inspection cleaning urgently,cleaning,move-in/move-out cleaning
need move out deep house clean near me,cleaning,move-in/move-out cleaning
need rental property end of lease clean in colombo,cleaning,move-in/move-out cleaning
can i get rental property end of lease clean for my house,cleaning,move-in/move-out cleaning
asap empty house clean before moving in quick service,cleaning,move-in/move-out cleaning
want to hire move out deep house clean asap,cleaning,move-in/move-out cleaning
moving out clening to get deposit back,cleaning,move-in/move-out cleaning
can someone rental property end of lease clean this weekend,cleaning,move-in/move-out cleaning
find me tenant handover house cleaning near me,cleaning,move-in/move-out cleaning
can i get rental property end of lease clean for my apartment,cleaning,move-in/move-out cleaning
where to get move out deep house clean asap,cleaning,move-in/move-out cleaning
urgent move in new home cleaning service in kandy,cleaning,move-in/move-out cleaning
find me tenant handover house cleaning in colombo,cleaning,move-in/move-out cleaning
looking for tenant handover house cleaning in kurunegala,cleaning,move-in/move-out cleaning
i need move in new home cleaning service at my location,cleaning,move-in/move-out cleaning
can someone rental property end of lease clean for my apartment,cleaning,move-in/move-out cleaning
plz rental property end of lease clean in negombo,cleaning,move-in/move-out cleaning
plz move in new home cleaning service in colombo,cleaning,move-in/move-out cleaning
can i get tenant handover house cleaning in colombo,cleaning,move-in/move-out cleaning
find me rental property end of lease clean for my apartment,cleaning,move-in/move-out cleaning
can i get move out deep house clean in colombo,cleaning,move-in/move-out cleaning
where to get tenant handover house cleaning in negombo,cleaning,move-in/move-out cleaning
i need rental property end of lease clean in kurunegala,cleaning,move-in/move-out cleaning
asap rental property end of lease clean at my location,cleaning,move-in/move-out cleaning
want to hire tenant handover house cleaning quick service,cleaning,move-in/move-out cleaning
can someone empty house clean before moving in in kandy,cleaning,move-in/move-out cleaning
want to hire move in new home cleaning service in kandy,cleaning,move-in/move-out cleaning
asap tenant handover house cleaning at my home,cleaning,move-in/move-out cleaning
can i get tenant handover house cleaning urgently,cleaning,move-in/move-out cleaning
search for landlord handover inspection cleaning asap,cleaning,move-in/move-out cleaning
need move in new home cleaning service this weekend,cleaning,move-in/move-out cleaning
can someone tenant handover house cleaning near me,cleaning,move-in/move-out cleaning
req empty house clean before moving in for my house,cleaning,move-in/move-out cleaning
help me with empty house clean before moving in quick service,cleaning,move-in/move-out cleaning
looking for rental property end of lease clean this weekend,cleaning,move-in/move-out cleaning
find me rental property end of lease clen in kurunegala,cleaning,move-in/move-out cleaning
want to hire move out deep house clean quick service,cleaning,move-in/move-out cleaning
urgent empty house clean before moving in this weekend,cleaning,move-in/move-out cleaning
can i get move out deep house clean in kurunegala,cleaning,move-in/move-out cleaning
looking for move in new home cleaning service today,cleaning,move-in/move-out cleaning
urgent tenant handover house cleaning for my apartment,cleaning,move-in/move-out cleaning
looking for move in new home cleaning service urgently,cleaning,move-in/move-out cleaning
urgently need landlord handover inspection cleaning this weekend,cleaning,move-in/move-out cleaning
please send move out deep house clean urgently,cleaning,move-in/move-out cleaning
please send rental property end of lease clean in kandy,cleaning,move-in/move-out cleaning
looking for landlord handover inspection cleaning today,cleaning,move-in/move-out cleaning
want to hire move in new home cleaning service near me,cleaning,move-in/move-out cleaning
please send move out deep house clean this weekend,cleaning,move-in/move-out cleaning
want to hire tenant handover house cleaning in galle,cleaning,move-in/move-out cleaning
i need move in new home cleaning service quick service,cleaning,move-in/move-out cleaning
req rental property end of lease clean asap,cleaning,move-in/move-out cleaning
asap move in new home cleaning service asap,cleaning,move-in/move-out cleaning
new tenant coming need house sanitized and clened,cleaning,move-in/move-out cleaning
please send tenant handover house cleaning asap,cleaning,move-in/move-out cleaning
urgently need rental property end of lease clean at my location,cleaning,move-in/move-out cleaning
please send empty house clean before moving in urgently,cleaning,move-in/move-out cleaning
search for tenant handover house cleaning in kandy,cleaning,move-in/move-out cleaning
need rental property end of lease clean for my office,cleaning,move-in/move-out cleaning
req move in new home cleaning service near me,cleaning,move-in/move-out cleaning
urgent move out deep house clean at my location,cleaning,move-in/move-out cleaning
i need rental property end of lease clean in colombo,cleaning,move-in/move-out cleaning
plz rental property end of lease clean today,cleaning,move-in/move-out cleaning
want to hire tenant handover house cleaning for my house,cleaning,move-in/move-out cleaning
search for landlord handover inspection cleaning at my location,cleaning,move-in/move-out cleaning
urgent tenant handover house cleaning in kurunegala,cleaning,move-in/move-out cleaning
please send empty house clean before moving in asap,cleaning,move-in/move-out cleaning
can i get move in new home cleaning service asap,cleaning,move-in/move-out cleaning
looking for rental property end of lease clean at my home,cleaning,move-in/move-out cleaning
i need move out deep house clean today,cleaning,move-in/move-out cleaning
help me with empty house clean before moving in today,cleaning,move-in/move-out cleaning
can someone rental property end of lease clean in negombo,cleaning,move-in/move-out cleaning
req rental property end of lease clean urgently,cleaning,move-in/move-out cleaning
where to get tenant handover house cleaning near me,cleaning,move-in/move-out cleaning
help me with landlord handover inspection cleaning for my office,cleaning,move-in/move-out cleaning
i need move in new home cleaning service for my apartment,cleaning,move-in/move-out cleaning
search for move out deep house clean in galle,cleaning,move-in/move-out cleaning
help me with landlord handover inspection cleaning in galle,cleaning,move-in/move-out cleaning
help me with move out deep house clean in colombo,cleaning,move-in/move-out cleaning
need tenant handover house cleaning at my home,cleaning,move-in/move-out cleaning
req move in new home cleaning service in galle,cleaning,move-in/move-out cleaning
plz empty house clean before moving in at my home,cleaning,move-in/move-out cleaning
help me with move in new home cleaning service in kandy,cleaning,move-in/move-out cleaning
looking for empty house clean before moving in for my office,cleaning,move-in/move-out cleaning
need landlord handover inspection cleaning in kandy,cleaning,move-in/move-out cleaning
urgent tenant handover house cleaning urgently,cleaning,move-in/move-out cleaning
looking for move in new home cleaning service in negombo,cleaning,move-in/move-out cleaning
please send tenant handover house cleaning in colombo,cleaning,move-in/move-out cleaning
plz empty house clean before moving in this weekend,cleaning,move-in/move-out cleaning
asap move in new home cleaning service today,cleaning,move-in/move-out cleaning
can someone tenant handover house cleaning for my house,cleaning,move-in/move-out cleaning
need rental property end of lease clean today,cleaning,move-in/move-out cleaning
plz move out deep house clean quick service,cleaning,move-in/move-out cleaning
plz rental property end of lease clen at my location,cleaning,move-in/move-out cleaning
search for landlord handover inspection cleaning at my home,cleaning,move-in/move-out cleaning
please send rental property end of lease clean in colombo,cleaning,move-in/move-out cleaning
find me landlord handover inspection cleaning in galle,cleaning,move-in/move-out cleaning
want to hire move in new home cleaning service at my location,cleaning,move-in/move-out cleaning
please send move in new home cleaning service in kandy,cleaning,move-in/move-out cleaning
need empty house clean before moving in for my house,cleaning,move-in/move-out cleaning
urgent move out deep house clean for my office,cleaning,move-in/move-out cleaning
want to hire move out deep house clean for my office,cleaning,move-in/move-out cleaning
want to hire move out deep house clean urgently,cleaning,move-in/move-out cleaning
plz empty house clean before moving in at my location,cleaning,move-in/move-out cleaning
req move out deep house clean this weekend,cleaning,move-in/move-out cleaning
find me landlord handover inspection cleaning asap,cleaning,move-in/move-out cleaning
asap landlord handover inspection cleaning for my office,cleaning,move-in/move-out cleaning
find me tenant handover house clening for my apartment,cleaning,move-in/move-out cleaning
need rental property end of lease clean urgently,cleaning,move-in/move-out cleaning
please send landlord handover inspection cleaning in colombo,cleaning,move-in/move-out cleaning
can i get move out deep house clean in kandy,cleaning,move-in/move-out cleaning
can i get landlord handover inspection cleaning in colombo,cleaning,move-in/move-out cleaning
can i get landlord handover inspection cleaning in kurunegala,cleaning,move-in/move-out cleaning
asap move out deep house clean asap,cleaning,move-in/move-out cleaning
asap tenant handover house cleaning urgently,cleaning,move-in/move-out cleaning
where to get rental property end of lease clean near me,cleaning,move-in/move-out cleaning
i need empty house clean before moving in in kandy,cleaning,move-in/move-out cleaning
search for move in new home cleaning service quick service,cleaning,move-in/move-out cleaning
can someone landlord handover inspection cleaning asap,cleaning,move-in/move-out cleaning
plz rental property end of lease clean in colombo,cleaning,move-in/move-out cleaning
urgent tenant handover house cleaning in galle,cleaning,move-in/move-out cleaning
can i get rental property end of lease clean in kandy,cleaning,move-in/move-out cleaning
search for tenant handover house cleaning this weekend,cleaning,move-in/move-out cleaning
asap tenant handover house clening for my apartment,cleaning,move-in/move-out cleaning
need move in new home cleaning service in colombo,cleaning,move-in/move-out cleaning
asap move in new home cleaning service at my home,cleaning,move-in/move-out cleaning
where to get rental property end of lease clean for my apartment,cleaning,move-in/move-out cleaning
please send empty house clean before moving in quick service,cleaning,move-in/move-out cleaning
i need landlord handover inspection cleaning for my house,cleaning,move-in/move-out cleaning
urgently need empty house clean before moving in for my house,cleaning,move-in/move-out cleaning
i need move out deep house clean in kurunegala,cleaning,move-in/move-out cleaning
search for empty house clean before moving in for my office,cleaning,move-in/move-out cleaning
i need empty house clean before moving in in colombo,cleaning,move-in/move-out cleaning
can i get move out deep house clean in negombo,cleaning,move-in/move-out cleaning
looking for empty house clean before moving in in kurunegala,cleaning,move-in/move-out cleaning
can someone rental property end of lease clean near me,cleaning,move-in/move-out cleaning
can i get landlord handover inspection cleaning quick service,cleaning,move-in/move-out cleaning
where to get empty house clean before moving in in colombo,cleaning,move-in/move-out cleaning
where to get landlord handover inspection cleaning quick service,cleaning,move-in/move-out cleaning
help me with empty house clean before moving in in colombo,cleaning,move-in/move-out cleaning
search for empty house clean before moving in at my location,cleaning,move-in/move-out cleaning
urgent move in new home cleaning service in negombo,cleaning,move-in/move-out cleaning
urgently need move in new home cleaning service asap,cleaning,move-in/move-out cleaning
need move out deep house clean for my house,cleaning,move-in/move-out cleaning
looking for landlord handover inspection cleaning at my location,cleaning,move-in/move-out cleaning
looking for landlord handover inspection cleaning asap,cleaning,move-in/move-out cleaning
plz move in new home cleaning service urgently,cleaning,move-in/move-out cleaning
help me with tenant handover house cleaning this weekend,cleaning,move-in/move-out cleaning
search for empty house clean before moving in in negombo,cleaning,move-in/move-out cleaning
help me with tenant handover house cleaning at my home,cleaning,move-in/move-out cleaning
want to hire rental property end of lease clean at my home,cleaning,move-in/move-out cleaning
plz move out deep house clean for my office,cleaning,move-in/move-out cleaning
urgently need landlord handover inspection cleaning today,cleaning,move-in/move-out cleaning
want to hire landlord handover inspection cleaning quick service,cleaning,move-in/move-out cleaning
can i get empty house clean before moving in for my office,cleaning,move-in/move-out cleaning
search for empty house clean before moving in urgently,cleaning,move-in/move-out cleaning
need landlord handover inspection cleaning today,cleaning,move-in/move-out cleaning
req tenant handover house cleaning asap,cleaning,move-in/move-out cleaning
can i get tenant handover house cleaning at my location,cleaning,move-in/move-out cleaning
plz tenant handover house cleaning in negombo,cleaning,move-in/move-out cleaning
want to hire tenant handover house cleaning at my location,cleaning,move-in/move-out cleaning
search for move out deep house clean at my location,cleaning,move-in/move-out cleaning
req move in new home cleaning service this weekend,cleaning,move-in/move-out cleaning
can someone landlord handover inspection cleaning at my location,cleaning,move-in/move-out cleaning
asap move out deep house clean in negombo,cleaning,move-in/move-out cleaning
please send move in new home cleaning service near me,cleaning,move-in/move-out cleaning
can someone empty house clean before moving in for my apartment,cleaning,move-in/move-out cleaning
find me move out deep house clean for my house,cleaning,move-in/move-out cleaning
looking for rental property end of lease clean near me,cleaning,move-in/move-out cleaning
req move in new home cleaning service urgently,cleaning,move-in/move-out cleaning
looking for landlord handover inspection cleaning quick service,cleaning,move-in/move-out cleaning
search for move in new home cleaning service at my location,cleaning,move-in/move-out cleaning
urgently need move out deep house clean at my home,cleaning,move-in/move-out cleaning
find me rental property end of lease clean at my home,cleaning,move-in/move-out cleaning
urgently need tenant handover house cleaning in kandy,cleaning,move-in/move-out cleaning
need rental property end of lease clean in kurunegala,cleaning,move-in/move-out cleaning
looking for move out deep house clean near me,cleaning,move-in/move-out cleaning
please send rental property end of lease clean for my house,cleaning,move-in/move-out cleaning
can i get move in new home cleaning service in kurunegala,cleaning,move-in/move-out cleaning
asap tenant handover house cleaning quick service,cleaning,move-in/move-out cleaning
need empty house clen before moving in urgently,cleaning,move-in/move-out cleaning
urgent rental property end of lease clean in colombo,cleaning,move-in/move-out cleaning
urgently need empty house clean before moving in in kurunegala,cleaning,move-in/move-out cleaning
asap empty house clean before moving in near me,cleaning,move-in/move-out cleaning
i need landlord handover inspection cleaning quick service,cleaning,move-in/move-out cleaning
looking for tenant handover house cleaning near me,cleaning,move-in/move-out cleaning
please send move out deep house clean today,cleaning,move-in/move-out cleaning
can someone rental property end of lease clean in galle,cleaning,move-in/move-out cleaning
search for move out deep house clean near me,cleaning,move-in/move-out cleaning
i need tenant handover house cleaning urgently,cleaning,move-in/move-out cleaning
i need empty house clean before moving in in negombo,cleaning,move-in/move-out cleaning
looking for rental property end of lease clean asap,cleaning,move-in/move-out cleaning
req landlord handover inspection clening for my office,cleaning,move-in/move-out cleaning
urgently need landlord handover inspection cleaning urgently,cleaning,move-in/move-out cleaning
need tenant handover house cleaning in colombo,cleaning,move-in/move-out cleaning
looking for move out deep house clean for my house,cleaning,move-in/move-out cleaning
help me with landlord handover inspection cleaning at my home,cleaning,move-in/move-out cleaning
req landlord handover inspection cleaning quick service,cleaning,move-in/move-out cleaning
please send empty house clean before moving in in galle,cleaning,move-in/move-out cleaning
urgent tenant handover house cleaning in negombo,cleaning,move-in/move-out cleaning
need rental property end of lease clean at my home,cleaning,move-in/move-out cleaning
plz tenant handover house clening this weekend,cleaning,move-in/move-out cleaning
can i get move out deep house clean this weekend,cleaning,move-in/move-out cleaning
help me with empty house clean before moving in for my apartment,cleaning,move-in/move-out cleaning
can i get tenant handover house clening for my house,cleaning,move-in/move-out cleaning
need landlord handover inspection cleaning urgently,cleaning,move-in/move-out cleaning
req move in new home cleaning service today,cleaning,move-in/move-out cleaning
urgently need landlord handover inspection cleaning asap,cleaning,move-in/move-out cleaning
help me with rental property end of lease clean today,cleaning,move-in/move-out cleaning
i need landlord handover inspection cleaning asap,cleaning,move-in/move-out cleaning
search for rental property end of lease clean for my apartment,cleaning,move-in/move-out cleaning
can i get rental property end of lease clean quick service,cleaning,move-in/move-out cleaning
find me tenant handover house cleaning in galle,cleaning,move-in/move-out cleaning
can someone empty house clean before moving in in colombo,cleaning,move-in/move-out cleaning
i need tenant handover house cleaning in negombo,cleaning,move-in/move-out cleaning
help me with move in new home cleaning servis in colombo,cleaning,move-in/move-out cleaning
want to hire empty house clean before moving in in kurunegala,cleaning,move-in/move-out cleaning
urgently need rental property end of lease clean in kurunegala,cleaning,move-in/move-out cleaning
req tenant handover house cleaning this weekend,cleaning,move-in/move-out cleaning
req landlord handover inspection cleaning this weekend,cleaning,move-in/move-out cleaning
plz move out deep house clean at my location,cleaning,move-in/move-out cleaning
looking for rental property end of lease clean for my office,cleaning,move-in/move-out cleaning
search for move out deep house clean for my apartment,cleaning,move-in/move-out cleaning
req empty house clean before moving in in galle,cleaning,move-in/move-out cleaning
urgently need rental property end of lease clean in colombo,cleaning,move-in/move-out cleaning
urgently need rental property end of lease clean in kandy,cleaning,move-in/move-out cleaning
want to hire empty house clean before moving in in galle,cleaning,move-in/move-out cleaning
plz tenant handover house cleaning for my apartment,cleaning,move-in/move-out cleaning
urgent empty house clean before moving in for my office,cleaning,move-in/move-out cleaning
urgent landlord handover inspection clening today,cleaning,move-in/move-out cleaning
can someone move in new home cleaning service urgently,cleaning,move-in/move-out cleaning
asap landlord handover inspection cleaning in galle,cleaning,move-in/move-out cleaning
want to hire rental property end of lease clean near me,cleaning,move-in/move-out cleaning
urgently need move in new home cleaning service in colombo,cleaning,move-in/move-out cleaning
i need rental property end of lease clean for my apartment,cleaning,move-in/move-out cleaning
can someone move in new home cleaning service for my office,cleaning,move-in/move-out cleaning
plz empty house clean before moving in in galle,cleaning,move-in/move-out cleaning
req landlord handover inspection clening in kandy,cleaning,move-in/move-out cleaning
urgently need move out deep house clean near me,cleaning,move-in/move-out cleaning
plz landlord handover inspection cleaning this weekend,cleaning,move-in/move-out cleaning
can i get empty house clean before moving in urgently,cleaning,move-in/move-out cleaning
need move out deep house clen for my office,cleaning,move-in/move-out cleaning
search for empty house clean before moving in in colombo,cleaning,move-in/move-out cleaning
i need landlord handover inspection cleaning for my apartment,cleaning,move-in/move-out cleaning
looking for move out deep house clean at my home,cleaning,move-in/move-out cleaning
need tenant handover house cleaning at my location,cleaning,move-in/move-out cleaning
search for move in new home cleaning service this weekend,cleaning,move-in/move-out cleaning
req tenant handover house cleaning near me,cleaning,move-in/move-out cleaning
can someone tenant handover house cleaning in negombo,cleaning,move-in/move-out cleaning
i need move out deep house clean in colombo,cleaning,move-in/move-out cleaning
help me with empty house clean before moving in near me,cleaning,move-in/move-out cleaning
can someone move out deep house clean quick service,cleaning,move-in/move-out cleaning
want to hire rental property end of lease clean in colombo,cleaning,move-in/move-out cleaning
looking for move in new home cleaning service in colombo,cleaning,move-in/move-out cleaning
vacating house need complete deep clening,cleaning,move-in/move-out cleaning
i need empty house clean before moving in for my apartment,cleaning,move-in/move-out cleaning
asap empty house clean before moving in asap,cleaning,move-in/move-out cleaning
urgently need move out deep house clean in colombo,cleaning,move-in/move-out cleaning
help me with move in new home cleaning service in galle,cleaning,move-in/move-out cleaning
req tenant handover house cleaning quick servis,cleaning,move-in/move-out cleaning
asap empty house clean before moving in at my home,cleaning,move-in/move-out cleaning
can someone rental property end of lease clean for my house,cleaning,move-in/move-out cleaning
req move out deep house clean near me,cleaning,move-in/move-out cleaning
can someone empty house clean before moving in in galle,cleaning,move-in/move-out cleaning
find me move out deep house clean in galle,cleaning,move-in/move-out cleaning
i need move out deep house clean near me,cleaning,move-in/move-out cleaning
need landlord handover inspection cleaning at my home,cleaning,move-in/move-out cleaning
can i get rental property end of lease clean at my location,cleaning,move-in/move-out cleaning
help me with move in new home cleaning servis at my location,cleaning,move-in/move-out cleaning
want to hire landlord handover inspection cleaning near me,cleaning,move-in/move-out cleaning
help me with move in new home cleaning service quick service,cleaning,move-in/move-out cleaning
asap move in new home cleaning service in kurunegala,cleaning,move-in/move-out cleaning
i need rental property end of lease clean near me,cleaning,move-in/move-out cleaning
need tenant handover house cleaning in galle,cleaning,move-in/move-out cleaning
want to hire move out deep house clean at my home,cleaning,move-in/move-out cleaning
i need rug washing service in kurunegala,cleaning,sofa/carpet/curtain cleaning
urgent living room carpet steam cleaning for my office,cleaning,sofa/carpet/curtain cleaning
plz leather couch polishing and cleaning in kandy,cleaning,sofa/carpet/curtain cleaning
can i get fabric sofa shampoo wash near me,cleaning,sofa/carpet/curtain cleaning
sofa set dirty stain removal needed,cleaning,sofa/carpet/curtain cleaning
carpet smelly pet hair cleaning service,cleaning,sofa/carpet/curtain cleaning
please send rug washing service at my home,cleaning,sofa/carpet/curtain cleaning
need mattress deep stain and dust mite clean quick service,cleaning,sofa/carpet/curtain cleaning
need window curtain hanging wash in colombo,cleaning,sofa/carpet/curtain cleaning
can someone window curtain hanging wash in kandy,cleaning,sofa/carpet/curtain cleaning
asap living room carpet steam cleaning urgently,cleaning,sofa/carpet/curtain cleaning
asap window curtain hanging wash for my apartment,cleaning,sofa/carpet/curtain cleaning
help me with leather couch polishing and cleaning in negombo,cleaning,sofa/carpet/curtain cleaning
heavy curtains vacuum and steam clean,cleaning,sofa/carpet/curtain cleaning
urgently need rug washing service urgently,cleaning,sofa/carpet/curtain cleaning
want to hire living room carpet steam cleaning for my house,cleaning,sofa/carpet/curtain cleaning
can someone rug washing service in kandy,cleaning,sofa/carpet/curtain cleaning
can i get mattress deep stain and dust mite clean for my office,cleaning,sofa/carpet/curtain cleaning
urgently need mattress deep stain and dust mite clen at my location,cleaning,sofa/carpet/curtain cleaning
search for fabric sofa shampoo wash for my house,cleaning,sofa/carpet/curtain cleaning
plz rug washing service in negombo,cleaning,sofa/carpet/curtain cleaning
urgently need leather couch polishing and cleaning quick service,cleaning,sofa/carpet/curtain cleaning
asap rug washing service near me,cleaning,sofa/carpet/curtain cleaning
can i get fabric sofa shampoo wash quick service,cleaning,sofa/carpet/curtain cleaning
where to get fabric sofa shampoo wash for my office,cleaning,sofa/carpet/curtain cleaning
plz mattress deep stain and dust mite clean urgently,cleaning,sofa/carpet/curtain cleaning
looking for fabric sofa shampoo wash for my apartment,cleaning,sofa/carpet/curtain cleaning
req rug washing service in negombo,cleaning,sofa/carpet/curtain cleaning
looking for leather couch polishing and cleaning today,cleaning,sofa/carpet/curtain cleaning
please send window curtain hanging wash this weekend,cleaning,sofa/carpet/curtain cleaning
asap living room carpet steam cleaning for my apartment,cleaning,sofa/carpet/curtain cleaning
want to hire window curtain hanging wash in kurunegala,cleaning,sofa/carpet/curtain cleaning
find me leather couch polishing and cleaning in colombo,cleaning,sofa/carpet/curtain cleaning
urgent window curtain hanging wash urgently,cleaning,sofa/carpet/curtain cleaning
can someone rug washing service in galle,cleaning,sofa/carpet/curtain cleaning
can i get living room carpet steam cleaning near me,cleaning,sofa/carpet/curtain cleaning
please send fabric sofa shampoo wash in colombo,cleaning,sofa/carpet/curtain cleaning
can someone living room carpet steam cleaning for my house,cleaning,sofa/carpet/curtain cleaning
can i get leather couch polishing and cleaning this weekend,cleaning,sofa/carpet/curtain cleaning
i need living room carpet steam cleaning in colombo,cleaning,sofa/carpet/curtain cleaning
help me with leather couch polishing and cleaning in kandy,cleaning,sofa/carpet/curtain cleaning
i need mattress deep stain and dust mite clean for my house,cleaning,sofa/carpet/curtain cleaning
search for rug washing service at my home,cleaning,sofa/carpet/curtain cleaning
i need window curtain hanging wash at my location,cleaning,sofa/carpet/curtain cleaning
can someone window curtain hanging wash in colombo,cleaning,sofa/carpet/curtain cleaning
urgently need leather couch polishing and cleaning this weekend,cleaning,sofa/carpet/curtain cleaning
please send mattress deep stain and dust mite clean asap,cleaning,sofa/carpet/curtain cleaning
search for mattress deep stain and dust mite clean asap,cleaning,sofa/carpet/curtain cleaning
want to hire fabric sofa shampoo wash near me,cleaning,sofa/carpet/curtain cleaning
want to hire rug washing service at my location,cleaning,sofa/carpet/curtain cleaning
help me with living room carpet steam cleaning for my office,cleaning,sofa/carpet/curtain cleaning
find me rug washing service urgently,cleaning,sofa/carpet/curtain cleaning
asap living room carpet steam cleaning quick service,cleaning,sofa/carpet/curtain cleaning
where to get mattress deep stain and dust mite clean near me,cleaning,sofa/carpet/curtain cleaning
plz mattress deep stain and dust mite clean in kandy,cleaning,sofa/carpet/curtain cleaning
asap window curtain hanging wash in kurunegala,cleaning,sofa/carpet/curtain cleaning
want to hire leather couch polishing and cleaning in negombo,cleaning,sofa/carpet/curtain cleaning
find me fabric sofa shampoo wash for my office,cleaning,sofa/carpet/curtain cleaning
help me with rug washing service at my home,cleaning,sofa/carpet/curtain cleaning
urgent window curtain hanging wash for my apartment,cleaning,sofa/carpet/curtain cleaning
urgently need living room carpet steam cleaning in negombo,cleaning,sofa/carpet/curtain cleaning
can someone fabric sofa shampoo wash urgently,cleaning,sofa/carpet/curtain cleaning
plz mattress deep stain and dust mite clean this weekend,cleaning,sofa/carpet/curtain cleaning
can i get leather couch polishing and cleaning quick service,cleaning,sofa/carpet/curtain cleaning
carpet smelly pet hair cleaning servis,cleaning,sofa/carpet/curtain cleaning
i need fabric sofa shampoo wash in kurunegala,cleaning,sofa/carpet/curtain cleaning
please send leather couch polishing and cleaning at my location,cleaning,sofa/carpet/curtain cleaning
asap living room carpet steam cleaning for my house,cleaning,sofa/carpet/curtain cleaning
please send leather couch polishing and cleaning in kandy,cleaning,sofa/carpet/curtain cleaning
where to get rug washing service in colombo,cleaning,sofa/carpet/curtain cleaning
want to hire window curtain hanging wash for my house,cleaning,sofa/carpet/curtain cleaning
please send mattress deep stain and dust mite clean near me,cleaning,sofa/carpet/curtain cleaning
req living room carpet steam cleaning at my location,cleaning,sofa/carpet/curtain cleaning
looking for mattress deep stain and dust mite clean in kurunegala,cleaning,sofa/carpet/curtain cleaning
want to hire leather couch polishing and cleaning near me,cleaning,sofa/carpet/curtain cleaning
req living room carpet steam cleaning near me,cleaning,sofa/carpet/curtain cleaning
please send window curtain hanging wash for my house,cleaning,sofa/carpet/curtain cleaning
please send living room carpet steam cleaning for my apartment,cleaning,sofa/carpet/curtain cleaning
where to get leather couch polishing and cleaning in negombo,cleaning,sofa/carpet/curtain cleaning
search for fabric sofa shampoo wash at my location,cleaning,sofa/carpet/curtain cleaning
asap fabric sofa shampoo wash today,cleaning,sofa/carpet/curtain cleaning
looking for leather couch polishing and cleaning asap,cleaning,sofa/carpet/curtain cleaning
want to hire mattress deep stain and dust mite clean in kandy,cleaning,sofa/carpet/curtain cleaning
i need window curtain hanging wash urgently,cleaning,sofa/carpet/curtain cleaning
i need leather couch polishing and cleaning for my apartment,cleaning,sofa/carpet/curtain cleaning
search for living room carpet steam cleaning in kandy,cleaning,sofa/carpet/curtain cleaning
carpet smelly pet hair clening service,cleaning,sofa/carpet/curtain cleaning
find me mattress deep stain and dust mite clean for my office,cleaning,sofa/carpet/curtain cleaning
looking for fabric sofa shampoo wash in negombo,cleaning,sofa/carpet/curtain cleaning
asap rug washing service in galle,cleaning,sofa/carpet/curtain cleaning
need fabric sofa shampoo wash urgently,cleaning,sofa/carpet/curtain cleaning
where to get rug washing service quick service,cleaning,sofa/carpet/curtain cleaning
help me with living room carpet steam cleaning for my apartment,cleaning,sofa/carpet/curtain cleaning
urgently need rug washing service today,cleaning,sofa/carpet/curtain cleaning
want to hire leather couch polishing and cleaning in colombo,cleaning,sofa/carpet/curtain cleaning
req living room carpet steam cleaning at my home,cleaning,sofa/carpet/curtain cleaning
can someone rug washing service in negombo,cleaning,sofa/carpet/curtain cleaning
search for leather couch polishing and cleaning for my apartment,cleaning,sofa/carpet/curtain cleaning
i need fabric sofa shampoo wash for my house,cleaning,sofa/carpet/curtain cleaning
can someone rug washing service at my home,cleaning,sofa/carpet/curtain cleaning
can someone living room carpet steam clening asap,cleaning,sofa/carpet/curtain cleaning
can i get leather couch polishing and cleaning in galle,cleaning,sofa/carpet/curtain cleaning
search for leather couch polishing and cleaning this weekend,cleaning,sofa/carpet/curtain cleaning
urgent fabric sofa shampoo wash quick service,cleaning,sofa/carpet/curtain cleaning
i need leather couch polishing and cleaning in colombo,cleaning,sofa/carpet/curtain cleaning
can someone window curtain hanging wash at my home,cleaning,sofa/carpet/curtain cleaning
req fabric sofa shampoo wash near me,cleaning,sofa/carpet/curtain cleaning
plz living room carpet steam cleaning at my home,cleaning,sofa/carpet/curtain cleaning
please send window curtain hanging wash for my office,cleaning,sofa/carpet/curtain cleaning
where to get window curtain hanging wash today,cleaning,sofa/carpet/curtain cleaning
urgent leather couch polishing and cleaning at my home,cleaning,sofa/carpet/curtain cleaning
looking for rug washing service in kurunegala,cleaning,sofa/carpet/curtain cleaning
asap leather couch polishing and cleaning in colombo,cleaning,sofa/carpet/curtain cleaning
plz leather couch polishing and cleaning in negombo,cleaning,sofa/carpet/curtain cleaning
help me with living room carpet steam cleaning in galle,cleaning,sofa/carpet/curtain cleaning
asap rug washing service this weekend,cleaning,sofa/carpet/curtain cleaning
can i get leather couch polishing and cleaning near me,cleaning,sofa/carpet/curtain cleaning
where to get living room carpet steam cleaning for my house,cleaning,sofa/carpet/curtain cleaning
plz mattress deep stain and dust mite clean near me,cleaning,sofa/carpet/curtain cleaning
plz living room carpet steam cleaning for my office,cleaning,sofa/carpet/curtain cleaning
find me mattress deep stain and dust mite clean urgently,cleaning,sofa/carpet/curtain cleaning
help me with window curtain hanging wash at my home,cleaning,sofa/carpet/curtain cleaning
i need leather couch polishing and cleaning at my home,cleaning,sofa/carpet/curtain cleaning
can someone leather couch polishing and cleaning quick service,cleaning,sofa/carpet/curtain cleaning
urgent leather couch polishing and cleaning urgently,cleaning,sofa/carpet/curtain cleaning
can i get window curtain hanging wash for my office,cleaning,sofa/carpet/curtain cleaning
asap leather couch polishing and clening in kandy,cleaning,sofa/carpet/curtain cleaning
looking for leather couch polishing and cleaning for my house,cleaning,sofa/carpet/curtain cleaning
help me with rug washing service at my location,cleaning,sofa/carpet/curtain cleaning
plz living room carpet steam cleaning urgently,cleaning,sofa/carpet/curtain cleaning
i need living room carpet steam cleaning in negombo,cleaning,sofa/carpet/curtain cleaning
help me with rug washing service in colombo,cleaning,sofa/carpet/curtain cleaning
search for rug washing service for my apartment,cleaning,sofa/carpet/curtain cleaning
asap living room carpet steam cleaning at my home,cleaning,sofa/carpet/curtain cleaning
plz rug washing service near me,cleaning,sofa/carpet/curtain cleaning
need rug washing service for my house,cleaning,sofa/carpet/curtain cleaning
urgent leather couch polishing and cleaning quick service,cleaning,sofa/carpet/curtain cleaning
plz fabric sofa shampoo wash urgently,cleaning,sofa/carpet/curtain cleaning
can i get living room carpet steam clening urgently,cleaning,sofa/carpet/curtain cleaning
looking for leather couch polishing and cleaning in kurunegala,cleaning,sofa/carpet/curtain cleaning
i need living room carpet steam cleaning for my house,cleaning,sofa/carpet/curtain cleaning
can someone window curtain hanging wash today,cleaning,sofa/carpet/curtain cleaning
req mattress deep stain and dust mite clean in colombo,cleaning,sofa/carpet/curtain cleaning
help me with fabric sofa shampoo wash for my office,cleaning,sofa/carpet/curtain cleaning
looking for living room carpet steam cleaning in negombo,cleaning,sofa/carpet/curtain cleaning
help me with mattress deep stain and dust mite clean asap,cleaning,sofa/carpet/curtain cleaning
urgently need living room carpet steam cleaning for my office,cleaning,sofa/carpet/curtain cleaning
need window curtain hanging wash today,cleaning,sofa/carpet/curtain cleaning
looking for mattress deep stain and dust mite clean in negombo,cleaning,sofa/carpet/curtain cleaning
find me living room carpet steam cleaning at my location,cleaning,sofa/carpet/curtain cleaning
please send mattress deep stain and dust mite clean at my home,cleaning,sofa/carpet/curtain cleaning
find me living room carpet steam cleaning this weekend,cleaning,sofa/carpet/curtain cleaning
can i get mattress deep stain and dust mite clean in negombo,cleaning,sofa/carpet/curtain cleaning
need fabric sofa shampoo wash for my house,cleaning,sofa/carpet/curtain cleaning
i need fabric sofa shampoo wash in negombo,cleaning,sofa/carpet/curtain cleaning
req fabric sofa shampoo wash for my house,cleaning,sofa/carpet/curtain cleaning
where to get fabric sofa shampoo wash for my house,cleaning,sofa/carpet/curtain cleaning
req living room carpet steam cleaning asap,cleaning,sofa/carpet/curtain cleaning
asap fabric sofa shampoo wash urgently,cleaning,sofa/carpet/curtain cleaning
can i get mattress deep stain and dust mite clean urgently,cleaning,sofa/carpet/curtain cleaning
where to get rug washing service today,cleaning,sofa/carpet/curtain cleaning
need rug washing service in galle,cleaning,sofa/carpet/curtain cleaning
search for mattress deep stain and dust mite clean near me,cleaning,sofa/carpet/curtain cleaning
help me with mattress deep stain and dust mite clean in negombo,cleaning,sofa/carpet/curtain cleaning
looking for rug washing service near me,cleaning,sofa/carpet/curtain cleaning
urgently need mattress deep stain and dust mite clean for my apartment,cleaning,sofa/carpet/curtain cleaning
search for rug washing service in galle,cleaning,sofa/carpet/curtain cleaning
asap leather couch polishing and cleaning this weekend,cleaning,sofa/carpet/curtain cleaning
i need leather couch polishing and cleaning in kurunegala,cleaning,sofa/carpet/curtain cleaning
can someone window curtain hanging wash at my location,cleaning,sofa/carpet/curtain cleaning
search for fabric sofa shampoo wash for my office,cleaning,sofa/carpet/curtain cleaning
looking for living room carpet steam cleaning asap,cleaning,sofa/carpet/curtain cleaning
asap leather couch polishing and cleaning at my home,cleaning,sofa/carpet/curtain cleaning
where to get living room carpet steam cleaning in kandy,cleaning,sofa/carpet/curtain cleaning
i need living room carpet steam cleaning asap,cleaning,sofa/carpet/curtain cleaning
help me with fabric sofa shampoo wash in kandy,cleaning,sofa/carpet/curtain cleaning
asap living room carpet steam clening in negombo,cleaning,sofa/carpet/curtain cleaning
find me rug washing service at my home,cleaning,sofa/carpet/curtain cleaning
find me window curtain hanging wash for my house,cleaning,sofa/carpet/curtain cleaning
find me rug washing service in galle,cleaning,sofa/carpet/curtain cleaning
can i get mattress deep stain and dust mite clean in colombo,cleaning,sofa/carpet/curtain cleaning
i need rug washing service urgently,cleaning,sofa/carpet/curtain cleaning
need fabric sofa shampoo wash this weekend,cleaning,sofa/carpet/curtain cleaning
want to hire mattress deep stain and dust mite clean in galle,cleaning,sofa/carpet/curtain cleaning
help me with window curtain hanging wash near me,cleaning,sofa/carpet/curtain cleaning
asap leather couch polishing and cleaning quick service,cleaning,sofa/carpet/curtain cleaning
can i get mattress deep stain and dust mite clean at my location,cleaning,sofa/carpet/curtain cleaning
want to hire mattress deep stain and dust mite clean for my house,cleaning,sofa/carpet/curtain cleaning
need living room carpet steam cleaning in galle,cleaning,sofa/carpet/curtain cleaning
req leather couch polishing and clening in kandy,cleaning,sofa/carpet/curtain cleaning
need leather couch polishing and cleaning in kandy,cleaning,sofa/carpet/curtain cleaning
asap mattress deep stain and dust mite clean for my office,cleaning,sofa/carpet/curtain cleaning
please send fabric sofa shampoo wash today,cleaning,sofa/carpet/curtain cleaning
search for window curtain hanging wash in negombo,cleaning,sofa/carpet/curtain cleaning
urgently need living room carpet steam cleaning this weekend,cleaning,sofa/carpet/curtain cleaning
can someone window curtain hanging wash quick service,cleaning,sofa/carpet/curtain cleaning
can someone mattress deep stain and dust mite clean near me,cleaning,sofa/carpet/curtain cleaning
help me with window curtain hanging wash this weekend,cleaning,sofa/carpet/curtain cleaning
can someone window curtain hanging wash in kurunegala,cleaning,sofa/carpet/curtain cleaning
can someone window curtain hanging wash for my office,cleaning,sofa/carpet/curtain cleaning
looking for mattress deep stain and dust mite clean for my office,cleaning,sofa/carpet/curtain cleaning
i need window curtain hanging wash in negombo,cleaning,sofa/carpet/curtain cleaning
need mattress deep stain and dust mite clean urgently,cleaning,sofa/carpet/curtain cleaning
can i get window curtain hanging wash at my location,cleaning,sofa/carpet/curtain cleaning
please send rug washing service today,cleaning,sofa/carpet/curtain cleaning
looking for leather couch polishing and cleaning at my location,cleaning,sofa/carpet/curtain cleaning
can i get window curtain hanging wash urgently,cleaning,sofa/carpet/curtain cleaning
need window curtain hanging wash urgently,cleaning,sofa/carpet/curtain cleaning
urgently need fabric sofa shampoo wash asap,cleaning,sofa/carpet/curtain cleaning
need living room carpet steam cleaning urgently,cleaning,sofa/carpet/curtain cleaning
please send living room carpet steam cleaning in kandy,cleaning,sofa/carpet/curtain cleaning
req fabric sofa shampoo wash today,cleaning,sofa/carpet/curtain cleaning
please send leather couch polishing and cleaning at my home,cleaning,sofa/carpet/curtain cleaning
urgently need rug washing service asap,cleaning,sofa/carpet/curtain cleaning
help me with fabric sofa shampoo wash in colombo,cleaning,sofa/carpet/curtain cleaning
plz window curtain hanging wash at my home,cleaning,sofa/carpet/curtain cleaning
plz leather couch polishing and cleaning in colombo,cleaning,sofa/carpet/curtain cleaning
can i get rug washing service quick service,cleaning,sofa/carpet/curtain cleaning
urgently need fabric sofa shampoo wash in kurunegala,cleaning,sofa/carpet/curtain cleaning
urgent window curtain hanging wash in colombo,cleaning,sofa/carpet/curtain cleaning
want to hire window curtain hanging wash this weekend,cleaning,sofa/carpet/curtain cleaning
looking for living room carpet steam cleaning quick service,cleaning,sofa/carpet/curtain cleaning
can someone rug washing service for my apartment,cleaning,sofa/carpet/curtain cleaning
req living room carpet steam cleaning this weekend,cleaning,sofa/carpet/curtain cleaning
urgent fabric sofa shampoo wash for my house,cleaning,sofa/carpet/curtain cleaning
need living room carpet steam cleaning asap,cleaning,sofa/carpet/curtain cleaning
need living room carpet steam cleaning for my office,cleaning,sofa/carpet/curtain cleaning
can someone leather couch polishing and cleaning today,cleaning,sofa/carpet/curtain cleaning
urgent living room carpet steam cleaning asap,cleaning,sofa/carpet/curtain cleaning
can i get rug washing service for my apartment,cleaning,sofa/carpet/curtain cleaning
please send leather couch polishing and cleaning quick service,cleaning,sofa/carpet/curtain cleaning
where to get fabric sofa shampoo wash quick service,cleaning,sofa/carpet/curtain cleaning
can i get rug washing service at my home,cleaning,sofa/carpet/curtain cleaning
i need leather couch polishing and cleaning for my house,cleaning,sofa/carpet/curtain cleaning
help me with window curtain hanging wash quick servis,cleaning,sofa/carpet/curtain cleaning
plz living room carpet steam cleaning today,cleaning,sofa/carpet/curtain cleaning
looking for leather couch polishing and cleaning this weekend,cleaning,sofa/carpet/curtain cleaning
plz leather couch polishing and cleaning today,cleaning,sofa/carpet/curtain cleaning
plz rug washing service at my location,cleaning,sofa/carpet/curtain cleaning
can i get living room carpet steam cleaning in kurunegala,cleaning,sofa/carpet/curtain cleaning
asap leather couch polishing and cleaning urgently,cleaning,sofa/carpet/curtain cleaning
asap window curtain hanging wash today,cleaning,sofa/carpet/curtain cleaning
plz leather couch polishing and cleaning urgently,cleaning,sofa/carpet/curtain cleaning
plz leather couch polishing and cleaning this weekend,cleaning,sofa/carpet/curtain cleaning
can i get leather couch polishing and cleaning urgently,cleaning,sofa/carpet/curtain cleaning
search for mattress deep stain and dust mite clean for my apartment,cleaning,sofa/carpet/curtain cleaning
looking for living room carpet steam cleaning today,cleaning,sofa/carpet/curtain cleaning
want to hire window curtain hanging wash near me,cleaning,sofa/carpet/curtain cleaning
please send leather couch polishing and cleaning urgently,cleaning,sofa/carpet/curtain cleaning
where to get mattress deep stain and dust mite clean in kurunegala,cleaning,sofa/carpet/curtain cleaning
find me fabric sofa shampoo wash for my apartment,cleaning,sofa/carpet/curtain cleaning
asap living room carpet steam clening for my house,cleaning,sofa/carpet/curtain cleaning
urgent leather couch polishing and cleaning for my house,cleaning,sofa/carpet/curtain cleaning
need rug washing service in negombo,cleaning,sofa/carpet/curtain cleaning
i need leather couch polishing and cleaning today,cleaning,sofa/carpet/curtain cleaning
where to get window curtain hanging wash at my location,cleaning,sofa/carpet/curtain cleaning
need rug washing service near me,cleaning,sofa/carpet/curtain cleaning
can i get living room carpet steam cleaning in galle,cleaning,sofa/carpet/curtain cleaning
req rug washing service for my office,cleaning,sofa/carpet/curtain cleaning
req rug washing service at my location,cleaning,sofa/carpet/curtain cleaning
can someone fabric sofa shampoo wash in colombo,cleaning,sofa/carpet/curtain cleaning
urgently need fabric sofa shampoo wash in negombo,cleaning,sofa/carpet/curtain cleaning
find me leather couch polishing and cleaning in kandy,cleaning,sofa/carpet/curtain cleaning
search for living room carpet steam cleaning today,cleaning,sofa/carpet/curtain cleaning
where to get mattress deep stain and dust mite clean this weekend,cleaning,sofa/carpet/curtain cleaning
need rug washing service in colombo,cleaning,sofa/carpet/curtain cleaning
can someone mattress deep stain and dust mite clean in negombo,cleaning,sofa/carpet/curtain cleaning
looking for fabric sofa shampoo wash for my house,cleaning,sofa/carpet/curtain cleaning
help me with rug washing service in galle,cleaning,sofa/carpet/curtain cleaning
urgent window curtain hanging wash in kurunegala,cleaning,sofa/carpet/curtain cleaning
please send rug washing service quick service,cleaning,sofa/carpet/curtain cleaning
please send mattress deep stain and dust mite clean urgently,cleaning,sofa/carpet/curtain cleaning
asap leather couch polishing and cleaning in kandy,cleaning,sofa/carpet/curtain cleaning
urgently need mattress deep stain and dust mite clean in kurunegala,cleaning,sofa/carpet/curtain cleaning
where to get rug washing service near me,cleaning,sofa/carpet/curtain cleaning
can i get fabric sofa shampoo wash urgently,cleaning,sofa/carpet/curtain cleaning
asap leather couch polishing and cleaning in kurunegala,cleaning,sofa/carpet/curtain cleaning
plz rug washing service in colombo,cleaning,sofa/carpet/curtain cleaning
plz mattress deep stain and dust mite clean in colombo,cleaning,sofa/carpet/curtain cleaning
urgent fabric sofa shampoo wash asap,cleaning,sofa/carpet/curtain cleaning
search for rug washing service quick service,cleaning,sofa/carpet/curtain cleaning
plz fabric sofa shampoo wash quick service,cleaning,sofa/carpet/curtain cleaning
plz rug washing service in kandy,cleaning,sofa/carpet/curtain cleaning
can i get window curtain hanging wash in galle,cleaning,sofa/carpet/curtain cleaning
need leather couch polishing and cleaning this weekend,cleaning,sofa/carpet/curtain cleaning
search for fabric sofa shampoo wash for my apartment,cleaning,sofa/carpet/curtain cleaning
search for leather couch polishing and cleaning in kandy,cleaning,sofa/carpet/curtain cleaning
asap living room carpet steam cleaning for my office,cleaning,sofa/carpet/curtain cleaning
urgent leather couch polishing and cleaning in colombo,cleaning,sofa/carpet/curtain cleaning
need rug washing service urgently,cleaning,sofa/carpet/curtain cleaning
can i get fabric sofa shampoo wash at my home,cleaning,sofa/carpet/curtain cleaning
req window curtain hanging wash for my office,cleaning,sofa/carpet/curtain cleaning
help me with mattress deep stain and dust mite clean for my apartment,cleaning,sofa/carpet/curtain cleaning
looking for fabric sofa shampoo wash at my location,cleaning,sofa/carpet/curtain cleaning
can someone rug washing service quick service,cleaning,sofa/carpet/curtain cleaning
please send leather couch polishing and cleaning asap,cleaning,sofa/carpet/curtain cleaning
overgrown lawn grass needs cutting,gardening,garden maintenance
urgently need yard leaf clearing and garden clean in colombo,gardening,garden maintenance
i need watering garden plants quick service,gardening,garden maintenance
urgently need watering garden plants urgently,gardening,garden maintenance
help me with bush cutting lawn edging urgently,gardening,garden maintenance
backyard garden clearing helper needed,gardening,garden maintenance
can someone grass cutting and lawn mowing in galle,gardening,garden maintenance
regular gardener for grass cutting,gardening,garden maintenance
req bush cutting lawn edging in kandy,gardening,garden maintenance
can i get garden hedge trimming and pruning in colombo,gardening,garden maintenance
plz garden hedge trimming and pruning in galle,gardening,garden maintenance
plz garden hedge trimming and pruning at my home,gardening,garden maintenance
want to hire watering garden plants quick service,gardening,garden maintenance
req bush cutting lawn edging asap,gardening,garden maintenance
i need watering garden plants for my apartment,gardening,garden maintenance
please send garden hedge trimming and pruning for my apartment,gardening,garden maintenance
need grass cutting and lawn mowing for my apartment,gardening,garden maintenance
urgently need yard leaf clearing and garden clean today,gardening,garden maintenance
regular gardaner for grass cutting,gardening,garden maintenance
req grass cutting and lawn mowing for my office,gardening,garden maintenance
find me yard leaf clearing and garden clean for my apartment,gardening,garden maintenance
can i get grass cutting and lawn mowing asap,gardening,garden maintenance
search for bush cutting lawn edging for my house,gardening,garden maintenance
where to get weed removal from garden bed quick service,gardening,garden maintenance
want to hire weed removal from garden bed near me,gardening,garden maintenance
please send weed removal from garden bed asap,gardening,garden maintenance
where to get bush cutting lawn edging near me,gardening,garden maintenance
find me garden hedge trimming and pruning asap,gardening,garden maintenance
can someone grass cutting and lawn mowing asap,gardening,garden maintenance
req grass cutting and lawn mowing today,gardening,garden maintenance
plz watering garden plants for my house,gardening,garden maintenance
looking for weed removal from garden bed at my home,gardening,garden maintenance
please send yard leaf clearing and garden clean for my apartment,gardening,garden maintenance
can i get grass cutting and lawn mowing at my home,gardening,garden maintenance
where to get bush cutting lawn edging for my office,gardening,garden maintenance
urgent bush cutting lawn edging asap,gardening,garden maintenance
i need watering garden plants today,gardening,garden maintenance
need yard leaf clearing and garden clean in galle,gardening,garden maintenance
search for grass cutting and lawn mowing in kandy,gardening,garden maintenance
urgent garden hedge trimming and pruning near me,gardening,garden maintenance
asap yard leaf clearing and garden clean at my location,gardening,garden maintenance
find me watering garden plants for my house,gardening,garden maintenance
urgently need yard leaf clearing and garden clean asap,gardening,garden maintenance
i need weed removal from garden bed for my house,gardening,garden maintenance
help me with bush cutting lawn edging in colombo,gardening,garden maintenance
can someone yard leaf clearing and garden clean for my house,gardening,garden maintenance
where to get weed removal from garden bed at my home,gardening,garden maintenance
please send yard leaf clearing and garden clean for my office,gardening,garden maintenance
i need garden hedge trimming and pruning for my apartment,gardening,garden maintenance
search for weed removal from garden bed in colombo,gardening,garden maintenance
find me grass cutting and lawn mowing in colombo,gardening,garden maintenance
req garden hedge trimming and pruning in negombo,gardening,garden maintenance
can i get watering garden plants at my home,gardening,garden maintenance
urgently need yard leaf clearing and garden clean for my house,gardening,garden maintenance
urgently need yard leaf clearing and gardan clean in kurunegala,gardening,garden maintenance
can someone yard leaf clearing and garden clean asap,gardening,garden maintenance
asap yard leaf clearing and garden clean at my home,gardening,garden maintenance
search for weed removal from garden bed in galle,gardening,garden maintenance
help me with grass cutting and lawn mowing at my location,gardening,garden maintenance
help me with grass cutting and lawn mowing near me,gardening,garden maintenance
find me garden hedge trimming and pruning in kandy,gardening,garden maintenance
req bush cutting lawn edging at my home,gardening,garden maintenance
can i get bush cutting lawn edging for my apartment,gardening,garden maintenance
urgent weed removal from garden bed today,gardening,garden maintenance
req bush cutting lawn edging for my office,gardening,garden maintenance
looking for watering garden plants in kurunegala,gardening,garden maintenance
can someone weed removal from garden bed this weekend,gardening,garden maintenance
plz bush cutting lawn edging in galle,gardening,garden maintenance
urgent yard leaf clearing and garden clean in kandy,gardening,garden maintenance
asap garden hedge trimming and pruning for my house,gardening,garden maintenance
find me bush cutting lawn edging in galle,gardening,garden maintenance
urgent garden hedge trimming and pruning at my location,gardening,garden maintenance
need watering garden plants for my house,gardening,garden maintenance
find me yard leaf clearing and garden clean this weekend,gardening,garden maintenance
req garden hedge trimming and pruning in kurunegala,gardening,garden maintenance
need gardan hedge trimming and pruning urgently,gardening,garden maintenance
req garden hedge trimming and pruning urgently,gardening,garden maintenance
can i get yard leaf clearing and garden clean in negombo,gardening,garden maintenance
looking for watering garden plants quick service,gardening,garden maintenance
asap grass cutting and lawn mowing in negombo,gardening,garden maintenance
search for weed removal from garden bed asap,gardening,garden maintenance
i need weed removal from garden bed for my apartment,gardening,garden maintenance
want to hire weed removal from garden bed in negombo,gardening,garden maintenance
i need watering garden plants for my office,gardening,garden maintenance
can someone grass cutting and lawn mowing quick service,gardening,garden maintenance
find me yard leaf clearing and garden clean asap,gardening,garden maintenance
search for weed removal from garden bed near me,gardening,garden maintenance
looking for weed removal from garden bed quick service,gardening,garden maintenance
search for weed removal from garden bed in kandy,gardening,garden maintenance
need grass cutting and lawn mowing for my house,gardening,garden maintenance
can someone yard leaf clearing and garden clean quick service,gardening,garden maintenance
can i get bush cutting lawn edging for my office,gardening,garden maintenance
want to hire weed removal from garden bed for my apartment,gardening,garden maintenance
req garden hedge trimming and pruning quick service,gardening,garden maintenance
search for garden hedge trimming and pruning at my location,gardening,garden maintenance
can someone watering garden plants for my house,gardening,garden maintenance
please send grass cutting and lawn mowing in negombo,gardening,garden maintenance
please send yard leaf clearing and garden clean urgently,gardening,garden maintenance
want to hire yard leaf clearing and garden clean asap,gardening,garden maintenance
plz watering garden plants urgently,gardening,garden maintenance
need bush cutting lawn edging at my location,gardening,garden maintenance
can someone bush cutting lawn edging for my apartment,gardening,garden maintenance
i need yard leaf clearing and garden clean in negombo,gardening,garden maintenance
want to hire grass cutting and lawn mowing at my home,gardening,garden maintenance
urgently need garden hedge trimming and pruning in kandy,gardening,garden maintenance
asap weed removal from garden bed for my apartment,gardening,garden maintenance
need yard leaf clearing and garden clean at my location,gardening,garden maintenance
asap grass cutting and lawn mowing in kurunegala,gardening,garden maintenance
where to get bush cutting lawn edging quick service,gardening,garden maintenance
req yard leaf clearing and garden clean at my home,gardening,garden maintenance
asap bush cutting lawn edging in kurunegala,gardening,garden maintenance
where to get bush cutting lawn edging in kurunegala,gardening,garden maintenance
req bush cutting lawn edging today,gardening,garden maintenance
please send bush cutting lawn edging urgently,gardening,garden maintenance
urgent bush cutting lawn edging urgently,gardening,garden maintenance
can i get bush cutting lawn edging in kandy,gardening,garden maintenance
looking for watering garden plants for my office,gardening,garden maintenance
urgent grass cutting and lawn mowing quick service,gardening,garden maintenance
want to hire bush cutting lawn edging near me,gardening,garden maintenance
asap weed removal from garden bed for my house,gardening,garden maintenance
plz garden hedge trimming and pruning for my apartment,gardening,garden maintenance
can someone watering garden plants urgently,gardening,garden maintenance
urgent grass cutting and lawn mowing in kurunegala,gardening,garden maintenance
please send weed removal from garden bed today,gardening,garden maintenance
i need bush cutting lawn edging at my location,gardening,garden maintenance
please send bush cutting lawn edging at my home,gardening,garden maintenance
can i get garden hedge trimming and pruning today,gardening,garden maintenance
want to hire watering garden plants asap,gardening,garden maintenance
want to hire garden hedge trimming and pruning in negombo,gardening,garden maintenance
looking for grass cutting and lawn mowing this weekend,gardening,garden maintenance
want to hire bush cutting lawn edging in kandy,gardening,garden maintenance
asap yard leaf clearing and garden clean quick service,gardening,garden maintenance
help me with yard leaf clearing and garden clean in negombo,gardening,garden maintenance
can someone garden hedge trimming and pruning this weekend,gardening,garden maintenance
urgently need weed removal from garden bed for my apartment,gardening,garden maintenance
urgently need weed removal from garden bed in galle,gardening,garden maintenance
need garden hedge trimming and pruning for my house,gardening,garden maintenance
can i get grass cutting and lawn mowing in kurunegala,gardening,garden maintenance
i need garden hedge trimming and pruning today,gardening,garden maintenance
want to hire watering garden plants for my apartment,gardening,garden maintenance
can someone grass cutting and lawn mowing today,gardening,garden maintenance
where to get grass cutting and lawn mowing this weekend,gardening,garden maintenance
want to hire grass cutting and lawn mowing quick service,gardening,garden maintenance
help me with watering garden plants in galle,gardening,garden maintenance
can someone weed removal from garden bed urgently,gardening,garden maintenance
search for grass cutting and lawn mowing in negombo,gardening,garden maintenance
req watering garden plants in kandy,gardening,garden maintenance
can someone garden hedge trimming and pruning quick service,gardening,garden maintenance
find me yard leaf clearing and garden clean urgently,gardening,garden maintenance
asap garden hedge trimming and pruning today,gardening,garden maintenance
search for garden hedge trimming and pruning today,gardening,garden maintenance
where to get weed removal from garden bed near me,gardening,garden maintenance
can someone yard leaf clearing and garden clean in galle,gardening,garden maintenance
req watering garden plants for my house,gardening,garden maintenance
want to hire watering garden plants in kurunegala,gardening,garden maintenance
can someone yard leaf clearing and garden clean at my location,gardening,garden maintenance
find me garden hedge trimming and pruning for my house,gardening,garden maintenance
help me with yard leaf clearing and garden clean in galle,gardening,garden maintenance
can someone grass cutting and lawn mowing for my office,gardening,garden maintenance
help me with grass cutting and lawn mowing for my office,gardening,garden maintenance
search for watering garden plants asap,gardening,garden maintenance
need watering garden plants in colombo,gardening,garden maintenance
asap yard leaf clearing and garden clean asap,gardening,garden maintenance
search for garden hedge trimming and pruning in kurunegala,gardening,garden maintenance
urgently need bush cutting lawn edging for my apartment,gardening,garden maintenance
find me grass cutting and lawn mowing in negombo,gardening,garden maintenance
want to hire bush cutting lawn edging today,gardening,garden maintenance
plz garden hedge trimming and pruning for my house,gardening,garden maintenance
i need yard leaf clearing and garden clean for my office,gardening,garden maintenance
help me with grass cutting and lawn mowing urgently,gardening,garden maintenance
need grass cutting and lawn mowing in galle,gardening,garden maintenance
search for watering garden plants for my office,gardening,garden maintenance
asap bush cutting lawn edging in negombo,gardening,garden maintenance
looking for bush cutting lawn edging in kandy,gardening,garden maintenance
asap watering garden plants in negombo,gardening,garden maintenance
urgently need weed removal from garden bed at my home,gardening,garden maintenance
plz bush cutting lawn edging for my house,gardening,garden maintenance
can someone watering garden plants today,gardening,garden maintenance
search for grass cutting and lawn mowing in galle,gardening,garden maintenance
need watering garden plants in kandy,gardening,garden maintenance
need grass cutting and lawn mowing in negombo,gardening,garden maintenance
help me with grass cutting and lawn mowing in kandy,gardening,garden maintenance
can someone weed removal from garden bed quick service,gardening,garden maintenance
can someone weed removal from garden bed in galle,gardening,garden maintenance
can i get garden hedge trimming and pruning this weekend,gardening,garden maintenance
urgently need weed removal from garden bed quick service,gardening,garden maintenance
search for watering garden plants at my home,gardening,garden maintenance
need grass cutting and lawn mowing quick service,gardening,garden maintenance
plz grass cutting and lawn mowing asap,gardening,garden maintenance
find me weed removal from garden bed this weekend,gardening,garden maintenance
can someone yard leaf clearing and garden clean in kurunegala,gardening,garden maintenance
search for yard leaf clearing and garden clean in colombo,gardening,garden maintenance
asap weed removal from garden bed at my location,gardening,garden maintenance
want to hire grass cutting and lawn mowing this weekend,gardening,garden maintenance
urgently need bush cutting lawn edging in kurunegala,gardening,garden maintenance
please send weed removal from garden bed in negombo,gardening,garden maintenance
need grass cutting and lawn mowing in kurunegala,gardening,garden maintenance
find me yard leaf clearing and garden clean for my office,gardening,garden maintenance
help me with grass cutting and lawn mowing asap,gardening,garden maintenance
looking for grass cutting and lawn mowing asap,gardening,garden maintenance
please send watering garden plants at my location,gardening,garden maintenance
urgently need grass cutting and lawn mowing in kandy,gardening,garden maintenance
where to get bush cutting lawn edging this weekend,gardening,garden maintenance
can i get yard leaf clearing and garden clen for my house,gardening,garden maintenance
want to hire grass cutting and lawn mowing urgently,gardening,garden maintenance
help me with yard leaf clearing and gardan clean at my home,gardening,garden maintenance
search for weed removal from garden bed quick service,gardening,garden maintenance
need garden hedge trimming and pruning in kurunegala,gardening,garden maintenance
want to hire yard leaf clearing and garden clean for my house,gardening,garden maintenance
can someone weed removal from garden bed in kandy,gardening,garden maintenance
want to hire garden hedge trimming and pruning for my apartment,gardening,garden maintenance
urgent bush cutting lawn edging in negombo,gardening,garden maintenance
please send grass cutting and lawn mowing in kurunegala,gardening,garden maintenance
help me with yard leaf clearing and garden clean in colombo,gardening,garden maintenance
req weed removal from garden bed quick service,gardening,garden maintenance
want to hire watering garden plants this weekend,gardening,garden maintenance
urgently need garden hedge trimming and pruning for my office,gardening,garden maintenance
looking for grass cutting and lawn mowing for my office,gardening,garden maintenance
search for garden hedge trimming and pruning near me,gardening,garden maintenance
looking for weed removal from garden bed today,gardening,garden maintenance
urgently need grass cutting and lawn mowing at my location,gardening,garden maintenance
plz bush cutting lawn edging near me,gardening,garden maintenance
plz garden hedge trimming and pruning this weekend,gardening,garden maintenance
urgent weed removal from garden bed at my location,gardening,garden maintenance
want to hire yard leaf clearing and garden clean for my office,gardening,garden maintenance
find me watering garden plants asap,gardening,garden maintenance
find me watering garden plants quick service,gardening,garden maintenance
want to hire weed removal from garden bed quick service,gardening,garden maintenance
find me weed removal from garden bed quick service,gardening,garden maintenance
looking for yard leaf clearing and garden clean for my house,gardening,garden maintenance
need watering garden plants for my apartment,gardening,garden maintenance
looking for yard leaf clearing and garden clean in colombo,gardening,garden maintenance
help me with yard leaf clearing and garden clean this weekend,gardening,garden maintenance
i need bush cutting lawn edging for my office,gardening,garden maintenance
urgently need yard leaf clearing and garden clean in kandy,gardening,garden maintenance
need weed removal from garden bed for my apartment,gardening,garden maintenance
where to get grass cutting and lawn mowing near me,gardening,garden maintenance
i need watering garden plants in galle,gardening,garden maintenance
asap garden hedge trimming and pruning asap,gardening,garden maintenance
help me with watering garden plants for my apartment,gardening,garden maintenance
urgently need grass cutting and lawn mowing this weekend,gardening,garden maintenance
urgently need watering garden plants in kurunegala,gardening,garden maintenance
help me with yard leaf clearing and garden clean quick service,gardening,garden maintenance
where to get garden hedge trimming and pruning urgently,gardening,garden maintenance
need weed removal from garden bed this weekend,gardening,garden maintenance
asap weed removal from garden bed in kurunegala,gardening,garden maintenance
want to hire grass cutting and lawn mowing for my office,gardening,garden maintenance
want to hire yard leaf clearing and garden clean in negombo,gardening,garden maintenance
want to hire garden hedge trimming and pruning today,gardening,garden maintenance
plz watering garden plants for my office,gardening,garden maintenance
help me with watering garden plants quick servis,gardening,garden maintenance
urgent grass cutting and lawn mowing for my office,gardening,garden maintenance
please send yard leaf clearing and garden clean for my house,gardening,garden maintenance
search for yard leaf clearing and garden clean asap,gardening,garden maintenance
can i get watering garden plants this weekend,gardening,garden maintenance
help me with bush cutting lawn edging at my home,gardening,garden maintenance
need bush cutting lawn edging in colombo,gardening,garden maintenance
please send bush cutting lawn edging in negombo,gardening,garden maintenance
find me watering garden plants for my office,gardening,garden maintenance
want to hire yard leaf clearing and garden clean near me,gardening,garden maintenance
looking for grass cutting and lawn mowing in colombo,gardening,garden maintenance
can someone bush cutting lawn edging at my home,gardening,garden maintenance
please send watering garden plants this weekend,gardening,garden maintenance
plz bush cutting lawn edging for my apartment,gardening,garden maintenance
need weed removal from garden bed quick service,gardening,garden maintenance
find me grass cutting and lawn mowing in kandy,gardening,garden maintenance
need garden hedge trimming and pruning asap,gardening,garden maintenance
where to get yard leaf clearing and garden clean for my house,gardening,garden maintenance
please send bush cutting lawn edging this weekend,gardening,garden maintenance
can someone watering garden plants this weekend,gardening,garden maintenance
urgent garden hedge trimming and pruning in colombo,gardening,garden maintenance
looking for weed removal from garden bed at my location,gardening,garden maintenance
urgently need grass cutting and lawn mowing urgently,gardening,garden maintenance
find me weed removal from garden bed at my home,gardening,garden maintenance
where to get garden hedge trimming and pruning at my home,gardening,garden maintenance
need yard leaf clearing and garden clean for my office,gardening,garden maintenance
can someone weed removal from garden bed today,gardening,garden maintenance
can i get weed removal from garden bed at my home,gardening,garden maintenance
asap garden hedge trimming and pruning this weekend,gardening,garden maintenance
help me with bush cutting lawn edging for my apartment,gardening,garden maintenance
want to hire watering garden plants in kandy,gardening,garden maintenance
help me with bush cutting lawn edging quick service,gardening,garden maintenance
urgent garden hedge trimming and pruning in negombo,gardening,garden maintenance
need watering garden plants in negombo,gardening,garden maintenance
please send weed removal from garden bed for my apartment,gardening,garden maintenance
search for grass cutting and lawn mowing for my house,gardening,garden maintenance
urgently need watering garden plants in galle,gardening,garden maintenance
plz grass cutting and lawn mowing at my home,gardening,garden maintenance
please send watering garden plants in kurunegala,gardening,garden maintenance
req weed removal from garden bed today,gardening,garden maintenance
help me with grass cutting and lawn mowing in negombo,gardening,garden maintenance
urgently need bush cutting lawn edging for my house,gardening,garden maintenance
asap bush cutting lawn edging for my house,gardening,garden maintenance
looking for weed removal from garden bed in colombo,gardening,garden maintenance
plz weed removal from garden bed urgently,gardening,garden maintenance
please send bush cutting lawn edging in colombo,gardening,garden maintenance
landscaping project for new home yard,gardening,landscaping
need flower bed landscape setup urgently,gardening,landscaping
help me with outdoor garden makeover service for my apartment,gardening,landscaping
asap garden landscape design and layout at my location,gardening,landscaping
need gardener to design beautiful backyard landscape,gardening,landscaping
where to get flower bed landscape setup for my apartment,gardening,landscaping
urgent front yard grass turf laying today,gardening,landscaping
please send front yard grass turf laying in colombo,gardening,landscaping
search for garden stone pathway construction at my home,gardening,landscaping
courtyard garden setup and turf installation,gardening,landscaping
looking for outdoor garden makeover service in negombo,gardening,landscaping
help me with outdoor garden makeover service in kurunegala,gardening,landscaping
urgently need flower bed landscape setup in kurunegala,gardening,landscaping
i need garden stone pathway construction in colombo,gardening,landscaping
urgent garden landscape design and layout at my home,gardening,landscaping
urgent outdoor garden makeover service urgently,gardening,landscaping
find me garden landscape design and layout in negombo,gardening,landscaping
search for garden stone pathway construction in negombo,gardening,landscaping
need front yard grass turf laying this weekend,gardening,landscaping
want to hire garden stone pathway construction asap,gardening,landscaping
need outdoor garden makeover service in kurunegala,gardening,landscaping
urgent front yard grass turf laying in kandy,gardening,landscaping
help me with outdoor garden makeover service in colombo,gardening,landscaping
asap outdoor garden makeover service this weekend,gardening,landscaping
urgently need flower bed landscape setup for my house,gardening,landscaping
search for garden landscape design and layout in kurunegala,gardening,landscaping
please send front yard grass turf laying for my office,gardening,landscaping
plz garden stone pathway construction at my home,gardening,landscaping
search for outdoor garden makeover service at my home,gardening,landscaping
asap garden landscape design and layout in colombo,gardening,landscaping
asap garden landscape design and layout today,gardening,landscaping
can i get outdoor garden makeover service in kandy,gardening,landscaping
i need front yard grass turf laying in kurunegala,gardening,landscaping
help me with garden stone pathway construction near me,gardening,landscaping
can i get outdoor garden makeover service at my home,gardening,landscaping
want to hire flower bed landscape setup for my office,gardening,landscaping
looking for flower bed landscape setup asap,gardening,landscaping
can someone flower bed landscape setup asap,gardening,landscaping
search for flower bed landscape setup at my location,gardening,landscaping
plz garden stone pathway construction in colombo,gardening,landscaping
want to hire flower bed landscape setup for my house,gardening,landscaping
i need garden landscape design and layout in colombo,gardening,landscaping
find me garden stone pathway construction at my location,gardening,landscaping
plz outdoor garden makeover service in colombo,gardening,landscaping
asap outdoor garden makeover service for my office,gardening,landscaping
plz garden landscape design and layout for my apartment,gardening,landscaping
where to get outdoor garden makeover service at my location,gardening,landscaping
looking for garden landscape design and layout today,gardening,landscaping
urgently need garden stone pathway construction this weekend,gardening,landscaping
want to hire outdoor garden makeover service at my home,gardening,landscaping
want to hire outdoor garden makeover service quick service,gardening,landscaping
i need garden stone pathway construction in kandy,gardening,landscaping
i need flower bed landscape setup for my house,gardening,landscaping
req garden stone pathway construction for my house,gardening,landscaping
search for garden stone pathway construction in galle,gardening,landscaping
i need outdoor garden makeover service in negombo,gardening,landscaping
search for front yard grass turf laying in colombo,gardening,landscaping
asap garden stone pathway construction in colombo,gardening,landscaping
asap flower bed landscape setup for my apartment,gardening,landscaping
i need front yard grass turf laying for my apartment,gardening,landscaping
want to hire garden stone pathway construction in kandy,gardening,landscaping
can someone garden stone pathway construction today,gardening,landscaping
help me with flower bed landscape setup near me,gardening,landscaping
need gardaner to design beautiful backyard landscape,gardening,landscaping
help me with front yard grass turf laying at my home,gardening,landscaping
urgent garden landscape design and layout in kandy,gardening,landscaping
looking for flower bed landscape setup for my office,gardening,landscaping
looking for garden landscape design and layout for my office,gardening,landscaping
asap front yard grass turf laying in kurunegala,gardening,landscaping
need flower bed landscape setup asap,gardening,landscaping
asap garden landscape design and layout asap,gardening,landscaping
where to get outdoor garden makeover service for my apartment,gardening,landscaping
plz front yard grass turf laying in negombo,gardening,landscaping
req front yard grass turf laying in kandy,gardening,landscaping
plz front yard grass turf laying in kurunegala,gardening,landscaping
where to get garden stone pathway construction in kandy,gardening,landscaping
urgent front yard grass turf laying at my location,gardening,landscaping
want to hire front yard grass turf laying for my apartment,gardening,landscaping
can someone outdoor garden makeover service at my home,gardening,landscaping
need outdoor garden makeover service today,gardening,landscaping
search for outdoor garden makeover service asap,gardening,landscaping
plz outdoor garden makeover service in kandy,gardening,landscaping
want to hire outdoor garden makeover service near me,gardening,landscaping
urgent flower bed landscape setup today,gardening,landscaping
can someone front yard grass turf laying urgently,gardening,landscaping
need garden landscape design and layout for my office,gardening,landscaping
can someone garden landscape design and layout this weekend,gardening,landscaping
help me with outdoor garden makeover service for my office,gardening,landscaping
please send flower bed landscape setup this weekend,gardening,landscaping
help me with front yard grass turf laying in colombo,gardening,landscaping
plz garden landscape design and layout in negombo,gardening,landscaping
search for garden stone pathway construction for my office,gardening,landscaping
req flower bed landscape setup in colombo,gardening,landscaping
urgently need front yard grass turf laying asap,gardening,landscaping
req front yard grass turf laying at my home,gardening,landscaping
i need garden landscape design and layout for my apartment,gardening,landscaping
looking for flower bed landscape setup for my house,gardening,landscaping
help me with garden stone pathway construction for my office,gardening,landscaping
urgently need garden stone pathway construction today,gardening,landscaping
can i get front yard grass turf laying for my office,gardening,landscaping
looking for garden landscape design and layout in kandy,gardening,landscaping
please send flower bed landscape setup asap,gardening,landscaping
req garden landscape design and layout in galle,gardening,landscaping
urgent garden stone pathway construction in kurunegala,gardening,landscaping
please send flower bed landscape setup urgently,gardening,landscaping
help me with front yard grass turf laying in galle,gardening,landscaping
plz outdoor garden makeover servis at my home,gardening,landscaping
can someone outdoor garden makeover service near me,gardening,landscaping
urgent garden stone pathway construction at my home,gardening,landscaping
want to hire garden landscape design and layout today,gardening,landscaping
can i get outdoor garden makeover service for my apartment,gardening,landscaping
find me garden stone pathway construction for my office,gardening,landscaping
find me garden stone pathway construction asap,gardening,landscaping
need flower bed landscape setup near me,gardening,landscaping
where to get garden landscape design and layout near me,gardening,landscaping
can someone garden landscape design and layout for my house,gardening,landscaping
want to hire outdoor garden makeover service in kurunegala,gardening,landscaping
urgent garden stone pathway construction today,gardening,landscaping
find me outdoor garden makeover service for my office,gardening,landscaping
req garden stone pathway construction for my apartment,gardening,landscaping
can someone gardan stone pathway construction for my apartment,gardening,landscaping
urgent outdoor garden makeover service at my home,gardening,landscaping
asap garden stone pathway construction today,gardening,landscaping
urgent front yard grass turf laying for my office,gardening,landscaping
can i get garden landscape design and layout for my office,gardening,landscaping
please send garden stone pathway construction urgently,gardening,landscaping
find me outdoor garden makeover service urgently,gardening,landscaping
urgent flower bed landscape setup at my home,gardening,landscaping
can someone front yard grass turf laying in colombo,gardening,landscaping
need garden landscape design and layout asap,gardening,landscaping
looking for flower bed landscape setup urgently,gardening,landscaping
where to get front yard grass turf laying at my home,gardening,landscaping
req garden stone pathway construction in kurunegala,gardening,landscaping
where to get flower bed landscape setup in kurunegala,gardening,landscaping
asap outdoor garden makeover service in kurunegala,gardening,landscaping
need outdoor garden makeover service for my apartment,gardening,landscaping
urgent outdoor garden makeover service in galle,gardening,landscaping
need garden landscape design and layout in negombo,gardening,landscaping
plz front yard grass turf laying in galle,gardening,landscaping
please send flower bed landscape setup today,gardening,landscaping
urgently need outdoor garden makeover service urgently,gardening,landscaping
i need outdoor garden makeover service at my home,gardening,landscaping
where to get flower bed landscape setup today,gardening,landscaping
need garden landscape design and layout this weekend,gardening,landscaping
help me with front yard grass turf laying in kandy,gardening,landscaping
can i get outdoor garden makeover service for my house,gardening,landscaping
help me with front yard grass turf laying for my office,gardening,landscaping
req flower bed landscape setup quick service,gardening,landscaping
can someone garden landscape design and layout for my apartment,gardening,landscaping
please send garden stone pathway construction near me,gardening,landscaping
search for front yard grass turf laying at my location,gardening,landscaping
find me outdoor garden makeover service in kurunegala,gardening,landscaping
want to hire garden stone pathway construction at my home,gardening,landscaping
please send flower bed landscape setup in negombo,gardening,landscaping
looking for front yard grass turf laying near me,gardening,landscaping
can i get flower bed landscape setup quick service,gardening,landscaping
urgently need flower bed landscape setup today,gardening,landscaping
help me with outdoor garden makeover service asap,gardening,landscaping
want to hire front yard grass turf laying in negombo,gardening,landscaping
req front yard grass turf laying in negombo,gardening,landscaping
please send outdoor garden makeover service for my apartment,gardening,landscaping
where to get flower bed landscape setup quick service,gardening,landscaping
urgent flower bed landscape setup for my apartment,gardening,landscaping
urgently need garden landscape design and layout at my location,gardening,landscaping
urgently need garden landscape design and layout in kurunegala,gardening,landscaping
search for garden landscape design and layout this weekend,gardening,landscaping
where to get outdoor garden makeover service in kandy,gardening,landscaping
urgent outdoor garden makeover service in kandy,gardening,landscaping
can i get flower bed landscape setup for my house,gardening,landscaping
req outdoor garden makeover service at my home,gardening,landscaping
looking for garden landscape design and layout this weekend,gardening,landscaping
search for outdoor garden makeover service in kandy,gardening,landscaping
want to hire flower bed landscape setup this weekend,gardening,landscaping
can i get garden stone pathway construction in kurunegala,gardening,landscaping
can i get flower bed landscape setup asap,gardening,landscaping
can someone outdoor garden makeover service in kandy,gardening,landscaping
where to get garden stone pathway construction quick service,gardening,landscaping
urgent flower bed landscape setup quick service,gardening,landscaping
looking for outdoor garden makeover service this weekend,gardening,landscaping
please send front yard grass turf laying at my location,gardening,landscaping
want to hire front yard grass turf laying today,gardening,landscaping
urgently need outdoor garden makeover service today,gardening,landscaping
urgent garden landscape design and layout for my house,gardening,landscaping
can someone front yard grass turf laying this weekend,gardening,landscaping
please send outdoor garden makeover service for my office,gardening,landscaping
please send flower bed landscape setup in kandy,gardening,landscaping
need garden landscape design and layout quick service,gardening,landscaping
req outdoor garden makeover service near me,gardening,landscaping
urgent garden landscape design and layout for my apartment,gardening,landscaping
i need garden stone pathway construction urgently,gardening,landscaping
help me with garden landscape design and layout quick service,gardening,landscaping
please send garden landscape design and layout quick service,gardening,landscaping
req flower bed landscape setup near me,gardening,landscaping
can i get front yard grass turf laying today,gardening,landscaping
urgent outdoor garden makeover service this weekend,gardening,landscaping
can i get flower bed landscape setup in kurunegala,gardening,landscaping
where to get garden stone pathway construction asap,gardening,landscaping
can someone gardan landscape design and layout for my house,gardening,landscaping
help me with outdoor garden makeover service at my home,gardening,landscaping
i need flower bed landscape setup in negombo,gardening,landscaping
urgently need front yard grass turf laying in colombo,gardening,landscaping
asap garden stone pathway construction this weekend,gardening,landscaping
can i get outdoor garden makeover service in negombo,gardening,landscaping
search for flower bed landscape setup asap,gardening,landscaping
search for outdoor garden makeover service in galle,gardening,landscaping
looking for outdoor garden makeover service for my office,gardening,landscaping
plz garden landscape design and layout quick service,gardening,landscaping
i need front yard grass turf laying in colombo,gardening,landscaping
req front yard grass turf laying this weekend,gardening,landscaping
find me front yard grass turf laying this weekend,gardening,landscaping
i need front yard grass turf laying urgently,gardening,landscaping
req outdoor garden makeover service at my location,gardening,landscaping
help me with flower bed landscape setup for my house,gardening,landscaping
req garden stone pathway construction today,gardening,landscaping
plz garden stone pathway construction in negombo,gardening,landscaping
need front yard grass turf laying near me,gardening,landscaping
req outdoor garden makeover service for my apartment,gardening,landscaping
urgently need front yard grass turf laying for my office,gardening,landscaping
can i get front yard grass turf laying for my house,gardening,landscaping
urgent flower bed landscape setup for my house,gardening,landscaping
urgent garden stone pathway construction in negombo,gardening,landscaping
find me garden stone pathway construction urgently,gardening,landscaping
looking for flower bed landscape setup this weekend,gardening,landscaping
urgent outdoor garden makeover servis this weekend,gardening,landscaping
can someone front yard grass turf laying at my home,gardening,landscaping
can i get garden stone pathway construction at my location,gardening,landscaping
help me with front yard grass turf laying quick service,gardening,landscaping
plz flower bed landscape setup quick service,gardening,landscaping
where to get flower bed landscape setup at my location,gardening,landscaping
search for garden stone pathway construction in kurunegala,gardening,landscaping
i need front yard grass turf laying this weekend,gardening,landscaping
urgent flower bed landscape setup urgently,gardening,landscaping
looking for flower bed landscape setup in kandy,gardening,landscaping
search for flower bed landscape setup in colombo,gardening,landscaping
want to hire garden landscape design and layout at my home,gardening,landscaping
can i get garden stone pathway construction in negombo,gardening,landscaping
urgently need front yard grass turf laying urgently,gardening,landscaping
where to get garden landscape design and layout for my apartment,gardening,landscaping
looking for front yard grass turf laying for my office,gardening,landscaping
search for outdoor garden makeover service in colombo,gardening,landscaping
urgent garden landscape design and layout in negombo,gardening,landscaping
urgently need garden stone pathway construction near me,gardening,landscaping
i need garden landscape design and layout quick service,gardening,landscaping
search for front yard grass turf laying in kandy,gardening,landscaping
help me with flower bed landscape setup in colombo,gardening,landscaping
can someone garden stone pathway construction urgently,gardening,landscaping
can i get outdoor garden makeover service urgently,gardening,landscaping
help me with garden landscape design and layout at my location,gardening,landscaping
urgent outdoor garden makeover service for my office,gardening,landscaping
urgent outdoor garden makeover service at my location,gardening,landscaping
plz outdoor garden makeover service for my apartment,gardening,landscaping
please send garden stone pathway construction in negombo,gardening,landscaping
want to hire flower bed landscape setup for my apartment,gardening,landscaping
req flower bed landscape setup urgently,gardening,landscaping
plz flower bed landscape setup urgently,gardening,landscaping
search for flower bed landscape setup for my house,gardening,landscaping
please send outdoor garden makeover service in kandy,gardening,landscaping
please send outdoor garden makeover service quick service,gardening,landscaping
can someone outdoor gardan makeover service today,gardening,landscaping
help me with outdoor garden makeover service in galle,gardening,landscaping
urgently need garden stone pathway construction in kurunegala,gardening,landscaping
plz garden stone pathway construction for my apartment,gardening,landscaping
need outdoor garden makeover service urgently,gardening,landscaping
need garden landscape design and layout near me,gardening,landscaping
find me garden stone pathway construction near me,gardening,landscaping
need garden stone pathway construction in galle,gardening,landscaping
urgently need front yard grass turf laying at my home,gardening,landscaping
urgently need front yard grass turf laying near me,gardening,landscaping
help me with flower bed landscape setup this weekend,gardening,landscaping
want to hire garden landscape design and layout asap,gardening,landscaping
search for outdoor garden makeover service for my office,gardening,landscaping
search for garden stone pathway construction urgently,gardening,landscaping
looking for front yard grass turf laying at my home,gardening,landscaping
want to hire garden landscape design and layout near me,gardening,landscaping
looking for garden landscape design and layout asap,gardening,landscaping
find me outdoor garden makeover service near me,gardening,landscaping
need garden stone pathway construction near me,gardening,landscaping
need garden landscape design and layout urgently,gardening,landscaping
urgently need front yard grass turf laying in kurunegala,gardening,landscaping
urgent garden stone pathway construction for my apartment,gardening,landscaping
asap flower bed landscape setup for my house,gardening,landscaping
please send garden landscape design and layout at my location,gardening,landscaping
urgent flower bed landscape setup at my location,gardening,landscaping
need front yard grass turf laying in negombo,gardening,landscaping
find me garden stone pathway construction this weekend,gardening,landscaping
asap front yard grass turf laying quick service,gardening,landscaping
find me garden stone pathway construction for my house,gardening,landscaping
find me outdoor garden makeover service at my home,gardening,landscaping
please send outdoor garden makeover service near me,gardening,landscaping
where to get flower bed landscape setup in negombo,gardening,landscaping
need garden stone pathway construction in negombo,gardening,landscaping
plz front yard grass turf laying for my office,gardening,landscaping
plz flower bed landscape setup today,gardening,landscaping
can someone garden stone pathway construction in galle,gardening,landscaping
search for garden stone pathway construction asap,gardening,landscaping
can i get garden stone pathway construction today,gardening,landscaping
help me with tree sapling planting service today,gardening,planting
i need flower planting in home garden in colombo,gardening,planting
plant new shrubs and potted flowers,gardening,planting
looking for flower planting in home garden this weekend,gardening,planting
asap flower planting in home garden at my location,gardening,planting
can i get tree sapling planting service asap,gardening,planting
req fruit tree planting and soil prep today,gardening,planting
find me flower planting in home garden in negombo,gardening,planting
urgent vegetable patch kitchen garden setup for my house,gardening,planting
search for tree sapling planting service quick service,gardening,planting
backyard organic vegetable garden planting,gardening,planting
want to plant roses and outdoor flowers,gardening,planting
plz indoor potted plant setup in colombo,gardening,planting
urgently need indoor potted plant setup in negombo,gardening,planting
please send fruit tree planting and soil prep asap,gardening,planting
looking for vegetable patch kitchen garden setup for my office,gardening,planting
help me with tree sapling planting service asap,gardening,planting
req fruit tree planting and soil prep urgently,gardening,planting
urgently need indoor potted plant setup quick service,gardening,planting
asap tree sapling planting service this weekend,gardening,planting
plz indoor potted plant setup today,gardening,planting
where to get flower planting in home garden asap,gardening,planting
looking for vegetable patch kitchen garden setup in kandy,gardening,planting
req tree sapling planting service urgently,gardening,planting
can i get flower planting in home garden urgently,gardening,planting
can i get fruit tree planting and soil prep quick service,gardening,planting
need flower planting in home garden in colombo,gardening,planting
req vegetable patch kitchen garden setup at my location,gardening,planting
can i get tree sapling planting service quick service,gardening,planting
need fruit tree planting and soil prep asap,gardening,planting
can i get tree sapling planting service in galle,gardening,planting
need vegetable patch kitchen garden setup in kandy,gardening,planting
urgently need fruit tree planting and soil prep quick service,gardening,planting
i need tree sapling planting service in kandy,gardening,planting
plz tree sapling planting service in colombo,gardening,planting
where to get vegetable patch kitchen garden setup for my apartment,gardening,planting
can someone fruit tree planting and soil prep in galle,gardening,planting
looking for flower planting in home garden for my office,gardening,planting
urgently need flower planting in home garden at my home,gardening,planting
can someone fruit tree planting and soil prep this weekend,gardening,planting
search for indoor potted plant setup near me,gardening,planting
where to get fruit tree planting and soil prep for my office,gardening,planting
i need indoor potted plant setup for my office,gardening,planting
asap vegetable patch kitchen garden setup in galle,gardening,planting
can someone flower planting in home garden in negombo,gardening,planting
urgent indoor potted plant setup in colombo,gardening,planting
plz fruit tree planting and soil prep at my location,gardening,planting
can someone indoor potted plant setup for my apartment,gardening,planting
urgently need indoor potted plant setup in kandy,gardening,planting
need tree sapling planting service at my location,gardening,planting
plz tree sapling planting service in galle,gardening,planting
urgently need fruit tree planting and soil prep near me,gardening,planting
can i get tree sapling planting servis at my home,gardening,planting
plz tree sapling planting service quick service,gardening,planting
search for flower planting in home garden urgently,gardening,planting
can i get flower planting in home garden quick service,gardening,planting
can someone indoor potted plant setup at my home,gardening,planting
i need indoor potted plant setup for my house,gardening,planting
can i get indoor potted plant setup today,gardening,planting
search for indoor potted plant setup at my home,gardening,planting
looking for flower planting in home garden for my house,gardening,planting
where to get tree sapling planting service this weekend,gardening,planting
help me with vegetable patch kitchen garden setup quick service,gardening,planting
help me with tree sapling planting service this weekend,gardening,planting
find me vegetable patch kitchen garden setup for my office,gardening,planting
find me vegetable patch kitchen garden setup asap,gardening,planting
please send indoor potted plant setup in kurunegala,gardening,planting
can i get vegetable patch kitchen garden setup in kandy,gardening,planting
req vegetable patch kitchen garden setup quick service,gardening,planting
search for vegetable patch kitchen garden setup for my apartment,gardening,planting
need indoor potted plant setup at my location,gardening,planting
i need fruit tree planting and soil prep in colombo,gardening,planting
plz flower planting in home garden for my house,gardening,planting
urgent flower planting in home garden for my office,gardening,planting
i need tree sapling planting service asap,gardening,planting
urgent vegetable patch kitchen garden setup near me,gardening,planting
i need vegetable patch kitchen garden setup in colombo,gardening,planting
plz flower planting in home garden in kandy,gardening,planting
need tree sapling planting service near me,gardening,planting
looking for flower planting in home garden for my apartment,gardening,planting
where to get flower planting in home garden in kandy,gardening,planting
looking for tree sapling planting service at my home,gardening,planting
need vegetable patch kitchen garden setup asap,gardening,planting
need fruit tree planting and soil prep urgently,gardening,planting
urgent tree sapling planting service asap,gardening,planting
please send indoor potted plant setup at my home,gardening,planting
can someone tree sapling planting service for my apartment,gardening,planting
want to hire fruit tree planting and soil prep in kurunegala,gardening,planting
want to hire tree sapling planting service in kurunegala,gardening,planting
urgent fruit tree planting and soil prep for my apartment,gardening,planting
help me with indoor potted plant setup in negombo,gardening,planting
urgent indoor potted plant setup in galle,gardening,planting
help me with flower planting in home garden at my location,gardening,planting
asap flower planting in home garden at my home,gardening,planting
urgently need flower planting in home garden for my house,gardening,planting
urgently need vegetable patch kitchen garden setup for my house,gardening,planting
help me with fruit tree planting and soil prep asap,gardening,planting
plz flower planting in home garden in galle,gardening,planting
looking for indoor potted plant setup for my apartment,gardening,planting
looking for flower planting in home garden in galle,gardening,planting
looking for flower planting in home garden at my home,gardening,planting
can i get vegetable patch kitchen garden setup for my office,gardening,planting
urgently need fruit tree planting and soil prep this weekend,gardening,planting
i need indoor potted plant setup for my apartment,gardening,planting
where to get fruit tree planting and soil prep for my apartment,gardening,planting
can i get fruit tree planting and soil prep this weekend,gardening,planting
plz fruit tree planting and soil prep today,gardening,planting
req indoor potted plant setup in colombo,gardening,planting
can i get vegetable patch kitchen garden setup urgently,gardening,planting
can i get vegetable patch kitchen garden setup today,gardening,planting
urgent tree sapling planting servis for my apartment,gardening,planting
can someone fruit tree planting and soil prep quick service,gardening,planting
plz vegetable patch kitchen garden setup in colombo,gardening,planting
please send flower planting in home garden for my apartment,gardening,planting
help me with flower planting in home gardan for my apartment,gardening,planting
search for tree sapling planting service near me,gardening,planting
urgently need tree sapling planting service for my office,gardening,planting
please send vegetable patch kitchen garden setup in colombo,gardening,planting
i need tree sapling planting service for my office,gardening,planting
can someone tree sapling planting service urgently,gardening,planting
can someone indoor potted plant setup in negombo,gardening,planting
need tree sapling planting service asap,gardening,planting
plz flower planting in home garden for my apartment,gardening,planting
looking for fruit tree planting and soil prep in galle,gardening,planting
want to hire vegetable patch kitchen garden setup in kurunegala,gardening,planting
can someone vegetable patch kitchen garden setup near me,gardening,planting
can i get fruit tree planting and soil prep near me,gardening,planting
need flower planting in home garden in kandy,gardening,planting
urgently need flower planting in home garden in galle,gardening,planting
where to get indoor potted plant setup urgently,gardening,planting
need indoor potted plant setup in kurunegala,gardening,planting
find me tree sapling planting service today,gardening,planting
find me flower planting in home garden quick service,gardening,planting
search for fruit tree planting and soil prep today,gardening,planting
need flower planting in home garden for my apartment,gardening,planting
asap flower planting in home garden in galle,gardening,planting
help me with tree sapling planting service near me,gardening,planting
looking for tree sapling planting service for my apartment,gardening,planting
urgent vegetable patch kitchen garden setup for my office,gardening,planting
can someone indoor potted plant setup in kurunegala,gardening,planting
backyard organic vegetable gardan planting,gardening,planting
help me with fruit tree planting and soil prep near me,gardening,planting
find me indoor potted plant setup for my apartment,gardening,planting
plz indoor potted plant setup quick service,gardening,planting
find me flower planting in home garden for my office,gardening,planting
help me with tree sapling planting service in negombo,gardening,planting
please send fruit tree planting and soil prep in colombo,gardening,planting
i need tree sapling planting service in negombo,gardening,planting
need vegetable patch kitchen garden setup for my house,gardening,planting
urgent tree sapling planting service in negombo,gardening,planting
help me with indoor potted plant setup quick service,gardening,planting
looking for vegetable patch kitchen garden setup in negombo,gardening,planting
i need fruit tree planting and soil prep quick service,gardening,planting
asap tree sapling planting service quick service,gardening,planting
plz flower planting in home garden at my location,gardening,planting
i need indoor potted plant setup at my home,gardening,planting
where to get vegetable patch kitchen garden setup for my office,gardening,planting
want to hire flower planting in home garden for my apartment,gardening,planting
help me with indoor potted plant setup at my location,gardening,planting
please send flower planting in home garden in colombo,gardening,planting
looking for vegetable patch kitchen garden setup at my home,gardening,planting
where to get tree sapling planting service in negombo,gardening,planting
can someone indoor potted plant setup for my house,gardening,planting
urgent tree sapling planting service for my apartment,gardening,planting
please send tree sapling planting service at my location,gardening,planting
i need vegetable patch kitchen garden setup in kandy,gardening,planting
can i get vegetable patch kitchen garden setup near me,gardening,planting
urgently need vegetable patch kitchen garden setup asap,gardening,planting
please send vegetable patch kitchen garden setup in negombo,gardening,planting
plz fruit tree planting and soil prep in kandy,gardening,planting
urgently need tree sapling planting service at my home,gardening,planting
need flower planting in home garden in negombo,gardening,planting
i need flower planting in home garden in kurunegala,gardening,planting
need fruit tree planting and soil prep in colombo,gardening,planting
can i get fruit tree planting and soil prep asap,gardening,planting
asap flower planting in home garden in kandy,gardening,planting
looking for tree sapling planting service quick service,gardening,planting
asap indoor potted plant setup urgently,gardening,planting
where to get fruit tree planting and soil prep today,gardening,planting
req flower planting in home garden for my apartment,gardening,planting
looking for indoor potted plant setup in galle,gardening,planting
i need vegetable patch kitchen garden setup for my office,gardening,planting
asap fruit tree planting and soil prep for my house,gardening,planting
please send indoor potted plant setup this weekend,gardening,planting
looking for indoor potted plant setup at my home,gardening,planting
find me vegetable patch kitchen garden setup at my home,gardening,planting
where to get vegetable patch kitchen garden setup in kurunegala,gardening,planting
where to get fruit tree planting and soil prep this weekend,gardening,planting
please send tree sapling planting service in kurunegala,gardening,planting
please send fruit tree planting and soil prep in kurunegala,gardening,planting
req indoor potted plant setup near me,gardening,planting
please send flower planting in home garden for my house,gardening,planting
where to get fruit tree planting and soil prep in kandy,gardening,planting
can i get indoor potted plant setup urgently,gardening,planting
search for flower planting in home garden for my house,gardening,planting
can someone vegetable patch kitchen garden setup in kurunegala,gardening,planting
plz vegetable patch kitchen garden setup for my apartment,gardening,planting
find me fruit tree planting and soil prep today,gardening,planting
find me tree sapling planting servis asap,gardening,planting
req flower planting in home garden near me,gardening,planting
i need vegetable patch kitchen garden setup at my home,gardening,planting
want to hire indoor potted plant setup in negombo,gardening,planting
asap vegetable patch kichen garden setup for my office,gardening,planting
need indoor potted plant setup near me,gardening,planting
want to hire flower planting in home garden in galle,gardening,planting
need tree sapling planting service in kurunegala,gardening,planting
where to get fruit tree planting and soil prep quick service,gardening,planting
help me with tree sapling planting service at my home,gardening,planting
looking for flower planting in home garden in colombo,gardening,planting
can someone flower planting in home garden today,gardening,planting
search for vegetable patch kitchen garden setup in kurunegala,gardening,planting
where to get flower planting in home garden for my office,gardening,planting
can i get indoor potted plant setup in kandy,gardening,planting
can someone flower planting in home garden this weekend,gardening,planting
can someone vegetable patch kitchen garden setup at my location,gardening,planting
please send tree sapling planting service for my office,gardening,planting
urgently need indoor potted plant setup this weekend,gardening,planting
please send vegetable patch kitchen garden setup for my house,gardening,planting
where to get vegetable patch kitchen garden setup in galle,gardening,planting
i need vegetable patch kitchen garden setup near me,gardening,planting
urgent vegetable patch kitchen garden setup for my apartment,gardening,planting
urgent tree sapling planting servis near me,gardening,planting
looking for fruit tree planting and soil prep this weekend,gardening,planting
search for tree sapling planting service in kandy,gardening,planting
req indoor potted plant setup for my house,gardening,planting
urgently need flower planting in home garden near me,gardening,planting
req fruit tree planting and soil prep this weekend,gardening,planting
search for fruit tree planting and soil prep quick service,gardening,planting
req vegetable patch kitchen garden setup in negombo,gardening,planting
please send vegetable patch kitchen garden setup at my location,gardening,planting
can i get tree sapling planting service near me,gardening,planting
search for fruit tree planting and soil prep for my office,gardening,planting
help me with flower planting in home garden urgently,gardening,planting
where to get vegetable patch kitchen garden setup asap,gardening,planting
urgent vegetable patch kitchen garden setup in kandy,gardening,planting
plz vegetable patch kitchen garden setup for my house,gardening,planting
urgently need tree sapling planting servis quick service,gardening,planting
can someone vegetable patch kitchen gardan setup asap,gardening,planting
want to hire vegetable patch kitchen garden setup quick service,gardening,planting
req tree sapling planting service in negombo,gardening,planting
find me vegetable patch kitchen garden setup in negombo,gardening,planting
asap flower planting in home garden in kurunegala,gardening,planting
i need indoor potted plant setup in kurunegala,gardening,planting
find me tree sapling planting service in negombo,gardening,planting
help me with indoor potted plant setup at my home,gardening,planting
please send indoor potted plant setup in colombo,gardening,planting
find me flower planting in home garden today,gardening,planting
search for flower planting in home garden in galle,gardening,planting
i need tree sapling planting service urgently,gardening,planting
urgent tree sapling planting service in kandy,gardening,planting
asap flower planting in home garden in negombo,gardening,planting
plz flower planting in home garden near me,gardening,planting
i need fruit tree planting and soil prep this weekend,gardening,planting
find me indoor potted plant setup in negombo,gardening,planting
i need flower planting in home garden at my location,gardening,planting
plz vegetable patch kitchen gardan setup for my apartment,gardening,planting
want to hire tree sapling planting service for my apartment,gardening,planting
can someone fruit tree planting and soil prep in colombo,gardening,planting
req fruit tree planting and soil prep asap,gardening,planting
req indoor potted plant setup for my office,gardening,planting
i need vegetable patch kitchen garden setup for my apartment,gardening,planting
req fruit tree planting and soil prep in kurunegala,gardening,planting
where to get indoor potted plant setup for my house,gardening,planting
can i get flower planting in home garden today,gardening,planting
search for vegetable patch kitchen garden setup in galle,gardening,planting
asap vegetable patch kitchen garden setup for my office,gardening,planting
find me fruit tree planting and soil prep in kandy,gardening,planting
find me fruit tree planting and soil prep for my office,gardening,planting
help me with flower planting in home garden in galle,gardening,planting
find me tree sapling planting service for my house,gardening,planting
search for vegetable patch kitchen garden setup urgently,gardening,planting
search for vegetable patch kitchen garden setup this weekend,gardening,planting
plz vegetable patch kitchen garden setup today,gardening,planting
can i get flower planting in home garden in colombo,gardening,planting
urgently need tree sapling planting service asap,gardening,planting
where to get flower planting in home garden in galle,gardening,planting
need indoor potted plant setup in kandy,gardening,planting
help me with vegetable patch kitchen garden setup urgently,gardening,planting
where to get fruit tree planting and soil prep in negombo,gardening,planting
req indoor potted plant setup urgently,gardening,planting
looking for vegetable patch kitchen garden setup in galle,gardening,planting
req indoor potted plant setup quick service,gardening,planting
want to hire vegetable patch kitchen garden setup in kandy,gardening,planting
req fruit tree planting and soil prep in negombo,gardening,planting
asap indoor potted plant setup in negombo,gardening,planting
find me tree sapling planting service at my location,gardening,planting
help me with fruit tree planting and soil prep in kurunegala,gardening,planting
urgent flower planting in home garden in kandy,gardening,planting
please send fruit tree planting and soil prep in negombo,gardening,planting
urgently need indoor potted plant setup asap,gardening,planting
want to hire flower planting in home garden asap,gardening,planting
i need fruit tree planting and soil prep for my apartment,gardening,planting
urgently need indoor potted plant setup in galle,gardening,planting
urgently need vegetable patch kitchen garden setup for my apartment,gardening,planting
asap nanny for newborn baby care urgently,care_support,child care
help me with after school kid supervision for my apartment,care_support,child care
experienced nanny for infant baby care,care_support,child care
need child care helper at home this weekend,care_support,child care
asap after school kid supervision this weekend,care_support,child care
i need nanny for newborn baby care in kurunegala,care_support,child care
want to hire babysitter for toddler asap,care_support,child care
find me infant baby sitter daytime quick service,care_support,child care
need trusted babysitter to look after my 2 year old,care_support,child care
help me with babysitter for toddler today,care_support,child care
need babysitter for toddler near me,care_support,child care
child minder for weekend daycare,care_support,child care
urgently need infant baby sitter daytime near me,care_support,child care
urgent nanny for newborn baby care asap,care_support,child care
please send infant baby sitter daytime in kurunegala,care_support,child care
i need after school kid supervision near me,care_support,child care
please send babysitter for toddler in kurunegala,care_support,child care
help me with infant baby sitter daytime this weekend,care_support,child care
help me with nanny for newborn baby care in kurunegala,care_support,child care
want to hire child care helper at home quick service,care_support,child care
find me babysitter for toddler asap,care_support,child care
req after school kid supervision at my home,care_support,child care
req child care helper at home urgently,care_support,child care
looking for child care helper at home in galle,care_support,child care
need babysitter for toddler this weekend,care_support,child care
find me child care helper at home at my location,care_support,child care
looking for after school kid supervision this weekend,care_support,child care
urgently need infant baby sitter daytime in kurunegala,care_support,child care
can i get after school kid supervision at my home,care_support,child care
want to hire infant baby sitter daytime for my apartment,care_support,child care
looking for nanny for newborn baby care at my location,care_support,child care
can someone after school kid supervision near me,care_support,child care
search for child care helper at home in negombo,care_support,child care
can someone after school kid supervision at my location,care_support,child care
i need infant baby sitter daytime near me,care_support,child care
help me with child care helper at home at my location,care_support,child care
req child care helper at home at my location,care_support,child care
looking for child care helper at home for my office,care_support,child care
find me infant baby sitter daytime for my apartment,care_support,child care
looking for after school kid supervision urgently,care_support,child care
want to hire nanny for newborn baby care for my house,care_support,child care
urgent babysitter for toddler in negombo,care_support,child care
find me babysitter for toddler urgently,care_support,child care
i need babysitter for toddler in negombo,care_support,child care
search for after school kid supervision in kandy,care_support,child care
looking for after school kid supervision in kandy,care_support,child care
looking for infant baby sitter daytime in kandy,care_support,child care
where to get nanny for newborn baby care in kandy,care_support,child care
search for child care helper at home for my office,care_support,child care
looking for after school kid supervision near me,care_support,child care
req babysitter for toddler in galle,care_support,child care
search for babysitter for toddler this weekend,care_support,child care
can i get babysitter for toddler urgently,care_support,child care
where to get babysitter for toddler in colombo,care_support,child care
plz after school kid supervision in colombo,care_support,child care
i need child care helper at home quick service,care_support,child care
i need nanny for newborn baby care for my apartment,care_support,child care
urgently need child care helper at home quick service,care_support,child care
can i get nanny for newborn baby care urgently,care_support,child care
urgent nanny for newborn baby care at my home,care_support,child care
please send babysitter for toddler this weekend,care_support,child care
where to get infant baby sitter daytime for my apartment,care_support,child care
req nanny for newborn baby care quick service,care_support,child care
need after school kid supervision asap,care_support,child care
urgently need babysitter for toddler in kurunegala,care_support,child care
i need child care helper at home in kurunegala,care_support,child care
plz nanny for newborn baby care for my office,care_support,child care
need nanny for newborn baby care asap,care_support,child care
can i get babysitter for toddler in colombo,care_support,child care
i need infant baby sitter daytime for my office,care_support,child care
help me with nanny for newborn baby care for my house,care_support,child care
urgently need child care helper at home for my apartment,care_support,child care
asap babysitter for toddler near me,care_support,child care
search for child care helper at home quick service,care_support,child care
urgent child care helper at home in colombo,care_support,child care
find me after school kid supervision asap,care_support,child care
req after school kid supervision in kurunegala,care_support,child care
asap infant baby sitter daytime for my apartment,care_support,child care
search for babysitter for toddler near me,care_support,child care
need after school kid supervision for my house,care_support,child care
want to hire child care helper at home in kandy,care_support,child care
asap nanny for newborn baby care in negombo,care_support,child care
where to get child care helper at home quick service,care_support,child care
looking for infant baby sitter daytime today,care_support,child care
urgent nanny for newborn baby care in colombo,care_support,child care
search for child care helper at home in kurunegala,care_support,child care
can i get after school kid supervision today,care_support,child care
want to hire after school kid supervision for my office,care_support,child care
i need after school kid supervision quick service,care_support,child care
req after school kid supervision in negombo,care_support,child care
help me with babysitter for toddler in kandy,care_support,child care
want to hire babysitter for toddler quick service,care_support,child care
i need infant baby sitter daytime today,care_support,child care
where to get infant baby sitter daytime in galle,care_support,child care
i need child care helper at home in colombo,care_support,child care
i need infant baby sitter daytime quick service,care_support,child care
can i get babysitter for toddler today,care_support,child care
plz after school kid supervision urgently,care_support,child care
where to get nanny for newborn baby care in negombo,care_support,child care
urgently need after school kid supervision urgently,care_support,child care
where to get child care helper at home this weekend,care_support,child care
plz babysitter for toddler in kurunegala,care_support,child care
help me with child care helper at home at my home,care_support,child care
req infant baby sitter daytime near me,care_support,child care
please send babysitter for toddler for my house,care_support,child care
search for after school kid supervision quick service,care_support,child care
search for babysitter for toddler at my home,care_support,child care
asap babysitter for toddler in galle,care_support,child care
plz nanny for newborn baby care in kurunegala,care_support,child care
please send infant baby sitter daytime quick service,care_support,child care
help me with after school kid supervision in kandy,care_support,child care
urgently need after school kid supervision at my location,care_support,child care
urgent infant baby sitter daytime at my location,care_support,child care
can someone nanny for newborn baby care in negombo,care_support,child care
asap infant baby sitter daytime in colombo,care_support,child care
looking for nanny for newborn baby care at my home,care_support,child care
can i get infant baby sitter daytime quick service,care_support,child care
find me infant baby sitter daytime urgently,care_support,child care
want to hire infant baby sitter daytime at my location,care_support,child care
can someone after school kid supervision quick service,care_support,child care
need infant baby sitter daytime at my home,care_support,child care
looking for child care helper at home at my home,care_support,child care
please send child care helper at home for my office,care_support,child care
can someone nanny for newborn baby care this weekend,care_support,child care
where to get infant baby sitter daytime in kandy,care_support,child care
search for infant baby sitter daytime in kandy,care_support,child care
plz infant baby sitter daytime for my house,care_support,child care
want to hire babysitter for toddler near me,care_support,child care
i need babysitter for toddler for my office,care_support,child care
need infant baby sitter daytime in colombo,care_support,child care
want to hire after school kid supervision at my home,care_support,child care
search for nanny for newborn baby care for my office,care_support,child care
please send after school kid supervision for my office,care_support,child care
can i get nanny for newborn baby care in kandy,care_support,child care
req infant baby sitter daytime today,care_support,child care
want to hire infant baby sitter daytime at my home,care_support,child care
find me babysitter for toddler for my house,care_support,child care
search for after school kid supervision at my home,care_support,child care
i need babysitter for toddler at my location,care_support,child care
need child care helper at home quick service,care_support,child care
help me with babysitter for toddler in galle,care_support,child care
find me after school kid supervision this weekend,care_support,child care
please send after school kid supervision in colombo,care_support,child care
urgently need infant baby sitter daytime in kandy,care_support,child care
urgently need child care helper at home in kandy,care_support,child care
find me nanny for newborn baby care today,care_support,child care
looking for child care helper at home in kurunegala,care_support,child care
can someone child care helper at home in galle,care_support,child care
req infant baby sitter daytime asap,care_support,child care
where to get child care helper at home asap,care_support,child care
where to get infant baby sitter daytime urgently,care_support,child care
need child care helper at home in kurunegala,care_support,child care
can someone babysitter for toddler for my office,care_support,child care
i need child care helper at home at my home,care_support,child care
can someone child care helper at home in kandy,care_support,child care
plz infant baby sitter daytime asap,care_support,child care
search for child care helper at home in galle,care_support,child care
plz nanny for newborn baby care near me,care_support,child care
plz infant baby sitter daytime for my apartment,care_support,child care
need after school kid supervision in kandy,care_support,child care
urgent infant baby sitter daytime in galle,care_support,child care
asap babysitter for toddler quick service,care_support,child care
where to get child care helper at home in kurunegala,care_support,child care
looking for babysitter for toddler in galle,care_support,child care
plz child care helper at home in negombo,care_support,child care
can someone nanny for newborn baby care in colombo,care_support,child care
req child care helper at home quick service,care_support,child care
urgently need infant baby sitter daytime asap,care_support,child care
want to hire child care helper at home for my office,care_support,child care
asap child care helper at home today,care_support,child care
search for infant baby sitter daytime at my location,care_support,child care
can someone nanny for newborn baby care in galle,care_support,child care
can someone infant baby sitter daytime in negombo,care_support,child care
please send nanny for newborn baby care near me,care_support,child care
where to get child care helper at home in negombo,care_support,child care
req infant baby sitter daytime in colombo,care_support,child care
want to hire after school kid supervision for my house,care_support,child care
where to get infant baby sitter daytime in kurunegala,care_support,child care
find me infant baby sitter daytime in colombo,care_support,child care
plz infant baby sitter daytime in negombo,care_support,child care
search for infant baby sitter daytime in kurunegala,care_support,child care
search for child care helper at home at my location,care_support,child care
please send child care helper at home for my apartment,care_support,child care
can i get infant baby sitter daytime urgently,care_support,child care
asap after school kid supervision for my office,care_support,child care
need infant baby sitter daytime this weekend,care_support,child care
urgent babysitter for toddler for my house,care_support,child care
urgent babysitter for toddler at my location,care_support,child care
asap after school kid supervision at my location,care_support,child care
looking for child care helper at home urgently,care_support,child care
req nanny for newborn baby care today,care_support,child care
help me with nanny for newborn baby care near me,care_support,child care
search for babysitter for toddler for my apartment,care_support,child care
can i get babysitter for toddler for my apartment,care_support,child care
i need infant baby sitter daytime asap,care_support,child care
looking for after school kid supervision in kurunegala,care_support,child care
help me with child care helper at home for my office,care_support,child care
need child care helper at home today,care_support,child care
urgently need babysitter for toddler in kandy,care_support,child care
urgently need after school kid supervision near me,care_support,child care
need after school kid supervision for my apartment,care_support,child care
help me with nanny for newborn baby care in kandy,care_support,child care
please send babysitter for toddler urgently,care_support,child care
can i get nanny for newborn baby care for my apartment,care_support,child care
asap child care helper at home this weekend,care_support,child care
plz child care helper at home at my location,care_support,child care
req after school kid supervision in kandy,care_support,child care
can i get babysitter for toddler asap,care_support,child care
req child care helper at home for my house,care_support,child care
urgently need child care helper at home this weekend,care_support,child care
search for child care helper at home today,care_support,child care
can someone child care helper at home today,care_support,child care
where to get nanny for newborn baby care asap,care_support,child care
i need child care helper at home in galle,care_support,child care
asap nanny for newborn baby care in kandy,care_support,child care
req infant baby sitter daytime urgently,care_support,child care
urgently need nanny for newborn baby care for my apartment,care_support,child care
plz child care helper at home for my house,care_support,child care
asap infant baby sitter daytime in negombo,care_support,child care
i need after school kid supervision at my location,care_support,child care
looking for babysitter for toddler urgently,care_support,child care
find me after school kid supervision for my house,care_support,child care
where to get infant baby sitter daytime asap,care_support,child care
asap child care helper at home for my house,care_support,child care
can i get after school kid supervision in negombo,care_support,child care
can i get babysitter for toddler in galle,care_support,child care
req child care helper at home in kandy,care_support,child care
plz after school kid supervision at my location,care_support,child care
where to get babysitter for toddler near me,care_support,child care
can someone after school kid supervision today,care_support,child care
can someone after school kid supervision at my home,care_support,child care
req after school kid supervision urgently,care_support,child care
find me child care helper at home for my apartment,care_support,child care
can i get babysitter for toddler at my home,care_support,child care
search for nanny for newborn baby care in negombo,care_support,child care
i need babysitter for toddler in colombo,care_support,child care
need infant baby sitter daytime today,care_support,child care
i need babysitter for toddler near me,care_support,child care
urgently need babysitter for toddler at my home,care_support,child care
help me with after school kid supervision in kurunegala,care_support,child care
where to get child care helper at home at my home,care_support,child care
can i get nanny for newborn baby care near me,care_support,child care
can someone after school kid supervision in kurunegala,care_support,child care
can someone babysitter for toddler at my home,care_support,child care
search for infant baby sitter daytime urgently,care_support,child care
looking for nanny for newborn baby care in negombo,care_support,child care
need child care helper at home in kandy,care_support,child care
req infant baby sitter daytime in negombo,care_support,child care
need babysitter for toddler urgently,care_support,child care
search for babysitter for toddler in galle,care_support,child care
can someone after school kid supervision for my house,care_support,child care
find me babysitter for toddler in galle,care_support,child care
can someone babysitter for toddler quick service,care_support,child care
want to hire child care helper at home in kurunegala,care_support,child care
need nanny for newborn baby care for my apartment,care_support,child care
looking for nanny for newborn baby care urgently,care_support,child care
help me with nanny for newborn baby care this weekend,care_support,child care
asap nanny for newborn baby care in colombo,care_support,child care
find me nanny for newborn baby care this weekend,care_support,child care
asap after school kid supervision for my house,care_support,child care
i need babysitter for toddler urgently,care_support,child care
i need child care helper at home this weekend,care_support,child care
need infant baby sitter daytime for my office,care_support,child care
find me babysitter for toddler in kurunegala,care_support,child care
looking for babysitter for toddler today,care_support,child care
help me with child care helper at home this weekend,care_support,child care
urgent after school kid supervision asap,care_support,child care
urgently need nanny for newborn baby care in negombo,care_support,child care
can someone nanny for newborn baby care for my house,care_support,child care
please send nanny for newborn baby care in galle,care_support,child care
i need child care helper at home near me,care_support,child care
please send infant baby sitter daytime for my apartment,care_support,child care
plz babysitter for toddler in galle,care_support,child care
help me with child care helper at home near me,care_support,child care
where to get after school kid supervision for my house,care_support,child care
please send nanny for newborn baby care this weekend,care_support,child care
i need babysitter for toddler asap,care_support,child care
req babysitter for toddler for my house,care_support,child care
req child care helper at home in negombo,care_support,child care
find me infant baby sitter daytime in kurunegala,care_support,child care
want to hire infant baby sitter daytime quick service,care_support,child care
urgent after school kid supervision at my location,care_support,child care
urgent babysitter for toddler in colombo,care_support,child care
please send child care helper at home in colombo,care_support,child care
please send nanny for newborn baby care in kurunegala,care_support,child care
can someone nanny for newborn baby care in kandy,care_support,child care
where to get after school kid supervision for my office,care_support,child care
find me babysitter for toddler at my location,care_support,child care
please send babysitter for toddler for my apartment,care_support,child care
can i get infant baby sitter daytime in kandy,care_support,child care
plz babysitter for toddler at my home,care_support,child care
want to hire nanny for newborn baby care in colombo,care_support,child care
where to get babysitter for toddler for my office,care_support,child care
urgently need after school kid supervision for my apartment,care_support,child care
req after school kid supervision at my location,care_support,child care
please send babysitter for toddler quick service,care_support,child care
help me with elderly mother companion helper in negombo,care_support,elderly care
asap elderly mother companion helper in kandy,care_support,elderly care
help me with bedridden patient home nurse in kurunegala,care_support,elderly care
need nurse helper for elderly grandmother at home,care_support,elderly care
full time elder care taker required,care_support,elderly care
caregiver for senior father medicine and feeding,care_support,elderly care
can someone home nursing for elderly father quick service,care_support,elderly care
looking for elderly mother companion helper in negombo,care_support,elderly care
req bedridden patient home nurse in kurunegala,care_support,elderly care
please send old age person care taker this weekend,care_support,elderly care
can someone elderly mother companion helper at my location,care_support,elderly care
please send senior citizen mobility assistance in negombo,care_support,elderly care
please send senior citizen mobility assistance in colombo,care_support,elderly care
find me bedridden patient home nurse for my office,care_support,elderly care
can someone home nursing for elderly father at my home,care_support,elderly care
want to hire old age person care taker urgently,care_support,elderly care
search for home nursing for elderly father in colombo,care_support,elderly care
search for bedridden patient home nurse in kurunegala,care_support,elderly care
urgent bedridden patient home nurse in kandy,care_support,elderly care
please send old age person care taker near me,care_support,elderly care
can someone home nursing for elderly father at my location,care_support,elderly care
need senior citizen mobility assistance at my home,care_support,elderly care
need old age person care taker in kurunegala,care_support,elderly care
find me senior citizen mobility assistance for my house,care_support,elderly care
please send old age person care taker in kurunegala,care_support,elderly care
where to get old age person care taker for my house,care_support,elderly care
i need bedridden patient home nurse for my house,care_support,elderly care
looking for bedridden patient home nurse at my home,care_support,elderly care
urgently need senior citizen mobility assistance in kandy,care_support,elderly care
looking for home nursing for elderly father for my apartment,care_support,elderly care
req senior citizen mobility assistance at my home,care_support,elderly care
urgent elderly mother companion helper asap,care_support,elderly care
req senior citizen mobility assistance quick service,care_support,elderly care
where to get old age person care taker quick service,care_support,elderly care
req senior citizen mobility assistance asap,care_support,elderly care
where to get bedridden patient home nurse near me,care_support,elderly care
find me old age person care taker at my home,care_support,elderly care
where to get old age person care taker in colombo,care_support,elderly care
want to hire home nursing for elderly father at my home,care_support,elderly care
need bedridden patient home nurse in kandy,care_support,elderly care
help me with old age person care taker in kurunegala,care_support,elderly care
asap elderly mother companion helper for my house,care_support,elderly care
req old age person care taker at my location,care_support,elderly care
asap senior citizen mobility assistance urgently,care_support,elderly care
req home nursing for elderly father near me,care_support,elderly care
where to get elderly mother companion helper at my location,care_support,elderly care
req elderly mother companion helper in galle,care_support,elderly care
urgently need elderly mother companion helper for my house,care_support,elderly care
can i get bedridden patient home nurse quick service,care_support,elderly care
asap elderly mother companion helper in galle,care_support,elderly care
please send home nursing for elderly father urgently,care_support,elderly care
looking for senior citizen mobility assistance quick service,care_support,elderly care
help me with bedridden patient home nurse this weekend,care_support,elderly care
req old age person care taker in kurunegala,care_support,elderly care
urgent elderly mother companion helper quick service,care_support,elderly care
where to get home nursing for elderly father today,care_support,elderly care
urgent senior citizen mobility assistance in negombo,care_support,elderly care
where to get senior citizen mobility assistance asap,care_support,elderly care
where to get bedridden patient home nurse asap,care_support,elderly care
find me senior citizen mobility assistance urgently,care_support,elderly care
urgent home nursing for elderly father near me,care_support,elderly care
please send bedridden patient home nurse quick service,care_support,elderly care
find me home nursing for elderly father urgently,care_support,elderly care
search for home nursing for elderly father near me,care_support,elderly care
urgently need elderly mother companion helper this weekend,care_support,elderly care
i need bedridden patient home nurse near me,care_support,elderly care
find me elderly mother companion helper near me,care_support,elderly care
where to get senior citizen mobility assistance in galle,care_support,elderly care
looking for bedridden patient home nurse for my house,care_support,elderly care
can i get home nursing for elderly father asap,care_support,elderly care
urgently need old age person care taker for my office,care_support,elderly care
urgent senior citizen mobility assistance near me,care_support,elderly care
please send senior citizen mobility assistance for my office,care_support,elderly care
looking for elderly mother companion helper at my location,care_support,elderly care
asap bedridden patient home nurse for my office,care_support,elderly care
urgent bedridden patient home nurse asap,care_support,elderly care
i need home nursing for elderly father asap,care_support,elderly care
req elderly mother companion helper in kurunegala,care_support,elderly care
help me with elderly mother companion helper for my office,care_support,elderly care
need senior citizen mobility assistance in colombo,care_support,elderly care
urgent home nursing for elderly father today,care_support,elderly care
urgently need old age person care taker in negombo,care_support,elderly care
asap bedridden patient home nurse in kandy,care_support,elderly care
urgently need elderly mother companion helper near me,care_support,elderly care
where to get old age person care taker in negombo,care_support,elderly care
find me bedridden patient home nurse in colombo,care_support,elderly care
plz old age person care taker in galle,care_support,elderly care
help me with bedridden patient home nurse for my house,care_support,elderly care
find me home nursing for elderly father in galle,care_support,elderly care
need bedridden patient home nurse urgently,care_support,elderly care
want to hire bedridden patient home nurse asap,care_support,elderly care
asap old age person care taker quick service,care_support,elderly care
where to get old age person care taker for my apartment,care_support,elderly care
req bedridden patient home nurse for my apartment,care_support,elderly care
i need elderly mother companion helper near me,care_support,elderly care
search for senior citizen mobility assistance in negombo,care_support,elderly care
can i get elderly mother companion helper quick service,care_support,elderly care
i need senior citizen mobility assistance today,care_support,elderly care
want to hire senior citizen mobility assistance for my house,care_support,elderly care
can someone old age person care taker for my house,care_support,elderly care
find me elderly mother companion helper in galle,care_support,elderly care
looking for home nursing for elderly father in galle,care_support,elderly care
help me with home nursing for elderly father asap,care_support,elderly care
help me with bedridden patient home nurse in galle,care_support,elderly care
need elderly mother companion helper at my home,care_support,elderly care
urgently need bedridden patient home nurse for my apartment,care_support,elderly care
req senior citizen mobility assistance today,care_support,elderly care
search for old age person care taker this weekend,care_support,elderly care
req senior citizen mobility assistance for my house,care_support,elderly care
urgent elderly mother companion helper in galle,care_support,elderly care
want to hire elderly mother companion helper in kurunegala,care_support,elderly care
urgent elderly mother companion helper in negombo,care_support,elderly care
need old age person care taker urgently,care_support,elderly care
looking for old age person care taker in galle,care_support,elderly care
can i get senior citizen mobility assistance at my location,care_support,elderly care
want to hire home nursing for elderly father near me,care_support,elderly care
i need bedridden patient home nurse at my home,care_support,elderly care
search for home nursing for elderly father in galle,care_support,elderly care
plz senior citizen mobility assistance near me,care_support,elderly care
urgent home nursing for elderly father quick service,care_support,elderly care
search for home nursing for elderly father in kandy,care_support,elderly care
looking for old age person care taker asap,care_support,elderly care
looking for senior citizen mobility assistance in kandy,care_support,elderly care
can someone bedridden patient home nurse in galle,care_support,elderly care
want to hire home nursing for elderly father urgently,care_support,elderly care
looking for home nursing for elderly father urgently,care_support,elderly care
i need old age person care taker this weekend,care_support,elderly care
can someone home nursing for elderly father today,care_support,elderly care
asap senior citizen mobility assistance asap,care_support,elderly care
where to get old age person care taker today,care_support,elderly care
where to get senior citizen mobility assistance in negombo,care_support,elderly care
search for bedridden patient home nurse in colombo,care_support,elderly care
asap bedridden patient home nurse at my home,care_support,elderly care
can i get home nursing for elderly father for my apartment,care_support,elderly care
search for senior citizen mobility assistance in kurunegala,care_support,elderly care
search for senior citizen mobility assistance for my apartment,care_support,elderly care
want to hire senior citizen mobility assistance today,care_support,elderly care
where to get bedridden patient home nurse urgently,care_support,elderly care
want to hire senior citizen mobility assistance in galle,care_support,elderly care
asap bedridden patient home nurse urgently,care_support,elderly care
urgently need home nursing for elderly father quick service,care_support,elderly care
search for elderly mother companion helper for my house,care_support,elderly care
looking for old age person care taker at my home,care_support,elderly care
i need old age person care taker in galle,care_support,elderly care
find me elderly mother companion helper in kandy,care_support,elderly care
please send old age person care taker today,care_support,elderly care
can i get bedridden patient home nurse in colombo,care_support,elderly care
req bedridden patient home nurse at my home,care_support,elderly care
urgent elderly mother companion helper this weekend,care_support,elderly care
looking for bedridden patient home nurse this weekend,care_support,elderly care
can i get bedridden patient home nurse urgently,care_support,elderly care
can i get old age person care taker today,care_support,elderly care
can someone bedridden patient home nurse quick service,care_support,elderly care
looking for home nursing for elderly father quick service,care_support,elderly care
can someone senior citizen mobility assistance today,care_support,elderly care
find me old age person care taker near me,care_support,elderly care
req home nursing for elderly father this weekend,care_support,elderly care
want to hire old age person care taker quick service,care_support,elderly care
looking for bedridden patient home nurse in galle,care_support,elderly care
looking for home nursing for elderly father at my home,care_support,elderly care
help me with old age person care taker quick service,care_support,elderly care
can someone bedridden patient home nurse today,care_support,elderly care
urgent bedridden patient home nurse in colombo,care_support,elderly care
urgent senior citizen mobility assistance at my home,care_support,elderly care
urgent old age person care taker today,care_support,elderly care
where to get bedridden patient home nurse at my location,care_support,elderly care
can i get home nursing for elderly father at my location,care_support,elderly care
urgent senior citizen mobility assistance for my office,care_support,elderly care
i need old age person care taker in kurunegala,care_support,elderly care
plz old age person care taker quick service,care_support,elderly care
please send elderly mother companion helper at my home,care_support,elderly care
can someone old age person care taker quick service,care_support,elderly care
find me old age person care taker today,care_support,elderly care
asap senior citizen mobility assistance for my apartment,care_support,elderly care
search for bedridden patient home nurse in galle,care_support,elderly care
help me with senior citizen mobility assistance at my location,care_support,elderly care
please send senior citizen mobility assistance in kurunegala,care_support,elderly care
can i get senior citizen mobility assistance near me,care_support,elderly care
find me old age person care taker asap,care_support,elderly care
where to get senior citizen mobility assistance in colombo,care_support,elderly care
urgent home nursing for elderly father in colombo,care_support,elderly care
help me with old age person care taker in colombo,care_support,elderly care
i need home nursing for elderly father near me,care_support,elderly care
search for old age person care taker today,care_support,elderly care
can someone elderly mother companion helper for my apartment,care_support,elderly care
want to hire elderly mother companion helper in negombo,care_support,elderly care
asap old age person care taker asap,care_support,elderly care
help me with bedridden patient home nurse in colombo,care_support,elderly care
urgent elderly mother companion helper today,care_support,elderly care
help me with senior citizen mobility assistance this weekend,care_support,elderly care
looking for elderly mother companion helper this weekend,care_support,elderly care
urgent home nursing for elderly father for my apartment,care_support,elderly care
urgently need bedridden patient home nurse in colombo,care_support,elderly care
want to hire bedridden patient home nurse in negombo,care_support,elderly care
can i get bedridden patient home nurse in negombo,care_support,elderly care
search for senior citizen mobility assistance this weekend,care_support,elderly care
looking for old age person care taker at my location,care_support,elderly care
help me with elderly mother companion helper near me,care_support,elderly care
search for elderly mother companion helper this weekend,care_support,elderly care
i need bedridden patient home nurse today,care_support,elderly care
need old age person care taker in negombo,care_support,elderly care
plz old age person care taker in colombo,care_support,elderly care
please send elderly mother companion helper urgently,care_support,elderly care
can someone elderly mother companion helper at my home,care_support,elderly care
urgent old age person care taker in kurunegala,care_support,elderly care
looking for bedridden patient home nurse at my location,care_support,elderly care
please send bedridden patient home nurse in colombo,care_support,elderly care
looking for bedridden patient home nurse for my apartment,care_support,elderly care
find me old age person care taker for my apartment,care_support,elderly care
want to hire senior citizen mobility assistance in kurunegala,care_support,elderly care
urgently need senior citizen mobility assistance for my apartment,care_support,elderly care
need old age person care taker for my apartment,care_support,elderly care
asap old age person care taker in kurunegala,care_support,elderly care
can someone senior citizen mobility assistance for my office,care_support,elderly care
urgent senior citizen mobility assistance asap,care_support,elderly care
find me elderly mother companion helper at my location,care_support,elderly care
please send elderly mother companion helper in negombo,care_support,elderly care
where to get old age person care taker asap,care_support,elderly care
please send senior citizen mobility assistance today,care_support,elderly care
want to hire old age person care taker near me,care_support,elderly care
help me with home nursing for elderly father in kandy,care_support,elderly care
urgently need old age person care taker this weekend,care_support,elderly care
find me elderly mother companion helper for my house,care_support,elderly care
req home nursing for elderly father today,care_support,elderly care
urgent senior citizen mobility assistance this weekend,care_support,elderly care
asap elderly mother companion helper asap,care_support,elderly care
need home nursing for elderly father for my house,care_support,elderly care
urgently need elderly mother companion helper for my office,care_support,elderly care
can someone bedridden patient home nurse in negombo,care_support,elderly care
want to hire bedridden patient home nurse in kandy,care_support,elderly care
need bedridden patient home nurse in negombo,care_support,elderly care
can someone old age person care taker at my location,care_support,elderly care
urgently need bedridden patient home nurse for my office,care_support,elderly care
find me home nursing for elderly father in kurunegala,care_support,elderly care
asap old age person care taker for my apartment,care_support,elderly care
can someone senior citizen mobility assistance near me,care_support,elderly care
req old age person care taker at my home,care_support,elderly care
looking for home nursing for elderly father in kurunegala,care_support,elderly care
urgently need home nursing for elderly father urgently,care_support,elderly care
help me with home nursing for elderly father in galle,care_support,elderly care
asap old age person care taker in kandy,care_support,elderly care
can i get elderly mother companion helper for my office,care_support,elderly care
need elderly mother companion helper for my office,care_support,elderly care
urgently need old age person care taker asap,care_support,elderly care
plz bedridden patient home nurse this weekend,care_support,elderly care
asap bedridden patient home nurse today,care_support,elderly care
i need elderly mother companion helper today,care_support,elderly care
urgently need senior citizen mobility assistance quick service,care_support,elderly care
please send old age person care taker urgently,care_support,elderly care
req elderly mother companion helper today,care_support,elderly care
want to hire elderly mother companion helper for my office,care_support,elderly care
urgent old age person care taker for my apartment,care_support,elderly care
req old age person care taker in galle,care_support,elderly care
asap bedridden patient home nurse in negombo,care_support,elderly care
i need senior citizen mobility assistance at my home,care_support,elderly care
urgent bedridden patient home nurse urgently,care_support,elderly care
where to get senior citizen mobility assistance quick service,care_support,elderly care
help me with home nursing for elderly father quick service,care_support,elderly care
can i get bedridden patient home nurse for my apartment,care_support,elderly care
urgent elderly mother companion helper urgently,care_support,elderly care
req home nursing for elderly father in negombo,care_support,elderly care
req home nursing for elderly father in kandy,care_support,elderly care
want to hire bedridden patient home nurse for my house,care_support,elderly care
need old age person care taker at my location,care_support,elderly care
urgently need old age person care taker at my location,care_support,elderly care
can i get senior citizen mobility assistance for my apartment,care_support,elderly care
req home nursing for elderly father for my office,care_support,elderly care
can i get elderly mother companion helper urgently,care_support,elderly care
search for bedridden patient home nurse for my house,care_support,elderly care
find me bedridden patient home nurse for my apartment,care_support,elderly care
can someone elderly mother companion helper in negombo,care_support,elderly care
urgent home nursing for elderly father in kurunegala,care_support,elderly care
want to hire elderly mother companion helper quick service,care_support,elderly care
can i get elderly mother companion helper today,care_support,elderly care
search for old age person care taker quick service,care_support,elderly care
find me old age person care taker in kurunegala,care_support,elderly care
find me home nursing for elderly father in kandy,care_support,elderly care
help me with elderly mother companion helper in kurunegala,care_support,elderly care
want to hire elderly mother companion helper urgently,care_support,elderly care
where to get home nursing for elderly father for my apartment,care_support,elderly care
can someone senior citizen mobility assistance for my apartment,care_support,elderly care
please send elderly mother companion helper quick service,care_support,elderly care
can i get home nursing for elderly father today,care_support,elderly care
can someone elderly mother companion helper asap,care_support,elderly care
want to hire old age person care taker in kurunegala,care_support,elderly care
looking for old age person care taker today,care_support,elderly care
where to get senior citizen mobility assistance in kurunegala,care_support,elderly care
need senior citizen mobility assistance for my house,care_support,elderly care
looking for elderly mother companion helper today,care_support,elderly care
help me with home nursing for elderly father this weekend,care_support,elderly care
need elderly mother companion helper in kandy,care_support,elderly care
where to get bedridden patient home nurse in galle,care_support,elderly care
asap senior citizen mobility assistance today,care_support,elderly care
search for bedridden patient home nurse near me,care_support,elderly care
plz old age person care taker today,care_support,elderly care
help me with bedridden patient home nurse asap,care_support,elderly care
looking for cat sitter for 3 days,care_support,pet care
plz pet boarding or home visit care quick service,care_support,pet care
find me pet sitter for cat while away asap,care_support,pet care
search for dog walking and feeding in negombo,care_support,pet care
urgently need dog bath and grooming support at my location,care_support,pet care
asap puppy training and care in negombo,care_support,pet care
need dog walker every morning and evening,care_support,pet care
plz pet boarding or home visit care near me,care_support,pet care
help me with dog bath and grooming support urgently,care_support,pet care
can i get dog bath and grooming support at my location,care_support,pet care
want to hire pet sitter for cat while away at my location,care_support,pet care
search for pet sitter for cat while away urgently,care_support,pet care
want to hire dog bath and grooming support near me,care_support,pet care
pet caregiver for german shepherd dog,care_support,pet care
need pet sitter for cat while away in kandy,care_support,pet care
help me with dog bath and grooming support quick service,care_support,pet care
urgently need pet boarding or home visit care for my office,care_support,pet care
req pet sitter for cat while away asap,care_support,pet care
search for pet sitter for cat while away asap,care_support,pet care
search for pet sitter for cat while away for my house,care_support,pet care
want to hire dog bath and grooming support for my house,care_support,pet care
looking for dog bath and grooming support in negombo,care_support,pet care
please send pet sitter for cat while away at my home,care_support,pet care
please send dog walking and feeding near me,care_support,pet care
looking for pet sitter for cat while away for my office,care_support,pet care
help me with puppy training and care today,care_support,pet care
search for dog walking and feeding quick service,care_support,pet care
want to hire puppy training and care asap,care_support,pet care
search for puppy training and care for my house,care_support,pet care
looking for pet sitter for cat while away urgently,care_support,pet care
urgently need pet boarding or home visit care in kandy,care_support,pet care
help me with pet sitter for cat while away quick service,care_support,pet care
where to get dog bath and grooming support near me,care_support,pet care
can i get pet sitter for cat while away this weekend,care_support,pet care
help me with dog bath and grooming support in galle,care_support,pet care
please send puppy training and care in negombo,care_support,pet care
where to get puppy training and care urgently,care_support,pet care
urgent puppy training and care for my apartment,care_support,pet care
where to get puppy training and care quick service,care_support,pet care
search for dog bath and grooming support in kurunegala,care_support,pet care
want to hire dog walking and feeding this weekend,care_support,pet care
can i get dog walking and feeding in galle,care_support,pet care
i need puppy training and care for my apartment,care_support,pet care
looking for pet boarding or home visit care in kandy,care_support,pet care
please send pet boarding or home visit care today,care_support,pet care
can someone pet boarding or home visit care quick service,care_support,pet care
req dog walking and feeding for my house,care_support,pet care
req pet sitter for cat while away in kurunegala,care_support,pet care
can someone dog bath and grooming support for my apartment,care_support,pet care
want to hire dog bath and grooming support in galle,care_support,pet care
i need pet sitter for cat while away in galle,care_support,pet care
urgent pet sitter for cat while away near me,care_support,pet care
i need puppy training and care in kandy,care_support,pet care
req dog bath and grooming support today,care_support,pet care
search for dog walking and feeding at my home,care_support,pet care
i need pet sitter for cat while away asap,care_support,pet care
need pet boarding or home visit care for my house,care_support,pet care
plz dog bath and grooming support in kandy,care_support,pet care
plz dog bath and grooming support near me,care_support,pet care
asap pet boarding or home visit care in galle,care_support,pet care
search for pet sitter for cat while away in kurunegala,care_support,pet care
req dog walking and feeding asap,care_support,pet care
find me dog walking and feeding at my location,care_support,pet care
looking for puppy training and care for my apartment,care_support,pet care
where to get dog walking and feeding for my apartment,care_support,pet care
need dog walking and feeding this weekend,care_support,pet care
need pet boarding or home visit care near me,care_support,pet care
can someone pet boarding or home visit care asap,care_support,pet care
can someone dog walking and feeding asap,care_support,pet care
urgent puppy training and care for my house,care_support,pet care
asap pet sitter for cat while away in negombo,care_support,pet care
search for dog bath and grooming support asap,care_support,pet care
want to hire pet sitter for cat while away at my home,care_support,pet care
where to get pet sitter for cat while away this weekend,care_support,pet care
please send pet sitter for cat while away asap,care_support,pet care
asap dog walking and feeding at my home,care_support,pet care
looking for pet sitter for cat while away in kandy,care_support,pet care
where to get pet boarding or home visit care today,care_support,pet care
need dog bath and grooming support for my house,care_support,pet care
where to get puppy training and care in kandy,care_support,pet care
find me dog bath and grooming support for my house,care_support,pet care
find me dog walking and feeding for my office,care_support,pet care
search for dog bath and grooming support in galle,care_support,pet care
urgent dog bath and grooming support this weekend,care_support,pet care
need pet boarding or home visit care for my apartment,care_support,pet care
where to get dog walking and feeding quick service,care_support,pet care
find me pet sitter for cat while away near me,care_support,pet care
can i get dog bath and grooming support for my office,care_support,pet care
urgent pet sitter for cat while away at my home,care_support,pet care
plz dog walking and feeding this weekend,care_support,pet care
want to hire puppy training and care at my home,care_support,pet care
urgent pet boarding or home visit care at my location,care_support,pet care
help me with puppy training and care asap,care_support,pet care
plz pet boarding or home visit care asap,care_support,pet care
help me with dog walking and feeding in kandy,care_support,pet care
help me with dog walking and feeding quick service,care_support,pet care
urgent pet boarding or home visit care in kandy,care_support,pet care
plz dog bath and grooming support at my location,care_support,pet care
i need pet boarding or home visit care for my apartment,care_support,pet care
where to get puppy training and care this weekend,care_support,pet care
plz dog bath and grooming support for my apartment,care_support,pet care
plz puppy training and care for my house,care_support,pet care
where to get pet boarding or home visit care in negombo,care_support,pet care
looking for pet sitter for cat while away in kurunegala,care_support,pet care
can i get pet boarding or home visit care in colombo,care_support,pet care
req dog bath and grooming support for my office,care_support,pet care
search for pet boarding or home visit care quick service,care_support,pet care
i need dog bath and grooming support in colombo,care_support,pet care
i need pet sitter for cat while away for my house,care_support,pet care
find me puppy training and care in colombo,care_support,pet care
need dog bath and grooming support in colombo,care_support,pet care
want to hire dog walking and feeding at my home,care_support,pet care
find me dog walking and feeding in negombo,care_support,pet care
urgently need dog bath and grooming support for my house,care_support,pet care
can someone puppy training and care at my location,care_support,pet care
help me with pet sitter for cat while away for my house,care_support,pet care
please send puppy training and care in kurunegala,care_support,pet care
where to get dog walking and feeding asap,care_support,pet care
i need pet boarding or home visit care in galle,care_support,pet care
plz pet sitter for cat while away quick service,care_support,pet care
please send puppy training and care in galle,care_support,pet care
can i get dog bath and grooming support this weekend,care_support,pet care
urgent dog walking and feeding near me,care_support,pet care
where to get dog bath and grooming support urgently,care_support,pet care
i need dog bath and grooming support this weekend,care_support,pet care
can i get pet boarding or home visit care at my location,care_support,pet care
i need pet boarding or home visit care in colombo,care_support,pet care
looking for dog walking and feeding this weekend,care_support,pet care
want to hire dog walking and feeding urgently,care_support,pet care
req dog walking and feeding for my office,care_support,pet care
can i get dog walking and feeding quick service,care_support,pet care
looking for dog bath and grooming support for my apartment,care_support,pet care
can i get dog bath and grooming support quick service,care_support,pet care
plz dog bath and grooming support in colombo,care_support,pet care
plz dog walking and feeding asap,care_support,pet care
i need dog walking and feeding quick service,care_support,pet care
find me pet boarding or home visit care in galle,care_support,pet care
can i get dog walking and feeding for my house,care_support,pet care
need dog walking and feeding urgently,care_support,pet care
urgent pet boarding or home visit care for my house,care_support,pet care
search for dog walking and feeding in colombo,care_support,pet care
looking for dog walking and feeding in kandy,care_support,pet care
where to get pet boarding or home visit care for my house,care_support,pet care
can someone dog bath and grooming support asap,care_support,pet care
looking for pet boarding or home visit care in colombo,care_support,pet care
find me puppy training and care this weekend,care_support,pet care
need dog walking and feeding near me,care_support,pet care
urgent dog bath and grooming support for my house,care_support,pet care
can i get dog bath and grooming support in kurunegala,care_support,pet care
want to hire pet sitter for cat while away asap,care_support,pet care
looking for pet sitter for cat while away quick service,care_support,pet care
asap puppy training and care urgently,care_support,pet care
where to get puppy training and care for my house,care_support,pet care
help me with pet boarding or home visit care urgently,care_support,pet care
can someone pet boarding or home visit care for my apartment,care_support,pet care
where to get pet sitter for cat while away in colombo,care_support,pet care
req pet boarding or home visit care urgently,care_support,pet care
need dog bath and grooming support in kurunegala,care_support,pet care
want to hire pet sitter for cat while away in negombo,care_support,pet care
find me puppy training and care urgently,care_support,pet care
please send dog bath and grooming support at my home,care_support,pet care
please send puppy training and care at my location,care_support,pet care
i need dog bath and grooming support for my office,care_support,pet care
i need puppy training and care in colombo,care_support,pet care
please send pet sitter for cat while away at my location,care_support,pet care
i need pet boarding or home visit care in kurunegala,care_support,pet care
asap dog bath and grooming support quick service,care_support,pet care
help me with puppy training and care for my apartment,care_support,pet care
please send dog walking and feeding at my home,care_support,pet care
urgent dog walking and feeding at my location,care_support,pet care
urgently need dog walking and feeding this weekend,care_support,pet care
search for dog walking and feeding for my house,care_support,pet care
i need puppy training and care quick service,care_support,pet care
can someone dog walking and feeding this weekend,care_support,pet care
req puppy training and care in negombo,care_support,pet care
want to hire dog walking and feeding in kandy,care_support,pet care
can someone dog bath and grooming support for my house,care_support,pet care
urgent pet boarding or home visit care for my apartment,care_support,pet care
help me with dog bath and grooming support for my office,care_support,pet care
looking for dog walking and feeding asap,care_support,pet care
where to get dog bath and grooming support asap,care_support,pet care
want to hire pet boarding or home visit care this weekend,care_support,pet care
want to hire puppy training and care today,care_support,pet care
can someone dog bath and grooming support in kurunegala,care_support,pet care
req dog walking and feeding urgently,care_support,pet care
search for pet boarding or home visit care asap,care_support,pet care
plz dog bath and grooming support in kurunegala,care_support,pet care
looking for dog walking and feeding today,care_support,pet care
can i get pet boarding or home visit care at my home,care_support,pet care
req puppy training and care for my office,care_support,pet care
urgently need dog walking and feeding in colombo,care_support,pet care
plz pet boarding or home visit care in kurunegala,care_support,pet care
search for pet boarding or home visit care today,care_support,pet care
asap pet boarding or home visit care in colombo,care_support,pet care
req pet sitter for cat while away near me,care_support,pet care
help me with puppy training and care urgently,care_support,pet care
want to hire dog bath and grooming support at my location,care_support,pet care
req pet boarding or home visit care at my location,care_support,pet care
plz puppy training and care urgently,care_support,pet care
search for dog walking and feeding for my apartment,care_support,pet care
plz pet boarding or home visit care urgently,care_support,pet care
urgently need dog bath and grooming support today,care_support,pet care
urgently need dog bath and grooming support in colombo,care_support,pet care
want to hire dog bath and grooming support in colombo,care_support,pet care
where to get pet boarding or home visit care at my home,care_support,pet care
looking for dog walking and feeding for my apartment,care_support,pet care
search for pet boarding or home visit care for my apartment,care_support,pet care
where to get puppy training and care for my apartment,care_support,pet care
please send pet sitter for cat while away in galle,care_support,pet care
i need pet sitter for cat while away for my apartment,care_support,pet care
req pet sitter for cat while away urgently,care_support,pet care
help me with puppy training and care this weekend,care_support,pet care
want to hire pet sitter for cat while away urgently,care_support,pet care
i need puppy training and care this weekend,care_support,pet care
plz pet sitter for cat while away in negombo,care_support,pet care
plz puppy training and care at my home,care_support,pet care
req puppy training and care asap,care_support,pet care
help me with pet boarding or home visit care quick service,care_support,pet care
find me puppy training and care in kandy,care_support,pet care
urgent pet sitter for cat while away in colombo,care_support,pet care
find me dog walking and feeding in kandy,care_support,pet care
help me with pet sitter for cat while away at my location,care_support,pet care
asap pet boarding or home visit care near me,care_support,pet care
urgently need pet boarding or home visit care in kurunegala,care_support,pet care
urgently need puppy training and care asap,care_support,pet care
search for pet sitter for cat while away in galle,care_support,pet care
need pet sitter for cat while away in kurunegala,care_support,pet care
req puppy training and care in galle,care_support,pet care
looking for dog walking and feeding quick service,care_support,pet care
plz pet boarding or home visit care at my home,care_support,pet care
want to hire pet boarding or home visit care for my house,care_support,pet care
i need puppy training and care for my house,care_support,pet care
asap puppy training and care today,care_support,pet care
find me pet sitter for cat while away at my home,care_support,pet care
find me pet sitter for cat while away in kandy,care_support,pet care
plz dog walking and feeding near me,care_support,pet care
can someone pet boarding or home visit care in galle,care_support,pet care
help me with pet boarding or home visit care in kurunegala,care_support,pet care
please send dog bath and grooming support today,care_support,pet care
asap dog walking and feeding in kurunegala,care_support,pet care
can someone pet boarding or home visit care for my office,care_support,pet care
can i get dog walking and feeding near me,care_support,pet care
help me with pet boarding or home visit care for my office,care_support,pet care
i need dog walking and feeding urgently,care_support,pet care
want to hire dog walking and feeding for my house,care_support,pet care
req puppy training and care today,care_support,pet care
urgently need pet sitter for cat while away in galle,care_support,pet care
find me pet boarding or home visit care at my home,care_support,pet care
can someone pet sitter for cat while away in colombo,care_support,pet care
where to get pet sitter for cat while away at my home,care_support,pet care
urgent pet sitter for cat while away today,care_support,pet care
please send pet boarding or home visit care this weekend,care_support,pet care
where to get pet sitter for cat while away in kurunegala,care_support,pet care
search for dog bath and grooming support this weekend,care_support,pet care
search for dog bath and grooming support quick service,care_support,pet care
find me dog bath and grooming support in kurunegala,care_support,pet care
can i get dog bath and grooming support at my home,care_support,pet care
asap dog bath and grooming support in kandy,care_support,pet care
find me dog bath and grooming support urgently,care_support,pet care
urgent dog bath and grooming support near me,care_support,pet care
help me with dog walking and feeding asap,care_support,pet care
urgent dog walking and feeding in colombo,care_support,pet care
where to get puppy training and care asap,care_support,pet care
asap pet sitter for cat while away for my house,care_support,pet care
want to hire dog walking and feeding for my apartment,care_support,pet care
help me with puppy training and care near me,care_support,pet care
help me with puppy training and care for my house,care_support,pet care
i need puppy training and care in kurunegala,care_support,pet care
search for dog bath and grooming support for my house,care_support,pet care
need dog bath and grooming support for my office,care_support,pet care
req pet boarding or home visit care in kandy,care_support,pet care
help me with dog bath and grooming support in colombo,care_support,pet care
can someone dog walking and feeding in kurunegala,care_support,pet care
urgent dog walking and feeding this weekend,care_support,pet care
where to get pet sitter for cat while away today,care_support,pet care
please send pet sitter for cat while away near me,care_support,pet care
please send dog walking and feeding today,care_support,pet care
can i get pet boarding or home visit care for my apartment,care_support,pet care
help me with dog walking and feeding at my home,care_support,pet care
plz pet boarding or home visit care in kandy,care_support,pet care
urgently need pet sitter for cat while away in colombo,care_support,pet care
search for pet boarding or home visit care near me,care_support,pet care
req puppy training and care for my house,care_support,pet care
search for dog walking and feeding near me,care_support,pet care
find me pet sitter for cat while away in kurunegala,care_support,pet care
looking for pet sitter for cat while away in colombo,care_support,pet care
want to hire puppy training and care in negombo,care_support,pet care
asap pet sitter for cat while away in galle,care_support,pet care
can someone pet sitter for cat while away urgently,care_support,pet care
plz dog walking and feeding for my apartment,care_support,pet care
req pet boarding or home visit care quick service,care_support,pet care
help me with dog bath and grooming support in kandy,care_support,pet care
need dog walking and feeding for my house,care_support,pet care
need dog walking and feeding in colombo,care_support,pet care
urgent pet boarding or home visit care this weekend,care_support,pet care
want to hire dog walking and feeding in colombo,care_support,pet care
can i get physically challenged person helper for my office,care_support,disability support
support worker for person with disability,care_support,disability support
plz special needs assistance at home for my office,care_support,disability support
looking for disability helper for daily routines at my home,care_support,disability support
urgent disability helper for daily routines for my apartment,care_support,disability support
disability caregiver for home care,care_support,disability support
please send wheelchair patient daily assistant in galle,care_support,disability support
want to hire physically challenged person helper quick service,care_support,disability support
looking for physically challenged person helper in kandy,care_support,disability support
urgently need special needs assistance at home at my home,care_support,disability support
urgent physically challenged person helper at my location,care_support,disability support
where to get special needs assistance at home for my apartment,care_support,disability support
plz wheelchair patient daily assistant in colombo,care_support,disability support
asap physically challenged person helper at my home,care_support,disability support
urgent physically challenged person helper today,care_support,disability support
req wheelchair patient daily assistant at my home,care_support,disability support
urgently need physically challenged person helper near me,care_support,disability support
can i get wheelchair patient daily assistant for my apartment,care_support,disability support
want to hire disability helper for daily routines urgently,care_support,disability support
can someone physically challenged person helper in negombo,care_support,disability support
i need wheelchair patient daily assistant today,care_support,disability support
search for special needs assistance at home asap,care_support,disability support
can i get special needs assistance at home in kurunegala,care_support,disability support
urgently need wheelchair patient daily assistant today,care_support,disability support
want to hire wheelchair patient daily assistant for my apartment,care_support,disability support
help me with wheelchair patient daily assistant at my home,care_support,disability support
care assistant for wheelchair user daily tasks,care_support,disability support
looking for physically challenged person helper in colombo,care_support,disability support
asap physically challenged person helper for my house,care_support,disability support
please send disability helper for daily routines at my home,care_support,disability support
need special needs assistance at home urgently,care_support,disability support
asap wheelchair patient daily assistant in kandy,care_support,disability support
urgently need disability helper for daily routines in kurunegala,care_support,disability support
want to hire special needs assistance at home today,care_support,disability support
req disability helper for daily routines asap,care_support,disability support
can someone special needs assistance at home at my home,care_support,disability support
need disability helper for daily routines in kurunegala,care_support,disability support
help me with disability helper for daily routines in galle,care_support,disability support
plz physically challenged person helper today,care_support,disability support
find me wheelchair patient daily assistant quick service,care_support,disability support
plz wheelchair patient daily assistant quick service,care_support,disability support
need physically challenged person helper in negombo,care_support,disability support
i need physically challenged person helper at my home,care_support,disability support
can someone wheelchair patient daily assistant for my office,care_support,disability support
asap disability helper for daily routines asap,care_support,disability support
where to get disability helper for daily routines near me,care_support,disability support
req disability helper for daily routines in kurunegala,care_support,disability support
search for special needs assistance at home near me,care_support,disability support
please send wheelchair patient daily assistant near me,care_support,disability support
urgently need wheelchair patient daily assistant quick service,care_support,disability support
where to get special needs assistance at home near me,care_support,disability support
plz wheelchair patient daily assistant for my apartment,care_support,disability support
asap disability helper for daily routines in kurunegala,care_support,disability support
can i get wheelchair patient daily assistant today,care_support,disability support
urgent wheelchair patient daily assistant asap,care_support,disability support
i need wheelchair patient daily assistant in kandy,care_support,disability support
need wheelchair patient daily assistant in kurunegala,care_support,disability support
req disability helper for daily routines this weekend,care_support,disability support
help me with special needs assistance at home in kandy,care_support,disability support
search for wheelchair patient daily assistant today,care_support,disability support
please send physically challenged person helper in colombo,care_support,disability support
need special needs assistance at home for my house,care_support,disability support
urgent special needs assistance at home in kandy,care_support,disability support
please send special needs assistance at home in kurunegala,care_support,disability support
need disability helper for daily routines at my home,care_support,disability support
req special needs assistance at home quick service,care_support,disability support
req physically challenged person helper asap,care_support,disability support
req physically challenged person helper at my home,care_support,disability support
urgent physically challenged person helper for my office,care_support,disability support
urgent special needs assistance at home for my office,care_support,disability support
need physically challenged person helper in galle,care_support,disability support
asap physically challenged person helper in kurunegala,care_support,disability support
where to get special needs assistance at home for my house,care_support,disability support
please send special needs assistance at home at my location,care_support,disability support
looking for wheelchair patient daily assistant quick service,care_support,disability support
help me with physically challenged person helper today,care_support,disability support
looking for special needs assistance at home for my apartment,care_support,disability support
need wheelchair patient daily assistant urgently,care_support,disability support
want to hire disability helper for daily routines in negombo,care_support,disability support
want to hire wheelchair patient daily assistant in kandy,care_support,disability support
please send disability helper for daily routines in kurunegala,care_support,disability support
i need special needs assistance at home asap,care_support,disability support
please send wheelchair patient daily assistant for my house,care_support,disability support
looking for wheelchair patient daily assistant at my home,care_support,disability support
looking for special needs assistance at home quick service,care_support,disability support
can i get physically challenged person helper at my home,care_support,disability support
i need physically challenged person helper for my apartment,care_support,disability support
can someone physically challenged person helper in kurunegala,care_support,disability support
need special needs assistance at home at my location,care_support,disability support
i need physically challenged person helper today,care_support,disability support
asap physically challenged person helper asap,care_support,disability support
help me with disability helper for daily routines at my home,care_support,disability support
i need physically challenged person helper for my office,care_support,disability support
req wheelchair patient daily assistant this weekend,care_support,disability support
looking for special needs assistance at home for my office,care_support,disability support
find me special needs assistance at home quick service,care_support,disability support
looking for disability helper for daily routines asap,care_support,disability support
asap wheelchair patient daily assistant at my home,care_support,disability support
where to get disability helper for daily routines this weekend,care_support,disability support
looking for physically challenged person helper asap,care_support,disability support
req special needs assistance at home for my apartment,care_support,disability support
want to hire physically challenged person helper today,care_support,disability support
please send physically challenged person helper at my location,care_support,disability support
where to get disability helper for daily routines in colombo,care_support,disability support
find me wheelchair patient daily assistant urgently,care_support,disability support
search for disability helper for daily routines this weekend,care_support,disability support
urgent physically challenged person helper for my house,care_support,disability support
help me with physically challenged person helper asap,care_support,disability support
help me with disability helper for daily routines for my office,care_support,disability support
urgent disability helper for daily routines in kandy,care_support,disability support
need physically challenged person helper for my office,care_support,disability support
want to hire disability helper for daily routines for my apartment,care_support,disability support
looking for special needs assistance at home near me,care_support,disability support
req special needs assistance at home in galle,care_support,disability support
urgent physically challenged person helper in galle,care_support,disability support
asap wheelchair patient daily assistant quick service,care_support,disability support
where to get wheelchair patient daily assistant in negombo,care_support,disability support
i need physically challenged person helper in galle,care_support,disability support
urgently need wheelchair patient daily assistant for my apartment,care_support,disability support
want to hire physically challenged person helper in galle,care_support,disability support
help me with physically challenged person helper in kurunegala,care_support,disability support
can i get physically challenged person helper in galle,care_support,disability support
search for wheelchair patient daily assistant this weekend,care_support,disability support
urgently need special needs assistance at home in kandy,care_support,disability support
search for special needs assistance at home in kurunegala,care_support,disability support
plz special needs assistance at home at my home,care_support,disability support
need special needs assistance at home today,care_support,disability support
want to hire wheelchair patient daily assistant in colombo,care_support,disability support
want to hire physically challenged person helper near me,care_support,disability support
can i get wheelchair patient daily assistant urgently,care_support,disability support
asap wheelchair patient daily assistant at my location,care_support,disability support
looking for special needs assistance at home for my house,care_support,disability support
looking for disability helper for daily routines in kandy,care_support,disability support
search for disability helper for daily routines quick service,care_support,disability support
asap special needs assistance at home urgently,care_support,disability support
want to hire disability helper for daily routines in kurunegala,care_support,disability support
need special needs assistance at home this weekend,care_support,disability support
urgent disability helper for daily routines in negombo,care_support,disability support
urgently need physically challenged person helper for my office,care_support,disability support
urgent disability helper for daily routines asap,care_support,disability support
can i get disability helper for daily routines for my office,care_support,disability support
can i get disability helper for daily routines today,care_support,disability support
need physically challenged person helper quick service,care_support,disability support
can someone wheelchair patient daily assistant for my apartment,care_support,disability support
urgent physically challenged person helper in negombo,care_support,disability support
req physically challenged person helper for my apartment,care_support,disability support
i need wheelchair patient daily assistant at my location,care_support,disability support
need special needs assistance at home in negombo,care_support,disability support
search for special needs assistance at home urgently,care_support,disability support
help me with special needs assistance at home at my home,care_support,disability support
looking for special needs assistance at home in colombo,care_support,disability support
where to get physically challenged person helper quick service,care_support,disability support
where to get disability helper for daily routines at my location,care_support,disability support
where to get special needs assistance at home quick servis,care_support,disability support
can someone special needs assistance at home in galle,care_support,disability support
find me disability helper for daily routines this weekend,care_support,disability support
can someone wheelchair patient daily assistant in galle,care_support,disability support
where to get disability helper for daily routines in negombo,care_support,disability support
want to hire physically challenged person helper in colombo,care_support,disability support
find me disability helper for daily routines at my home,care_support,disability support
plz physically challenged person helper for my house,care_support,disability support
want to hire disability helper for daily routines near me,care_support,disability support
i need disability helper for daily routines for my office,care_support,disability support
plz special needs assistance at home this weekend,care_support,disability support
i need special needs assistance at home in kurunegala,care_support,disability support
urgently need wheelchair patient daily assistant in negombo,care_support,disability support
can i get physically challenged person helper asap,care_support,disability support
can someone disability helper for daily routines in kurunegala,care_support,disability support
i need disability helper for daily routines quick service,care_support,disability support
search for physically challenged person helper near me,care_support,disability support
please send disability helper for daily routines near me,care_support,disability support
asap physically challenged person helper at my location,care_support,disability support
looking for special needs assistance at home today,care_support,disability support
asap disability helper for daily routines this weekend,care_support,disability support
where to get special needs assistance at home in negombo,care_support,disability support
can i get wheelchair patient daily assistant in colombo,care_support,disability support
asap physically challenged person helper in negombo,care_support,disability support
urgent wheelchair patient daily assistant for my apartment,care_support,disability support
please send physically challenged person helper at my home,care_support,disability support
search for special needs assistance at home at my home,care_support,disability support
please send physically challenged person helper near me,care_support,disability support
want to hire special needs assistance at home for my house,care_support,disability support
need disability helper for daily routines urgently,care_support,disability support
urgent disability helper for daily routines in galle,care_support,disability support
i need special needs assistance at home for my office,care_support,disability support
req wheelchair patient daily assistant in colombo,care_support,disability support
need wheelchair patient daily assistant this weekend,care_support,disability support
please send physically challenged person helper for my office,care_support,disability support
can someone physically challenged person helper in kandy,care_support,disability support
urgently need physically challenged person helper for my apartment,care_support,disability support
req special needs assistance at home in kandy,care_support,disability support
please send disability helper for daily routines in negombo,care_support,disability support
req special needs assistance at home at my home,care_support,disability support
can i get physically challenged person helper in kurunegala,care_support,disability support
find me physically challenged person helper at my home,care_support,disability support
help me with wheelchair patient daily assistant for my apartment,care_support,disability support
asap disability helper for daily routines for my office,care_support,disability support
need physically challenged person helper at my home,care_support,disability support
urgent physically challenged person helper this weekend,care_support,disability support
search for physically challenged person helper in kandy,care_support,disability support
can someone special needs assistance at home for my office,care_support,disability support
help me with disability helper for daily routines in negombo,care_support,disability support
urgently need special needs assistance at home this weekend,care_support,disability support
asap special needs assistance at home in colombo,care_support,disability support
please send disability helper for daily routines in colombo,care_support,disability support
urgently need special needs assistance at home near me,care_support,disability support
i need disability helper for daily routines in kurunegala,care_support,disability support
help me with physically challenged person helper urgently,care_support,disability support
find me wheelchair patient daily assistant at my home,care_support,disability support
help me with wheelchair patient daily assistant this weekend,care_support,disability support
urgently need disability helper for daily routines this weekend,care_support,disability support
help me with special needs assistance at home in colombo,care_support,disability support
i need wheelchair patient daily assistant urgently,care_support,disability support
find me wheelchair patient daily assistant at my location,care_support,disability support
where to get disability helper for daily routines for my office,care_support,disability support
urgent special needs assistance at home in colombo,care_support,disability support
search for disability helper for daily routines for my house,care_support,disability support
where to get physically challenged person helper this weekend,care_support,disability support
req special needs assistance at home this weekend,care_support,disability support
search for special needs assistance at home in kandy,care_support,disability support
need disability helper for daily routines for my house,care_support,disability support
i need special needs assistance at home today,care_support,disability support
please send wheelchair patient daily assistant for my apartment,care_support,disability support
need special needs assistance at home in kandy,care_support,disability support
plz wheelchair patient daily assistant near me,care_support,disability support
where to get physically challenged person helper for my apartment,care_support,disability support
help me with physically challenged person helper for my house,care_support,disability support
need disability helper for daily routines near me,care_support,disability support
help me with disability helper for daily routines in kandy,care_support,disability support
urgent wheelchair patient daily assistant in negombo,care_support,disability support
find me disability helper for daily routines in kurunegala,care_support,disability support
asap special needs assistance at home in galle,care_support,disability support
asap physically challenged person helper in kandy,care_support,disability support
i need physically challenged person helper at my location,care_support,disability support
req wheelchair patient daily assistant in galle,care_support,disability support
please send disability helper for daily routines this weekend,care_support,disability support
please send physically challenged person helper in kurunegala,care_support,disability support
req disability helper for daily routines for my apartment,care_support,disability support
looking for wheelchair patient daily assistant in kandy,care_support,disability support
req wheelchair patient daily assistant in kurunegala,care_support,disability support
i need special needs assistance at home urgently,care_support,disability support
urgent wheelchair patient daily assistant this weekend,care_support,disability support
help me with physically challenged person helper in galle,care_support,disability support
where to get wheelchair patient daily assistant asap,care_support,disability support
looking for physically challenged person helper in kurunegala,care_support,disability support
i need disability helper for daily routines in negombo,care_support,disability support
looking for wheelchair patient daily assistant near me,care_support,disability support
find me disability helper for daily routines near me,care_support,disability support
looking for physically challenged person helper today,care_support,disability support
i need disability helper for daily routines in galle,care_support,disability support
asap wheelchair patient daily assistant asap,care_support,disability support
please send physically challenged person helper in negombo,care_support,disability support
want to hire wheelchair patient daily assistant at my location,care_support,disability support
please send disability helper for daily routines asap,care_support,disability support
can i get disability helper for daily routines in kandy,care_support,disability support
asap physically challenged person helper near me,care_support,disability support
urgent special needs assistance at home in negombo,care_support,disability support
find me disability helper for daily routines for my office,care_support,disability support
plz physically challenged person helper at my location,care_support,disability support
can someone wheelchair patient daily assistant asap,care_support,disability support
find me special needs assistance at home for my office,care_support,disability support
asap physically challenged person helper in galle,care_support,disability support
can someone disability helper for daily routines for my apartment,care_support,disability support
urgently need wheelchair patient daily assistant for my house,care_support,disability support
looking for disability helper for daily routines for my house,care_support,disability support
can i get disability helper for daily routines near me,care_support,disability support
plz special needs assistance at home in colombo,care_support,disability support
help me with wheelchair patient daily assistant urgently,care_support,disability support
urgent wheelchair patient daily assistant in colombo,care_support,disability support
can someone disability helper for daily routines in negombo,care_support,disability support
can i get special needs assistance at home in galle,care_support,disability support
need disability helper for daily routines in negombo,care_support,disability support
plz disability helper for daily routines at my location,care_support,disability support
need wheelchair patient daily assistant for my office,care_support,disability support
can someone wheelchair patient daily assistant in kandy,care_support,disability support
i need physically challenged person helper urgently,care_support,disability support
asap wheelchair patient daily assistant in kurunegala,care_support,disability support
need wheelchair patient daily assistant in colombo,care_support,disability support
plz physically challenged person helper at my home,care_support,disability support
want to hire special needs assistance at home in negombo,care_support,disability support
search for disability helper for daily routines near me,care_support,disability support
urgently need physically challenged person helper in kandy,care_support,disability support
please send special needs assistance at home for my house,care_support,disability support
help me with physically challenged person helper for my apartment,care_support,disability support
need wheelchair patient daily assistant today,care_support,disability support
search for disability helper for daily routines today,care_support,disability support
where to get disability helper for daily routines in kurunegala,care_support,disability support
search for physically challenged person helper asap,care_support,disability support
please send special needs assistance at home for my apartment,care_support,disability support
urgent special needs assistance at home for my apartment,care_support,disability support
plz physically challenged person helper this weekend,care_support,disability support
need special needs assistance at home asap,care_support,disability support
urgent physically challenged person helper in colombo,care_support,disability support
plz disability helper for daily routines urgently,care_support,disability support
please send physically challenged person helper in galle,care_support,disability support
want to hire physically challenged person helper this weekend,care_support,disability support
looking for special needs assistance at home at my location,care_support,disability support
search for grocery shopping and medicine pickup help in galle,care_support,personal assistance
asap grocery shopping and medicine pickup help near me,care_support,personal assistance
assistant for home management tasks,care_support,personal assistance
looking for home cooking and house helper for my office,care_support,personal assistance
daily home helper for cooking and shopping,care_support,personal assistance
please send grocery shopping and medicine pickup help quick service,care_support,personal assistance
need personal assistant to help elderly with chores,care_support,personal assistance
req home personal assistant for daily errands for my office,care_support,personal assistance
where to get home cooking and house helper in kurunegala,care_support,personal assistance
want to hire grocery shopping and medicine pickup help for my office,care_support,personal assistance
find me grocery shopping and medicine pickup help in kandy,care_support,personal assistance
urgently need home cooking and house helper in kurunegala,care_support,personal assistance
urgently need domestic helper for household tasks for my office,care_support,personal assistance
search for home personal assistant for daily errands this weekend,care_support,personal assistance
please send grocery shopping and medicine pickup help in colombo,care_support,personal assistance
urgent home personal assistant for daily errands for my apartment,care_support,personal assistance
where to get grocery shopping and medicine pickup help in kandy,care_support,personal assistance
urgent home cooking and house helper near me,care_support,personal assistance
please send domestic helper for household tasks near me,care_support,personal assistance
search for grocery shopping and medicine pickup help for my office,care_support,personal assistance
looking for domestic helper for household tasks at my location,care_support,personal assistance
search for home personal assistant for daily errands for my house,care_support,personal assistance
req home personal assistant for daily errands quick service,care_support,personal assistance
req home personal assistant for daily errands near me,care_support,personal assistance
need home cooking and house helper in galle,care_support,personal assistance
please send home personal assistant for daily errands for my apartment,care_support,personal assistance
can i get home personal assistant for daily errands in negombo,care_support,personal assistance
can someone domestic helper for household tasks near me,care_support,personal assistance
looking for domestic helper for household tasks near me,care_support,personal assistance
find me home personal assistant for daily errands for my office,care_support,personal assistance
req home personal assistant for daily errands at my home,care_support,personal assistance
req home cooking and house helper urgently,care_support,personal assistance
help me with home personal assistant for daily errands urgently,care_support,personal assistance
search for grocery shopping and medicine pickup help at my home,care_support,personal assistance
plz domestic helper for household tasks in negombo,care_support,personal assistance
urgent domestic helper for household tasks in kandy,care_support,personal assistance
urgent home personal assistant for daily errands for my house,care_support,personal assistance
plz domestic helper for household tasks this weekend,care_support,personal assistance
want to hire domestic helper for household tasks in negombo,care_support,personal assistance
where to get grocery shopping and medicine pickup help asap,care_support,personal assistance
req home personal assistant for daily errands at my location,care_support,personal assistance
urgently need domestic helper for household tasks in kurunegala,care_support,personal assistance
need home personal assistant for daily errands urgently,care_support,personal assistance
looking for home personal assistant for daily errands in kurunegala,care_support,personal assistance
help me with home personal assistant for daily errands for my house,care_support,personal assistance
need domestic helper for household tasks in kurunegala,care_support,personal assistance
urgently need home cooking and house helper in galle,care_support,personal assistance
help me with grocery shopping and medicine pickup help asap,care_support,personal assistance
where to get grocery shopping and medicine pickup help in negombo,care_support,personal assistance
can i get grocery shopping and medicine pickup help for my house,care_support,personal assistance
need grocery shopping and medicine pickup help for my office,care_support,personal assistance
where to get home cooking and house helper in colombo,care_support,personal assistance
can i get home cooking and house helper for my house,care_support,personal assistance
urgent home cooking and house helper quick service,care_support,personal assistance
want to hire home personal assistant for daily errands for my office,care_support,personal assistance
where to get domestic helper for household tasks in colombo,care_support,personal assistance
search for home cooking and house helper in kandy,care_support,personal assistance
urgent grocery shopping and medicine pickup help in colombo,care_support,personal assistance
looking for grocery shopping and medicine pickup help urgently,care_support,personal assistance
req home cooking and house helper in kandy,care_support,personal assistance
search for home cooking and house helper this weekend,care_support,personal assistance
search for grocery shopping and medicine pickup help this weekend,care_support,personal assistance
urgently need domestic helper for household tasks at my location,care_support,personal assistance
urgent home personal assistant for daily errands urgently,care_support,personal assistance
plz domestic helper for household tasks in colombo,care_support,personal assistance
asap domestic helper for household tasks in galle,care_support,personal assistance
find me grocery shopping and medicine pickup help today,care_support,personal assistance
urgently need grocery shopping and medicine pickup help at my home,care_support,personal assistance
please send home personal assistant for daily errands this weekend,care_support,personal assistance
urgently need domestic helper for household tasks urgently,care_support,personal assistance
urgent home cooking and house helper for my house,care_support,personal assistance
urgent home cooking and house helper in galle,care_support,personal assistance
please send home personal assistant for daily errands in galle,care_support,personal assistance
looking for domestic helper for household tasks today,care_support,personal assistance
looking for grocery shopping and medicine pickup help for my office,care_support,personal assistance
req home cooking and house helper today,care_support,personal assistance
where to get home personal assistant for daily errands in negombo,care_support,personal assistance
please send domestic helper for household tasks at my home,care_support,personal assistance
urgent grocery shopping and medicine pickup help urgently,care_support,personal assistance
where to get home cooking and house helper at my home,care_support,personal assistance
asap home cooking and house helper near me,care_support,personal assistance
urgently need home personal assistant for daily errands in kandy,care_support,personal assistance
urgent home personal assistant for daily errands in colombo,care_support,personal assistance
can someone domestic helper for household tasks in kurunegala,care_support,personal assistance
urgent grocery shopping and medicine pickup help in galle,care_support,personal assistance
search for home cooking and house helper asap,care_support,personal assistance
req grocery shopping and medicine pickup help at my location,care_support,personal assistance
urgently need home cooking and house helper in colombo,care_support,personal assistance
can someone domestic helper for household tasks for my office,care_support,personal assistance
can i get home personal assistant for daily errands for my house,care_support,personal assistance
can i get home cooking and house helper for my office,care_support,personal assistance
want to hire home personal assistant for daily errands in kandy,care_support,personal assistance
plz home personal assistant for daily errands near me,care_support,personal assistance
urgent home personal assistant for daily errands asap,care_support,personal assistance
urgent domestic helper for household tasks in colombo,care_support,personal assistance
search for grocery shopping and medicine pickup help asap,care_support,personal assistance
req grocery shopping and medicine pickup help urgently,care_support,personal assistance
can i get domestic helper for household tasks quick service,care_support,personal assistance
want to hire home cooking and house helper this weekend,care_support,personal assistance
urgent grocery shopping and medicine pickup help in kandy,care_support,personal assistance
can someone home cooking and house helper near me,care_support,personal assistance
plz home personal assistant for daily errands in negombo,care_support,personal assistance
asap domestic helper for household tasks today,care_support,personal assistance
search for grocery shopping and medicine pickup help in kandy,care_support,personal assistance
asap domestic helper for household tasks asap,care_support,personal assistance
req domestic helper for household tasks this weekend,care_support,personal assistance
i need home cooking and house helper today,care_support,personal assistance
looking for home cooking and house helper for my house,care_support,personal assistance
urgently need home cooking and house helper for my apartment,care_support,personal assistance
help me with home cooking and house helper urgently,care_support,personal assistance
i need grocery shopping and medicine pickup help today,care_support,personal assistance
looking for grocery shopping and medicine pickup help in galle,care_support,personal assistance
req domestic helper for household tasks for my apartment,care_support,personal assistance
looking for grocery shopping and medicine pickup help for my apartment,care_support,personal assistance
want to hire domestic helper for household tasks urgently,care_support,personal assistance
want to hire grocery shopping and medicine pickup help in kurunegala,care_support,personal assistance
search for domestic helper for household tasks urgently,care_support,personal assistance
plz grocery shopping and medicine pickup help today,care_support,personal assistance
help me with home personal assistant for daily errands asap,care_support,personal assistance
where to get home cooking and house helper urgently,care_support,personal assistance
can someone domestic helper for household tasks for my apartment,care_support,personal assistance
urgent domestic helper for household tasks asap,care_support,personal assistance
asap home cooking and house helper for my office,care_support,personal assistance
where to get domestic helper for household tasks today,care_support,personal assistance
asap domestic helper for household tasks in negombo,care_support,personal assistance
want to hire home cooking and house helper in galle,care_support,personal assistance
need domestic helper for household tasks at my location,care_support,personal assistance
asap home cooking and house helper in kandy,care_support,personal assistance
plz home personal assistant for daily errands in galle,care_support,personal assistance
want to hire home personal assistant for daily errands at my location,care_support,personal assistance
want to hire home cooking and house helper in kandy,care_support,personal assistance
find me grocery shopping and medicine pickup help in kurunegala,care_support,personal assistance
can someone grocery shopping and medicine pickup help in colombo,care_support,personal assistance
can i get home cooking and house helper at my location,care_support,personal assistance
can i get home cooking and house helper near me,care_support,personal assistance
help me with home cooking and house helper in negombo,care_support,personal assistance
i need home personal assistant for daily errands this weekend,care_support,personal assistance
search for home cooking and house helper today,care_support,personal assistance
search for home cooking and house helper near me,care_support,personal assistance
need home personal assistant for daily errands for my office,care_support,personal assistance
plz home cooking and house helper for my house,care_support,personal assistance
i need domestic helper for household tasks this weekend,care_support,personal assistance
can someone home personal assistant for daily errands this weekend,care_support,personal assistance
req domestic helper for household tasks for my house,care_support,personal assistance
please send home personal assistant for daily errands for my office,care_support,personal assistance
asap home personal assistant for daily errands at my home,care_support,personal assistance
need grocery shopping and medicine pickup help quick service,care_support,personal assistance
help me with home personal assistant for daily errands quick service,care_support,personal assistance
looking for domestic helper for household tasks in negombo,care_support,personal assistance
search for domestic helper for household tasks in kandy,care_support,personal assistance
asap grocery shopping and medicine pickup help in negombo,care_support,personal assistance
help me with domestic helper for household tasks at my home,care_support,personal assistance
req home personal assistant for daily errands asap,care_support,personal assistance
where to get home personal assistant for daily errands in colombo,care_support,personal assistance
req home cooking and house helper in galle,care_support,personal assistance
search for grocery shopping and medicine pickup help in negombo,care_support,personal assistance
looking for grocery shopping and medicine pickup help asap,care_support,personal assistance
urgently need grocery shopping and medicine pickup help near me,care_support,personal assistance
help me with home cooking and house helper for my house,care_support,personal assistance
looking for home personal assistant for daily errands for my apartment,care_support,personal assistance
find me grocery shopping and medicine pickup help at my home,care_support,personal assistance
req grocery shopping and medicine pickup help quick service,care_support,personal assistance
urgently need domestic helper for household tasks asap,care_support,personal assistance
plz home personal assistant for daily errands urgently,care_support,personal assistance
help me with grocery shopping and medicine pickup help today,care_support,personal assistance
req grocery shopping and medicine pickup help this weekend,care_support,personal assistance
help me with domestic helper for household tasks in kandy,care_support,personal assistance
want to hire home cooking and house helper for my office,care_support,personal assistance
can someone grocery shopping and medicine pickup help asap,care_support,personal assistance
req grocery shopping and medicine pickup help for my house,care_support,personal assistance
i need domestic helper for household tasks near me,care_support,personal assistance
search for home cooking and house helper for my office,care_support,personal assistance
can i get domestic helper for household tasks for my house,care_support,personal assistance
can i get domestic helper for household tasks today,care_support,personal assistance
please send home cooking and house helper for my house,care_support,personal assistance
urgent domestic helper for household tasks urgently,care_support,personal assistance
help me with home cooking and house helper for my apartment,care_support,personal assistance
want to hire home personal assistant for daily errands urgently,care_support,personal assistance
help me with grocery shopping and medicine pickup help in negombo,care_support,personal assistance
need domestic helper for household tasks for my office,care_support,personal assistance
i need home personal assistant for daily errands in negombo,care_support,personal assistance
need home personal assistant for daily errands today,care_support,personal assistance
where to get home personal assistant for daily errands near me,care_support,personal assistance
urgently need grocery shopping and medicine pickup help asap,care_support,personal assistance
search for home cooking and house helper in colombo,care_support,personal assistance
find me home personal assistant for daily errands quick service,care_support,personal assistance
can i get home personal assistant for daily errands today,care_support,personal assistance
urgently need home personal assistant for daily errands for my apartment,care_support,personal assistance
find me grocery shopping and medicine pickup help in galle,care_support,personal assistance
i need home cooking and house helper asap,care_support,personal assistance
find me domestic helper for household tasks for my office,care_support,personal assistance
where to get home personal assistant for daily errands quick service,care_support,personal assistance
plz home cooking and house helper in galle,care_support,personal assistance
urgently need home cooking and house helper this weekend,care_support,personal assistance
where to get domestic helper for household tasks urgently,care_support,personal assistance
want to hire home cooking and house helper urgently,care_support,personal assistance
where to get grocery shopping and medicine pickup help in galle,care_support,personal assistance
looking for grocery shopping and medicine pickup help quick service,care_support,personal assistance
can someone home cooking and house helper at my location,care_support,personal assistance
search for home personal assistant for daily errands in galle,care_support,personal assistance
can someone home personal assistant for daily errands in kurunegala,care_support,personal assistance
need grocery shopping and medicine pickup help at my home,care_support,personal assistance
urgent domestic helper for household tasks in galle,care_support,personal assistance
want to hire home cooking and house helper for my apartment,care_support,personal assistance
req domestic helper for household tasks urgently,care_support,personal assistance
can i get grocery shopping and medicine pickup help at my home,care_support,personal assistance
asap home personal assistant for daily errands urgently,care_support,personal assistance
can i get domestic helper for household tasks near me,care_support,personal assistance
i need domestic helper for household tasks in colombo,care_support,personal assistance
please send home personal assistant for daily errands asap,care_support,personal assistance
need home personal assistant for daily errands for my apartment,care_support,personal assistance
please send home cooking and house helper near me,care_support,personal assistance
can someone home personal assistant for daily errands in galle,care_support,personal assistance
find me grocery shopping and medicine pickup help in negombo,care_support,personal assistance
where to get home personal assistant for daily errands today,care_support,personal assistance
need home cooking and house helper asap,care_support,personal assistance
find me domestic helper for household tasks today,care_support,personal assistance
i need home cooking and house helper at my location,care_support,personal assistance
req home cooking and house helper for my office,care_support,personal assistance
find me home personal assistant for daily errands at my home,care_support,personal assistance
i need home cooking and house helper for my office,care_support,personal assistance
help me with home personal assistant for daily errands in kandy,care_support,personal assistance
asap home cooking and house helper in kurunegala,care_support,personal assistance
asap grocery shopping and medicine pickup help in kurunegala,care_support,personal assistance
find me home personal assistant for daily errands in kurunegala,care_support,personal assistance
req grocery shopping and medicine pickup help in kurunegala,care_support,personal assistance
urgent home cooking and house helper at my location,care_support,personal assistance
find me grocery shopping and medicine pickup help this weekend,care_support,personal assistance
please send home cooking and house helper in galle,care_support,personal assistance
want to hire grocery shopping and medicine pickup help this weekend,care_support,personal assistance
plz domestic helper for household tasks for my office,care_support,personal assistance
find me home personal assistant for daily errands near me,care_support,personal assistance
req grocery shopping and medicine pickup help asap,care_support,personal assistance
can someone home cooking and house helper for my house,care_support,personal assistance
i need grocery shopping and medicine pickup help for my house,care_support,personal assistance
help me with home cooking and house helper this weekend,care_support,personal assistance
want to hire domestic helper for household tasks in kurunegala,care_support,personal assistance
can someone grocery shopping and medicine pickup help this weekend,care_support,personal assistance
search for grocery shopping and medicine pickup help for my apartment,care_support,personal assistance
i need domestic helper for household tasks at my home,care_support,personal assistance
where to get domestic helper for household tasks asap,care_support,personal assistance
urgent home cooking and house helper for my office,care_support,personal assistance
asap home cooking and house helper this weekend,care_support,personal assistance
want to hire domestic helper for household tasks for my office,care_support,personal assistance
help me with home personal assistant for daily errands this weekend,care_support,personal assistance
looking for home personal assistant for daily errands for my office,care_support,personal assistance
can someone home personal assistant for daily errands asap,care_support,personal assistance
can someone grocery shopping and medicine pickup help for my office,care_support,personal assistance
plz home cooking and house helper quick service,care_support,personal assistance
looking for domestic helper for household tasks urgently,care_support,personal assistance
asap home cooking and house helper for my house,care_support,personal assistance
can i get home cooking and house helper for my apartment,care_support,personal assistance
please send home personal assistant for daily errands urgently,care_support,personal assistance
urgent home cooking and house helper at my home,care_support,personal assistance
urgent grocery shopping and medicine pickup help in kurunegala,care_support,personal assistance
can i get home cooking and house helper in kurunegala,care_support,personal assistance
search for home cooking and house helper quick service,care_support,personal assistance
find me grocery shopping and medicine pickup help near me,care_support,personal assistance
urgent grocery shopping and medicine pickup help for my apartment,care_support,personal assistance
want to hire domestic helper for household tasks in kandy,care_support,personal assistance
where to get home personal assistant for daily errands in kurunegala,care_support,personal assistance
help me with home cooking and house helper today,care_support,personal assistance
want to hire domestic helper for household tasks quick service,care_support,personal assistance
please send domestic helper for household tasks in colombo,care_support,personal assistance
please send home cooking and house helper today,care_support,personal assistance
search for domestic helper for household tasks in galle,care_support,personal assistance
search for domestic helper for household tasks for my house,care_support,personal assistance
can someone home personal assistant for daily errands for my office,care_support,personal assistance
can someone grocery shopping and medicine pickup help in kurunegala,care_support,personal assistance
looking for home cooking and house helper in galle,care_support,personal assistance
please send home personal assistant for daily errands near me,care_support,personal assistance
can someone home personal assistant for daily errands at my location,care_support,personal assistance
search for home personal assistant for daily errands for my office,care_support,personal assistance
urgently need domestic helper for household tasks in kandy,care_support,personal assistance
looking for home cooking and house helper at my home,care_support,personal assistance
where to get home personal assistant for daily errands in kandy,care_support,personal assistance
please send home personal assistant for daily errands at my home,care_support,personal assistance
please send domestic helper for household tasks this weekend,care_support,personal assistance
asap grocery shopping and medicine pickup help for my apartment,care_support,personal assistance
req home cooking and house helper in colombo,care_support,personal assistance
asap domestic helper for household tasks for my house,care_support,personal assistance
i need home personal assistant for daily errands asap,care_support,personal assistance
plz home cooking and house helper in colombo,care_support,personal assistance
asap domestic helper for household tasks in colombo,care_support,personal assistance
please send domestic helper for household tasks asap,care_support,personal assistance
need home personal assistant for daily errands at my home,care_support,personal assistance
req home personal assistant for daily errands today,care_support,personal assistance
req home cooking and house helper for my house,care_support,personal assistance
plz grocery shopping and medicine pickup help in galle,care_support,personal assistance
urgently need home cooking and house helper today,care_support,personal assistance
plz home personal assistant for daily errands this weekend,care_support,personal assistance
can i get home cooking and house helper in negombo,care_support,personal assistance
find me domestic helper for household tasks quick service,care_support,personal assistance
search for home cooking and house helper in kurunegala,care_support,personal assistance
looking for grocery shopping and medicine pickup help in kurunegala,care_support,personal assistance
plz home personal assistant for daily errands quick service,care_support,personal assistance
want to hire domestic helper for household tasks asap,care_support,personal assistance
need television tv black screen repair in kurunegala,repairing,electrical
ceiling fan speed slow making noise need repair,repairing,electrical
ac gas refill and compressor repair,repairing,electrical
urgently need circuit breaker fuse trip electrician near me,repairing,electrical
urgent circuit breaker fuse trip electrician quick service,repairing,electrical
looking for refrigerator fridge cooling issue fix quick service,repairing,electrical
want to hire rice cooker heating element repair in negombo,repairing,electrical
search for rice cooker heating element repair for my apartment,repairing,electrical
search for rice cooker heating element repair today,repairing,electrical
main switch box short circuit electrician needed,repairing,electrical
need tube light led bulb replacement for my office,repairing,electrical
looking for circuit breaker fuse trip electrician asap,repairing,electrical
find me air conditioner ac not cooling service at my location,repairing,electrical
asap ceiling fan repair not spinning for my office,repairing,electrical
req rice cooker heating element repair today,repairing,electrical
asap circuit breaker fuse trip electrician for my apartment,repairing,electrical
search for ceiling fan repair not spinning in colombo,repairing,electrical
fridge leaking water and not freezing ice,repairing,electrical
need rice cooker heating element repair urgently,repairing,electrical
need ceiling fan repair not spinning at my home,repairing,electrical
find me microwave oven power issue fix in kandy,repairing,electrical
can someone wall socket switch board spark repair today,repairing,electrical
asap ceiling fan repair not spinning in galle,repairing,electrical
can someone television tv black screen repair in galle,repairing,electrical
urgently need refrigerator fridge cooling issue fix urgently,repairing,electrical
req air conditioner ac not cooling service in kandy,repairing,electrical
need television tv black screen repair in negombo,repairing,electrical
want to hire tube light led bulb replacement in colombo,repairing,electrical
urgent air conditioner ac not cooling service in galle,repairing,electrical
urgent television tv black screen repair in colombo,repairing,electrical
plz circuit breaker fuse trip electrician at my location,repairing,electrical
where to get tube light led bulb replacement in negombo,repairing,electrical
where to get circuit breaker fuse trip electrician near me,repairing,electrical
help me with tube light led bulb replacement in negombo,repairing,electrical
i need tube light led bulb replacement at my location,repairing,electrical
where to get air conditioner ac not cooling service in kurunegala,repairing,electrical
urgently need microwave oven power issue fix for my office,repairing,electrical
can someone circuit breaker fuse trip electrician in galle,repairing,electrical
urgent tube light led bulb replacement in negombo,repairing,electrical
search for rice cooker heating element repair in negombo,repairing,electrical
need washing machine motor not spinning fix at my home,repairing,electrical
asap rice cooker heating element repair quick service,repairing,electrical
plz ceiling fan repair not spinning for my office,repairing,electrical
where to get ceiling fan repair not spinning asap,repairing,electrical
urgent tube light led bulb replacement asap,repairing,electrical
need microwave oven power issue fix in kandy,repairing,electrical
plz microwave oven power issue fix today,repairing,electrical
req television tv black screen repair asap,repairing,electrical
i need tube light led bulb replacement urgently,repairing,electrical
looking for wall socket switch board spark repair for my apartment,repairing,electrical
find me ceiling fan repair not spinning in colombo,repairing,electrical
asap refrigerator fridge cooling issue fix in negombo,repairing,electrical
find me ceiling fan repair not spinning at my location,repairing,electrical
search for wall socket switch board spark repair quick service,repairing,electrical
help me with washing machine motor not spinning fix for my house,repairing,electrical
find me washing machine motor not spinning fix quick service,repairing,electrical
req air conditioner ac not cooling service asap,repairing,electrical
can i get rice cooker heating element repair today,repairing,electrical
req tube light led bulb replacement in kurunegala,repairing,electrical
tv sound working but no picture black screen,repairing,electrical
can i get refrigerator fridge cooling issue fix in galle,repairing,electrical
can someone ceiling fan repair not spinning at my home,repairing,electrical
urgently need air conditioner ac not cooling service in galle,repairing,electrical
where to get circuit breaker fuse trip electrician at my location,repairing,electrical
search for tube light led bulb replacement in colombo,repairing,electrical
help me with circuit breaker fuse trip electrician at my home,repairing,electrical
asap microwave oven power issue fix in colombo,repairing,electrical
can i get television tv black screen repair at my location,repairing,electrical
plz rice cooker heating element repair urgently,repairing,electrical
looking for washing machine motor not spinning fix this weekend,repairing,electrical
looking for tube light led bulb replacement this weekend,repairing,electrical
req ceiling fan repair not spinning urgently,repairing,electrical
can i get refrigerator frg cooling issue fix in galle,repairing,electrical
urgent circuit breaker fuse trip electrician in kurunegala,repairing,electrical
find me circuit breaker fuse trip electrician in kandy,repairing,electrical
where to get air conditioner ac not cooling service asap,repairing,electrical
need tube light led bulb replacement at my home,repairing,electrical
can someone microwave oven power issue fix today,repairing,electrical
urgently need air conditioner ac not cooling service today,repairing,electrical
can someone refrigerator fridge cooling issue fix in galle,repairing,electrical
find me refrigerator fridge cooling issue fix for my office,repairing,electrical
urgently need microwave oven power issue fix in kandy,repairing,electrical
req air conditioner ac not cooling service in colombo,repairing,electrical
plz wall socket switch board spark repair in galle,repairing,electrical
asap television tv black screen repair in colombo,repairing,electrical
urgently need wall socket switch board spark repair at my location,repairing,electrical
looking for television tv black screen repair for my apartment,repairing,electrical
can i get washing machine motor not spinning fix at my location,repairing,electrical
looking for refrigerator fridge cooling issue fix in kurunegala,repairing,electrical
please send refrigerator fridge cooling issue fix in galle,repairing,electrical
can someone ceiling fan repair not spinning in kurunegala,repairing,electrical
urgently need refrigerator fridge cooling issue fix near me,repairing,electrical
can someone refrigerator fridge cooling issue fix today,repairing,electrical
urgently need washing machine motor not spinning fix in colombo,repairing,electrical
i need washing machine motor not spinning fix at my location,repairing,electrical
please send wall socket switch board spark repair in colombo,repairing,electrical
asap microwave oven power issue fix in kandy,repairing,electrical
asap television tv black screen repair asap,repairing,electrical
need air conditioner ac not cooling service for my office,repairing,electrical
asap rice cooker heating element repair today,repairing,electrical
urgently need air conditioner ac not cooling service for my apartment,repairing,electrical
i need air conditioner ac not cooling service asap,repairing,electrical
looking for rice cooker heating element repair near me,repairing,electrical
find me refrigerator fridge cooling issue fix near me,repairing,electrical
urgent rice cooker heating element repair at my home,repairing,electrical
plz tube light led bulb replacement for my house,repairing,electrical
asap television tv black screen repair today,repairing,electrical
looking for wall socket switch board spark repair near me,repairing,electrical
need ceiling fan repair not spinning quick service,repairing,electrical
help me with television tv black screen repair for my apartment,repairing,electrical
where to get television tv black screen repair this weekend,repairing,electrical
need ceiling fan repair not spinning in negombo,repairing,electrical
plz ceiling fan repair not spinning asap,repairing,electrical
fridge leakng water and not freezing ice,repairing,electrical
req refrigerator fridge cooling issue fix in colombo,repairing,electrical
search for wall socket switch board spark repair asap,repairing,electrical
find me refrigerator fridge cooling issue fix asap,repairing,electrical
please send circuit breaker fuse trip electrician today,repairing,electrical
req tube light led bulb replacement this weekend,repairing,electrical
req tube light led bulb replacement asap,repairing,electrical
can someone refrigerator fridge cooling issue fix for my house,repairing,electrical
can i get refrigerator fridge cooling issue fix in kandy,repairing,electrical
looking for circuit breaker fuse trip electrician today,repairing,electrical
can someone circuit breaker fuse trip electrician in kurunegala,repairing,electrical
want to hire tube light led bulb replacement at my location,repairing,electrical
search for wall socket switch board spark repair in kurunegala,repairing,electrical
urgently need wall socket switch board spark repair in kurunegala,repairing,electrical
where to get wall socket switch board spark repair this weekend,repairing,electrical
req microwave oven power issue fix in kandy,repairing,electrical
urgently need rice cooker heating element repair in colombo,repairing,electrical
urgently need refrigerator fridge cooling issue fix in colombo,repairing,electrical
please send air conditioner ac not cooling service for my office,repairing,electrical
urgent air conditioner ac not cooling service quick service,repairing,electrical
urgent wall socket switch board spark repair in kurunegala,repairing,electrical
looking for tube light led bulb replacement in kurunegala,repairing,electrical
urgent refrigerator fridge cooling issue fix at my home,repairing,electrical
need circuit breaker fuse trip electrician this weekend,repairing,electrical
please send rice cooker heating element repair near me,repairing,electrical
i need wall socket switch board spark repair for my apartment,repairing,electrical
urgent circuit breaker fuse trip electrician in colombo,repairing,electrical
urgent tube light led bulb replacement at my location,repairing,electrical
urgent circuit breaker fuse trip electrician near me,repairing,electrical
search for washing machine motor not spinning fix in kurunegala,repairing,electrical
please send rice cooker heating element repair in galle,repairing,electrical
where to get circuit breaker fuse trip electrician for my house,repairing,electrical
req air conditioner ac not cooling service for my apartment,repairing,electrical
want to hire air conditioner ac not cooling service asap,repairing,electrical
req washing machine motor not spinning fix in kurunegala,repairing,electrical
find me air conditioner ac not cooling service for my apartment,repairing,electrical
ceiling fan speed slow making noise need repai,repairing,electrical
can i get circuit breaker fuse trip electrician in negombo,repairing,electrical
please send refrigerator fridge cooling issue fix near me,repairing,electrical
where to get circuit breaker fuse trip electrician asap,repairing,electrical
please send washing machine motor not spinning fix in kandy,repairing,electrical
need television tv black screen repair asap,repairing,electrical
search for microwave oven power issue fix urgently,repairing,electrical
find me air conditioner ac not cooling service in negombo,repairing,electrical
please send wall socket switch board spark repair this weekend,repairing,electrical
can i get air conditioner ac not cooling service at my location,repairing,electrical
req rice cooker heating element repair for my house,repairing,electrical
urgently need circuit breaker fuse trip electrician for my office,repairing,electrical
can someone wall socket switch board spark repair in kandy,repairing,electrical
find me microwave oven power issue fix today,repairing,electrical
i need air conditioner ac not cooling service urgently,repairing,electrical
urgently need ceiling fan repair not spinning for my house,repairing,electrical
asap air conditioner ac not cooling service in colombo,repairing,electrical
looking for tube light led bulb replacement urgently,repairing,electrical
urgent tube light led bulb replacement in galle,repairing,electrical
req washing machine motor not spinning fix today,repairing,electrical
need ceiling fan repair not spinning for my apartment,repairing,electrical
search for rice cooker heating element repair at my location,repairing,electrical
urgent microwave oven power issue fix urgently,repairing,electrical
find me microwave oven power issue fix for my apartment,repairing,electrical
where to get tube light led bulb replacement for my house,repairing,electrical
please send air conditioner ac not cooling service at my location,repairing,electrical
please send rice cooker heating element repair for my apartment,repairing,electrical
find me tube light led bulb replacement at my home,repairing,electrical
help me with rice cooker heating element repair near me,repairing,electrical
urgently need ceiling fan repair not spinning today,repairing,electrical
can i get wall socket switch board spark repair in colombo,repairing,electrical
want to hire rice cooker heating element repair asap,repairing,electrical
find me tube light led bulb replacement in kandy,repairing,electrical
ac gas refill and compressor repai,repairing,electrical
plz television tv black screen repair at my home,repairing,electrical
can i get microwave oven power issue fix in colombo,repairing,electrical
where to get tube light led bulb replacement at my location,repairing,electrical
req circuit breaker fuse trip electrician in colombo,repairing,electrical
please send washing machine motor not spinning fix in kurunegala,repairing,electrical
req circuit breaker fuse trip electrician for my office,repairing,electrical
req washing machine motor not spinning fix in colombo,repairing,electrical
help me with refrigerator fridge cooling issue fix in colombo,repairing,electrical
plz air conditioner ac not cooling service today,repairing,electrical
help me with rice cooker heating element repair urgently,repairing,electrical
can i get circuit breaker fuse trip electrician at my location,repairing,electrical
looking for rice cooker heating element repair quick service,repairing,electrical
can someone circuit breaker fuse trip electrician at my location,repairing,electrical
asap tube light led bulb replacement in kandy,repairing,electrical
search for circuit breaker fuse trip electrician for my apartment,repairing,electrical
can i get washing machine motor not spinning fix for my house,repairing,electrical
can someone tube light led bulb replacement near me,repairing,electrical
req wall socket switch board spark repai this weekend,repairing,electrical
help me with ceiling fan repair not spinning quick service,repairing,electrical
looking for refrigerator fridge cooling issue fix in negombo,repairing,electrical
find me air conditioner ac not cooling service in kandy,repairing,electrical
urgently need television tv black screen repair in negombo,repairing,electrical
search for refrigerator fridge cooling issue fix in colombo,repairing,electrical
looking for refrigerator fridge cooling issue fix in galle,repairing,electrical
need ceiling fan repair not spinning for my house,repairing,electrical
plz ceiling fan repair not spinning for my apartment,repairing,electrical
plz refrigerator fridge cooling issue fix in negombo,repairing,electrical
plz washing machine motor not spinning fix in kandy,repairing,electrical
urgent ceiling fan repair not spinning urgently,repairing,electrical
find me rice cooker heating element repair at my home,repairing,electrical
asap microwave oven power issue fix urgently,repairing,electrical
i need refrigerator fridge cooling issue fix in kandy,repairing,electrical
looking for washing machine motor not spinning fix at my home,repairing,electrical
search for washing machine motor not spinning fix in galle,repairing,electrical
need circuit breaker fuse trip electrician asap,repairing,electrical
find me rice cooker heating element repair in colombo,repairing,electrical
need wall socket switch board spark repair for my apartment,repairing,electrical
search for wall socket switch board spark repair near me,repairing,electrical
looking for wall socket switch board spark repair in galle,repairing,electrical
can someone circuit breaker fuse trip electrician today,repairing,electrical
req tube light led bulb replacement at my location,repairing,electrical
where to get ceiling fan repair not spinning in kandy,repairing,electrical
urgent refrigerator fridge cooling issue fix quick service,repairing,electrical
find me microwave oven power issue fix urgently,repairing,electrical
need rice cooker heating element repair near me,repairing,electrical
req microwave oven power issue fix this weekend,repairing,electrical
urgently need ceiling fan repair not spinning in kurunegala,repairing,electrical
find me television tv black screen repair in kurunegala,repairing,electrical
plz air conditioner ac not cooling service for my house,repairing,electrical
i need rice cooker heating element repair urgently,repairing,electrical
search for wall socket switch board spark repair at my home,repairing,electrical
want to hire tube light led bulb replacement at my home,repairing,electrical
can i get circuit breaker fuse trip electrician asap,repairing,electrical
i need microwave oven power issue fix at my home,repairing,electrical
search for refrigerator fridge cooling issue fix for my house,repairing,electrical
i need air conditioner ac not cooling service at my location,repairing,electrical
search for ceiling fan repair not spinning in kandy,repairing,electrical
urgently need washing machine motor not spinning fix today,repairing,electrical
asap rice cooker heating element repair at my location,repairing,electrical
can i get tube light led bulb replacement this weekend,repairing,electrical
urgently need television tv black screen repair for my apartment,repairing,electrical
asap refrigerator fridge cooling issue fix at my location,repairing,electrical
can i get tube light led bulb replacement in kandy,repairing,electrical
urgently need washing machine motor not spinning fix in kurunegala,repairing,electrical
can someone refrigerator fridge cooling issue fix for my apartment,repairing,electrical
looking for rice cooker heating element repair for my office,repairing,electrical
urgent ceiling fan repair not spinning for my house,repairing,electrical
i need ceiling fan repair not spinning for my apartment,repairing,electrical
asap wall socket switch board spark repair for my house,repairing,electrical
can i get air conditioner ac not cooling service asap,repairing,electrical
plz ceiling fan repair not spinning near me,repairing,electrical
i need refrigerator fridge cooling issue fix this weekend,repairing,electrical
find me rice cooker heating element repair for my house,repairing,electrical
can i get television tv black screen repair in negombo,repairing,electrical
looking for rice cooker heating element repair today,repairing,electrical
want to hire air conditioner ac not cooling service this weekend,repairing,electrical
want to hire rice cooker heating element repair at my location,repairing,electrical
want to hire wall socket switch board spark repair near me,repairing,electrical
i need microwave oven power issue fix in galle,repairing,electrical
urgently need circuit breaker fuse trip electrician in kandy,repairing,electrical
where to get refrigerator fridge cooling issue fix near me,repairing,electrical
asap air conditioner ac not cooling service at my home,repairing,electrical
search for low water pressure tap plumber for my apartment,repairing,plumbing
toilet bowl overflow problem fix,repairing,plumbing
please send low water pressure tap plumber quick service,repairing,plumbing
plumber needed for leaking shower tap,repairing,plumbing
help me with bathroom floor drain blocked water standing in kandy,repairing,plumbing
kitchen sink drain pipe completely blocked,repairing,plumbing
where to get toilet flush tank leak repair in colombo,repairing,plumbing
i need clogged kitchen sink drain unblock asap,repairing,plumbing
looking for toilet flush tank leak repair urgently,repairing,plumbing
where to get bathroom floor drain blocked water standing urgently,repairing,plumbing
need clogged kitchen sink drain unblock near me,repairing,plumbing
req overhead water tank pipe burst repair at my home,repairing,plumbing
want to hire bathroom floor drain blocked water standing for my office,repairing,plumbing
where to get bathroom floor drain blocked water standing in kurunegala,repairing,plumbing
help me with bathroom tap water dripping fix for my office,repairing,plumbing
urgently need overhead water tank pipe burst repair in galle,repairing,plumbing
plz leaking water pipe line fix in negombo,repairing,plumbing
can someone low water pressure tap plumber in negombo,repairing,plumbing
search for overhead water tank pipe burst repair in galle,repairing,plumbing
req clogged kitchen sink drain unblock in negombo,repairing,plumbing
can i get low water pressure tap plumber in negombo,repairing,plumbing
help me with overhead water tank pipe burst repair in kandy,repairing,plumbing
want to hire low water pressure tap plumber in kurunegala,repairing,plumbing
plz bathroom tap water dripping fix this weekend,repairing,plumbing
need toilet flush tank leak repair in galle,repairing,plumbing
asap toilet flush tank leak repair urgently,repairing,plumbing
help me with low water pressure tap plumber in colombo,repairing,plumbing
want to hire bathroom tap water dripping fix at my location,repairing,plumbing
urgent leaking water pipe line fix in negombo,repairing,plumbing
looking for toilet flush tank leak repair in negombo,repairing,plumbing
need bathroom tap water dripping fix for my house,repairing,plumbing
where to get toilet flush tank leak repair in galle,repairing,plumbing
need low water pressure tap plumber for my apartment,repairing,plumbing
want to hire clogged kitchen sink drain unblock in negombo,repairing,plumbing
urgent bathroom tap water dripping fix at my location,repairing,plumbing
can someone clogged kitchen sink drain unblock urgently,repairing,plumbing
can i get toilet flush tank leak repair in kurunegala,repairing,plumbing
i need clogged kitchen sink drain unblock urgently,repairing,plumbing
help me with clogged kitchen sink drain unblock in colombo,repairing,plumbing
find me clogged kitchen sink drain unblock for my office,repairing,plumbing
want to hire bathroom tap water dripping fix in kandy,repairing,plumbing
help me with overhead water tank pipe burst repair in galle,repairing,plumbing
help me with overhead water tank pipe burst repair at my home,repairing,plumbing
urgent bathroom tap water dripping fix at my home,repairing,plumbing
need overhead water tank pipe burst repair for my apartment,repairing,plumbing
help me with clogged kitchen sink drain unblock quick service,repairing,plumbing
i need bathroom floor drain blocked water standing today,repairing,plumbing
i need toilet flush tank leak repair asap,repairing,plumbing
please send low water pressure tap plumber urgently,repairing,plumbing
plz low water pressure tap plumber in kurunegala,repairing,plumbing
where to get clogged kitchen sink drain unblock at my location,repairing,plumbing
want to hire leaking water pipe line fix asap,repairing,plumbing
where to get toilet flush tank leak repair for my apartment,repairing,plumbing
plz toilet flush tank leak repair urgently,repairing,plumbing
urgent low water pressure tap plumber in colombo,repairing,plumbing
looking for leaking water pipe line fix at my location,repairing,plumbing
find me overhead water tank pipe burst repair near me,repairing,plumbing
want to hire toilet flush tank leak repair for my apartment,repairing,plumbing
find me toilet flush tank leak repair in kandy,repairing,plumbing
req low water pressure tap plumber at my location,repairing,plumbing
req clogged kitchen sink drain unblock in galle,repairing,plumbing
search for low water pressure tap plumber this weekend,repairing,plumbing
need low water pressure tap plumber in kandy,repairing,plumbing
i need bathroom tap water dripping fix in kandy,repairing,plumbing
can i get overhead water tank pipe burst repair near me,repairing,plumbing
urgently need low water pressure tap plumber quick service,repairing,plumbing
please send bathroom tap water dripping fix in kandy,repairing,plumbing
urgently need clogged kitchen sink drain unblock near me,repairing,plumbing
urgently need bathroom floor drain blocked water standing in kandy,repairing,plumbing
search for bathroom floor drain blocked water standing at my location,repairing,plumbing
can i get low water pressure tap plumber at my location,repairing,plumbing
want to hire low water pressure tap plumber asap,repairing,plumbing
urgently need leaking water pipe line fix at my location,repairing,plumbing
help me with overhead water tank pipe burst repair in colombo,repairing,plumbing
find me overhead water tank pipe burst repair for my apartment,repairing,plumbing
urgently need low water pressure tap plumber at my home,repairing,plumbing
plz low water pressure tap plumber at my home,repairing,plumbing
need bathroom floor drain blocked water standing at my home,repairing,plumbing
help me with leaking water pipe line fix for my house,repairing,plumbing
i need toilet flush tank leak repair in colombo,repairing,plumbing
want to hire overhead water tank pipe burst repair in negombo,repairing,plumbing
urgent low water pressure tap plumber quick service,repairing,plumbing
req bathroom tap water dripping fix in colombo,repairing,plumbing
need clogged kitchen sink drain unblock for my apartment,repairing,plumbing
help me with low water pressure tap plumber in kandy,repairing,plumbing
kichen sink drain pipe completely blocked,repairing,plumbing
urgently need leaking water pipe line fix in galle,repairing,plumbing
need low water pressure tap plumber near me,repairing,plumbing
asap leaking water pipe line fix in galle,repairing,plumbing
urgent bathroom tap water dripping fix for my office,repairing,plumbing
plumber needed for leakng shower tap,repairing,plumbing
urgent bathroom floor drain blocked water standing in kurunegala,repairing,plumbing
req overhead water tank pipe burst repai in negombo,repairing,plumbing
help me with low water pressure tap plumber for my apartment,repairing,plumbing
need bathroom tap water dripping fix in kandy,repairing,plumbing
req leaking water pipe line fix today,repairing,plumbing
urgently need bathroom floor drain blocked water standing in galle,repairing,plumbing
please send bathroom floor drain blocked water standing in kurunegala,repairing,plumbing
req bathroom tap water dripping fix asap,repairing,plumbing
search for toilet flush tank leak repair in kurunegala,repairing,plumbing
where to get bathroom tap water dripping fix today,repairing,plumbing
help me with bathroom tap water dripping fix urgently,repairing,plumbing
plz clogged kitchen sink drain unblock in negombo,repairing,plumbing
need overhead water tank pipe burst repair today,repairing,plumbing
can someone leaking water pipe line fix near me,repairing,plumbing
req bathroom tap water dripping fix at my home,repairing,plumbing
where to get overhead water tank pipe burst repair in colombo,repairing,plumbing
find me leaking water pipe line fix at my location,repairing,plumbing
where to get bathroom floor drain blocked water standing in galle,repairing,plumbing
plz overhead water tank pipe burst repair at my home,repairing,plumbing
urgent bathroom tap water dripping fix this weekend,repairing,plumbing
find me bathroom tap water dripping fix in galle,repairing,plumbing
urgently need toilet flush tank leak repair at my home,repairing,plumbing
want to hire overhead water tank pipe burst repair in kandy,repairing,plumbing
can i get low water pressure tap plumber asap,repairing,plumbing
plz leaking water pipe line fix in galle,repairing,plumbing
want to hire low water pressure tap plumber this weekend,repairing,plumbing
looking for bathroom tap water dripping fix quick service,repairing,plumbing
can i get leakng water pipe line fix in colombo,repairing,plumbing
i need overhead water tank pipe burst repair near me,repairing,plumbing
plz low water pressure tap plumber quick service,repairing,plumbing
help me with bathroom floor drain blocked water standing in kurunegala,repairing,plumbing
req leaking water pipe line fix in kandy,repairing,plumbing
need bathroom floor drain blocked water standing in galle,repairing,plumbing
can someone leaking water pipe line fix today,repairing,plumbing
can someone low water pressure tap plumber for my office,repairing,plumbing
i need low water pressure tap plumber at my home,repairing,plumbing
help me with bathroom floor drain blocked water standing at my home,repairing,plumbing
urgent overhead water tank pipe burst repair today,repairing,plumbing
urgent overhead water tank pipe burst repair near me,repairing,plumbing
asap low water pressure tap plumber near me,repairing,plumbing
need bathroom floor drain blocked water standing for my office,repairing,plumbing
please send bathroom floor drain blocked water standing in colombo,repairing,plumbing
looking for low water pressure tap plumber in colombo,repairing,plumbing
urgently need bathroom tap water dripping fix at my location,repairing,plumbing
can someone toilet flush tank leak repair for my house,repairing,plumbing
plz bathrom tap water dripping fix in galle,repairing,plumbing
can i get bathroom tap water dripping fix in kurunegala,repairing,plumbing
want to hire leaking water pipe line fix for my apartment,repairing,plumbing
want to hire low water pressure tap plumber quick service,repairing,plumbing
search for low water pressure tap plumber in kurunegala,repairing,plumbing
looking for low water pressure tap plumber asap,repairing,plumbing
please send bathroom floor drain blocked water standing quick service,repairing,plumbing
help me with bathroom tap water dripping fix this weekend,repairing,plumbing
urgently need bathroom floor drain blocked water standing near me,repairing,plumbing
i need toilet flush tank leak repair near me,repairing,plumbing
want to hire toilet flush tank leak repair in negombo,repairing,plumbing
search for low water pressure tap plumber in colombo,repairing,plumbing
need low water pressure tap plumber for my office,repairing,plumbing
i need clogged kitchen sink drain unblock in kurunegala,repairing,plumbing
can someone bathroom tap water dripping fix urgently,repairing,plumbing
i need bathroom floor drain blocked water standing in galle,repairing,plumbing
i need bathroom floor drain blocked water standing in kandy,repairing,plumbing
please send bathroom floor drain blocked water standing in negombo,repairing,plumbing
urgent clogged kitchen sink drain unblock for my house,repairing,plumbing
search for leaking water pipe line fix at my home,repairing,plumbing
i need leaking water pipe line fix quick service,repairing,plumbing
can someone clogged kitchen sink drain unblock for my apartment,repairing,plumbing
can someone low water pressure tap plumber for my apartment,repairing,plumbing
need leaking water pipe line fix quick service,repairing,plumbing
find me toilet flush tank leak repair in colombo,repairing,plumbing
find me toilet flush tank leak repai in kandy,repairing,plumbing
plz leaking water pipe line fix for my house,repairing,plumbing
search for low water pressure tap plumber at my home,repairing,plumbing
need toilet flush tank leak repair at my home,repairing,plumbing
urgently need clogged kitchen sink drain unblock in kurunegala,repairing,plumbing
req toilet flush tank leak repair quick service,repairing,plumbing
i need overhead water tank pipe burst repair quick service,repairing,plumbing
looking for toilet flush tank leak repair for my office,repairing,plumbing
want to hire toilet flush tank leak repair at my home,repairing,plumbing
want to hire low water pressure tap plumber for my office,repairing,plumbing
where to get bathroom floor drain blocked water standing for my house,repairing,plumbing
i need leaking water pipe line fix in kandy,repairing,plumbing
i need toilet flush tank leak repair for my apartment,repairing,plumbing
please send overhead water tank pipe burst repair asap,repairing,plumbing
find me clogged kitchen sink drain unblock in kandy,repairing,plumbing
plz toilet flush tank leak repair quick service,repairing,plumbing
where to get bathroom tap water dripping fix near me,repairing,plumbing
looking for bathroom tap water dripping fix this weekend,repairing,plumbing
find me clogged kitchen sink drain unblock at my location,repairing,plumbing
can i get bathroom floor drain blocked water standing today,repairing,plumbing
urgent leaking water pipe line fix in kandy,repairing,plumbing
need bathroom floor drain blocked water standing for my house,repairing,plumbing
search for overhead water tank pipe burst repair in kurunegala,repairing,plumbing
req overhead water tank pipe burst repair at my location,repairing,plumbing
search for clogged kitchen sink drain unblock today,repairing,plumbing
where to get low water pressure tap plumber for my office,repairing,plumbing
plz clogged kitchen sink drain unblock today,repairing,plumbing
asap clogged kitchen sink drain unblock today,repairing,plumbing
looking for overhead water tank pipe burst repair this weekend,repairing,plumbing
asap clogged kitchen sink drain unblock quick service,repairing,plumbing
i need toilet flush tank leak repair this weekend,repairing,plumbing
req clogged kitchen sink drain unblock asap,repairing,plumbing
urgently need low water pressure tap plumber for my office,repairing,plumbing
can i get leaking water pipe line fix in galle,repairing,plumbing
can someone toilet flush tank leak repair for my office,repairing,plumbing
i need bathroom tap water dripping fix asap,repairing,plumbing
need bathroom tap water dripping fix today,repairing,plumbing
urgently need leaking water pipe line fix urgently,repairing,plumbing
can someone bathroom floor drain blocked water standing quick service,repairing,plumbing
can i get bathroom tap water dripping fix at my home,repairing,plumbing
i need bathroom floor drain blocked water standing at my home,repairing,plumbing
asap low water pressure tap plumber at my location,repairing,plumbing
need bathroom floor drain blocked water standing asap,repairing,plumbing
urgent clogged kitchen sink drain unblock in negombo,repairing,plumbing
find me overhead water tank pipe burst repair at my home,repairing,plumbing
req bathroom floor drain blocked water standing this weekend,repairing,plumbing
need bathroom tap water dripping fix in kurunegala,repairing,plumbing
req low water pressure tap plumber urgently,repairing,plumbing
asap clogged kitchen sink drain unblock near me,repairing,plumbing
asap bathroom tap water dripping fix at my location,repairing,plumbing
want to hire clogged kitchen sink drain unblock at my location,repairing,plumbing
need overhead water tank pipe burst repair in kandy,repairing,plumbing
search for clogged kitchen sink drain unblock at my location,repairing,plumbing
req bathroom tap water dripping fix for my office,repairing,plumbing
i need bathroom tap water dripping fix in colombo,repairing,plumbing
req clogged kitchen sink drain unblock in kurunegala,repairing,plumbing
want to hire bathroom floor drain blocked water standing at my home,repairing,plumbing
find me low water pressure tap plumber quick service,repairing,plumbing
help me with leaking water pipe line fix asap,repairing,plumbing
urgent overhead water tank pipe burst repair in colombo,repairing,plumbing
find me bathrom tap water dripping fix for my office,repairing,plumbing
i need low water pressure tap plumber in kurunegala,repairing,plumbing
req clogged kitchen sink drain unblock in kandy,repairing,plumbing
please send leaking water pipe line fix asap,repairing,plumbing
search for toilet flush tank leak repair in galle,repairing,plumbing
asap clogged kitchen sink drain unblock for my office,repairing,plumbing
find me low water pressure tap plumber today,repairing,plumbing
urgent toilet flush tank leak repair asap,repairing,plumbing
asap toilet flush tank leak repair in colombo,repairing,plumbing
asap overhead water tank pipe burst repair in kandy,repairing,plumbing
where to get bathroom tap water dripping fix asap,repairing,plumbing
search for bathroom floor drain blocked water standing in kandy,repairing,plumbing
search for clogged kitchen sink drain unblock near me,repairing,plumbing
where to get bathroom floor drain blocked water standing for my apartment,repairing,plumbing
urgent bathroom tap water dripping fix in kurunegala,repairing,plumbing
search for bathroom tap water dripping fix in galle,repairing,plumbing
help me with leaking water pipe line fix at my location,repairing,plumbing
need leaking water pipe line fix this weekend,repairing,plumbing
find me toilet flush tank leak repair in galle,repairing,plumbing
urgent bathroom floor drain blocked water standing in negombo,repairing,plumbing
where to get bathroom tap water dripping fix in kurunegala,repairing,plumbing
search for low water pressure tap plumber in kandy,repairing,plumbing
req bathroom floor drain blocked water standing in galle,repairing,plumbing
can someone low water pressure tap plumber today,repairing,plumbing
plz bathroom floor drain blocked water standing for my office,repairing,plumbing
urgently need clogged kitchen sink drain unblock in galle,repairing,plumbing
urgent leaking water pipe line fix for my office,repairing,plumbing
where to get bathroom tap water dripping fix in kandy,repairing,plumbing
find me clogged kitchen sink drain unblock in kurunegala,repairing,plumbing
urgent bathroom floor drain blocked water standing for my office,repairing,plumbing
can i get toilet flush tank leak repair this weekend,repairing,plumbing
want to hire bathroom tap water dripping fix in kurunegala,repairing,plumbing
please send overhead water tank pipe burst repair for my house,repairing,plumbing
find me toilet flush tank leak repair at my location,repairing,plumbing
where to get leaking water pipe line fix in galle,repairing,plumbing
req low water pressure tap plumber quick service,repairing,plumbing
where to get low water pressure tap plumber at my home,repairing,plumbing
asap overhead water tank pipe burst repair for my house,repairing,plumbing
i need clogged kitchen sink drain unblock for my office,repairing,plumbing
plz clogged kitchen sink drain unblock in kandy,repairing,plumbing
need toilet flush tank leak repair for my apartment,repairing,plumbing
want to hire low water pressure tap plumber in colombo,repairing,plumbing
looking for clogged kitchen sink drain unblock in galle,repairing,plumbing
want to hire leaking water pipe line fix in galle,repairing,plumbing
urgent leaking water pipe line fix in colombo,repairing,plumbing
search for toilet flush tank leak repair for my house,repairing,plumbing
can someone clogged kitchen sink drain unblock in negombo,repairing,plumbing
plz overhead water tank pipe burst repair this weekend,repairing,plumbing
req clogged kitchen sink drain unblock for my office,repairing,plumbing
can someone leaking water pipe line fix for my house,repairing,plumbing
please send bathroom tap water dripping fix asap,repairing,plumbing
where to get low water pressure tap plumber near me,repairing,plumbing
where to get leaking water pipe line fix asap,repairing,plumbing
urgent overhead water tank pipe burst repair at my home,repairing,plumbing
please send bathroom floor drain blocked water standing near me,repairing,plumbing
asap bathroom tap water dripping fix quick service,repairing,plumbing
asap cupboard door hinge drawer track repair asap,repairing,furniture
urgent sofa frame wooden support fix asap,repairing,furniture
asap cupboard door hinge drawer track repair in colombo,repairing,furniture
i need sofa frame wooden support fix at my home,repairing,furniture
need flatpack furniture assembly installer for my office,repairing,furniture
want to hire cupboard door hinge drawer track repair asap,repairing,furniture
where to get cupboard door hinge drawer track repair in galle,repairing,furniture
need bed frame slate wood repair in negombo,repairing,furniture
need dining table frame shaking fix in kandy,repairing,furniture
looking for bed frame slate wood repair at my location,repairing,furniture
urgent wooden chair leg broken repair asap,repairing,furniture
i need dining table frame shaking fix for my apartment,repairing,furniture
want to hire wardrobe wooden door realignment today,repairing,furniture
where to get wardrobe wooden door realignment in kurunegala,repairing,furniture
new ikea bed and wardrobe assembly helper,repairing,furniture
can someone bed frame slate wood repair near me,repairing,furniture
help me with wardrobe wooden door realignment this weekend,repairing,furniture
looking for sofa frame wooden support fix for my apartment,repairing,furniture
looking for flatpack furniture assembly installer in kurunegala,repairing,furniture
asap sofa frame wooden support fix in kandy,repairing,furniture
can someone cupboard door hinge drawer track repair at my home,repairing,furniture
chair screw loose shaky chair leg fix,repairing,furniture
urgently need flatpack furniture assembly installer for my apartment,repairing,furniture
looking for wardrobe wooden door realignment in galle,repairing,furniture
help me with wardrobe wooden door realignment today,repairing,furniture
asap bed frame slate wood repair quick service,repairing,furniture
wooden door lock and hinge repair,repairing,furniture
need dining table frame shaking fix near me,repairing,furniture
looking for cupboard door hinge drawer track repair today,repairing,furniture
help me with sofa frame wooden support fix for my apartment,repairing,furniture
i need bed frame slate wood repair asap,repairing,furniture
where to get cupboard door hinge drawer track repair quick service,repairing,furniture
urgently need dining table frame shaking fix in kurunegala,repairing,furniture
where to get sofa frame wooden support fix for my office,repairing,furniture
where to get bed frame slate wood repair near me,repairing,furniture
req wooden chair leg broken repair today,repairing,furniture
asap wardrobe wooden door realignment this weekend,repairing,furniture
can i get cupboard door hinge drawer track repair quick service,repairing,furniture
asap wardrobe wooden door realignment in kandy,repairing,furniture
urgent sofa frame wooden support fix in kurunegala,repairing,furniture
want to hire wardrobe wooden door realignment quick service,repairing,furniture
plz flatpack furniture assembly installer at my home,repairing,furniture
looking for cupboard door hinge drawer track repair near me,repairing,furniture
need flatpack furniture assembly installer in galle,repairing,furniture
asap wardrobe wooden door realignment in galle,repairing,furniture
urgent cupboard door hinge drawer track repair for my apartment,repairing,furniture
looking for wardrobe wooden door realignment for my house,repairing,furniture
where to get cupboard door hinge drawer track repair in kurunegala,repairing,furniture
can i get bed frame slate wood repair for my apartment,repairing,furniture
req sofa frame wooden support fix asap,repairing,furniture
search for sofa frame wooden support fix in negombo,repairing,furniture
plz sofa frame wooden support fix for my house,repairing,furniture
can i get bed frame slate wood repair near me,repairing,furniture
please send wardrobe wooden door realignment quick service,repairing,furniture
urgently need wardrobe wooden door realignment in galle,repairing,furniture
urgent bed frame slate wood repair in kandy,repairing,furniture
urgent flatpack furniture assembly installer near me,repairing,furniture
need dining table frame shaking fix for my office,repairing,furniture
can i get cupboard door hinge drawer track repair this weekend,repairing,furniture
can someone cupboard door hinge drawer track repair this weekend,repairing,furniture
urgent wardrobe wooden door realignment in galle,repairing,furniture
help me with bed frame slate wood repair at my location,repairing,furniture
i need bed frame slate wood repair at my location,repairing,furniture
urgent dining table frame shaking fix in kurunegala,repairing,furniture
i need wardrobe wooden door realignment asap,repairing,furniture
need wooden chair leg broken repair today,repairing,furniture
urgently need wooden chair leg broken repair quick service,repairing,furniture
search for dining table frame shaking fix today,repairing,furniture
looking for flatpack furniture assembly installer quick service,repairing,furniture
urgently need wardrobe wooden door realignment in kandy,repairing,furniture
can someone cupboard door hinge drawer track repair in colombo,repairing,furniture
search for wardrobe wooden door realignment at my location,repairing,furniture
help me with wooden chair leg broken repair in kandy,repairing,furniture
plz sofa frame wooden support fix asap,repairing,furniture
can i get dining table frame shaking fix in colombo,repairing,furniture
want to hire wooden chair leg broken repair today,repairing,furniture
asap dining table frame shaking fix asap,repairing,furniture
i need wardrobe wooden door realignment today,repairing,furniture
req wooden chair leg broken repair in negombo,repairing,furniture
looking for flatpack furniture assembly installer in negombo,repairing,furniture
wooden door lock and hinge repai,repairing,furniture
i need flatpack furniture assembly installer urgently,repairing,furniture
asap flatpack furniture assembly installer at my home,repairing,furniture
search for wooden chair leg broken repair in negombo,repairing,furniture
search for wooden chair leg broken repair in galle,repairing,furniture
help me with wardrobe wooden door realignment in kandy,repairing,furniture
want to hire sofa frame wooden support fix in kandy,repairing,furniture
where to get dining table frame shaking fix for my apartment,repairing,furniture
please send sofa frame wooden support fix urgently,repairing,furniture
can someone cupboard door hinge drawer track repair near me,repairing,furniture
want to hire flatpack furniture assembly installer for my house,repairing,furniture
req cupboard door hinge drawer track repair at my home,repairing,furniture
need bed frame slate wood repair in kurunegala,repairing,furniture
need bed frame slate wood repair quick service,repairing,furniture
help me with cupboard door hinge drawer track repair at my location,repairing,furniture
urgently need wardrobe wooden door realignment this weekend,repairing,furniture
where to get flatpack furniture assembly installer today,repairing,furniture
plz flatpack furniture assembly installer near me,repairing,furniture
plz sofa frame wooden support fix for my apartment,repairing,furniture
req bed frame slate wood repair today,repairing,furniture
urgently need flatpack furniture assembly installer near me,repairing,furniture
urgent bed frame slate wood repair asap,repairing,furniture
looking for dining table frame shaking fix in negombo,repairing,furniture
find me cupboard door hinge drawer track repair in kurunegala,repairing,furniture
need wooden chair leg broken repair in galle,repairing,furniture
req dining table frame shaking fix quick service,repairing,furniture
urgent bed frame slate wood repair this weekend,repairing,furniture
help me with cupboard door hinge drawer track repair today,repairing,furniture
plz cupboard door hinge drawer track repair in colombo,repairing,furniture
urgently need bed frame slate wood repair at my home,repairing,furniture
asap sofa frame wooden support fix this weekend,repairing,furniture
i need cupboard door hinge drawer track repair urgently,repairing,furniture
want to hire cupboard door hinge drawer track repair in colombo,repairing,furniture
plz wooden chair leg broken repair this weekend,repairing,furniture
where to get dining table frame shaking fix in galle,repairing,furniture
asap cupboard door hinge drawer track repair in negombo,repairing,furniture
asap wardrobe wooden door realignment near me,repairing,furniture
urgent cupboard door hinge drawer track repair in galle,repairing,furniture
find me wooden chair leg broken repair today,repairing,furniture
plz bed frame slate wood repair asap,repairing,furniture
looking for wooden chair leg broken repair for my house,repairing,furniture
urgently need flatpack furniture assembly installer asap,repairing,furniture
want to hire sofa frame wooden support fix quick service,repairing,furniture
asap dining table frame shaking fix today,repairing,furniture
need dining table frame shaking fix today,repairing,furniture
req cupboard door hinge drawer track repair in galle,repairing,furniture
i need bed frame slate wood repair urgently,repairing,furniture
where to get flatpack furniture assembly installer at my home,repairing,furniture
can i get sofa frame wooden support fix near me,repairing,furniture
looking for dining table frame shaking fix quick service,repairing,furniture
where to get wooden chair leg broken repair urgently,repairing,furniture
where to get wardrobe wooden door realignment in kandy,repairing,furniture
can someone sofa frame wooden support fix this weekend,repairing,furniture
urgently need sofa frame wooden support fix in colombo,repairing,furniture
looking for wooden chair leg brokn repair quick service,repairing,furniture
req wardrobe wooden door realignment in galle,repairing,furniture
need bed frame slate wood repair asap,repairing,furniture
i need sofa frame wooden support fix for my office,repairing,furniture
urgently need bed frame slate wood repair asap,repairing,furniture
find me cupboard door hinge drawer track repair near me,repairing,furniture
can i get flatpack furniture assembly installer in negombo,repairing,furniture
need wardrobe wooden door realignment for my house,repairing,furniture
req wardrobe wooden door realignment near me,repairing,furniture
can someone flatpack furniture assembly installer in kurunegala,repairing,furniture
where to get dining table frame shaking fix urgently,repairing,furniture
i need bed frame slate wood repair near me,repairing,furniture
search for cupboard door hinge drawer track repair quick service,repairing,furniture
plz sofa frame wooden support fix in kurunegala,repairing,furniture
i need bed frame slate wood repair quick service,repairing,furniture
want to hire bed frame slate wood repair in galle,repairing,furniture
please send cupboard door hinge drawer track repair near me,repairing,furniture
find me dining table frame shaking fix near me,repairing,furniture
asap wooden chair leg broken repair for my apartment,repairing,furniture
asap flatpack furniture assembly installer in kurunegala,repairing,furniture
where to get wardrobe wooden door realignment urgently,repairing,furniture
can someone sofa frame wooden support fix in galle,repairing,furniture
looking for flatpack furniture assembly installer for my apartment,repairing,furniture
please send wooden chair leg broken repair this weekend,repairing,furniture
where to get sofa frame wooden support fix today,repairing,furniture
search for bed frame slate wood repair at my location,repairing,furniture
help me with bed frame slate wood repair for my office,repairing,furniture
i need wardrobe wooden door realignment in galle,repairing,furniture
req dining table frame shaking fix for my office,repairing,furniture
help me with wooden chair leg broken repair at my location,repairing,furniture
req wardrobe wooden door realignment this weekend,repairing,furniture
looking for wooden chair leg broken repair quick service,repairing,furniture
urgently need bed frame slate wood repair in galle,repairing,furniture
find me wooden chair leg broken repair at my home,repairing,furniture
help me with dining table frame shaking fix in colombo,repairing,furniture
i need dining table frame shaking fix at my home,repairing,furniture
need dining table frame shaking fix asap,repairing,furniture
asap bed frame slate wood repair today,repairing,furniture
asap bed frame slate wood repair in colombo,repairing,furniture
asap wardrobe wooden door realignment quick service,repairing,furniture
can i get cupboard door hinge drawer track repair in galle,repairing,furniture
urgently need cupboard door hinge drawer track repair for my office,repairing,furniture
help me with wooden chair leg broken repair in colombo,repairing,furniture
i need bed frame slate wood repair in colombo,repairing,furniture
help me with flatpack furniture assembly installer in kurunegala,repairing,furniture
where to get bed frame slate wood repair in negombo,repairing,furniture
urgently need bed frame slate wood repair for my house,repairing,furniture
can someone cupboard door hinge drawer track repair for my apartment,repairing,furniture
please send cupboard door hinge drawer track repair for my office,repairing,furniture
i need flatpack furniture assembly installer this weekend,repairing,furniture
need wardrobe wooden door realignment for my apartment,repairing,furniture
please send cupboard door hinge drawer track repair in kandy,repairing,furniture
find me flatpack furniture assembly installer in colombo,repairing,furniture
find me cupboard door hinge drawer track repair this weekend,repairing,furniture
help me with sofa frame wooden support fix quick service,repairing,furniture
can someone dining table frame shaking fix in galle,repairing,furniture
plz bed frame slate wood repair at my location,repairing,furniture
asap bed frame slate wood repair for my house,repairing,furniture
req flatpack furniture assembly installer in colombo,repairing,furniture
search for cupboard door hinge drawer track repair today,repairing,furniture
can i get cupboard door hinge drawer track repair in colombo,repairing,furniture
req cupboard door hinge drawer track repair asap,repairing,furniture
i need flatpack furniture assembly installer quick service,repairing,furniture
where to get dining table frame shaking fix in kandy,repairing,furniture
urgently need dining table frame shaking fix today,repairing,furniture
looking for wardrobe wooden door realignment near me,repairing,furniture
help me with cupboard door hinge drawer track repair asap,repairing,furniture
plz bed frame slate wood repair today,repairing,furniture
can i get bed frame slate wood repair in kurunegala,repairing,furniture
i need sofa frame wooden support fix for my house,repairing,furniture
urgent wooden chair leg broken repair urgently,repairing,furniture
please send bed frame slate wood repair quick service,repairing,furniture
urgently need sofa frame wooden support fix in kurunegala,repairing,furniture
urgent dining table frame shaking fix at my location,repairing,furniture
urgent wooden chair leg broken repair in galle,repairing,furniture
can i get wooden chair leg broken repair near me,repairing,furniture
urgent dining table frame shaking fix for my apartment,repairing,furniture
urgent cupboard door hinge drawer track repair for my office,repairing,furniture
req bed frame slate wood repair this weekend,repairing,furniture
find me cupboard door hinge drawer track repair at my home,repairing,furniture
search for bed frame slate wood repair in kurunegala,repairing,furniture
plz wardrobe wooden door realignment in kandy,repairing,furniture
asap cupboard door hinge drawer track repair today,repairing,furniture
looking for sofa frame wooden support fix this weekend,repairing,furniture
help me with wardrobe wooden door realignment in galle,repairing,furniture
asap cupboard door hinge drawer track repair at my home,repairing,furniture
looking for dining table frame shaking fix in kandy,repairing,furniture
help me with sofa frame wooden support fix asap,repairing,furniture
urgently need wardrobe wooden door realignment for my apartment,repairing,furniture
where to get flatpack furniture assembly installer in kandy,repairing,furniture
want to hire cupboard door hinge drawer track repai in negombo,repairing,furniture
can someone wardrobe wooden door realignment in kandy,repairing,furniture
want to hire bed frame slate wood repair quick service,repairing,furniture
i need bed frame slate wood repair in kurunegala,repairing,furniture
find me dining table frame shaking fix for my office,repairing,furniture
asap wardrobe wooden door realignment at my location,repairing,furniture
can someone bed frame slate wood repair for my house,repairing,furniture
find me sofa frame wooden support fix at my location,repairing,furniture
please send bed frame slate wood repair today,repairing,furniture
urgent sofa frame wooden support fix today,repairing,furniture
can i get sofa frame wooden support fix today,repairing,furniture
i need cupboard door hinge drawer track repair at my home,repairing,furniture
where to get wooden chair leg broken repair in kurunegala,repairing,furniture
search for flatpack furniture assembly installer for my house,repairing,furniture
search for wooden chair leg broken repair today,repairing,furniture
can someone sofa frame wooden support fix in kandy,repairing,furniture
req wardrobe wooden door realignment for my apartment,repairing,furniture
help me with flatpack furniture assembly installer in kandy,repairing,furniture
please send dining table frame shaking fix urgently,repairing,furniture
can i get flatpack furniture assembly installer at my location,repairing,furniture
help me with dining table frame shaking fix in kandy,repairing,furniture
asap cupboard door hinge drawer track repair urgently,repairing,furniture
req wooden chair leg broken repair in kurunegala,repairing,furniture
search for wooden chair leg broken repair for my office,repairing,furniture
req sofa frame wooden support fix this weekend,repairing,furniture
i need sofa frame wooden support fix today,repairing,furniture
i need bed frame slate wood repai at my home,repairing,furniture
can i get flatpack furniture assembly installer in kandy,repairing,furniture
looking for bed frame slate wood repair in kurunegala,repairing,furniture
need cupboard door hinge drawer track repair in galle,repairing,furniture
search for bed frame slate wood repair today,repairing,furniture
where to get flatpack furniture assembly installer quick service,repairing,furniture
want to hire flatpack furniture assembly installer in colombo,repairing,furniture
req flatpack furniture assembly installer for my apartment,repairing,furniture
need flatpack furniture assembly installer today,repairing,furniture
plz wooden chair leg broken repair at my location,repairing,furniture
urgent flatpack furniture assembly installer quick service,repairing,furniture
can someone sofa frame wooden support fix urgently,repairing,furniture
req wardrobe wooden door realignment at my location,repairing,furniture
help me with wardrobe wooden door realignment near me,repairing,furniture
asap sofa frame wooden support fix at my location,repairing,furniture
urgent wardrobe wooden door realignment this weekend,repairing,furniture
where to get wooden chair leg broken repai for my apartment,repairing,furniture
can i get sofa frame wooden support fix at my home,repairing,furniture
urgent wooden chair leg broken repair quick service,repairing,furniture
plz wardrobe wooden door realignment in kurunegala,repairing,furniture
urgently need wardrobe wooden door realignment near me,repairing,furniture
need bed frame slate wood repair for my office,repairing,furniture
want to hire sofa frame wooden support fix urgently,repairing,furniture
can someone wall crack plastering touch up near me,repairing,painting_renovation
roof water leaking wall dampness repair,repairing,painting_renovation
need painter for 2 bedroom house painting,repairing,painting_renovation
living room wall color paint service,repairing,painting_renovation
can someone roof leak plaster repair painter for my house,repairing,painting_renovation
can i get house interior wall painting urgently,repairing,painting_renovation
search for exterior building wall repaint asap,repairing,painting_renovation
please send house interior wall painting in kandy,repairing,painting_renovation
help me with roof leak plaster repair painter near me,repairing,painting_renovation
find me exterior building wall repaint at my home,repairing,painting_renovation
search for exterior building wall repaint in galle,repairing,painting_renovation
find me house interior wall painting at my location,repairing,painting_renovation
i need exterior building wall repaint in negombo,repairing,painting_renovation
plz exterior building wall repaint urgently,repairing,painting_renovation
search for roof leak plaster repair painter in galle,repairing,painting_renovation
can someone wall crack plastering touch up at my home,repairing,painting_renovation
search for exterior building wall repaint in negombo,repairing,painting_renovation
req roof leak plaster repair painter at my home,repairing,painting_renovation
living room wall color paint servis,repairing,painting_renovation
where to get exterior building wall repaint in kandy,repairing,painting_renovation
want to hire roof leak plaster repair painter for my apartment,repairing,painting_renovation
can someone tile replacement bathroom floor repair asap,repairing,painting_renovation
where to get tile replacement bathroom floor repair for my office,repairing,painting_renovation
can i get house interior wall painting in colombo,repairing,painting_renovation
find me tile replacement bathroom floor repair for my apartment,repairing,painting_renovation
plz exterior building wall repaint in kandy,repairing,painting_renovation
looking for exterior building wall repaint urgently,repairing,painting_renovation
can someone tile replacement bathroom floor repai urgently,repairing,painting_renovation
search for roof leak plaster repair painter in colombo,repairing,painting_renovation
can someone house interior wall painting asap,repairing,painting_renovation
can someone house interior wall painting in galle,repairing,painting_renovation
i need exterior building wall repaint for my office,repairing,painting_renovation
want to hire exterior building wall repaint this weekend,repairing,painting_renovation
please send roof leak plaster repair painter this weekend,repairing,painting_renovation
urgent wall crack plastering touch up for my office,repairing,painting_renovation
find me roof leak plaster repair painter today,repairing,painting_renovation
i need wall crack plastering touch up at my home,repairing,painting_renovation
search for exterior building wall repaint this weekend,repairing,painting_renovation
want to hire tile replacement bathroom floor repair in kandy,repairing,painting_renovation
find me roof leak plaster repai painter in galle,repairing,painting_renovation
looking for roof leak plaster repair painter this weekend,repairing,painting_renovation
urgently need wall crack plastering touch up in negombo,repairing,painting_renovation
can someone tile replacement bathroom floor repair in kandy,repairing,painting_renovation
asap exterior building wall repaint quick service,repairing,painting_renovation
looking for roof leak plaster repair painter in negombo,repairing,painting_renovation
req wall crack plastering touch up in negombo,repairing,painting_renovation
urgently need tile replacement bathrom floor repair at my location,repairing,painting_renovation
req roof leak plaster repair painter at my location,repairing,painting_renovation
need house interior wall painting in galle,repairing,painting_renovation
want to hire exterior building wall repaint for my office,repairing,painting_renovation
can someone exterior building wall repaint in kurunegala,repairing,painting_renovation
can someone house interior wall painting urgently,repairing,painting_renovation
help me with wall crack plastering touch up asap,repairing,painting_renovation
search for roof leak plaster repair painter asap,repairing,painting_renovation
asap wall crack plastering touch up in galle,repairing,painting_renovation
want to hire exterior building wall repaint for my apartment,repairing,painting_renovation
req exterior building wall repaint quick service,repairing,painting_renovation
roof water leaking wall dampness repai,repairing,painting_renovation
please send exterior building wall repaint in kandy,repairing,painting_renovation
find me wall crack plastering touch up at my home,repairing,painting_renovation
looking for roof leak plaster repair painter in galle,repairing,painting_renovation
search for wall crack plastering touch up for my office,repairing,painting_renovation
search for roof leak plaster repair painter for my office,repairing,painting_renovation
please send house interior wall painting today,repairing,painting_renovation
find me wall crack plastering touch up urgently,repairing,painting_renovation
search for wall crack plastering touch up in kandy,repairing,painting_renovation
where to get wall crack plastering touch up for my apartment,repairing,painting_renovation
need wall crack plastering touch up in colombo,repairing,painting_renovation
help me with tile replacement bathroom floor repair in colombo,repairing,painting_renovation
can someone roof leak plaster repair painter at my location,repairing,painting_renovation
find me exterior building wall repaint in kandy,repairing,painting_renovation
where to get house interior wall painting for my apartment,repairing,painting_renovation
can i get house interior wall painting in negombo,repairing,painting_renovation
search for tile replacement bathroom floor repair for my apartment,repairing,painting_renovation
want to hire tile replacement bathroom floor repair in galle,repairing,painting_renovation
search for house interior wall painting in negombo,repairing,painting_renovation
asap exterior building wall repaint urgently,repairing,painting_renovation
find me tile replacement bathroom floor repair in colombo,repairing,painting_renovation
can i get exterior building wall repaint in colombo,repairing,painting_renovation
want to hire wall crack plastering touch up quick service,repairing,painting_renovation
looking for house interior wall painting for my apartment,repairing,painting_renovation
find me exterior building wall repaint near me,repairing,painting_renovation
urgent tile replacement bathroom floor repair in colombo,repairing,painting_renovation
find me house interior wall painting this weekend,repairing,painting_renovation
want to hire exterior building wall repaint in kandy,repairing,painting_renovation
want to hire wall crack plastering touch up asap,repairing,painting_renovation
can i get tile replacement bathroom floor repair quick service,repairing,painting_renovation
urgent tile replacement bathroom floor repair at my home,repairing,painting_renovation
looking for exterior building wall repaint in colombo,repairing,painting_renovation
where to get roof leak plaster repair painter near me,repairing,painting_renovation
want to hire wall crack plastering touch up in colombo,repairing,painting_renovation
plz roof leak plaster repair painter in kandy,repairing,painting_renovation
need exterior building wall repaint in kandy,repairing,painting_renovation
req tile replacement bathroom floor repair quick service,repairing,painting_renovation
help me with tile replacement bathroom floor repair urgently,repairing,painting_renovation
req exterior building wall repaint this weekend,repairing,painting_renovation
need wall crack plastering touch up quick service,repairing,painting_renovation
asap exterior building wall repaint in kurunegala,repairing,painting_renovation
urgently need exterior building wall repaint this weekend,repairing,painting_renovation
find me roof leak plaster repair painter in colombo,repairing,painting_renovation
urgently need house interior wall painting in negombo,repairing,painting_renovation
need wall crack plastering touch up in kurunegala,repairing,painting_renovation
help me with exterior building wall repaint for my apartment,repairing,painting_renovation
help me with house interior wall painting in negombo,repairing,painting_renovation
want to hire exterior building wall repaint for my house,repairing,painting_renovation
want to hire wall crack plastering touch up at my location,repairing,painting_renovation
urgently need wall crack plastering touch up today,repairing,painting_renovation
help me with roof leak plaster repair painter in galle,repairing,painting_renovation
plz exterior building wall repaint in galle,repairing,painting_renovation
need house interior wall painting in kandy,repairing,painting_renovation
please send roof leak plaster repair painter urgently,repairing,painting_renovation
help me with wall crack plastering touch up for my office,repairing,painting_renovation
help me with roof leak plaster repair painter in kandy,repairing,painting_renovation
urgently need wall crack plastering touch up quick service,repairing,painting_renovation
can i get tile replacement bathroom floor repair urgently,repairing,painting_renovation
asap exterior building wall repaint in kandy,repairing,painting_renovation
where to get tile replacement bathroom floor repair in negombo,repairing,painting_renovation
want to hire wall crack plastering touch up urgently,repairing,painting_renovation
can someone wall crack plastering touch up in galle,repairing,painting_renovation
plz exterior building wall repaint for my office,repairing,painting_renovation
looking for tile replacement bathroom floor repair in kurunegala,repairing,painting_renovation
help me with house interior wall painting for my apartment,repairing,painting_renovation
req house interior wall painting for my office,repairing,painting_renovation
can someone exterior building wall repaint urgently,repairing,painting_renovation
looking for roof leak plaster repair painter at my location,repairing,painting_renovation
can someone exterior building wall repaint asap,repairing,painting_renovation
req wall crack plastering touch up at my home,repairing,painting_renovation
help me with wall crack plastering touch up in negombo,repairing,painting_renovation
can i get roof leak plaster repair painter quick service,repairing,painting_renovation
can i get wall crack plastering touch up in negombo,repairing,painting_renovation
need roof leak plaster repair painter quick servis,repairing,painting_renovation
search for house interior wall painting urgently,repairing,painting_renovation
find me house interior wall painting near me,repairing,painting_renovation
req exterior building wall repaint in negombo,repairing,painting_renovation
want to hire roof leak plaster repair painter in galle,repairing,painting_renovation
plz roof leak plaster repair painter for my apartment,repairing,painting_renovation
want to hire roof leak plaster repair painter in kandy,repairing,painting_renovation
i need wall crack plastering touch up in kurunegala,repairing,painting_renovation
req house interior wall painting today,repairing,painting_renovation
i need tile replacement bathroom floor repair today,repairing,painting_renovation
please send tile replacement bathroom floor repair in kurunegala,repairing,painting_renovation
looking for tile replacement bathroom floor repair quick service,repairing,painting_renovation
find me roof leak plaster repair painter in kandy,repairing,painting_renovation
urgent exterior building wall repaint for my apartment,repairing,painting_renovation
can i get exterior building wall repaint urgently,repairing,painting_renovation
plz tile replacement bathroom floor repair in galle,repairing,painting_renovation
want to hire tile replacement bathroom floor repair quick service,repairing,painting_renovation
asap roof leak plaster repair painter near me,repairing,painting_renovation
can someone house interior wall painting in kandy,repairing,painting_renovation
need roof leak plaster repair painter for my house,repairing,painting_renovation
find me tile replacement bathroom floor repair quick service,repairing,painting_renovation
please send roof leak plaster repair painter for my house,repairing,painting_renovation
find me tile replacement bathroom floor repair near me,repairing,painting_renovation
where to get wall crack plastering touch up at my location,repairing,painting_renovation
want to hire wall crack plastering touch up this weekend,repairing,painting_renovation
asap wall crack plastering touch up urgently,repairing,painting_renovation
looking for exterior building wall repaint this weekend,repairing,painting_renovation
urgent roof leak plaster repair painter urgently,repairing,painting_renovation
want to hire roof leak plaster repair painter in kurunegala,repairing,painting_renovation
req house interior wall painting in kandy,repairing,painting_renovation
need tile replacement bathroom floor repair in negombo,repairing,painting_renovation
find me exterior building wall repaint quick service,repairing,painting_renovation
urgent tile replacement bathroom floor repair today,repairing,painting_renovation
can i get tile replacement bathroom floor repair in kurunegala,repairing,painting_renovation
can someone wall crack plastering touch up at my location,repairing,painting_renovation
where to get house interior wall painting this weekend,repairing,painting_renovation
plz wall crack plastering touch up in kurunegala,repairing,painting_renovation
urgently need house interior wall painting quick service,repairing,painting_renovation
want to hire house interior wall painting in galle,repairing,painting_renovation
asap roof leak plaster repair painter in kandy,repairing,painting_renovation
urgent exterior building wall repaint in negombo,repairing,painting_renovation
help me with tile replacement bathroom floor repair in negombo,repairing,painting_renovation
plz exterior building wall repaint quick service,repairing,painting_renovation
looking for wall crack plastering touch up in kurunegala,repairing,painting_renovation
help me with house interior wall painting in colombo,repairing,painting_renovation
looking for wall crack plastering touch up for my apartment,repairing,painting_renovation
please send tile replacement bathroom floor repair at my home,repairing,painting_renovation
req roof leak plaster repair painter in colombo,repairing,painting_renovation
please send roof leak plaster repair painter at my home,repairing,painting_renovation
can someone tile replacement bathroom floor repair quick service,repairing,painting_renovation
can i get tile replacement bathrom floor repair quick service,repairing,painting_renovation
can someone tile replacement bathroom floor repair for my office,repairing,painting_renovation
find me roof leak plaster repair painter urgently,repairing,painting_renovation
can someone roof leak plaster repair painter in kandy,repairing,painting_renovation
urgent house interior wall painting today,repairing,painting_renovation
help me with wall crack plastering touch up urgently,repairing,painting_renovation
asap tile replacement bathroom floor repair in negombo,repairing,painting_renovation
looking for roof leak plaster repair painter for my apartment,repairing,painting_renovation
want to hire house interior wall painting urgently,repairing,painting_renovation
urgently need house interior wall painting in colombo,repairing,painting_renovation
urgent exterior building wall repaint for my office,repairing,painting_renovation
req wall crack plastering touch up in kurunegala,repairing,painting_renovation
i need wall crack plastering touch up asap,repairing,painting_renovation
urgently need tile replacement bathroom floor repair at my location,repairing,painting_renovation
looking for roof leak plaster repair painter in kurunegala,repairing,painting_renovation
help me with tile replacement bathroom floor repair for my apartment,repairing,painting_renovation
can someone exterior building wall repaint today,repairing,painting_renovation
search for roof leak plaster repair painter quick service,repairing,painting_renovation
urgently need roof leak plaster repair painter quick service,repairing,painting_renovation
req tile replacement bathroom floor repair this weekend,repairing,painting_renovation
urgent roof leak plaster repair painter in colombo,repairing,painting_renovation
urgent exterior building wall repaint in colombo,repairing,painting_renovation
urgently need tile replacement bathroom floor repair this weekend,repairing,painting_renovation
need roof leak plaster repair painter in kurunegala,repairing,painting_renovation
need house interior wall painting in negombo,repairing,painting_renovation
find me house interior wall painting in negombo,repairing,painting_renovation
want to hire tile replacement bathroom floor repair today,repairing,painting_renovation
find me tile replacement bathroom floor repai today,repairing,painting_renovation
i need roof leak plaster repair painter at my home,repairing,painting_renovation
asap house interior wall painting in kurunegala,repairing,painting_renovation
asap wall crack plastering touch up this weekend,repairing,painting_renovation
plz roof leak plaster repair painter today,repairing,painting_renovation
can someone house interior wall painting in colombo,repairing,painting_renovation
want to hire exterior building wall repaint near me,repairing,painting_renovation
find me wall crack plastering touch up in negombo,repairing,painting_renovation
find me roof leak plaster repair painter for my apartment,repairing,painting_renovation
can i get roof leak plaster repair painter for my office,repairing,painting_renovation
please send wall crack plastering touch up at my home,repairing,painting_renovation
where to get exterior building wall repaint at my home,repairing,painting_renovation
can someone tile replacement bathroom floor repair in colombo,repairing,painting_renovation
i need house interior wall painting in negombo,repairing,painting_renovation
find me tile replacement bathroom floor repair in galle,repairing,painting_renovation
asap house interior wall painting in kandy,repairing,painting_renovation
looking for house interior wall painting for my house,repairing,painting_renovation
can i get tile replacement bathroom floor repair for my house,repairing,painting_renovation
need roof leak plaster repair painter for my office,repairing,painting_renovation
can someone exterior building wall repaint in galle,repairing,painting_renovation
can i get tile replacement bathroom floor repair in kandy,repairing,painting_renovation
find me exterior building wall repaint asap,repairing,painting_renovation
please send house interior wall painting for my house,repairing,painting_renovation
looking for wall crack plastering touch up today,repairing,painting_renovation
urgent wall crack plastering touch up for my house,repairing,painting_renovation
req house interior wall painting in negombo,repairing,painting_renovation
please send house interior wall painting in galle,repairing,painting_renovation
please send house interior wall painting at my home,repairing,painting_renovation
search for wall crack plastering touch up in kurunegala,repairing,painting_renovation
where to get roof leak plaster repair painter in colombo,repairing,painting_renovation
search for house interior wall painting at my home,repairing,painting_renovation
urgently need tile replacement bathroom floor repair in kandy,repairing,painting_renovation
please send roof leak plaster repair painter in kandy,repairing,painting_renovation
plz tile replacement bathroom floor repair asap,repairing,painting_renovation
where to get exterior building wall repaint at my location,repairing,painting_renovation
want to hire exterior building wall repaint in kurunegala,repairing,painting_renovation
need roof leak plaster repair painter at my home,repairing,painting_renovation
where to get roof leak plaster repair painter in negombo,repairing,painting_renovation
i need house interior wall painting at my location,repairing,painting_renovation
i need roof leak plaster repair painter for my house,repairing,painting_renovation
where to get exterior building wall repaint for my office,repairing,painting_renovation
search for wall crack plastering touch up quick service,repairing,painting_renovation
please send tile replacement bathroom floor repair asap,repairing,painting_renovation
req roof leak plaster repair painter for my apartment,repairing,painting_renovation
urgent roof leak plaster repair painter in negombo,repairing,painting_renovation
please send tile replacement bathroom floor repair at my location,repairing,painting_renovation
urgent exterior building wall repaint at my location,repairing,painting_renovation
asap tile replacement bathroom floor repai for my office,repairing,painting_renovation
looking for tile replacement bathroom floor repair at my location,repairing,painting_renovation
please send tile replacement bathrom floor repair in kurunegala,repairing,painting_renovation
i need wall crack plastering touch up in galle,repairing,painting_renovation
can i get house interior wall painting quick service,repairing,painting_renovation
find me tile replacement bathroom floor repair at my location,repairing,painting_renovation
find me roof leak plaster repair painter quick servis,repairing,painting_renovation
i need wall crack plastering touch up in kandy,repairing,painting_renovation
i need tile replacement bathroom floor repair in colombo,repairing,painting_renovation
please send tile replacement bathrom floor repair near me,repairing,painting_renovation
please send roof leak plaster repair painter near me,repairing,painting_renovation
want to hire wall crack plastering touch up for my office,repairing,painting_renovation
want to hire wall crack plastering touch up for my house,repairing,painting_renovation
search for exterior building wall repaint at my home,repairing,painting_renovation
urgently need tile replacement bathroom floor repair for my office,repairing,painting_renovation
search for tile replacement bathroom floor repair at my home,repairing,painting_renovation
can someone tile replacement bathroom floor repair today,repairing,painting_renovation
can i get tile replacement bathroom floor repair at my home,repairing,painting_renovation
want to hire wall crack plastering touch up in kandy,repairing,painting_renovation
search for wall crack plastering touch up urgently,repairing,painting_renovation
need tile replacement bathroom floor repair this weekend,repairing,painting_renovation
asap house interior wall painting at my home,repairing,painting_renovation
where to get house interior wall painting in colombo,repairing,painting_renovation
can i get exterior building wall repaint near me,repairing,painting_renovation
can i get wall crack plastering touch up this weekend,repairing,painting_renovation
help me with tile replacement bathrom floor repair in negombo,repairing,painting_renovation
looking for wall crack plastering touch up near me,repairing,painting_renovation
need exterior building wall repaint quick service,repairing,painting_renovation
search for roof leak plaster repair painter in kurunegala,repairing,painting_renovation
req house interior wall painting at my location,repairing,painting_renovation
need wall crack plastering touch up in galle,repairing,painting_renovation
urgent house interior wall painting in colombo,repairing,painting_renovation
help me with tile replacement bathroom floor repair in galle,repairing,painting_renovation
urgently need wall crack plastering touch up in colombo,repairing,painting_renovation
asap roof leak plaster repair painter in kurunegala,repairing,painting_renovation
help me with house interior wall painting this weekend,repairing,painting_renovation
where to get tile replacement bathroom floor repair in kandy,repairing,painting_renovation
roof water leakng wall dampness repair,repairing,painting_renovation
please send wall crack plastering touch up quick service,repairing,painting_renovation
req house interior wall painting in kurunegala,repairing,painting_renovation
search for house interior wall painting near me,repairing,painting_renovation
looking for exterior building wall repaint for my apartment,repairing,painting_renovation
plz exterior building wall repaint in colombo,repairing,painting_renovation
where to get exterior building wall repaint in kurunegala,repairing,painting_renovation
need exterior building wall repaint in negombo,repairing,painting_renovation
urgent wall crack plastering touch up this weekend,repairing,painting_renovation
